feature_version,cohort_version,market_id,condition_id,slug,home_team,away_team,canonical_odds_game_id,canonical_commence_time,collector_run_id,observed_at,seconds_before_start,raw_exchange_count,family_count,is_multi_family,betfair_home_prob,matchbook_home_prob,smarkets_home_prob,sharp_consensus_home_prob,betfair_source_count,matchbook_source_count,smarkets_source_count,min_book_last_update,max_book_last_update,median_source_lag_seconds,max_source_lag_seconds
H2-v1-SHARP-M3,H2-v1,1595162,0xf447965f2669b7aa3e5f5d320b2cdd8c19943f8bfb90abbde31202d88aa9c56d,mlb-laa-bal-2026-08-04,Baltimore Orioles,Los Angeles Angels,1,2026-08-04T22:36:00+00:00,417,2026-08-04T12:53:01.230532+00:00,34978.769468,4,3,true,0.5792079207920793,0.5792079207920793,0.5785536159600998,0.5792079207920793,2,1,1,2026-08-04T12:52:43+00:00,2026-08-04T12:52:45+00:00,17.730532,18.230532
H2-v1-SHARP-M3,H2-v1,1595162,0xf447965f2669b7aa3e5f5d320b2cdd8c19943f8bfb90abbde31202d88aa9c56d,mlb-laa-bal-2026-08-04,Baltimore Orioles,Los Angeles Angels,1,2026-08-04T22:36:00+00:00,439,2026-08-04T18:00:01.992379+00:00,16558.007621,4,3,true,0.5853658536585367,0.5853658536585367,0.5856079404466502,0.5853658536585367,2,1,1,2026-08-04T17:59:46+00:00,2026-08-04T17:59:58+00:00,9.992379,15.992379
H2-v1-SHARP-M3,H2-v1,1595162,0xf447965f2669b7aa3e5f5d320b2cdd8c19943f8bfb90abbde31202d88aa9c56d,mlb-laa-bal-2026-08-04,Baltimore Orioles,Los Angeles Angels,1,2026-08-04T22:36:00+00:00,443,2026-08-04T18:45:02.244229+00:00,13857.755771,4,3,true,0.5853658536585367,0.5853658536585367,0.5856079404466502,0.5853658536585367,2,1,1,2026-08-04T18:44:44+00:00,2026-08-04T18:44:55+00:00,13.244229,18.244229
H2-v1-SHARP-M3,H2-v1,1595162,0xf447965f2669b7aa3e5f5d320b2cdd8c19943f8bfb90abbde31202d88aa9c56d,mlb-laa-bal-2026-08-04,Baltimore Orioles,Los Angeles Angels,1,2026-08-04T22:36:00+00:00,445,2026-08-04T19:00:02.432024+00:00,12957.567976,4,3,true,0.5853658536585367,0.5853658536585367,0.5856079404466502,0.5853658536585367,2,1,1,2026-08-04T18:59:44+00:00,2026-08-04T18:59:59+00:00,17.432024,18.432024
H2-v1-SHARP-M3,H2-v1,1595162,0xf447965f2669b7aa3e5f5d320b2cdd8c19943f8bfb90abbde31202d88aa9c56d,mlb-laa-bal-2026-08-04,Baltimore Orioles,Los Angeles Angels,1,2026-08-04T22:36:00+00:00,449,2026-08-04T19:45:01.941108+00:00,10258.058892,4,3,true,0.5853658536585367,0.5853658536585367,0.5856079404466502,0.5853658536585367,2,1,1,2026-08-04T19:44:52+00:00,2026-08-04T19:44:54+00:00,8.441108,9.941108
H2-v1-SHARP-M3,H2-v1,1595162,0xf447965f2669b7aa3e5f5d320b2cdd8c19943f8bfb90abbde31202d88aa9c56d,mlb-laa-bal-2026-08-04,Baltimore Orioles,Los Angeles Angels,1,2026-08-04T22:36:00+00:00,451,2026-08-04T20:00:02.387362+00:00,9357.612638,4,3,true,0.5853658536585367,0.5853658536585367,0.5856079404466502,0.5853658536585367,2,1,1,2026-08-04T19:59:40+00:00,2026-08-04T19:59:50+00:00,13.387362,22.387362
H2-v1-SHARP-M3,H2-v1,1595162,0xf447965f2669b7aa3e5f5d320b2cdd8c19943f8bfb90abbde31202d88aa9c56d,mlb-laa-bal-2026-08-04,Baltimore Orioles,Los Angeles Angels,1,2026-08-04T22:36:00+00:00,455,2026-08-04T20:45:02.503656+00:00,6657.496344,4,3,true,0.5936739659367397,0.5922330097087379,0.5862068965517242,0.5922330097087379,2,1,1,2026-08-04T20:44:45+00:00,2026-08-04T20:44:55+00:00,9.003656,17.503656
H2-v1-SHARP-M3,H2-v1,1595162,0xf447965f2669b7aa3e5f5d320b2cdd8c19943f8bfb90abbde31202d88aa9c56d,mlb-laa-bal-2026-08-04,Baltimore Orioles,Los Angeles Angels,1,2026-08-04T22:36:00+00:00,457,2026-08-04T21:00:02.179226+00:00,5757.820774,4,3,true,0.5888077858880778,0.5888077858880778,0.5841584158415841,0.5888077858880778,2,1,1,2026-08-04T20:59:48+00:00,2026-08-04T20:59:56+00:00,7.179226,14.179226
H2-v1-SHARP-M3,H2-v1,1595162,0xf447965f2669b7aa3e5f5d320b2cdd8c19943f8bfb90abbde31202d88aa9c56d,mlb-laa-bal-2026-08-04,Baltimore Orioles,Los Angeles Angels,1,2026-08-04T22:36:00+00:00,461,2026-08-04T21:45:01.964130+00:00,3058.03587,4,3,true,0.5819070904645476,0.5819070904645476,0.582089552238806,0.5819070904645476,2,1,1,2026-08-04T21:44:54+00:00,2026-08-04T21:44:58+00:00,6.46413,7.96413
H2-v1-SHARP-M3,H2-v1,1595162,0xf447965f2669b7aa3e5f5d320b2cdd8c19943f8bfb90abbde31202d88aa9c56d,mlb-laa-bal-2026-08-04,Baltimore Orioles,Los Angeles Angels,1,2026-08-04T22:36:00+00:00,463,2026-08-04T22:00:02.809990+00:00,2157.19001,4,3,true,0.5819070904645476,0.5819070904645476,0.582089552238806,0.5819070904645476,2,1,1,2026-08-04T21:59:50+00:00,2026-08-04T22:00:01+00:00,6.80999,12.80999
H2-v1-SHARP-M3,H2-v1,1595163,0xd58033380ea1ab708e42f01d636ca60a8da6272f660bbfdc2e4c1acf27d1872d,mlb-oak-cin-2026-08-04,Cincinnati Reds,Athletics,2,2026-08-04T22:40:41+00:00,417,2026-08-04T12:53:01.230532+00:00,35259.769468,4,3,true,0.5550000000000002,0.5558312655086849,0.5527638190954773,0.5550000000000002,2,1,1,2026-08-04T12:52:43+00:00,2026-08-04T12:52:45+00:00,17.730532,18.230532
H2-v1-SHARP-M3,H2-v1,1595163,0xd58033380ea1ab708e42f01d636ca60a8da6272f660bbfdc2e4c1acf27d1872d,mlb-oak-cin-2026-08-04,Cincinnati Reds,Athletics,2,2026-08-04T22:40:41+00:00,439,2026-08-04T18:00:01.992379+00:00,16839.007621,4,3,true,0.5558312655086849,0.5558312655086849,0.5541561712846348,0.5558312655086849,2,1,1,2026-08-04T17:59:46+00:00,2026-08-04T17:59:58+00:00,9.992379,15.992379
H2-v1-SHARP-M3,H2-v1,1595163,0xd58033380ea1ab708e42f01d636ca60a8da6272f660bbfdc2e4c1acf27d1872d,mlb-oak-cin-2026-08-04,Cincinnati Reds,Athletics,2,2026-08-04T22:40:41+00:00,443,2026-08-04T18:45:02.244229+00:00,14138.755771,4,3,true,0.5558312655086849,0.5536159600997507,0.5518987341772151,0.5536159600997507,2,1,1,2026-08-04T18:44:44+00:00,2026-08-04T18:44:55+00:00,13.244229,18.244229
H2-v1-SHARP-M3,H2-v1,1595163,0xd58033380ea1ab708e42f01d636ca60a8da6272f660bbfdc2e4c1acf27d1872d,mlb-oak-cin-2026-08-04,Cincinnati Reds,Athletics,2,2026-08-04T22:40:41+00:00,445,2026-08-04T19:00:02.432024+00:00,13238.567976,4,3,true,0.5558312655086849,0.5558312655086849,0.5541561712846348,0.5558312655086849,2,1,1,2026-08-04T18:59:44+00:00,2026-08-04T18:59:59+00:00,17.432024,18.432024
H2-v1-SHARP-M3,H2-v1,1595163,0xd58033380ea1ab708e42f01d636ca60a8da6272f660bbfdc2e4c1acf27d1872d,mlb-oak-cin-2026-08-04,Cincinnati Reds,Athletics,2,2026-08-04T22:40:41+00:00,449,2026-08-04T19:45:01.941108+00:00,10539.058892,4,3,true,0.5594059405940595,0.5594059405940595,0.5563909774436091,0.5594059405940595,2,1,1,2026-08-04T19:44:52+00:00,2026-08-04T19:44:54+00:00,8.441108,9.941108
H2-v1-SHARP-M3,H2-v1,1595163,0xd58033380ea1ab708e42f01d636ca60a8da6272f660bbfdc2e4c1acf27d1872d,mlb-oak-cin-2026-08-04,Cincinnati Reds,Athletics,2,2026-08-04T22:40:41+00:00,451,2026-08-04T20:00:02.387362+00:00,9638.612638,4,3,true,0.5594059405940595,0.5594059405940595,0.5563909774436091,0.5594059405940595,2,1,1,2026-08-04T19:59:40+00:00,2026-08-04T19:59:50+00:00,13.387362,22.387362
H2-v1-SHARP-M3,H2-v1,1595163,0xd58033380ea1ab708e42f01d636ca60a8da6272f660bbfdc2e4c1acf27d1872d,mlb-oak-cin-2026-08-04,Cincinnati Reds,Athletics,2,2026-08-04T22:40:41+00:00,455,2026-08-04T20:45:02.503656+00:00,6938.496344,4,3,true,0.5544554455445545,0.5544554455445545,0.5550000000000002,0.5544554455445545,2,1,1,2026-08-04T20:44:45+00:00,2026-08-04T20:44:55+00:00,9.003656,17.503656
H2-v1-SHARP-M3,H2-v1,1595163,0xd58033380ea1ab708e42f01d636ca60a8da6272f660bbfdc2e4c1acf27d1872d,mlb-oak-cin-2026-08-04,Cincinnati Reds,Athletics,2,2026-08-04T22:40:41+00:00,457,2026-08-04T21:00:02.179226+00:00,6038.820774,4,3,true,0.5544554455445545,0.5544554455445545,0.5550000000000002,0.5544554455445545,2,1,1,2026-08-04T20:59:48+00:00,2026-08-04T20:59:56+00:00,7.179226,14.179226
H2-v1-SHARP-M3,H2-v1,1595163,0xd58033380ea1ab708e42f01d636ca60a8da6272f660bbfdc2e4c1acf27d1872d,mlb-oak-cin-2026-08-04,Cincinnati Reds,Athletics,2,2026-08-04T22:40:41+00:00,461,2026-08-04T21:45:01.964130+00:00,3339.03587,4,3,true,0.55,0.55,0.5518987341772151,0.55,2,1,1,2026-08-04T21:44:54+00:00,2026-08-04T21:44:58+00:00,6.46413,7.96413
H2-v1-SHARP-M3,H2-v1,1595163,0xd58033380ea1ab708e42f01d636ca60a8da6272f660bbfdc2e4c1acf27d1872d,mlb-oak-cin-2026-08-04,Cincinnati Reds,Athletics,2,2026-08-04T22:40:41+00:00,463,2026-08-04T22:00:02.809990+00:00,2438.19001,4,3,true,0.5513784461152882,0.5522388059701492,0.5505050505050506,0.5513784461152882,2,1,1,2026-08-04T21:59:50+00:00,2026-08-04T22:00:01+00:00,6.80999,12.80999
H2-v1-SHARP-M3,H2-v1,1595165,0x3250991062dee7e768335a2dca0b5282e8e3bf461120775a1f94de78cd7d55c6,mlb-nym-cle-2026-08-04,Cleveland Guardians,New York Mets,3,2026-08-04T22:41:36+00:00,417,2026-08-04T12:53:01.230532+00:00,35314.769468,4,3,true,0.5862068965517242,0.58679706601467,0.5870646766169154,0.58679706601467,2,1,1,2026-08-04T12:52:43+00:00,2026-08-04T12:52:45+00:00,17.730532,18.230532
H2-v1-SHARP-M3,H2-v1,1595165,0x3250991062dee7e768335a2dca0b5282e8e3bf461120775a1f94de78cd7d55c6,mlb-nym-cle-2026-08-04,Cleveland Guardians,New York Mets,3,2026-08-04T22:41:36+00:00,439,2026-08-04T18:00:01.992379+00:00,16894.007621,4,3,true,0.5888077858880778,0.5888077858880778,0.5891089108910892,0.5888077858880778,2,1,1,2026-08-04T17:59:46+00:00,2026-08-04T17:59:58+00:00,9.992379,15.992379
H2-v1-SHARP-M3,H2-v1,1595165,0x3250991062dee7e768335a2dca0b5282e8e3bf461120775a1f94de78cd7d55c6,mlb-nym-cle-2026-08-04,Cleveland Guardians,New York Mets,3,2026-08-04T22:41:36+00:00,443,2026-08-04T18:45:02.244229+00:00,14193.755771,4,3,true,0.587378640776699,0.587378640776699,0.5876543209876544,0.587378640776699,2,1,1,2026-08-04T18:44:44+00:00,2026-08-04T18:44:55+00:00,13.244229,18.244229
H2-v1-SHARP-M3,H2-v1,1595165,0x3250991062dee7e768335a2dca0b5282e8e3bf461120775a1f94de78cd7d55c6,mlb-nym-cle-2026-08-04,Cleveland Guardians,New York Mets,3,2026-08-04T22:41:36+00:00,445,2026-08-04T19:00:02.432024+00:00,13293.567976,4,3,true,0.57839721254355405,0.5749385749385749,0.57356608478803,0.5749385749385749,2,1,1,2026-08-04T18:59:44+00:00,2026-08-04T18:59:59+00:00,17.432024,18.432024
H2-v1-SHARP-M3,H2-v1,1595165,0x3250991062dee7e768335a2dca0b5282e8e3bf461120775a1f94de78cd7d55c6,mlb-nym-cle-2026-08-04,Cleveland Guardians,New York Mets,3,2026-08-04T22:41:36+00:00,449,2026-08-04T19:45:01.941108+00:00,10594.058892,4,3,true,0.5735294117647058,0.5735294117647058,0.57356608478803,0.5735294117647058,2,1,1,2026-08-04T19:44:52+00:00,2026-08-04T19:44:54+00:00,8.441108,9.941108
H2-v1-SHARP-M3,H2-v1,1595165,0x3250991062dee7e768335a2dca0b5282e8e3bf461120775a1f94de78cd7d55c6,mlb-nym-cle-2026-08-04,Cleveland Guardians,New York Mets,3,2026-08-04T22:41:36+00:00,451,2026-08-04T20:00:02.387362+00:00,9693.612638,4,3,true,0.5594059405940595,0.5594059405940595,0.5591939546599496,0.5594059405940595,2,1,1,2026-08-04T19:59:40+00:00,2026-08-04T19:59:50+00:00,13.387362,22.387362
H2-v1-SHARP-M3,H2-v1,1595165,0x3250991062dee7e768335a2dca0b5282e8e3bf461120775a1f94de78cd7d55c6,mlb-nym-cle-2026-08-04,Cleveland Guardians,New York Mets,3,2026-08-04T22:41:36+00:00,455,2026-08-04T20:45:02.503656+00:00,6993.496344,4,3,true,0.5558312655086849,0.5558312655086849,0.5569620253164557,0.5558312655086849,2,1,1,2026-08-04T20:44:45+00:00,2026-08-04T20:44:55+00:00,9.003656,17.503656
H2-v1-SHARP-M3,H2-v1,1595165,0x3250991062dee7e768335a2dca0b5282e8e3bf461120775a1f94de78cd7d55c6,mlb-nym-cle-2026-08-04,Cleveland Guardians,New York Mets,3,2026-08-04T22:41:36+00:00,457,2026-08-04T21:00:02.179226+00:00,6093.820774,4,3,true,0.5572139303482587,0.5558312655086849,0.5569620253164557,0.5569620253164557,2,1,1,2026-08-04T20:59:48+00:00,2026-08-04T20:59:56+00:00,7.179226,14.179226
H2-v1-SHARP-M3,H2-v1,1595165,0x3250991062dee7e768335a2dca0b5282e8e3bf461120775a1f94de78cd7d55c6,mlb-nym-cle-2026-08-04,Cleveland Guardians,New York Mets,3,2026-08-04T22:41:36+00:00,461,2026-08-04T21:45:01.964130+00:00,3394.03587,4,3,true,0.5572139303482587,0.5572139303482587,0.5541561712846348,0.5572139303482587,2,1,1,2026-08-04T21:44:54+00:00,2026-08-04T21:44:58+00:00,6.46413,7.96413
H2-v1-SHARP-M3,H2-v1,1595165,0x3250991062dee7e768335a2dca0b5282e8e3bf461120775a1f94de78cd7d55c6,mlb-nym-cle-2026-08-04,Cleveland Guardians,New York Mets,3,2026-08-04T22:41:36+00:00,463,2026-08-04T22:00:02.809990+00:00,2493.19001,4,3,true,0.5558312655086849,0.5558312655086849,0.5527638190954773,0.5558312655086849,2,1,1,2026-08-04T21:59:50+00:00,2026-08-04T22:00:01+00:00,6.80999,12.80999
H2-v1-SHARP-M3,H2-v1,1595169,0x90dab0680f465b0e4f505295d1b138b2982a86a2eafa92b6530c5035efa7a716,mlb-wsh-phi-2026-08-04,Philadelphia Phillies,Washington Nationals,4,2026-08-04T22:42:34+00:00,417,2026-08-04T12:53:01.230532+00:00,35372.769468,4,3,true,0.7113402061855669,0.7113402061855669,0.7052631578947368,0.7113402061855669,2,1,1,2026-08-04T12:52:43+00:00,2026-08-04T12:52:45+00:00,17.730532,18.230532
H2-v1-SHARP-M3,H2-v1,1595169,0x90dab0680f465b0e4f505295d1b138b2982a86a2eafa92b6530c5035efa7a716,mlb-wsh-phi-2026-08-04,Philadelphia Phillies,Washington Nationals,4,2026-08-04T22:42:34+00:00,439,2026-08-04T18:00:01.992379+00:00,16952.007621,4,3,true,0.7200811359026369,0.7200811359026369,0.7186858316221767,0.7200811359026369,2,1,1,2026-08-04T17:59:46+00:00,2026-08-04T17:59:58+00:00,9.992379,15.992379
H2-v1-SHARP-M3,H2-v1,1595169,0x90dab0680f465b0e4f505295d1b138b2982a86a2eafa92b6530c5035efa7a716,mlb-wsh-phi-2026-08-04,Philadelphia Phillies,Washington Nationals,4,2026-08-04T22:42:34+00:00,443,2026-08-04T18:45:02.244229+00:00,14251.755771,4,3,true,0.7200811359026369,0.7200811359026369,0.7186858316221767,0.7200811359026369,2,1,1,2026-08-04T18:44:44+00:00,2026-08-04T18:44:55+00:00,13.244229,18.244229
H2-v1-SHARP-M3,H2-v1,1595169,0x90dab0680f465b0e4f505295d1b138b2982a86a2eafa92b6530c5035efa7a716,mlb-wsh-phi-2026-08-04,Philadelphia Phillies,Washington Nationals,4,2026-08-04T22:42:34+00:00,445,2026-08-04T19:00:02.432024+00:00,13351.567976,4,3,true,0.7200811359026369,0.7200811359026369,0.7201646090534979,0.7200811359026369,2,1,1,2026-08-04T18:59:44+00:00,2026-08-04T18:59:59+00:00,17.432024,18.432024
H2-v1-SHARP-M3,H2-v1,1595169,0x90dab0680f465b0e4f505295d1b138b2982a86a2eafa92b6530c5035efa7a716,mlb-wsh-phi-2026-08-04,Philadelphia Phillies,Washington Nationals,4,2026-08-04T22:42:34+00:00,449,2026-08-04T19:45:01.941108+00:00,10652.058892,4,3,true,0.7228915662650603,0.7228915662650603,0.7201646090534979,0.7228915662650603,2,1,1,2026-08-04T19:44:52+00:00,2026-08-04T19:44:54+00:00,8.441108,9.941108
H2-v1-SHARP-M3,H2-v1,1595169,0x90dab0680f465b0e4f505295d1b138b2982a86a2eafa92b6530c5035efa7a716,mlb-wsh-phi-2026-08-04,Philadelphia Phillies,Washington Nationals,4,2026-08-04T22:42:34+00:00,451,2026-08-04T20:00:02.387362+00:00,9751.612638,4,3,true,0.7200811359026369,0.7200811359026369,0.7201646090534979,0.7200811359026369,2,1,1,2026-08-04T19:59:40+00:00,2026-08-04T19:59:50+00:00,13.387362,22.387362
H2-v1-SHARP-M3,H2-v1,1595169,0x90dab0680f465b0e4f505295d1b138b2982a86a2eafa92b6530c5035efa7a716,mlb-wsh-phi-2026-08-04,Philadelphia Phillies,Washington Nationals,4,2026-08-04T22:42:34+00:00,455,2026-08-04T20:45:02.503656+00:00,7051.496344,4,3,true,0.7352941176470589,0.7378640776699029,0.7355864811133201,0.7355864811133201,2,1,1,2026-08-04T20:44:45+00:00,2026-08-04T20:44:55+00:00,9.003656,17.503656
H2-v1-SHARP-M3,H2-v1,1595169,0x90dab0680f465b0e4f505295d1b138b2982a86a2eafa92b6530c5035efa7a716,mlb-wsh-phi-2026-08-04,Philadelphia Phillies,Washington Nationals,4,2026-08-04T22:42:34+00:00,457,2026-08-04T21:00:02.179226+00:00,6151.820774,4,3,true,0.7418111753371868,0.7392996108949417,0.7367387033398821,0.7392996108949417,2,1,1,2026-08-04T20:59:48+00:00,2026-08-04T20:59:56+00:00,7.179226,14.179226
H2-v1-SHARP-M3,H2-v1,1595169,0x90dab0680f465b0e4f505295d1b138b2982a86a2eafa92b6530c5035efa7a716,mlb-wsh-phi-2026-08-04,Philadelphia Phillies,Washington Nationals,4,2026-08-04T22:42:34+00:00,461,2026-08-04T21:45:01.964130+00:00,3452.03587,4,3,true,0.7432432432432433,0.7432432432432433,0.7407407407407408,0.7432432432432433,2,1,1,2026-08-04T21:44:54+00:00,2026-08-04T21:44:58+00:00,6.46413,7.96413
H2-v1-SHARP-M3,H2-v1,1595169,0x90dab0680f465b0e4f505295d1b138b2982a86a2eafa92b6530c5035efa7a716,mlb-wsh-phi-2026-08-04,Philadelphia Phillies,Washington Nationals,4,2026-08-04T22:42:34+00:00,463,2026-08-04T22:00:02.809990+00:00,2551.19001,4,3,true,0.7392996108949417,0.7378640776699029,0.7381889763779528,0.7381889763779528,2,1,1,2026-08-04T21:59:50+00:00,2026-08-04T22:00:01+00:00,6.80999,12.80999
H2-v1-SHARP-M3,H2-v1,1595170,0x9e2cefa4b629c7943658c606dde621781ce9ba317908fe26b312518fb8562ebd,mlb-stl-nyy-2026-08-04,New York Yankees,St. Louis Cardinals,5,2026-08-04T23:06:00+00:00,417,2026-08-04T12:53:01.230532+00:00,36778.769468,4,3,true,0.6175771971496438,0.6175771971496438,0.6135265700483092,0.6175771971496438,2,1,1,2026-08-04T12:52:43+00:00,2026-08-04T12:52:45+00:00,17.730532,18.230532
H2-v1-SHARP-M3,H2-v1,1595170,0x9e2cefa4b629c7943658c606dde621781ce9ba317908fe26b312518fb8562ebd,mlb-stl-nyy-2026-08-04,New York Yankees,St. Louis Cardinals,5,2026-08-04T23:06:00+00:00,439,2026-08-04T18:00:01.992379+00:00,18358.007621,4,3,true,0.6435185185185185,0.6435185185185185,0.6447058823529412,0.6435185185185185,2,1,1,2026-08-04T17:59:46+00:00,2026-08-04T17:59:58+00:00,9.992379,15.992379
H2-v1-SHARP-M3,H2-v1,1595170,0x9e2cefa4b629c7943658c606dde621781ce9ba317908fe26b312518fb8562ebd,mlb-stl-nyy-2026-08-04,New York Yankees,St. Louis Cardinals,5,2026-08-04T23:06:00+00:00,443,2026-08-04T18:45:02.244229+00:00,15657.755771,4,3,true,0.6435185185185185,0.6435185185185185,0.6431924882629109,0.6435185185185185,2,1,1,2026-08-04T18:44:44+00:00,2026-08-04T18:44:55+00:00,13.244229,18.244229
H2-v1-SHARP-M3,H2-v1,1595170,0x9e2cefa4b629c7943658c606dde621781ce9ba317908fe26b312518fb8562ebd,mlb-stl-nyy-2026-08-04,New York Yankees,St. Louis Cardinals,5,2026-08-04T23:06:00+00:00,445,2026-08-04T19:00:02.432024+00:00,14757.567976,4,3,true,0.6435185185185185,0.6435185185185185,0.6431924882629109,0.6435185185185185,2,1,1,2026-08-04T18:59:44+00:00,2026-08-04T18:59:59+00:00,17.432024,18.432024
H2-v1-SHARP-M3,H2-v1,1595170,0x9e2cefa4b629c7943658c606dde621781ce9ba317908fe26b312518fb8562ebd,mlb-stl-nyy-2026-08-04,New York Yankees,St. Louis Cardinals,5,2026-08-04T23:06:00+00:00,449,2026-08-04T19:45:01.941108+00:00,12058.058892,4,3,true,0.6436781609195402,0.6436781609195402,0.6463700234192037,0.6436781609195402,2,1,1,2026-08-04T19:44:52+00:00,2026-08-04T19:44:54+00:00,8.441108,9.941108
H2-v1-SHARP-M3,H2-v1,1595170,0x9e2cefa4b629c7943658c606dde621781ce9ba317908fe26b312518fb8562ebd,mlb-stl-nyy-2026-08-04,New York Yankees,St. Louis Cardinals,5,2026-08-04T23:06:00+00:00,451,2026-08-04T20:00:02.387362+00:00,11157.612638,4,3,true,0.6436781609195402,0.6436781609195402,0.6416861826697892,0.6436781609195402,2,1,1,2026-08-04T19:59:40+00:00,2026-08-04T19:59:50+00:00,13.387362,22.387362
H2-v1-SHARP-M3,H2-v1,1595170,0x9e2cefa4b629c7943658c606dde621781ce9ba317908fe26b312518fb8562ebd,mlb-stl-nyy-2026-08-04,New York Yankees,St. Louis Cardinals,5,2026-08-04T23:06:00+00:00,455,2026-08-04T20:45:02.503656+00:00,8457.496344,4,3,true,0.6388888888888888,0.6357308584686774,0.6367924528301887,0.6367924528301887,2,1,1,2026-08-04T20:44:45+00:00,2026-08-04T20:44:55+00:00,9.003656,17.503656
H2-v1-SHARP-M3,H2-v1,1595170,0x9e2cefa4b629c7943658c606dde621781ce9ba317908fe26b312518fb8562ebd,mlb-stl-nyy-2026-08-04,New York Yankees,St. Louis Cardinals,5,2026-08-04T23:06:00+00:00,457,2026-08-04T21:00:02.179226+00:00,7557.820774,4,3,true,0.6372093023255814,0.6357308584686774,0.6367924528301887,0.6367924528301887,2,1,1,2026-08-04T20:59:48+00:00,2026-08-04T20:59:56+00:00,7.179226,14.179226
H2-v1-SHARP-M3,H2-v1,1595170,0x9e2cefa4b629c7943658c606dde621781ce9ba317908fe26b312518fb8562ebd,mlb-stl-nyy-2026-08-04,New York Yankees,St. Louis Cardinals,5,2026-08-04T23:06:00+00:00,461,2026-08-04T21:45:01.964130+00:00,4858.03587,4,3,true,0.6435185185185185,0.6451612903225806,0.6401869158878505,0.6435185185185185,2,1,1,2026-08-04T21:44:54+00:00,2026-08-04T21:44:58+00:00,6.46413,7.96413
H2-v1-SHARP-M3,H2-v1,1595170,0x9e2cefa4b629c7943658c606dde621781ce9ba317908fe26b312518fb8562ebd,mlb-stl-nyy-2026-08-04,New York Yankees,St. Louis Cardinals,5,2026-08-04T23:06:00+00:00,463,2026-08-04T22:00:02.809990+00:00,3957.19001,4,3,true,0.6435185185185185,0.6436781609195402,0.6401869158878505,0.6435185185185185,2,1,1,2026-08-04T21:59:50+00:00,2026-08-04T22:00:01+00:00,6.80999,12.80999
H2-v1-SHARP-M3,H2-v1,1595170,0x9e2cefa4b629c7943658c606dde621781ce9ba317908fe26b312518fb8562ebd,mlb-stl-nyy-2026-08-04,New York Yankees,St. Louis Cardinals,5,2026-08-04T23:06:00+00:00,467,2026-08-04T22:45:01.709640+00:00,1258.29036,4,3,true,0.6545454545454545,0.6545454545454545,0.654292343387471,0.6545454545454545,2,1,1,2026-08-04T22:44:50+00:00,2026-08-04T22:45:01+00:00,10.20964,11.70964
H2-v1-SHARP-M3,H2-v1,1595170,0x9e2cefa4b629c7943658c606dde621781ce9ba317908fe26b312518fb8562ebd,mlb-stl-nyy-2026-08-04,New York Yankees,St. Louis Cardinals,5,2026-08-04T23:06:00+00:00,469,2026-08-04T23:00:02.055369+00:00,357.944631,4,3,true,0.6545454545454545,0.6545454545454545,0.654292343387471,0.6545454545454545,2,1,1,2026-08-04T22:59:48+00:00,2026-08-04T22:59:59+00:00,4.055369,14.055369
H2-v1-SHARP-M3,H2-v1,1595171,0x04c98da98e911555ae84b84ee8391166710b856ebd757706fa86d22a8dbd5d8d,mlb-cws-bos-2026-08-04,Boston Red Sox,Chicago White Sox,6,2026-08-04T23:11:00+00:00,417,2026-08-04T12:53:01.230532+00:00,37078.769468,4,3,true,0.5463659147869674,0.5508684863523574,0.5468354430379747,0.5468354430379747,2,1,1,2026-08-04T12:52:43+00:00,2026-08-04T12:52:45+00:00,17.730532,18.230532
H2-v1-SHARP-M3,H2-v1,1595171,0x04c98da98e911555ae84b84ee8391166710b856ebd757706fa86d22a8dbd5d8d,mlb-cws-bos-2026-08-04,Boston Red Sox,Chicago White Sox,6,2026-08-04T23:11:00+00:00,439,2026-08-04T18:00:01.992379+00:00,18658.007621,4,3,true,0.5522388059701492,0.5522388059701492,0.5505050505050506,0.5522388059701492,2,1,1,2026-08-04T17:59:46+00:00,2026-08-04T17:59:58+00:00,9.992379,15.992379
H2-v1-SHARP-M3,H2-v1,1595171,0x04c98da98e911555ae84b84ee8391166710b856ebd757706fa86d22a8dbd5d8d,mlb-cws-bos-2026-08-04,Boston Red Sox,Chicago White Sox,6,2026-08-04T23:11:00+00:00,443,2026-08-04T18:45:02.244229+00:00,15957.755771,4,3,true,0.5558312655086849,0.5558312655086849,0.5505050505050506,0.5558312655086849,2,1,1,2026-08-04T18:44:44+00:00,2026-08-04T18:44:55+00:00,13.244229,18.244229
H2-v1-SHARP-M3,H2-v1,1595171,0x04c98da98e911555ae84b84ee8391166710b856ebd757706fa86d22a8dbd5d8d,mlb-cws-bos-2026-08-04,Boston Red Sox,Chicago White Sox,6,2026-08-04T23:11:00+00:00,445,2026-08-04T19:00:02.432024+00:00,15057.567976,4,3,true,0.5558312655086849,0.5558312655086849,0.5505050505050506,0.5558312655086849,2,1,1,2026-08-04T18:59:44+00:00,2026-08-04T18:59:59+00:00,17.432024,18.432024
H2-v1-SHARP-M3,H2-v1,1595171,0x04c98da98e911555ae84b84ee8391166710b856ebd757706fa86d22a8dbd5d8d,mlb-cws-bos-2026-08-04,Boston Red Sox,Chicago White Sox,6,2026-08-04T23:11:00+00:00,449,2026-08-04T19:45:01.941108+00:00,12358.058892,4,3,true,0.5643564356435643,0.5643564356435643,0.56,0.5643564356435643,2,1,1,2026-08-04T19:44:52+00:00,2026-08-04T19:44:54+00:00,8.441108,9.941108
H2-v1-SHARP-M3,H2-v1,1595171,0x04c98da98e911555ae84b84ee8391166710b856ebd757706fa86d22a8dbd5d8d,mlb-cws-bos-2026-08-04,Boston Red Sox,Chicago White Sox,6,2026-08-04T23:11:00+00:00,451,2026-08-04T20:00:02.387362+00:00,11457.612638,4,3,true,0.5643564356435643,0.5665024630541872,0.5642317380352645,0.5643564356435643,2,1,1,2026-08-04T19:59:40+00:00,2026-08-04T19:59:50+00:00,13.387362,22.387362
H2-v1-SHARP-M3,H2-v1,1595171,0x04c98da98e911555ae84b84ee8391166710b856ebd757706fa86d22a8dbd5d8d,mlb-cws-bos-2026-08-04,Boston Red Sox,Chicago White Sox,6,2026-08-04T23:11:00+00:00,455,2026-08-04T20:45:02.503656+00:00,8757.496344,4,3,true,0.5735294117647058,0.5735294117647058,0.57356608478803,0.5735294117647058,2,1,1,2026-08-04T20:44:45+00:00,2026-08-04T20:44:55+00:00,9.003656,17.503656
H2-v1-SHARP-M3,H2-v1,1595171,0x04c98da98e911555ae84b84ee8391166710b856ebd757706fa86d22a8dbd5d8d,mlb-cws-bos-2026-08-04,Boston Red Sox,Chicago White Sox,6,2026-08-04T23:11:00+00:00,457,2026-08-04T21:00:02.179226+00:00,7857.820774,4,3,true,0.5735294117647058,0.5770171149144254,0.57356608478803,0.57356608478803,2,1,1,2026-08-04T20:59:48+00:00,2026-08-04T20:59:56+00:00,7.179226,14.179226
H2-v1-SHARP-M3,H2-v1,1595171,0x04c98da98e911555ae84b84ee8391166710b856ebd757706fa86d22a8dbd5d8d,mlb-cws-bos-2026-08-04,Boston Red Sox,Chicago White Sox,6,2026-08-04T23:11:00+00:00,461,2026-08-04T21:45:01.964130+00:00,5158.03587,4,3,true,0.5749385749385749,0.5749385749385749,0.575,0.5749385749385749,2,1,1,2026-08-04T21:44:54+00:00,2026-08-04T21:44:58+00:00,6.46413,7.96413
H2-v1-SHARP-M3,H2-v1,1595171,0x04c98da98e911555ae84b84ee8391166710b856ebd757706fa86d22a8dbd5d8d,mlb-cws-bos-2026-08-04,Boston Red Sox,Chicago White Sox,6,2026-08-04T23:11:00+00:00,463,2026-08-04T22:00:02.809990+00:00,4257.19001,4,3,true,0.5749385749385749,0.5735294117647058,0.575,0.5749385749385749,2,1,1,2026-08-04T21:59:50+00:00,2026-08-04T22:00:01+00:00,6.80999,12.80999
H2-v1-SHARP-M3,H2-v1,1595171,0x04c98da98e911555ae84b84ee8391166710b856ebd757706fa86d22a8dbd5d8d,mlb-cws-bos-2026-08-04,Boston Red Sox,Chicago White Sox,6,2026-08-04T23:11:00+00:00,467,2026-08-04T22:45:01.709640+00:00,1558.29036,4,3,true,0.5738890405557072,0.5784313725490196,0.575,0.575,2,1,1,2026-08-04T22:44:50+00:00,2026-08-04T22:45:01+00:00,10.20964,11.70964
H2-v1-SHARP-M3,H2-v1,1595171,0x04c98da98e911555ae84b84ee8391166710b856ebd757706fa86d22a8dbd5d8d,mlb-cws-bos-2026-08-04,Boston Red Sox,Chicago White Sox,6,2026-08-04T23:11:00+00:00,469,2026-08-04T23:00:02.055369+00:00,657.944631,4,3,true,0.5763546798029557,0.5763546798029557,0.575,0.5763546798029557,2,1,1,2026-08-04T22:59:48+00:00,2026-08-04T22:59:59+00:00,4.055369,14.055369
H2-v1-SHARP-M3,H2-v1,1595175,0xf40ac3bf4acb00311559af96e17ac875a5838e95ca62763dfcfad40c732da261,mlb-mia-atl-2026-08-04,Atlanta Braves,Miami Marlins,7,2026-08-04T23:16:00+00:00,417,2026-08-04T12:53:01.230532+00:00,37378.769468,4,3,true,0.5798525798525799,0.5798525798525799,0.58,0.5798525798525799,2,1,1,2026-08-04T12:52:43+00:00,2026-08-04T12:52:45+00:00,17.730532,18.230532
H2-v1-SHARP-M3,H2-v1,1595175,0xf40ac3bf4acb00311559af96e17ac875a5838e95ca62763dfcfad40c732da261,mlb-mia-atl-2026-08-04,Atlanta Braves,Miami Marlins,7,2026-08-04T23:16:00+00:00,439,2026-08-04T18:00:01.992379+00:00,18958.007621,4,3,true,0.5728395061728395,0.5728395061728395,0.57,0.5728395061728395,2,1,1,2026-08-04T17:59:46+00:00,2026-08-04T17:59:58+00:00,9.992379,15.992379
H2-v1-SHARP-M3,H2-v1,1595175,0xf40ac3bf4acb00311559af96e17ac875a5838e95ca62763dfcfad40c732da261,mlb-mia-atl-2026-08-04,Atlanta Braves,Miami Marlins,7,2026-08-04T23:16:00+00:00,443,2026-08-04T18:45:02.244229+00:00,16257.755771,4,3,true,0.5738890405557072,0.5749385749385749,0.57,0.5738890405557072,2,1,1,2026-08-04T18:44:44+00:00,2026-08-04T18:44:55+00:00,13.244229,18.244229
H2-v1-SHARP-M3,H2-v1,1595175,0xf40ac3bf4acb00311559af96e17ac875a5838e95ca62763dfcfad40c732da261,mlb-mia-atl-2026-08-04,Atlanta Braves,Miami Marlins,7,2026-08-04T23:16:00+00:00,445,2026-08-04T19:00:02.432024+00:00,15357.567976,4,3,true,0.5749385749385749,0.5749385749385749,0.575,0.5749385749385749,2,1,1,2026-08-04T18:59:44+00:00,2026-08-04T18:59:59+00:00,17.432024,18.432024
H2-v1-SHARP-M3,H2-v1,1595175,0xf40ac3bf4acb00311559af96e17ac875a5838e95ca62763dfcfad40c732da261,mlb-mia-atl-2026-08-04,Atlanta Braves,Miami Marlins,7,2026-08-04T23:16:00+00:00,449,2026-08-04T19:45:01.941108+00:00,12658.058892,4,3,true,0.5784313725490196,0.5804878048780489,0.5806451612903225,0.5804878048780489,2,1,1,2026-08-04T19:44:52+00:00,2026-08-04T19:44:54+00:00,8.441108,9.941108
H2-v1-SHARP-M3,H2-v1,1595175,0xf40ac3bf4acb00311559af96e17ac875a5838e95ca62763dfcfad40c732da261,mlb-mia-atl-2026-08-04,Atlanta Braves,Miami Marlins,7,2026-08-04T23:16:00+00:00,451,2026-08-04T20:00:02.387362+00:00,11757.612638,4,3,true,0.5770171149144254,0.5784313725490196,0.5785536159600998,0.5784313725490196,2,1,1,2026-08-04T19:59:40+00:00,2026-08-04T19:59:50+00:00,13.387362,22.387362
H2-v1-SHARP-M3,H2-v1,1595175,0xf40ac3bf4acb00311559af96e17ac875a5838e95ca62763dfcfad40c732da261,mlb-mia-atl-2026-08-04,Atlanta Braves,Miami Marlins,7,2026-08-04T23:16:00+00:00,455,2026-08-04T20:45:02.503656+00:00,9057.496344,4,3,true,0.5784313725490196,0.5804878048780489,0.575682382133995,0.5784313725490196,2,1,1,2026-08-04T20:44:45+00:00,2026-08-04T20:44:55+00:00,9.003656,17.503656
H2-v1-SHARP-M3,H2-v1,1595175,0xf40ac3bf4acb00311559af96e17ac875a5838e95ca62763dfcfad40c732da261,mlb-mia-atl-2026-08-04,Atlanta Braves,Miami Marlins,7,2026-08-04T23:16:00+00:00,457,2026-08-04T21:00:02.179226+00:00,8157.820774,4,3,true,0.5819070904645476,0.5819070904645476,0.575682382133995,0.5819070904645476,2,1,1,2026-08-04T20:59:48+00:00,2026-08-04T20:59:56+00:00,7.179226,14.179226
H2-v1-SHARP-M3,H2-v1,1595175,0xf40ac3bf4acb00311559af96e17ac875a5838e95ca62763dfcfad40c732da261,mlb-mia-atl-2026-08-04,Atlanta Braves,Miami Marlins,7,2026-08-04T23:16:00+00:00,461,2026-08-04T21:45:01.964130+00:00,5458.03587,4,3,true,0.5833333333333334,0.5853658536585367,0.5777777777777777,0.5833333333333334,2,1,1,2026-08-04T21:44:54+00:00,2026-08-04T21:44:58+00:00,6.46413,7.96413
H2-v1-SHARP-M3,H2-v1,1595175,0xf40ac3bf4acb00311559af96e17ac875a5838e95ca62763dfcfad40c732da261,mlb-mia-atl-2026-08-04,Atlanta Braves,Miami Marlins,7,2026-08-04T23:16:00+00:00,463,2026-08-04T22:00:02.809990+00:00,4557.19001,4,3,true,0.5833333333333334,0.5833333333333334,0.5777777777777777,0.5833333333333334,2,1,1,2026-08-04T21:59:50+00:00,2026-08-04T22:00:01+00:00,6.80999,12.80999
H2-v1-SHARP-M3,H2-v1,1595175,0xf40ac3bf4acb00311559af96e17ac875a5838e95ca62763dfcfad40c732da261,mlb-mia-atl-2026-08-04,Atlanta Braves,Miami Marlins,7,2026-08-04T23:16:00+00:00,467,2026-08-04T22:45:01.709640+00:00,1858.29036,4,3,true,0.5888077858880778,0.5888077858880778,0.5856079404466502,0.5888077858880778,2,1,1,2026-08-04T22:44:50+00:00,2026-08-04T22:45:01+00:00,10.20964,11.70964
H2-v1-SHARP-M3,H2-v1,1595175,0xf40ac3bf4acb00311559af96e17ac875a5838e95ca62763dfcfad40c732da261,mlb-mia-atl-2026-08-04,Atlanta Braves,Miami Marlins,7,2026-08-04T23:16:00+00:00,469,2026-08-04T23:00:02.055369+00:00,957.944631,4,3,true,0.5902439024390244,0.5902439024390244,0.5856079404466502,0.5902439024390244,2,1,1,2026-08-04T22:59:48+00:00,2026-08-04T22:59:59+00:00,4.055369,14.055369
H2-v1-SHARP-M3,H2-v1,1595176,0x89ae4bd727cfb265d512f605df0827d6f1d9dc263e2ea669e93063365977ef67,mlb-pit-mil-2026-08-04,Milwaukee Brewers,Pittsburgh Pirates,8,2026-08-04T23:40:00+00:00,417,2026-08-04T12:53:01.230532+00:00,38818.769468,4,3,true,0.5951219512195122,0.5951219512195122,0.5965770171149144,0.5951219512195122,2,1,1,2026-08-04T12:52:43+00:00,2026-08-04T12:52:45+00:00,17.730532,18.230532
H2-v1-SHARP-M3,H2-v1,1595176,0x89ae4bd727cfb265d512f605df0827d6f1d9dc263e2ea669e93063365977ef67,mlb-pit-mil-2026-08-04,Milwaukee Brewers,Pittsburgh Pirates,8,2026-08-04T23:40:00+00:00,439,2026-08-04T18:00:01.992379+00:00,20398.007621,4,3,true,0.5804878048780489,0.5804878048780489,0.5785536159600998,0.5804878048780489,2,1,1,2026-08-04T17:59:46+00:00,2026-08-04T17:59:58+00:00,9.992379,15.992379
H2-v1-SHARP-M3,H2-v1,1595176,0x89ae4bd727cfb265d512f605df0827d6f1d9dc263e2ea669e93063365977ef67,mlb-pit-mil-2026-08-04,Milwaukee Brewers,Pittsburgh Pirates,8,2026-08-04T23:40:00+00:00,443,2026-08-04T18:45:02.244229+00:00,17697.755771,4,3,true,0.5804878048780489,0.5804878048780489,0.5785536159600998,0.5804878048780489,2,1,1,2026-08-04T18:44:44+00:00,2026-08-04T18:44:55+00:00,13.244229,18.244229
H2-v1-SHARP-M3,H2-v1,1595176,0x89ae4bd727cfb265d512f605df0827d6f1d9dc263e2ea669e93063365977ef67,mlb-pit-mil-2026-08-04,Milwaukee Brewers,Pittsburgh Pirates,8,2026-08-04T23:40:00+00:00,445,2026-08-04T19:00:02.432024+00:00,16797.567976,4,3,true,0.5804878048780489,0.5804878048780489,0.5785536159600998,0.5804878048780489,2,1,1,2026-08-04T18:59:44+00:00,2026-08-04T18:59:59+00:00,17.432024,18.432024
H2-v1-SHARP-M3,H2-v1,1595176,0x89ae4bd727cfb265d512f605df0827d6f1d9dc263e2ea669e93063365977ef67,mlb-pit-mil-2026-08-04,Milwaukee Brewers,Pittsburgh Pirates,8,2026-08-04T23:40:00+00:00,449,2026-08-04T19:45:01.941108+00:00,14098.058892,4,3,true,0.5804878048780489,0.5804878048780489,0.5785536159600998,0.5804878048780489,2,1,1,2026-08-04T19:44:52+00:00,2026-08-04T19:44:54+00:00,8.441108,9.941108
H2-v1-SHARP-M3,H2-v1,1595176,0x89ae4bd727cfb265d512f605df0827d6f1d9dc263e2ea669e93063365977ef67,mlb-pit-mil-2026-08-04,Milwaukee Brewers,Pittsburgh Pirates,8,2026-08-04T23:40:00+00:00,451,2026-08-04T20:00:02.387362+00:00,13197.612638,4,3,true,0.5804878048780489,0.5804878048780489,0.5785536159600998,0.5804878048780489,2,1,1,2026-08-04T19:59:40+00:00,2026-08-04T19:59:50+00:00,13.387362,22.387362
H2-v1-SHARP-M3,H2-v1,1595176,0x89ae4bd727cfb265d512f605df0827d6f1d9dc263e2ea669e93063365977ef67,mlb-pit-mil-2026-08-04,Milwaukee Brewers,Pittsburgh Pirates,8,2026-08-04T23:40:00+00:00,455,2026-08-04T20:45:02.503656+00:00,10497.496344,4,3,true,0.5819070904645476,0.5804878048780489,0.575682382133995,0.5804878048780489,2,1,1,2026-08-04T20:44:45+00:00,2026-08-04T20:44:55+00:00,9.003656,17.503656
H2-v1-SHARP-M3,H2-v1,1595176,0x89ae4bd727cfb265d512f605df0827d6f1d9dc263e2ea669e93063365977ef67,mlb-pit-mil-2026-08-04,Milwaukee Brewers,Pittsburgh Pirates,8,2026-08-04T23:40:00+00:00,457,2026-08-04T21:00:02.179226+00:00,9597.820774,4,3,true,0.5819070904645476,0.5804878048780489,0.575682382133995,0.5804878048780489,2,1,1,2026-08-04T20:59:48+00:00,2026-08-04T20:59:56+00:00,7.179226,14.179226
H2-v1-SHARP-M3,H2-v1,1595176,0x89ae4bd727cfb265d512f605df0827d6f1d9dc263e2ea669e93063365977ef67,mlb-pit-mil-2026-08-04,Milwaukee Brewers,Pittsburgh Pirates,8,2026-08-04T23:40:00+00:00,461,2026-08-04T21:45:01.964130+00:00,6898.03587,4,3,true,0.5819070904645476,0.5819070904645476,0.5777777777777777,0.5819070904645476,2,1,1,2026-08-04T21:44:54+00:00,2026-08-04T21:44:58+00:00,6.46413,7.96413
H2-v1-SHARP-M3,H2-v1,1595176,0x89ae4bd727cfb265d512f605df0827d6f1d9dc263e2ea669e93063365977ef67,mlb-pit-mil-2026-08-04,Milwaukee Brewers,Pittsburgh Pirates,8,2026-08-04T23:40:00+00:00,463,2026-08-04T22:00:02.809990+00:00,5997.19001,4,3,true,0.57177955457525345,0.5714285714285714,0.5685785536159602,0.5714285714285714,2,1,1,2026-08-04T21:59:50+00:00,2026-08-04T22:00:01+00:00,6.80999,12.80999
H2-v1-SHARP-M3,H2-v1,1595176,0x89ae4bd727cfb265d512f605df0827d6f1d9dc263e2ea669e93063365977ef67,mlb-pit-mil-2026-08-04,Milwaukee Brewers,Pittsburgh Pirates,8,2026-08-04T23:40:00+00:00,467,2026-08-04T22:45:01.709640+00:00,3298.29036,4,3,true,0.5693069306930693,0.5714285714285714,0.57,0.57,2,1,1,2026-08-04T22:44:50+00:00,2026-08-04T22:45:01+00:00,10.20964,11.70964
H2-v1-SHARP-M3,H2-v1,1595176,0x89ae4bd727cfb265d512f605df0827d6f1d9dc263e2ea669e93063365977ef67,mlb-pit-mil-2026-08-04,Milwaukee Brewers,Pittsburgh Pirates,8,2026-08-04T23:40:00+00:00,469,2026-08-04T23:00:02.055369+00:00,2397.944631,4,3,true,0.5693069306930693,0.5714285714285714,0.57,0.57,2,1,1,2026-08-04T22:59:48+00:00,2026-08-04T22:59:59+00:00,4.055369,14.055369
H2-v1-SHARP-M3,H2-v1,1595178,0xb7cbbb1ae06d551cc95a17840350dda741d6f88aa5005d1a5a4e49f5de800980,mlb-min-kc-2026-08-04,Kansas City Royals,Minnesota Twins,9,2026-08-04T23:41:00+00:00,417,2026-08-04T12:53:01.230532+00:00,38878.769468,4,3,true,0.4292803970223325,0.4292803970223325,0.4335839598997493,0.4292803970223325,2,1,1,2026-08-04T12:52:43+00:00,2026-08-04T12:52:45+00:00,17.730532,18.230532
H2-v1-SHARP-M3,H2-v1,1595178,0xb7cbbb1ae06d551cc95a17840350dda741d6f88aa5005d1a5a4e49f5de800980,mlb-min-kc-2026-08-04,Kansas City Royals,Minnesota Twins,9,2026-08-04T23:41:00+00:00,439,2026-08-04T18:00:01.992379+00:00,20458.007621,4,3,true,0.4236453201970444,0.425061425061425,0.42643391521197016,0.425061425061425,2,1,1,2026-08-04T17:59:46+00:00,2026-08-04T17:59:58+00:00,9.992379,15.992379
H2-v1-SHARP-M3,H2-v1,1595178,0xb7cbbb1ae06d551cc95a17840350dda741d6f88aa5005d1a5a4e49f5de800980,mlb-min-kc-2026-08-04,Kansas City Royals,Minnesota Twins,9,2026-08-04T23:41:00+00:00,443,2026-08-04T18:45:02.244229+00:00,17757.755771,4,3,true,0.4236453201970444,0.4236453201970444,0.42643391521197016,0.4236453201970444,2,1,1,2026-08-04T18:44:44+00:00,2026-08-04T18:44:55+00:00,13.244229,18.244229
H2-v1-SHARP-M3,H2-v1,1595178,0xb7cbbb1ae06d551cc95a17840350dda741d6f88aa5005d1a5a4e49f5de800980,mlb-min-kc-2026-08-04,Kansas City Royals,Minnesota Twins,9,2026-08-04T23:41:00+00:00,445,2026-08-04T19:00:02.432024+00:00,16857.567976,4,3,true,0.4236453201970444,0.4236453201970444,0.42643391521197016,0.4236453201970444,2,1,1,2026-08-04T18:59:44+00:00,2026-08-04T18:59:59+00:00,17.432024,18.432024
H2-v1-SHARP-M3,H2-v1,1595178,0xb7cbbb1ae06d551cc95a17840350dda741d6f88aa5005d1a5a4e49f5de800980,mlb-min-kc-2026-08-04,Kansas City Royals,Minnesota Twins,9,2026-08-04T23:41:00+00:00,449,2026-08-04T19:45:01.941108+00:00,14158.058892,4,3,true,0.425061425061425,0.425061425061425,0.4235588972431078,0.425061425061425,2,1,1,2026-08-04T19:44:52+00:00,2026-08-04T19:44:54+00:00,8.441108,9.941108
H2-v1-SHARP-M3,H2-v1,1595178,0xb7cbbb1ae06d551cc95a17840350dda741d6f88aa5005d1a5a4e49f5de800980,mlb-min-kc-2026-08-04,Kansas City Royals,Minnesota Twins,9,2026-08-04T23:41:00+00:00,451,2026-08-04T20:00:02.387362+00:00,13257.612638,4,3,true,0.425061425061425,0.425061425061425,0.4235588972431078,0.425061425061425,2,1,1,2026-08-04T19:59:40+00:00,2026-08-04T19:59:50+00:00,13.387362,22.387362
H2-v1-SHARP-M3,H2-v1,1595178,0xb7cbbb1ae06d551cc95a17840350dda741d6f88aa5005d1a5a4e49f5de800980,mlb-min-kc-2026-08-04,Kansas City Royals,Minnesota Twins,9,2026-08-04T23:41:00+00:00,455,2026-08-04T20:45:02.503656+00:00,10557.496344,4,3,true,0.425061425061425,0.425061425061425,0.4235588972431078,0.425061425061425,2,1,1,2026-08-04T20:44:45+00:00,2026-08-04T20:44:55+00:00,9.003656,17.503656
H2-v1-SHARP-M3,H2-v1,1595178,0xb7cbbb1ae06d551cc95a17840350dda741d6f88aa5005d1a5a4e49f5de800980,mlb-min-kc-2026-08-04,Kansas City Royals,Minnesota Twins,9,2026-08-04T23:41:00+00:00,457,2026-08-04T21:00:02.179226+00:00,9657.820774,4,3,true,0.425061425061425,0.425061425061425,0.4235588972431078,0.425061425061425,2,1,1,2026-08-04T20:59:48+00:00,2026-08-04T20:59:56+00:00,7.179226,14.179226
H2-v1-SHARP-M3,H2-v1,1595178,0xb7cbbb1ae06d551cc95a17840350dda741d6f88aa5005d1a5a4e49f5de800980,mlb-min-kc-2026-08-04,Kansas City Royals,Minnesota Twins,9,2026-08-04T23:41:00+00:00,461,2026-08-04T21:45:01.964130+00:00,6958.03587,4,3,true,0.425061425061425,0.4229828850855746,0.42643391521197016,0.425061425061425,2,1,1,2026-08-04T21:44:54+00:00,2026-08-04T21:44:58+00:00,6.46413,7.96413
H2-v1-SHARP-M3,H2-v1,1595178,0xb7cbbb1ae06d551cc95a17840350dda741d6f88aa5005d1a5a4e49f5de800980,mlb-min-kc-2026-08-04,Kansas City Royals,Minnesota Twins,9,2026-08-04T23:41:00+00:00,463,2026-08-04T22:00:02.809990+00:00,6057.19001,4,3,true,0.425061425061425,0.425061425061425,0.42643391521197016,0.425061425061425,2,1,1,2026-08-04T21:59:50+00:00,2026-08-04T22:00:01+00:00,6.80999,12.80999
H2-v1-SHARP-M3,H2-v1,1595178,0xb7cbbb1ae06d551cc95a17840350dda741d6f88aa5005d1a5a4e49f5de800980,mlb-min-kc-2026-08-04,Kansas City Royals,Minnesota Twins,9,2026-08-04T23:41:00+00:00,467,2026-08-04T22:45:01.709640+00:00,3358.29036,4,3,true,0.425061425061425,0.425061425061425,0.42643391521197016,0.425061425061425,2,1,1,2026-08-04T22:44:50+00:00,2026-08-04T22:45:01+00:00,10.20964,11.70964
H2-v1-SHARP-M3,H2-v1,1595178,0xb7cbbb1ae06d551cc95a17840350dda741d6f88aa5005d1a5a4e49f5de800980,mlb-min-kc-2026-08-04,Kansas City Royals,Minnesota Twins,9,2026-08-04T23:41:00+00:00,469,2026-08-04T23:00:02.055369+00:00,2457.944631,4,3,true,0.425061425061425,0.4222222222222223,0.42643391521197016,0.425061425061425,2,1,1,2026-08-04T22:59:48+00:00,2026-08-04T22:59:59+00:00,4.055369,14.055369
H2-v1-SHARP-M3,H2-v1,1615001,0x7e80d3794e50e7fb8626efb9a7826fd6deedd621f48e609a04f453235d6b7e60,mlb-det-sea-2026-08-05,Seattle Mariners,Detroit Tigers,15,2026-08-05T01:41:00+00:00,417,2026-08-04T12:53:01.230532+00:00,46078.769468,4,3,true,0.5614035087719298,0.56,0.5620253164556962,0.5614035087719298,2,1,1,2026-08-04T12:52:43+00:00,2026-08-04T12:52:45+00:00,17.730532,18.230532
H2-v1-SHARP-M3,H2-v1,1615001,0x7e80d3794e50e7fb8626efb9a7826fd6deedd621f48e609a04f453235d6b7e60,mlb-det-sea-2026-08-05,Seattle Mariners,Detroit Tigers,15,2026-08-05T01:41:00+00:00,439,2026-08-04T18:00:01.992379+00:00,27658.007621,4,3,true,0.53,0.53,0.5292620865139949,0.53,2,1,1,2026-08-04T17:59:46+00:00,2026-08-04T17:59:58+00:00,9.992379,15.992379
H2-v1-SHARP-M3,H2-v1,1615001,0x7e80d3794e50e7fb8626efb9a7826fd6deedd621f48e609a04f453235d6b7e60,mlb-det-sea-2026-08-05,Seattle Mariners,Detroit Tigers,15,2026-08-05T01:41:00+00:00,443,2026-08-04T18:45:02.244229+00:00,24957.755771,4,3,true,0.525,0.525,0.5292620865139949,0.525,2,1,1,2026-08-04T18:44:44+00:00,2026-08-04T18:44:55+00:00,13.244229,18.244229
H2-v1-SHARP-M3,H2-v1,1615001,0x7e80d3794e50e7fb8626efb9a7826fd6deedd621f48e609a04f453235d6b7e60,mlb-det-sea-2026-08-05,Seattle Mariners,Detroit Tigers,15,2026-08-05T01:41:00+00:00,445,2026-08-04T19:00:02.432024+00:00,24057.567976,4,3,true,0.525,0.525,0.5292620865139949,0.525,2,1,1,2026-08-04T18:59:44+00:00,2026-08-04T18:59:59+00:00,17.432024,18.432024
H2-v1-SHARP-M3,H2-v1,1615001,0x7e80d3794e50e7fb8626efb9a7826fd6deedd621f48e609a04f453235d6b7e60,mlb-det-sea-2026-08-05,Seattle Mariners,Detroit Tigers,15,2026-08-05T01:41:00+00:00,449,2026-08-04T19:45:01.941108+00:00,21358.058892,4,3,true,0.5263157894736843,0.5289672544080604,0.5292620865139949,0.5289672544080604,2,1,1,2026-08-04T19:44:52+00:00,2026-08-04T19:44:54+00:00,8.441108,9.941108
H2-v1-SHARP-M3,H2-v1,1615001,0x7e80d3794e50e7fb8626efb9a7826fd6deedd621f48e609a04f453235d6b7e60,mlb-det-sea-2026-08-05,Seattle Mariners,Detroit Tigers,15,2026-08-05T01:41:00+00:00,451,2026-08-04T20:00:02.387362+00:00,20457.612638,4,3,true,0.5263157894736843,0.5289672544080604,0.5292620865139949,0.5289672544080604,2,1,1,2026-08-04T19:59:40+00:00,2026-08-04T19:59:50+00:00,13.387362,22.387362
H2-v1-SHARP-M3,H2-v1,1615001,0x7e80d3794e50e7fb8626efb9a7826fd6deedd621f48e609a04f453235d6b7e60,mlb-det-sea-2026-08-05,Seattle Mariners,Detroit Tigers,15,2026-08-05T01:41:00+00:00,455,2026-08-04T20:45:02.503656+00:00,17757.496344,4,3,true,0.5276381909547738,0.5276381909547738,0.5292620865139949,0.5276381909547738,2,1,1,2026-08-04T20:44:45+00:00,2026-08-04T20:44:55+00:00,9.003656,17.503656
H2-v1-SHARP-M3,H2-v1,1615001,0x7e80d3794e50e7fb8626efb9a7826fd6deedd621f48e609a04f453235d6b7e60,mlb-det-sea-2026-08-05,Seattle Mariners,Detroit Tigers,15,2026-08-05T01:41:00+00:00,457,2026-08-04T21:00:02.179226+00:00,16857.820774,4,3,true,0.5276381909547738,0.5276381909547738,0.5292620865139949,0.5276381909547738,2,1,1,2026-08-04T20:59:48+00:00,2026-08-04T20:59:56+00:00,7.179226,14.179226
H2-v1-SHARP-M3,H2-v1,1615001,0x7e80d3794e50e7fb8626efb9a7826fd6deedd621f48e609a04f453235d6b7e60,mlb-det-sea-2026-08-05,Seattle Mariners,Detroit Tigers,15,2026-08-05T01:41:00+00:00,461,2026-08-04T21:45:01.964130+00:00,14158.03587,4,3,true,0.5363408521303258,0.5349999999999999,0.539440203562341,0.5363408521303258,2,1,1,2026-08-04T21:44:54+00:00,2026-08-04T21:44:58+00:00,6.46413,7.96413
H2-v1-SHARP-M3,H2-v1,1615001,0x7e80d3794e50e7fb8626efb9a7826fd6deedd621f48e609a04f453235d6b7e60,mlb-det-sea-2026-08-05,Seattle Mariners,Detroit Tigers,15,2026-08-05T01:41:00+00:00,463,2026-08-04T22:00:02.809990+00:00,13257.19001,4,3,true,0.53499084369277305,0.531328320802005,0.5282051282051282,0.531328320802005,2,1,1,2026-08-04T21:59:50+00:00,2026-08-04T22:00:01+00:00,6.80999,12.80999
H2-v1-SHARP-M3,H2-v1,1615001,0x7e80d3794e50e7fb8626efb9a7826fd6deedd621f48e609a04f453235d6b7e60,mlb-det-sea-2026-08-05,Seattle Mariners,Detroit Tigers,15,2026-08-05T01:41:00+00:00,467,2026-08-04T22:45:01.709640+00:00,10558.29036,4,3,true,0.5349999999999999,0.5349999999999999,0.5316455696202531,0.5349999999999999,2,1,1,2026-08-04T22:44:50+00:00,2026-08-04T22:45:01+00:00,10.20964,11.70964
H2-v1-SHARP-M3,H2-v1,1615001,0x7e80d3794e50e7fb8626efb9a7826fd6deedd621f48e609a04f453235d6b7e60,mlb-det-sea-2026-08-05,Seattle Mariners,Detroit Tigers,15,2026-08-05T01:41:00+00:00,469,2026-08-04T23:00:02.055369+00:00,9657.944631,4,3,true,0.531328320802005,0.531328320802005,0.5316455696202531,0.531328320802005,2,1,1,2026-08-04T22:59:48+00:00,2026-08-04T22:59:59+00:00,4.055369,14.055369
H2-v1-SHARP-M3,H2-v1,1614998,0x76daa37c1941c4bd4c5906e3471f879f662bf5da5f40a29ee0bb33322b9a2dcc,mlb-sd-ari-2026-08-05,Arizona Diamondbacks,San Diego Padres,14,2026-08-05T01:41:00+00:00,417,2026-08-04T12:53:01.230532+00:00,46078.769468,4,3,true,0.5477386934673367,0.5477386934673367,0.5491183879093199,0.5477386934673367,2,1,1,2026-08-04T12:52:43+00:00,2026-08-04T12:52:45+00:00,17.730532,18.230532
H2-v1-SHARP-M3,H2-v1,1614998,0x76daa37c1941c4bd4c5906e3471f879f662bf5da5f40a29ee0bb33322b9a2dcc,mlb-sd-ari-2026-08-05,Arizona Diamondbacks,San Diego Padres,14,2026-08-05T01:41:00+00:00,439,2026-08-04T18:00:01.992379+00:00,27658.007621,4,3,true,0.5239294710327457,0.5263157894736843,0.5204081632653061,0.5239294710327457,2,1,1,2026-08-04T17:59:46+00:00,2026-08-04T17:59:58+00:00,9.992379,15.992379
H2-v1-SHARP-M3,H2-v1,1614998,0x76daa37c1941c4bd4c5906e3471f879f662bf5da5f40a29ee0bb33322b9a2dcc,mlb-sd-ari-2026-08-05,Arizona Diamondbacks,San Diego Padres,14,2026-08-05T01:41:00+00:00,443,2026-08-04T18:45:02.244229+00:00,24957.755771,4,3,true,0.5263157894736843,0.5263157894736843,0.5241730279898218,0.5263157894736843,2,1,1,2026-08-04T18:44:44+00:00,2026-08-04T18:44:55+00:00,13.244229,18.244229
H2-v1-SHARP-M3,H2-v1,1614998,0x76daa37c1941c4bd4c5906e3471f879f662bf5da5f40a29ee0bb33322b9a2dcc,mlb-sd-ari-2026-08-05,Arizona Diamondbacks,San Diego Padres,14,2026-08-05T01:41:00+00:00,445,2026-08-04T19:00:02.432024+00:00,24057.567976,4,3,true,0.5263157894736843,0.5263157894736843,0.5228426395939086,0.5263157894736843,2,1,1,2026-08-04T18:59:44+00:00,2026-08-04T18:59:59+00:00,17.432024,18.432024
H2-v1-SHARP-M3,H2-v1,1614998,0x76daa37c1941c4bd4c5906e3471f879f662bf5da5f40a29ee0bb33322b9a2dcc,mlb-sd-ari-2026-08-05,Arizona Diamondbacks,San Diego Padres,14,2026-08-05T01:41:00+00:00,449,2026-08-04T19:45:01.941108+00:00,21358.058892,4,3,true,0.5263157894736843,0.5263157894736843,0.5241730279898218,0.5263157894736843,2,1,1,2026-08-04T19:44:52+00:00,2026-08-04T19:44:54+00:00,8.441108,9.941108
H2-v1-SHARP-M3,H2-v1,1614998,0x76daa37c1941c4bd4c5906e3471f879f662bf5da5f40a29ee0bb33322b9a2dcc,mlb-sd-ari-2026-08-05,Arizona Diamondbacks,San Diego Padres,14,2026-08-05T01:41:00+00:00,451,2026-08-04T20:00:02.387362+00:00,20457.612638,4,3,true,0.5263157894736843,0.5263157894736843,0.5241730279898218,0.5263157894736843,2,1,1,2026-08-04T19:59:40+00:00,2026-08-04T19:59:50+00:00,13.387362,22.387362
H2-v1-SHARP-M3,H2-v1,1614998,0x76daa37c1941c4bd4c5906e3471f879f662bf5da5f40a29ee0bb33322b9a2dcc,mlb-sd-ari-2026-08-05,Arizona Diamondbacks,San Diego Padres,14,2026-08-05T01:41:00+00:00,455,2026-08-04T20:45:02.503656+00:00,17757.496344,4,3,true,0.525,0.525,0.5204081632653061,0.525,2,1,1,2026-08-04T20:44:45+00:00,2026-08-04T20:44:55+00:00,9.003656,17.503656
H2-v1-SHARP-M3,H2-v1,1614998,0x76daa37c1941c4bd4c5906e3471f879f662bf5da5f40a29ee0bb33322b9a2dcc,mlb-sd-ari-2026-08-05,Arizona Diamondbacks,San Diego Padres,14,2026-08-05T01:41:00+00:00,457,2026-08-04T21:00:02.179226+00:00,16857.820774,4,3,true,0.525,0.525,0.5204081632653061,0.525,2,1,1,2026-08-04T20:59:48+00:00,2026-08-04T20:59:56+00:00,7.179226,14.179226
H2-v1-SHARP-M3,H2-v1,1614998,0x76daa37c1941c4bd4c5906e3471f879f662bf5da5f40a29ee0bb33322b9a2dcc,mlb-sd-ari-2026-08-05,Arizona Diamondbacks,San Diego Padres,14,2026-08-05T01:41:00+00:00,461,2026-08-04T21:45:01.964130+00:00,14158.03587,4,3,true,0.5175879396984925,0.5162907268170427,0.5166240409207161,0.5166240409207161,2,1,1,2026-08-04T21:44:54+00:00,2026-08-04T21:44:58+00:00,6.46413,7.96413
H2-v1-SHARP-M3,H2-v1,1614998,0x76daa37c1941c4bd4c5906e3471f879f662bf5da5f40a29ee0bb33322b9a2dcc,mlb-sd-ari-2026-08-05,Arizona Diamondbacks,San Diego Padres,14,2026-08-05T01:41:00+00:00,463,2026-08-04T22:00:02.809990+00:00,13257.19001,4,3,true,0.5226130653266332,0.5213032581453634,0.5190839694656489,0.5213032581453634,2,1,1,2026-08-04T21:59:50+00:00,2026-08-04T22:00:01+00:00,6.80999,12.80999
H2-v1-SHARP-M3,H2-v1,1614998,0x76daa37c1941c4bd4c5906e3471f879f662bf5da5f40a29ee0bb33322b9a2dcc,mlb-sd-ari-2026-08-05,Arizona Diamondbacks,San Diego Padres,14,2026-08-05T01:41:00+00:00,467,2026-08-04T22:45:01.709640+00:00,10558.29036,4,3,true,0.5226130653266332,0.5226130653266332,0.5228426395939086,0.5226130653266332,2,1,1,2026-08-04T22:44:50+00:00,2026-08-04T22:45:01+00:00,10.20964,11.70964
H2-v1-SHARP-M3,H2-v1,1614998,0x76daa37c1941c4bd4c5906e3471f879f662bf5da5f40a29ee0bb33322b9a2dcc,mlb-sd-ari-2026-08-05,Arizona Diamondbacks,San Diego Padres,14,2026-08-05T01:41:00+00:00,469,2026-08-04T23:00:02.055369+00:00,9657.944631,4,3,true,0.5239294710327457,0.5263157894736843,0.5241730279898218,0.5241730279898218,2,1,1,2026-08-04T22:59:48+00:00,2026-08-04T22:59:59+00:00,4.055369,14.055369
H2-v1-SHARP-M3,H2-v1,1614971,0x83175ebfdbce08270cc11b4f741f364f158ba707af2d1d46ed44657f0e60befd,mlb-tor-hou-2026-08-05,Houston Astros,Toronto Blue Jays,46,2026-08-05T18:10:03+00:00,443,2026-08-04T18:45:02.244229+00:00,84300.755771,1,1,false,,,0.49175824175824173,0.49175824175824173,0,0,1,2026-08-04T18:44:44+00:00,2026-08-04T18:44:44+00:00,18.244229,18.244229
H2-v1-SHARP-M3,H2-v1,1614971,0x83175ebfdbce08270cc11b4f741f364f158ba707af2d1d46ed44657f0e60befd,mlb-tor-hou-2026-08-05,Houston Astros,Toronto Blue Jays,46,2026-08-05T18:10:03+00:00,445,2026-08-04T19:00:02.432024+00:00,83400.567976,1,1,false,,,0.49175824175824173,0.49175824175824173,0,0,1,2026-08-04T18:59:59+00:00,2026-08-04T18:59:59+00:00,3.432024,3.432024
H2-v1-SHARP-M3,H2-v1,1614971,0x83175ebfdbce08270cc11b4f741f364f158ba707af2d1d46ed44657f0e60befd,mlb-tor-hou-2026-08-05,Houston Astros,Toronto Blue Jays,46,2026-08-05T18:10:03+00:00,449,2026-08-04T19:45:01.941108+00:00,80701.058892,1,1,false,,,0.49175824175824173,0.49175824175824173,0,0,1,2026-08-04T19:44:52+00:00,2026-08-04T19:44:52+00:00,9.941108,9.941108
H2-v1-SHARP-M3,H2-v1,1614971,0x83175ebfdbce08270cc11b4f741f364f158ba707af2d1d46ed44657f0e60befd,mlb-tor-hou-2026-08-05,Houston Astros,Toronto Blue Jays,46,2026-08-05T18:10:03+00:00,451,2026-08-04T20:00:02.387362+00:00,79800.612638,1,1,false,,,0.49175824175824173,0.49175824175824173,0,0,1,2026-08-04T19:59:40+00:00,2026-08-04T19:59:40+00:00,22.387362,22.387362
H2-v1-SHARP-M3,H2-v1,1614971,0x83175ebfdbce08270cc11b4f741f364f158ba707af2d1d46ed44657f0e60befd,mlb-tor-hou-2026-08-05,Houston Astros,Toronto Blue Jays,46,2026-08-05T18:10:03+00:00,455,2026-08-04T20:45:02.503656+00:00,77100.496344,2,2,true,,0.5224719101123595,0.5054945054945055,0.5139832078034325,0,1,1,2026-08-04T20:44:45+00:00,2026-08-04T20:44:53+00:00,13.503656,17.503656
H2-v1-SHARP-M3,H2-v1,1614971,0x83175ebfdbce08270cc11b4f741f364f158ba707af2d1d46ed44657f0e60befd,mlb-tor-hou-2026-08-05,Houston Astros,Toronto Blue Jays,46,2026-08-05T18:10:03+00:00,457,2026-08-04T21:00:02.179226+00:00,76200.820774,2,2,true,,0.5224719101123595,0.5054945054945055,0.5139832078034325,0,1,1,2026-08-04T20:59:48+00:00,2026-08-04T20:59:55+00:00,10.679226,14.179226
H2-v1-SHARP-M3,H2-v1,1614971,0x83175ebfdbce08270cc11b4f741f364f158ba707af2d1d46ed44657f0e60befd,mlb-tor-hou-2026-08-05,Houston Astros,Toronto Blue Jays,46,2026-08-05T18:10:03+00:00,461,2026-08-04T21:45:01.964130+00:00,73501.03587,2,2,true,,0.5166666666666667,0.5054945054945055,0.5110805860805861,0,1,1,2026-08-04T21:44:54+00:00,2026-08-04T21:44:56+00:00,6.96413,7.96413
H2-v1-SHARP-M3,H2-v1,1614971,0x83175ebfdbce08270cc11b4f741f364f158ba707af2d1d46ed44657f0e60befd,mlb-tor-hou-2026-08-05,Houston Astros,Toronto Blue Jays,46,2026-08-05T18:10:03+00:00,463,2026-08-04T22:00:02.809990+00:00,72600.19001,2,2,true,,0.5166666666666667,0.5054945054945055,0.5110805860805861,0,1,1,2026-08-04T21:59:50+00:00,2026-08-04T21:59:52+00:00,11.80999,12.80999
H2-v1-SHARP-M3,H2-v1,1614971,0x83175ebfdbce08270cc11b4f741f364f158ba707af2d1d46ed44657f0e60befd,mlb-tor-hou-2026-08-05,Houston Astros,Toronto Blue Jays,46,2026-08-05T18:10:03+00:00,467,2026-08-04T22:45:01.709640+00:00,69901.29036,1,1,false,,,0.5422343324250681,0.5422343324250681,0,0,1,2026-08-04T22:44:50+00:00,2026-08-04T22:44:50+00:00,11.70964,11.70964
H2-v1-SHARP-M3,H2-v1,1614971,0x83175ebfdbce08270cc11b4f741f364f158ba707af2d1d46ed44657f0e60befd,mlb-tor-hou-2026-08-05,Houston Astros,Toronto Blue Jays,46,2026-08-05T18:10:03+00:00,469,2026-08-04T23:00:02.055369+00:00,69000.944631,2,2,true,,0.5595567867036012,0.5504087193460491,0.55498275302482515,0,1,1,2026-08-04T22:59:58+00:00,2026-08-04T22:59:58+00:00,4.055369,4.055369
H2-v1-SHARP-M3,H2-v1,1614971,0x83175ebfdbce08270cc11b4f741f364f158ba707af2d1d46ed44657f0e60befd,mlb-tor-hou-2026-08-05,Houston Astros,Toronto Blue Jays,46,2026-08-05T18:10:03+00:00,502,2026-08-05T04:45:01.917302+00:00,48301.082698,2,2,true,,0.6112469437652811,0.5974025974025974,0.60432477058393925,0,1,1,2026-08-05T04:44:38+00:00,2026-08-05T04:44:58+00:00,13.917302,23.917302
H2-v1-SHARP-M3,H2-v1,1614971,0x83175ebfdbce08270cc11b4f741f364f158ba707af2d1d46ed44657f0e60befd,mlb-tor-hou-2026-08-05,Houston Astros,Toronto Blue Jays,46,2026-08-05T18:10:03+00:00,556,2026-08-05T18:00:13.551283+00:00,589.448717,4,3,true,0.6732891832229579,0.6732891832229579,0.6726457399103138,0.6732891832229579,2,1,1,2026-08-05T17:59:51+00:00,2026-08-05T18:00:11+00:00,11.051283,22.551283
H2-v1-SHARP-M3,H2-v1,1614975,0xb3ffa74d46d4f6329a448d7bd7cfe55cc6e1c1f55b828c8bed6b02f13195d114,mlb-lad-chc-2026-08-05,Chicago Cubs,Los Angeles Dodgers,95,2026-08-05T18:21:00+00:00,449,2026-08-04T19:45:01.941108+00:00,81358.058892,1,1,false,,,0.5315068493150684,0.5315068493150684,0,0,1,2026-08-04T19:44:52+00:00,2026-08-04T19:44:52+00:00,9.941108,9.941108
H2-v1-SHARP-M3,H2-v1,1614975,0xb3ffa74d46d4f6329a448d7bd7cfe55cc6e1c1f55b828c8bed6b02f13195d114,mlb-lad-chc-2026-08-05,Chicago Cubs,Los Angeles Dodgers,95,2026-08-05T18:21:00+00:00,451,2026-08-04T20:00:02.387362+00:00,80457.612638,1,1,false,,,0.5315068493150684,0.5315068493150684,0,0,1,2026-08-04T19:59:40+00:00,2026-08-04T19:59:40+00:00,22.387362,22.387362
H2-v1-SHARP-M3,H2-v1,1614975,0xb3ffa74d46d4f6329a448d7bd7cfe55cc6e1c1f55b828c8bed6b02f13195d114,mlb-lad-chc-2026-08-05,Chicago Cubs,Los Angeles Dodgers,95,2026-08-05T18:21:00+00:00,455,2026-08-04T20:45:02.503656+00:00,77757.496344,1,1,false,,,0.5315068493150684,0.5315068493150684,0,0,1,2026-08-04T20:44:45+00:00,2026-08-04T20:44:45+00:00,17.503656,17.503656
H2-v1-SHARP-M3,H2-v1,1614975,0xb3ffa74d46d4f6329a448d7bd7cfe55cc6e1c1f55b828c8bed6b02f13195d114,mlb-lad-chc-2026-08-05,Chicago Cubs,Los Angeles Dodgers,95,2026-08-05T18:21:00+00:00,457,2026-08-04T21:00:02.179226+00:00,76857.820774,1,1,false,,,0.5315068493150684,0.5315068493150684,0,0,1,2026-08-04T20:59:48+00:00,2026-08-04T20:59:48+00:00,14.179226,14.179226
H2-v1-SHARP-M3,H2-v1,1614975,0xb3ffa74d46d4f6329a448d7bd7cfe55cc6e1c1f55b828c8bed6b02f13195d114,mlb-lad-chc-2026-08-05,Chicago Cubs,Los Angeles Dodgers,95,2026-08-05T18:21:00+00:00,461,2026-08-04T21:45:01.964130+00:00,74158.03587,2,2,true,,0.5254237288135593,0.5315068493150684,0.52846528906431385,0,1,1,2026-08-04T21:44:54+00:00,2026-08-04T21:44:56+00:00,6.96413,7.96413
H2-v1-SHARP-M3,H2-v1,1614975,0xb3ffa74d46d4f6329a448d7bd7cfe55cc6e1c1f55b828c8bed6b02f13195d114,mlb-lad-chc-2026-08-05,Chicago Cubs,Los Angeles Dodgers,95,2026-08-05T18:21:00+00:00,463,2026-08-04T22:00:02.809990+00:00,73257.19001,2,2,true,,0.5254237288135593,0.5315068493150684,0.52846528906431385,0,1,1,2026-08-04T21:59:50+00:00,2026-08-04T21:59:52+00:00,11.80999,12.80999
H2-v1-SHARP-M3,H2-v1,1614975,0xb3ffa74d46d4f6329a448d7bd7cfe55cc6e1c1f55b828c8bed6b02f13195d114,mlb-lad-chc-2026-08-05,Chicago Cubs,Los Angeles Dodgers,95,2026-08-05T18:21:00+00:00,467,2026-08-04T22:45:01.709640+00:00,70558.29036,2,2,true,,0.5239436619718311,0.5315068493150684,0.52772525564344975,0,1,1,2026-08-04T22:44:50+00:00,2026-08-04T22:44:51+00:00,11.20964,11.70964
H2-v1-SHARP-M3,H2-v1,1614975,0xb3ffa74d46d4f6329a448d7bd7cfe55cc6e1c1f55b828c8bed6b02f13195d114,mlb-lad-chc-2026-08-05,Chicago Cubs,Los Angeles Dodgers,95,2026-08-05T18:21:00+00:00,469,2026-08-04T23:00:02.055369+00:00,69657.944631,2,2,true,,0.5239436619718311,0.5315068493150684,0.52772525564344975,0,1,1,2026-08-04T22:59:58+00:00,2026-08-04T22:59:58+00:00,4.055369,4.055369
H2-v1-SHARP-M3,H2-v1,1614975,0xb3ffa74d46d4f6329a448d7bd7cfe55cc6e1c1f55b828c8bed6b02f13195d114,mlb-lad-chc-2026-08-05,Chicago Cubs,Los Angeles Dodgers,95,2026-08-05T18:21:00+00:00,502,2026-08-05T04:45:01.917302+00:00,48958.082698,2,2,true,,0.5309278350515463,0.5287671232876712,0.52984747916960875,0,1,1,2026-08-05T04:44:38+00:00,2026-08-05T04:44:58+00:00,13.917302,23.917302
H2-v1-SHARP-M3,H2-v1,1614975,0xb3ffa74d46d4f6329a448d7bd7cfe55cc6e1c1f55b828c8bed6b02f13195d114,mlb-lad-chc-2026-08-05,Chicago Cubs,Los Angeles Dodgers,95,2026-08-05T18:21:00+00:00,556,2026-08-05T18:00:13.551283+00:00,1246.448717,4,3,true,0.525,0.525,0.5204081632653061,0.525,2,1,1,2026-08-05T17:59:51+00:00,2026-08-05T18:00:11+00:00,11.051283,22.551283
H2-v1-SHARP-M3,H2-v1,1614979,0xbdc3c22670dd289f732ffccc83cb0cc1036b2389bbd76cb378bae46db03e1ed8,mlb-sf-tex-2026-08-05,Texas Rangers,San Francisco Giants,175,2026-08-05T18:36:00+00:00,461,2026-08-04T21:45:01.964130+00:00,75058.03587,1,1,false,,,0.6181818181818182,0.6181818181818182,0,0,1,2026-08-04T21:44:56+00:00,2026-08-04T21:44:56+00:00,5.96413,5.96413
H2-v1-SHARP-M3,H2-v1,1614979,0xbdc3c22670dd289f732ffccc83cb0cc1036b2389bbd76cb378bae46db03e1ed8,mlb-sf-tex-2026-08-05,Texas Rangers,San Francisco Giants,175,2026-08-05T18:36:00+00:00,463,2026-08-04T22:00:02.809990+00:00,74157.19001,1,1,false,,,0.6181818181818182,0.6181818181818182,0,0,1,2026-08-04T21:59:52+00:00,2026-08-04T21:59:52+00:00,10.80999,10.80999
H2-v1-SHARP-M3,H2-v1,1614979,0xbdc3c22670dd289f732ffccc83cb0cc1036b2389bbd76cb378bae46db03e1ed8,mlb-sf-tex-2026-08-05,Texas Rangers,San Francisco Giants,175,2026-08-05T18:36:00+00:00,467,2026-08-04T22:45:01.709640+00:00,71458.29036,2,2,true,,0.6162162162162163,0.6181818181818182,0.61719901719901725,0,1,1,2026-08-04T22:44:50+00:00,2026-08-04T22:44:51+00:00,11.20964,11.70964
H2-v1-SHARP-M3,H2-v1,1614979,0xbdc3c22670dd289f732ffccc83cb0cc1036b2389bbd76cb378bae46db03e1ed8,mlb-sf-tex-2026-08-05,Texas Rangers,San Francisco Giants,175,2026-08-05T18:36:00+00:00,469,2026-08-04T23:00:02.055369+00:00,70557.944631,2,2,true,,0.6162162162162163,0.6181818181818182,0.61719901719901725,0,1,1,2026-08-04T22:59:58+00:00,2026-08-04T22:59:58+00:00,4.055369,4.055369
H2-v1-SHARP-M3,H2-v1,1614979,0xbdc3c22670dd289f732ffccc83cb0cc1036b2389bbd76cb378bae46db03e1ed8,mlb-sf-tex-2026-08-05,Texas Rangers,San Francisco Giants,175,2026-08-05T18:36:00+00:00,502,2026-08-05T04:45:01.917302+00:00,49858.082698,2,2,true,,0.625916870415648,0.6093749999999999,0.61764593520782395,0,1,1,2026-08-05T04:44:38+00:00,2026-08-05T04:44:58+00:00,13.917302,23.917302
H2-v1-SHARP-M3,H2-v1,1614979,0xbdc3c22670dd289f732ffccc83cb0cc1036b2389bbd76cb378bae46db03e1ed8,mlb-sf-tex-2026-08-05,Texas Rangers,San Francisco Giants,175,2026-08-05T18:36:00+00:00,556,2026-08-05T18:00:13.551283+00:00,2146.448717,4,3,true,0.5922330097087379,0.5922330097087379,0.5911330049261084,0.5922330097087379,2,1,1,2026-08-05T17:59:51+00:00,2026-08-05T18:00:11+00:00,11.051283,22.551283
H2-v1-SHARP-M3,H2-v1,1614976,0x34aae0d3ca8f99d1ecee2e60f748f6e39a9447040bcd7db0ef2dbdfa5f9309f6,mlb-tb-col-2026-08-05,Colorado Rockies,Tampa Bay Rays,47,2026-08-05T19:11:00+00:00,443,2026-08-04T18:45:02.244229+00:00,87957.755771,1,1,false,,,0.424731182795699,0.424731182795699,0,0,1,2026-08-04T18:44:44+00:00,2026-08-04T18:44:44+00:00,18.244229,18.244229
H2-v1-SHARP-M3,H2-v1,1614976,0x34aae0d3ca8f99d1ecee2e60f748f6e39a9447040bcd7db0ef2dbdfa5f9309f6,mlb-tb-col-2026-08-05,Colorado Rockies,Tampa Bay Rays,47,2026-08-05T19:11:00+00:00,445,2026-08-04T19:00:02.432024+00:00,87057.567976,1,1,false,,,0.424731182795699,0.424731182795699,0,0,1,2026-08-04T18:59:59+00:00,2026-08-04T18:59:59+00:00,3.432024,3.432024
H2-v1-SHARP-M3,H2-v1,1614976,0x34aae0d3ca8f99d1ecee2e60f748f6e39a9447040bcd7db0ef2dbdfa5f9309f6,mlb-tb-col-2026-08-05,Colorado Rockies,Tampa Bay Rays,47,2026-08-05T19:11:00+00:00,449,2026-08-04T19:45:01.941108+00:00,84358.058892,1,1,false,,,0.424731182795699,0.424731182795699,0,0,1,2026-08-04T19:44:52+00:00,2026-08-04T19:44:52+00:00,9.941108,9.941108
H2-v1-SHARP-M3,H2-v1,1614976,0x34aae0d3ca8f99d1ecee2e60f748f6e39a9447040bcd7db0ef2dbdfa5f9309f6,mlb-tb-col-2026-08-05,Colorado Rockies,Tampa Bay Rays,47,2026-08-05T19:11:00+00:00,451,2026-08-04T20:00:02.387362+00:00,83457.612638,1,1,false,,,0.424731182795699,0.424731182795699,0,0,1,2026-08-04T19:59:40+00:00,2026-08-04T19:59:40+00:00,22.387362,22.387362
H2-v1-SHARP-M3,H2-v1,1614976,0x34aae0d3ca8f99d1ecee2e60f748f6e39a9447040bcd7db0ef2dbdfa5f9309f6,mlb-tb-col-2026-08-05,Colorado Rockies,Tampa Bay Rays,47,2026-08-05T19:11:00+00:00,455,2026-08-04T20:45:02.503656+00:00,80757.496344,1,1,false,,,0.424731182795699,0.424731182795699,0,0,1,2026-08-04T20:44:45+00:00,2026-08-04T20:44:45+00:00,17.503656,17.503656
H2-v1-SHARP-M3,H2-v1,1614976,0x34aae0d3ca8f99d1ecee2e60f748f6e39a9447040bcd7db0ef2dbdfa5f9309f6,mlb-tb-col-2026-08-05,Colorado Rockies,Tampa Bay Rays,47,2026-08-05T19:11:00+00:00,457,2026-08-04T21:00:02.179226+00:00,79857.820774,2,2,true,,0.42005420054200543,0.424731182795699,0.422392691668852215,0,1,1,2026-08-04T20:59:48+00:00,2026-08-04T20:59:55+00:00,10.679226,14.179226
H2-v1-SHARP-M3,H2-v1,1614976,0x34aae0d3ca8f99d1ecee2e60f748f6e39a9447040bcd7db0ef2dbdfa5f9309f6,mlb-tb-col-2026-08-05,Colorado Rockies,Tampa Bay Rays,47,2026-08-05T19:11:00+00:00,461,2026-08-04T21:45:01.964130+00:00,77158.03587,2,2,true,,0.42005420054200543,0.424731182795699,0.422392691668852215,0,1,1,2026-08-04T21:44:54+00:00,2026-08-04T21:44:56+00:00,6.96413,7.96413
H2-v1-SHARP-M3,H2-v1,1614976,0x34aae0d3ca8f99d1ecee2e60f748f6e39a9447040bcd7db0ef2dbdfa5f9309f6,mlb-tb-col-2026-08-05,Colorado Rockies,Tampa Bay Rays,47,2026-08-05T19:11:00+00:00,463,2026-08-04T22:00:02.809990+00:00,76257.19001,2,2,true,,0.42005420054200543,0.424731182795699,0.422392691668852215,0,1,1,2026-08-04T21:59:50+00:00,2026-08-04T21:59:52+00:00,11.80999,12.80999
H2-v1-SHARP-M3,H2-v1,1614976,0x34aae0d3ca8f99d1ecee2e60f748f6e39a9447040bcd7db0ef2dbdfa5f9309f6,mlb-tb-col-2026-08-05,Colorado Rockies,Tampa Bay Rays,47,2026-08-05T19:11:00+00:00,467,2026-08-04T22:45:01.709640+00:00,73558.29036,2,2,true,,0.41689373297002724,0.424731182795699,0.42081245788286312,0,1,1,2026-08-04T22:44:50+00:00,2026-08-04T22:44:51+00:00,11.20964,11.70964
H2-v1-SHARP-M3,H2-v1,1614976,0x34aae0d3ca8f99d1ecee2e60f748f6e39a9447040bcd7db0ef2dbdfa5f9309f6,mlb-tb-col-2026-08-05,Colorado Rockies,Tampa Bay Rays,47,2026-08-05T19:11:00+00:00,469,2026-08-04T23:00:02.055369+00:00,72657.944631,2,2,true,,0.41689373297002724,0.424731182795699,0.42081245788286312,0,1,1,2026-08-04T22:59:58+00:00,2026-08-04T22:59:58+00:00,4.055369,4.055369
H2-v1-SHARP-M3,H2-v1,1614976,0x34aae0d3ca8f99d1ecee2e60f748f6e39a9447040bcd7db0ef2dbdfa5f9309f6,mlb-tb-col-2026-08-05,Colorado Rockies,Tampa Bay Rays,47,2026-08-05T19:11:00+00:00,502,2026-08-05T04:45:01.917302+00:00,51958.082698,2,2,true,,0.4039408866995074,0.41207349081364825,0.408007188756577825,0,1,1,2026-08-05T04:44:38+00:00,2026-08-05T04:44:58+00:00,13.917302,23.917302
H2-v1-SHARP-M3,H2-v1,1614976,0x34aae0d3ca8f99d1ecee2e60f748f6e39a9447040bcd7db0ef2dbdfa5f9309f6,mlb-tb-col-2026-08-05,Colorado Rockies,Tampa Bay Rays,47,2026-08-05T19:11:00+00:00,556,2026-08-05T18:00:13.551283+00:00,4246.448717,4,3,true,0.4077669902912622,0.40632603406326034,0.40942928039702237,0.4077669902912622,2,1,1,2026-08-05T17:59:51+00:00,2026-08-05T18:00:11+00:00,11.051283,22.551283
H2-v1-SHARP-M3,H2-v1,1614976,0x34aae0d3ca8f99d1ecee2e60f748f6e39a9447040bcd7db0ef2dbdfa5f9309f6,mlb-tb-col-2026-08-05,Colorado Rockies,Tampa Bay Rays,47,2026-08-05T19:11:00+00:00,560,2026-08-05T18:45:01.986126+00:00,1558.013874,4,3,true,0.41047415583644887,0.41119221411192214,0.4088669950738916,0.41047415583644887,2,1,1,2026-08-05T18:44:56+00:00,2026-08-05T18:44:58+00:00,4.986126,5.986126
H2-v1-SHARP-M3,H2-v1,1614976,0x34aae0d3ca8f99d1ecee2e60f748f6e39a9447040bcd7db0ef2dbdfa5f9309f6,mlb-tb-col-2026-08-05,Colorado Rockies,Tampa Bay Rays,47,2026-08-05T19:11:00+00:00,562,2026-08-05T19:00:02.356984+00:00,657.643016,4,3,true,0.4132029339853301,0.4132029339853301,0.4088669950738916,0.4132029339853301,2,1,1,2026-08-05T18:59:42+00:00,2026-08-05T18:59:55+00:00,14.856984,20.356984
H2-v1-SHARP-M3,H2-v1,1614981,0x48cd516b8e121227e822eef65706ac231431ccb2695a61bf5528ec653af43f0b,mlb-laa-bal-2026-08-05,Baltimore Orioles,Los Angeles Angels,48,2026-08-05T22:36:00+00:00,443,2026-08-04T18:45:02.244229+00:00,100257.755771,1,1,false,,,0.5504087193460491,0.5504087193460491,0,0,1,2026-08-04T18:44:44+00:00,2026-08-04T18:44:44+00:00,18.244229,18.244229
H2-v1-SHARP-M3,H2-v1,1614981,0x48cd516b8e121227e822eef65706ac231431ccb2695a61bf5528ec653af43f0b,mlb-laa-bal-2026-08-05,Baltimore Orioles,Los Angeles Angels,48,2026-08-05T22:36:00+00:00,445,2026-08-04T19:00:02.432024+00:00,99357.567976,1,1,false,,,0.5504087193460491,0.5504087193460491,0,0,1,2026-08-04T18:59:59+00:00,2026-08-04T18:59:59+00:00,3.432024,3.432024
H2-v1-SHARP-M3,H2-v1,1614981,0x48cd516b8e121227e822eef65706ac231431ccb2695a61bf5528ec653af43f0b,mlb-laa-bal-2026-08-05,Baltimore Orioles,Los Angeles Angels,48,2026-08-05T22:36:00+00:00,449,2026-08-04T19:45:01.941108+00:00,96658.058892,1,1,false,,,0.5504087193460491,0.5504087193460491,0,0,1,2026-08-04T19:44:52+00:00,2026-08-04T19:44:52+00:00,9.941108,9.941108
H2-v1-SHARP-M3,H2-v1,1614981,0x48cd516b8e121227e822eef65706ac231431ccb2695a61bf5528ec653af43f0b,mlb-laa-bal-2026-08-05,Baltimore Orioles,Los Angeles Angels,48,2026-08-05T22:36:00+00:00,451,2026-08-04T20:00:02.387362+00:00,95757.612638,1,1,false,,,0.5504087193460491,0.5504087193460491,0,0,1,2026-08-04T19:59:40+00:00,2026-08-04T19:59:40+00:00,22.387362,22.387362
H2-v1-SHARP-M3,H2-v1,1614981,0x48cd516b8e121227e822eef65706ac231431ccb2695a61bf5528ec653af43f0b,mlb-laa-bal-2026-08-05,Baltimore Orioles,Los Angeles Angels,48,2026-08-05T22:36:00+00:00,455,2026-08-04T20:45:02.503656+00:00,93057.496344,1,1,false,,,0.555858310626703,0.555858310626703,0,0,1,2026-08-04T20:44:45+00:00,2026-08-04T20:44:45+00:00,17.503656,17.503656
H2-v1-SHARP-M3,H2-v1,1614981,0x48cd516b8e121227e822eef65706ac231431ccb2695a61bf5528ec653af43f0b,mlb-laa-bal-2026-08-05,Baltimore Orioles,Los Angeles Angels,48,2026-08-05T22:36:00+00:00,457,2026-08-04T21:00:02.179226+00:00,92157.820774,1,1,false,,,0.555858310626703,0.555858310626703,0,0,1,2026-08-04T20:59:48+00:00,2026-08-04T20:59:48+00:00,14.179226,14.179226
H2-v1-SHARP-M3,H2-v1,1614981,0x48cd516b8e121227e822eef65706ac231431ccb2695a61bf5528ec653af43f0b,mlb-laa-bal-2026-08-05,Baltimore Orioles,Los Angeles Angels,48,2026-08-05T22:36:00+00:00,461,2026-08-04T21:45:01.964130+00:00,89458.03587,1,1,false,,,0.555858310626703,0.555858310626703,0,0,1,2026-08-04T21:44:56+00:00,2026-08-04T21:44:56+00:00,5.96413,5.96413
H2-v1-SHARP-M3,H2-v1,1614981,0x48cd516b8e121227e822eef65706ac231431ccb2695a61bf5528ec653af43f0b,mlb-laa-bal-2026-08-05,Baltimore Orioles,Los Angeles Angels,48,2026-08-05T22:36:00+00:00,463,2026-08-04T22:00:02.809990+00:00,88557.19001,1,1,false,,,0.555858310626703,0.555858310626703,0,0,1,2026-08-04T21:59:52+00:00,2026-08-04T21:59:52+00:00,10.80999,10.80999
H2-v1-SHARP-M3,H2-v1,1614981,0x48cd516b8e121227e822eef65706ac231431ccb2695a61bf5528ec653af43f0b,mlb-laa-bal-2026-08-05,Baltimore Orioles,Los Angeles Angels,48,2026-08-05T22:36:00+00:00,467,2026-08-04T22:45:01.709640+00:00,85858.29036,2,2,true,,0.56353591160221,0.555858310626703,0.5596971111144565,0,1,1,2026-08-04T22:44:50+00:00,2026-08-04T22:44:51+00:00,11.20964,11.70964
H2-v1-SHARP-M3,H2-v1,1614981,0x48cd516b8e121227e822eef65706ac231431ccb2695a61bf5528ec653af43f0b,mlb-laa-bal-2026-08-05,Baltimore Orioles,Los Angeles Angels,48,2026-08-05T22:36:00+00:00,469,2026-08-04T23:00:02.055369+00:00,84957.944631,2,2,true,,0.5683060109289617,0.555858310626703,0.56208216077783235,0,1,1,2026-08-04T22:59:58+00:00,2026-08-04T22:59:58+00:00,4.055369,4.055369
H2-v1-SHARP-M3,H2-v1,1614981,0x48cd516b8e121227e822eef65706ac231431ccb2695a61bf5528ec653af43f0b,mlb-laa-bal-2026-08-05,Baltimore Orioles,Los Angeles Angels,48,2026-08-05T22:36:00+00:00,502,2026-08-05T04:45:01.917302+00:00,64258.082698,2,2,true,,0.5583756345177665,0.5567567567567568,0.55756619563726165,0,1,1,2026-08-05T04:44:38+00:00,2026-08-05T04:44:58+00:00,13.917302,23.917302
H2-v1-SHARP-M3,H2-v1,1614981,0x48cd516b8e121227e822eef65706ac231431ccb2695a61bf5528ec653af43f0b,mlb-laa-bal-2026-08-05,Baltimore Orioles,Los Angeles Angels,48,2026-08-05T22:36:00+00:00,556,2026-08-05T18:00:13.551283+00:00,16546.448717,4,3,true,0.531328320802005,0.53,0.5329949238578681,0.531328320802005,2,1,1,2026-08-05T17:59:51+00:00,2026-08-05T18:00:11+00:00,11.051283,22.551283
H2-v1-SHARP-M3,H2-v1,1614981,0x48cd516b8e121227e822eef65706ac231431ccb2695a61bf5528ec653af43f0b,mlb-laa-bal-2026-08-05,Baltimore Orioles,Los Angeles Angels,48,2026-08-05T22:36:00+00:00,560,2026-08-05T18:45:01.986126+00:00,13858.013874,4,3,true,0.531328320802005,0.53,0.5329949238578681,0.531328320802005,2,1,1,2026-08-05T18:44:56+00:00,2026-08-05T18:44:58+00:00,4.986126,5.986126
H2-v1-SHARP-M3,H2-v1,1614981,0x48cd516b8e121227e822eef65706ac231431ccb2695a61bf5528ec653af43f0b,mlb-laa-bal-2026-08-05,Baltimore Orioles,Los Angeles Angels,48,2026-08-05T22:36:00+00:00,562,2026-08-05T19:00:02.356984+00:00,12957.643016,4,3,true,0.531328320802005,0.53,0.5329949238578681,0.531328320802005,2,1,1,2026-08-05T18:59:42+00:00,2026-08-05T18:59:55+00:00,14.856984,20.356984
H2-v1-SHARP-M3,H2-v1,1614981,0x48cd516b8e121227e822eef65706ac231431ccb2695a61bf5528ec653af43f0b,mlb-laa-bal-2026-08-05,Baltimore Orioles,Los Angeles Angels,48,2026-08-05T22:36:00+00:00,566,2026-08-05T19:45:02.350364+00:00,10257.649636,4,3,true,0.5429647274847707,0.5472636815920399,0.5440806045340051,0.5440806045340051,2,1,1,2026-08-05T19:44:43+00:00,2026-08-05T19:44:53+00:00,14.350364,19.350364
H2-v1-SHARP-M3,H2-v1,1614981,0x48cd516b8e121227e822eef65706ac231431ccb2695a61bf5528ec653af43f0b,mlb-laa-bal-2026-08-05,Baltimore Orioles,Los Angeles Angels,48,2026-08-05T22:36:00+00:00,568,2026-08-05T20:00:02.773993+00:00,9357.226007,4,3,true,0.55403503573941705,0.5544554455445545,0.5518987341772151,0.55403503573941705,2,1,1,2026-08-05T19:59:51+00:00,2026-08-05T20:00:01+00:00,10.773993,11.773993
H2-v1-SHARP-M3,H2-v1,1614983,0x31adeb60257394cd5b4656841e37063fa5f0dba7796097490351b834cc0407a8,mlb-oak-cin-2026-08-05,Cincinnati Reds,Athletics,148,2026-08-05T22:40:37+00:00,455,2026-08-04T20:45:02.503656+00:00,93334.496344,1,1,false,,,0.5714285714285714,0.5714285714285714,0,0,1,2026-08-04T20:44:45+00:00,2026-08-04T20:44:45+00:00,17.503656,17.503656
H2-v1-SHARP-M3,H2-v1,1614983,0x31adeb60257394cd5b4656841e37063fa5f0dba7796097490351b834cc0407a8,mlb-oak-cin-2026-08-05,Cincinnati Reds,Athletics,148,2026-08-05T22:40:37+00:00,457,2026-08-04T21:00:02.179226+00:00,92434.820774,1,1,false,,,0.5714285714285714,0.5714285714285714,0,0,1,2026-08-04T20:59:48+00:00,2026-08-04T20:59:48+00:00,14.179226,14.179226
H2-v1-SHARP-M3,H2-v1,1614983,0x31adeb60257394cd5b4656841e37063fa5f0dba7796097490351b834cc0407a8,mlb-oak-cin-2026-08-05,Cincinnati Reds,Athletics,148,2026-08-05T22:40:37+00:00,461,2026-08-04T21:45:01.964130+00:00,89735.03587,1,1,false,,,0.5691056910569106,0.5691056910569106,0,0,1,2026-08-04T21:44:56+00:00,2026-08-04T21:44:56+00:00,5.96413,5.96413
H2-v1-SHARP-M3,H2-v1,1614983,0x31adeb60257394cd5b4656841e37063fa5f0dba7796097490351b834cc0407a8,mlb-oak-cin-2026-08-05,Cincinnati Reds,Athletics,148,2026-08-05T22:40:37+00:00,463,2026-08-04T22:00:02.809990+00:00,88834.19001,1,1,false,,,0.5691056910569106,0.5691056910569106,0,0,1,2026-08-04T21:59:52+00:00,2026-08-04T21:59:52+00:00,10.80999,10.80999
H2-v1-SHARP-M3,H2-v1,1614983,0x31adeb60257394cd5b4656841e37063fa5f0dba7796097490351b834cc0407a8,mlb-oak-cin-2026-08-05,Cincinnati Reds,Athletics,148,2026-08-05T22:40:37+00:00,467,2026-08-04T22:45:01.709640+00:00,86135.29036,2,2,true,,0.5602240896358543,0.5691056910569106,0.56466489034638245,0,1,1,2026-08-04T22:44:50+00:00,2026-08-04T22:44:51+00:00,11.20964,11.70964
H2-v1-SHARP-M3,H2-v1,1614983,0x31adeb60257394cd5b4656841e37063fa5f0dba7796097490351b834cc0407a8,mlb-oak-cin-2026-08-05,Cincinnati Reds,Athletics,148,2026-08-05T22:40:37+00:00,469,2026-08-04T23:00:02.055369+00:00,85234.944631,2,2,true,,0.5494505494505494,0.5591397849462366,0.554295167198393,0,1,1,2026-08-04T22:59:58+00:00,2026-08-04T22:59:58+00:00,4.055369,4.055369
H2-v1-SHARP-M3,H2-v1,1614983,0x31adeb60257394cd5b4656841e37063fa5f0dba7796097490351b834cc0407a8,mlb-oak-cin-2026-08-05,Cincinnati Reds,Athletics,148,2026-08-05T22:40:37+00:00,502,2026-08-05T04:45:01.917302+00:00,64535.082698,2,2,true,,0.5569620253164557,0.5552560646900269,0.5561090450032413,0,1,1,2026-08-05T04:44:38+00:00,2026-08-05T04:44:58+00:00,13.917302,23.917302
H2-v1-SHARP-M3,H2-v1,1614983,0x31adeb60257394cd5b4656841e37063fa5f0dba7796097490351b834cc0407a8,mlb-oak-cin-2026-08-05,Cincinnati Reds,Athletics,148,2026-08-05T22:40:37+00:00,556,2026-08-05T18:00:13.551283+00:00,16823.448717,4,3,true,0.5833333333333334,0.5853658536585367,0.5891089108910892,0.5853658536585367,2,1,1,2026-08-05T17:59:51+00:00,2026-08-05T18:00:11+00:00,11.051283,22.551283
H2-v1-SHARP-M3,H2-v1,1614983,0x31adeb60257394cd5b4656841e37063fa5f0dba7796097490351b834cc0407a8,mlb-oak-cin-2026-08-05,Cincinnati Reds,Athletics,148,2026-08-05T22:40:37+00:00,560,2026-08-05T18:45:01.986126+00:00,14135.013874,4,3,true,0.5853658536585367,0.5853658536585367,0.585,0.5853658536585367,2,1,1,2026-08-05T18:44:56+00:00,2026-08-05T18:44:58+00:00,4.986126,5.986126
H2-v1-SHARP-M3,H2-v1,1614983,0x31adeb60257394cd5b4656841e37063fa5f0dba7796097490351b834cc0407a8,mlb-oak-cin-2026-08-05,Cincinnati Reds,Athletics,148,2026-08-05T22:40:37+00:00,562,2026-08-05T19:00:02.356984+00:00,13234.643016,4,3,true,0.5853658536585367,0.5853658536585367,0.585,0.5853658536585367,2,1,1,2026-08-05T18:59:42+00:00,2026-08-05T18:59:55+00:00,14.856984,20.356984
H2-v1-SHARP-M3,H2-v1,1614983,0x31adeb60257394cd5b4656841e37063fa5f0dba7796097490351b834cc0407a8,mlb-oak-cin-2026-08-05,Cincinnati Reds,Athletics,148,2026-08-05T22:40:37+00:00,566,2026-08-05T19:45:02.350364+00:00,10534.649636,4,3,true,0.5895258441635511,0.5888077858880778,0.5870646766169154,0.5888077858880778,2,1,1,2026-08-05T19:44:43+00:00,2026-08-05T19:44:53+00:00,14.350364,19.350364
H2-v1-SHARP-M3,H2-v1,1614983,0x31adeb60257394cd5b4656841e37063fa5f0dba7796097490351b834cc0407a8,mlb-oak-cin-2026-08-05,Cincinnati Reds,Athletics,148,2026-08-05T22:40:37+00:00,568,2026-08-05T20:00:02.773993+00:00,9634.226007,4,3,true,0.5902439024390244,0.5922330097087379,0.5905707196029777,0.5905707196029777,2,1,1,2026-08-05T19:59:51+00:00,2026-08-05T20:00:01+00:00,10.773993,11.773993
H2-v1-SHARP-M3,H2-v1,1614985,0xea15cab9ea12ef28d076215969375a7be059f78c948a34bb5ea38d4ff2d2cb7c,mlb-nym-cle-2026-08-05,Cleveland Guardians,New York Mets,49,2026-08-05T22:41:42+00:00,443,2026-08-04T18:45:02.244229+00:00,100599.755771,1,1,false,,,0.4807692307692309,0.4807692307692309,0,0,1,2026-08-04T18:44:44+00:00,2026-08-04T18:44:44+00:00,18.244229,18.244229
H2-v1-SHARP-M3,H2-v1,1614985,0xea15cab9ea12ef28d076215969375a7be059f78c948a34bb5ea38d4ff2d2cb7c,mlb-nym-cle-2026-08-05,Cleveland Guardians,New York Mets,49,2026-08-05T22:41:42+00:00,445,2026-08-04T19:00:02.432024+00:00,99699.567976,1,1,false,,,0.4807692307692309,0.4807692307692309,0,0,1,2026-08-04T18:59:59+00:00,2026-08-04T18:59:59+00:00,3.432024,3.432024
H2-v1-SHARP-M3,H2-v1,1614985,0xea15cab9ea12ef28d076215969375a7be059f78c948a34bb5ea38d4ff2d2cb7c,mlb-nym-cle-2026-08-05,Cleveland Guardians,New York Mets,49,2026-08-05T22:41:42+00:00,449,2026-08-04T19:45:01.941108+00:00,97000.058892,1,1,false,,,0.4807692307692309,0.4807692307692309,0,0,1,2026-08-04T19:44:52+00:00,2026-08-04T19:44:52+00:00,9.941108,9.941108
H2-v1-SHARP-M3,H2-v1,1614985,0xea15cab9ea12ef28d076215969375a7be059f78c948a34bb5ea38d4ff2d2cb7c,mlb-nym-cle-2026-08-05,Cleveland Guardians,New York Mets,49,2026-08-05T22:41:42+00:00,451,2026-08-04T20:00:02.387362+00:00,96099.612638,1,1,false,,,0.4807692307692309,0.4807692307692309,0,0,1,2026-08-04T19:59:40+00:00,2026-08-04T19:59:40+00:00,22.387362,22.387362
H2-v1-SHARP-M3,H2-v1,1614985,0xea15cab9ea12ef28d076215969375a7be059f78c948a34bb5ea38d4ff2d2cb7c,mlb-nym-cle-2026-08-05,Cleveland Guardians,New York Mets,49,2026-08-05T22:41:42+00:00,455,2026-08-04T20:45:02.503656+00:00,93399.496344,1,1,false,,,0.47802197802197804,0.47802197802197804,0,0,1,2026-08-04T20:44:45+00:00,2026-08-04T20:44:45+00:00,17.503656,17.503656
H2-v1-SHARP-M3,H2-v1,1614985,0xea15cab9ea12ef28d076215969375a7be059f78c948a34bb5ea38d4ff2d2cb7c,mlb-nym-cle-2026-08-05,Cleveland Guardians,New York Mets,49,2026-08-05T22:41:42+00:00,457,2026-08-04T21:00:02.179226+00:00,92499.820774,1,1,false,,,0.4725274725274725,0.4725274725274725,0,0,1,2026-08-04T20:59:48+00:00,2026-08-04T20:59:48+00:00,14.179226,14.179226
H2-v1-SHARP-M3,H2-v1,1614985,0xea15cab9ea12ef28d076215969375a7be059f78c948a34bb5ea38d4ff2d2cb7c,mlb-nym-cle-2026-08-05,Cleveland Guardians,New York Mets,49,2026-08-05T22:41:42+00:00,461,2026-08-04T21:45:01.964130+00:00,89800.03587,1,1,false,,,0.4725274725274725,0.4725274725274725,0,0,1,2026-08-04T21:44:56+00:00,2026-08-04T21:44:56+00:00,5.96413,5.96413
H2-v1-SHARP-M3,H2-v1,1614985,0xea15cab9ea12ef28d076215969375a7be059f78c948a34bb5ea38d4ff2d2cb7c,mlb-nym-cle-2026-08-05,Cleveland Guardians,New York Mets,49,2026-08-05T22:41:42+00:00,463,2026-08-04T22:00:02.809990+00:00,88899.19001,1,1,false,,,0.4725274725274725,0.4725274725274725,0,0,1,2026-08-04T21:59:52+00:00,2026-08-04T21:59:52+00:00,10.80999,10.80999
H2-v1-SHARP-M3,H2-v1,1614985,0xea15cab9ea12ef28d076215969375a7be059f78c948a34bb5ea38d4ff2d2cb7c,mlb-nym-cle-2026-08-05,Cleveland Guardians,New York Mets,49,2026-08-05T22:41:42+00:00,467,2026-08-04T22:45:01.709640+00:00,86200.29036,2,2,true,,0.489010989010989,0.4807692307692309,0.48489010989010995,0,1,1,2026-08-04T22:44:50+00:00,2026-08-04T22:44:51+00:00,11.20964,11.70964
H2-v1-SHARP-M3,H2-v1,1614985,0xea15cab9ea12ef28d076215969375a7be059f78c948a34bb5ea38d4ff2d2cb7c,mlb-nym-cle-2026-08-05,Cleveland Guardians,New York Mets,49,2026-08-05T22:41:42+00:00,469,2026-08-04T23:00:02.055369+00:00,85299.944631,2,2,true,,0.48333333333333334,0.4807692307692309,0.48205128205128212,0,1,1,2026-08-04T22:59:58+00:00,2026-08-04T22:59:58+00:00,4.055369,4.055369
H2-v1-SHARP-M3,H2-v1,1614985,0xea15cab9ea12ef28d076215969375a7be059f78c948a34bb5ea38d4ff2d2cb7c,mlb-nym-cle-2026-08-05,Cleveland Guardians,New York Mets,49,2026-08-05T22:41:42+00:00,502,2026-08-05T04:45:01.917302+00:00,64600.082698,2,2,true,,0.48818897637795283,0.4905149051490515,0.489351940763502165,0,1,1,2026-08-05T04:44:38+00:00,2026-08-05T04:44:58+00:00,13.917302,23.917302
H2-v1-SHARP-M3,H2-v1,1614985,0xea15cab9ea12ef28d076215969375a7be059f78c948a34bb5ea38d4ff2d2cb7c,mlb-nym-cle-2026-08-05,Cleveland Guardians,New York Mets,49,2026-08-05T22:41:42+00:00,556,2026-08-05T18:00:13.551283+00:00,16888.448717,4,3,true,0.5138539042821159,0.5138539042821159,0.5102040816326531,0.5138539042821159,2,1,1,2026-08-05T17:59:51+00:00,2026-08-05T18:00:11+00:00,11.051283,22.551283
H2-v1-SHARP-M3,H2-v1,1614985,0xea15cab9ea12ef28d076215969375a7be059f78c948a34bb5ea38d4ff2d2cb7c,mlb-nym-cle-2026-08-05,Cleveland Guardians,New York Mets,49,2026-08-05T22:41:42+00:00,560,2026-08-05T18:45:01.986126+00:00,14200.013874,4,3,true,0.5125628140703519,0.5125628140703519,0.5102040816326531,0.5125628140703519,2,1,1,2026-08-05T18:44:56+00:00,2026-08-05T18:44:58+00:00,4.986126,5.986126
H2-v1-SHARP-M3,H2-v1,1614985,0xea15cab9ea12ef28d076215969375a7be059f78c948a34bb5ea38d4ff2d2cb7c,mlb-nym-cle-2026-08-05,Cleveland Guardians,New York Mets,49,2026-08-05T22:41:42+00:00,562,2026-08-05T19:00:02.356984+00:00,13299.643016,4,3,true,0.5125628140703519,0.5125628140703519,0.5102040816326531,0.5125628140703519,2,1,1,2026-08-05T18:59:42+00:00,2026-08-05T18:59:55+00:00,14.856984,20.356984
H2-v1-SHARP-M3,H2-v1,1614985,0xea15cab9ea12ef28d076215969375a7be059f78c948a34bb5ea38d4ff2d2cb7c,mlb-nym-cle-2026-08-05,Cleveland Guardians,New York Mets,49,2026-08-05T22:41:42+00:00,566,2026-08-05T19:45:02.350364+00:00,10599.649636,4,3,true,0.5088161209068011,0.5112781954887219,0.5102040816326531,0.5102040816326531,2,1,1,2026-08-05T19:44:43+00:00,2026-08-05T19:44:53+00:00,14.350364,19.350364
H2-v1-SHARP-M3,H2-v1,1614985,0xea15cab9ea12ef28d076215969375a7be059f78c948a34bb5ea38d4ff2d2cb7c,mlb-nym-cle-2026-08-05,Cleveland Guardians,New York Mets,49,2026-08-05T22:41:42+00:00,568,2026-08-05T20:00:02.773993+00:00,9699.226007,4,3,true,0.5088161209068011,0.5112781954887219,0.5102040816326531,0.5102040816326531,2,1,1,2026-08-05T19:59:51+00:00,2026-08-05T20:00:01+00:00,10.773993,11.773993
H2-v1-SHARP-M3,H2-v1,1614987,0xb689520c8ea8f583f21327df7d9e45896be56072ea2c3fdf6e75ccdd84b2e5e0,mlb-wsh-phi-2026-08-05,Philadelphia Phillies,Washington Nationals,50,2026-08-05T23:05:00+00:00,443,2026-08-04T18:45:02.244229+00:00,101997.755771,1,1,false,,,0.5904255319148937,0.5904255319148937,0,0,1,2026-08-04T18:44:44+00:00,2026-08-04T18:44:44+00:00,18.244229,18.244229
H2-v1-SHARP-M3,H2-v1,1614987,0xb689520c8ea8f583f21327df7d9e45896be56072ea2c3fdf6e75ccdd84b2e5e0,mlb-wsh-phi-2026-08-05,Philadelphia Phillies,Washington Nationals,50,2026-08-05T23:05:00+00:00,445,2026-08-04T19:00:02.432024+00:00,101097.567976,1,1,false,,,0.5904255319148937,0.5904255319148937,0,0,1,2026-08-04T18:59:59+00:00,2026-08-04T18:59:59+00:00,3.432024,3.432024
H2-v1-SHARP-M3,H2-v1,1614987,0xb689520c8ea8f583f21327df7d9e45896be56072ea2c3fdf6e75ccdd84b2e5e0,mlb-wsh-phi-2026-08-05,Philadelphia Phillies,Washington Nationals,50,2026-08-05T23:05:00+00:00,449,2026-08-04T19:45:01.941108+00:00,98398.058892,1,1,false,,,0.5904255319148937,0.5904255319148937,0,0,1,2026-08-04T19:44:52+00:00,2026-08-04T19:44:52+00:00,9.941108,9.941108
H2-v1-SHARP-M3,H2-v1,1614987,0xb689520c8ea8f583f21327df7d9e45896be56072ea2c3fdf6e75ccdd84b2e5e0,mlb-wsh-phi-2026-08-05,Philadelphia Phillies,Washington Nationals,50,2026-08-05T23:05:00+00:00,451,2026-08-04T20:00:02.387362+00:00,97497.612638,1,1,false,,,0.5904255319148937,0.5904255319148937,0,0,1,2026-08-04T19:59:40+00:00,2026-08-04T19:59:40+00:00,22.387362,22.387362
H2-v1-SHARP-M3,H2-v1,1614987,0xb689520c8ea8f583f21327df7d9e45896be56072ea2c3fdf6e75ccdd84b2e5e0,mlb-wsh-phi-2026-08-05,Philadelphia Phillies,Washington Nationals,50,2026-08-05T23:05:00+00:00,455,2026-08-04T20:45:02.503656+00:00,94797.496344,1,1,false,,,0.5866666666666667,0.5866666666666667,0,0,1,2026-08-04T20:44:45+00:00,2026-08-04T20:44:45+00:00,17.503656,17.503656
H2-v1-SHARP-M3,H2-v1,1614987,0xb689520c8ea8f583f21327df7d9e45896be56072ea2c3fdf6e75ccdd84b2e5e0,mlb-wsh-phi-2026-08-05,Philadelphia Phillies,Washington Nationals,50,2026-08-05T23:05:00+00:00,457,2026-08-04T21:00:02.179226+00:00,93897.820774,1,1,false,,,0.5866666666666667,0.5866666666666667,0,0,1,2026-08-04T20:59:48+00:00,2026-08-04T20:59:48+00:00,14.179226,14.179226
H2-v1-SHARP-M3,H2-v1,1614987,0xb689520c8ea8f583f21327df7d9e45896be56072ea2c3fdf6e75ccdd84b2e5e0,mlb-wsh-phi-2026-08-05,Philadelphia Phillies,Washington Nationals,50,2026-08-05T23:05:00+00:00,461,2026-08-04T21:45:01.964130+00:00,91198.03587,1,1,false,,,0.5866666666666667,0.5866666666666667,0,0,1,2026-08-04T21:44:56+00:00,2026-08-04T21:44:56+00:00,5.96413,5.96413
H2-v1-SHARP-M3,H2-v1,1614987,0xb689520c8ea8f583f21327df7d9e45896be56072ea2c3fdf6e75ccdd84b2e5e0,mlb-wsh-phi-2026-08-05,Philadelphia Phillies,Washington Nationals,50,2026-08-05T23:05:00+00:00,463,2026-08-04T22:00:02.809990+00:00,90297.19001,1,1,false,,,0.5866666666666667,0.5866666666666667,0,0,1,2026-08-04T21:59:52+00:00,2026-08-04T21:59:52+00:00,10.80999,10.80999
H2-v1-SHARP-M3,H2-v1,1614987,0xb689520c8ea8f583f21327df7d9e45896be56072ea2c3fdf6e75ccdd84b2e5e0,mlb-wsh-phi-2026-08-05,Philadelphia Phillies,Washington Nationals,50,2026-08-05T23:05:00+00:00,467,2026-08-04T22:45:01.709640+00:00,87598.29036,2,2,true,,0.5808219178082191,0.5866666666666667,0.5837442922374429,0,1,1,2026-08-04T22:44:50+00:00,2026-08-04T22:44:51+00:00,11.20964,11.70964
H2-v1-SHARP-M3,H2-v1,1614987,0xb689520c8ea8f583f21327df7d9e45896be56072ea2c3fdf6e75ccdd84b2e5e0,mlb-wsh-phi-2026-08-05,Philadelphia Phillies,Washington Nationals,50,2026-08-05T23:05:00+00:00,469,2026-08-04T23:00:02.055369+00:00,86697.944631,2,2,true,,0.5792349726775957,0.5866666666666667,0.5829508196721312,0,1,1,2026-08-04T22:59:58+00:00,2026-08-04T22:59:58+00:00,4.055369,4.055369
H2-v1-SHARP-M3,H2-v1,1614987,0xb689520c8ea8f583f21327df7d9e45896be56072ea2c3fdf6e75ccdd84b2e5e0,mlb-wsh-phi-2026-08-05,Philadelphia Phillies,Washington Nationals,50,2026-08-05T23:05:00+00:00,502,2026-08-05T04:45:01.917302+00:00,65998.082698,2,2,true,,0.6116504854368933,0.5958549222797926,0.60375270385834295,0,1,1,2026-08-05T04:44:38+00:00,2026-08-05T04:44:58+00:00,13.917302,23.917302
H2-v1-SHARP-M3,H2-v1,1614987,0xb689520c8ea8f583f21327df7d9e45896be56072ea2c3fdf6e75ccdd84b2e5e0,mlb-wsh-phi-2026-08-05,Philadelphia Phillies,Washington Nationals,50,2026-08-05T23:05:00+00:00,556,2026-08-05T18:00:13.551283+00:00,18286.448717,4,3,true,0.6420323325635103,0.6420323325635103,0.6401869158878505,0.6420323325635103,2,1,1,2026-08-05T17:59:51+00:00,2026-08-05T18:00:11+00:00,11.051283,22.551283
H2-v1-SHARP-M3,H2-v1,1614987,0xb689520c8ea8f583f21327df7d9e45896be56072ea2c3fdf6e75ccdd84b2e5e0,mlb-wsh-phi-2026-08-05,Philadelphia Phillies,Washington Nationals,50,2026-08-05T23:05:00+00:00,560,2026-08-05T18:45:01.986126+00:00,15598.013874,4,3,true,0.6420323325635103,0.6420323325635103,0.6401869158878505,0.6420323325635103,2,1,1,2026-08-05T18:44:56+00:00,2026-08-05T18:44:58+00:00,4.986126,5.986126
H2-v1-SHARP-M3,H2-v1,1614987,0xb689520c8ea8f583f21327df7d9e45896be56072ea2c3fdf6e75ccdd84b2e5e0,mlb-wsh-phi-2026-08-05,Philadelphia Phillies,Washington Nationals,50,2026-08-05T23:05:00+00:00,562,2026-08-05T19:00:02.356984+00:00,14697.643016,4,3,true,0.6420323325635103,0.6420323325635103,0.6431924882629109,0.6420323325635103,2,1,1,2026-08-05T18:59:42+00:00,2026-08-05T18:59:55+00:00,14.856984,20.356984
H2-v1-SHARP-M3,H2-v1,1614987,0xb689520c8ea8f583f21327df7d9e45896be56072ea2c3fdf6e75ccdd84b2e5e0,mlb-wsh-phi-2026-08-05,Philadelphia Phillies,Washington Nationals,50,2026-08-05T23:05:00+00:00,566,2026-08-05T19:45:02.350364+00:00,11997.649636,4,3,true,0.6420323325635103,0.6420323325635103,0.6416861826697892,0.6420323325635103,2,1,1,2026-08-05T19:44:43+00:00,2026-08-05T19:44:53+00:00,14.350364,19.350364
H2-v1-SHARP-M3,H2-v1,1614987,0xb689520c8ea8f583f21327df7d9e45896be56072ea2c3fdf6e75ccdd84b2e5e0,mlb-wsh-phi-2026-08-05,Philadelphia Phillies,Washington Nationals,50,2026-08-05T23:05:00+00:00,568,2026-08-05T20:00:02.773993+00:00,11097.226007,4,3,true,0.6420323325635103,0.6420323325635103,0.6416861826697892,0.6420323325635103,2,1,1,2026-08-05T19:59:51+00:00,2026-08-05T20:00:01+00:00,10.773993,11.773993
H2-v1-SHARP-M3,H2-v1,1614987,0xb689520c8ea8f583f21327df7d9e45896be56072ea2c3fdf6e75ccdd84b2e5e0,mlb-wsh-phi-2026-08-05,Philadelphia Phillies,Washington Nationals,50,2026-08-05T23:05:00+00:00,657,2026-08-05T22:45:02.724892+00:00,1197.275108,4,3,true,0.6529680365296804,0.654462242562929,0.6496519721577726,0.6529680365296804,2,1,1,2026-08-05T22:44:47+00:00,2026-08-05T22:44:58+00:00,6.724892,15.724892
H2-v1-SHARP-M3,H2-v1,1614987,0xb689520c8ea8f583f21327df7d9e45896be56072ea2c3fdf6e75ccdd84b2e5e0,mlb-wsh-phi-2026-08-05,Philadelphia Phillies,Washington Nationals,50,2026-08-05T23:05:00+00:00,674,2026-08-05T23:00:02.618195+00:00,297.381805,4,3,true,0.6466512702078522,0.6433566433566432,0.64,0.6433566433566432,2,1,1,2026-08-05T22:59:43+00:00,2026-08-05T22:59:56+00:00,8.118195,19.618195
H2-v1-SHARP-M3,H2-v1,1614992,0x71cc5dd0766e0306f331cb61a56419ca1aa24e65c9a5b3abdd79172aa1123a9e,mlb-cws-bos-2026-08-05,Boston Red Sox,Chicago White Sox,52,2026-08-05T23:11:00+00:00,443,2026-08-04T18:45:02.244229+00:00,102357.755771,1,1,false,,,0.5164835164835164,0.5164835164835164,0,0,1,2026-08-04T18:44:44+00:00,2026-08-04T18:44:44+00:00,18.244229,18.244229
H2-v1-SHARP-M3,H2-v1,1614992,0x71cc5dd0766e0306f331cb61a56419ca1aa24e65c9a5b3abdd79172aa1123a9e,mlb-cws-bos-2026-08-05,Boston Red Sox,Chicago White Sox,52,2026-08-05T23:11:00+00:00,445,2026-08-04T19:00:02.432024+00:00,101457.567976,1,1,false,,,0.5164835164835164,0.5164835164835164,0,0,1,2026-08-04T18:59:59+00:00,2026-08-04T18:59:59+00:00,3.432024,3.432024
H2-v1-SHARP-M3,H2-v1,1614992,0x71cc5dd0766e0306f331cb61a56419ca1aa24e65c9a5b3abdd79172aa1123a9e,mlb-cws-bos-2026-08-05,Boston Red Sox,Chicago White Sox,52,2026-08-05T23:11:00+00:00,449,2026-08-04T19:45:01.941108+00:00,98758.058892,1,1,false,,,0.5164835164835164,0.5164835164835164,0,0,1,2026-08-04T19:44:52+00:00,2026-08-04T19:44:52+00:00,9.941108,9.941108
H2-v1-SHARP-M3,H2-v1,1614992,0x71cc5dd0766e0306f331cb61a56419ca1aa24e65c9a5b3abdd79172aa1123a9e,mlb-cws-bos-2026-08-05,Boston Red Sox,Chicago White Sox,52,2026-08-05T23:11:00+00:00,451,2026-08-04T20:00:02.387362+00:00,97857.612638,1,1,false,,,0.5164835164835164,0.5164835164835164,0,0,1,2026-08-04T19:59:40+00:00,2026-08-04T19:59:40+00:00,22.387362,22.387362
H2-v1-SHARP-M3,H2-v1,1614992,0x71cc5dd0766e0306f331cb61a56419ca1aa24e65c9a5b3abdd79172aa1123a9e,mlb-cws-bos-2026-08-05,Boston Red Sox,Chicago White Sox,52,2026-08-05T23:11:00+00:00,455,2026-08-04T20:45:02.503656+00:00,95157.496344,1,1,false,,,0.5327868852459016,0.5327868852459016,0,0,1,2026-08-04T20:44:45+00:00,2026-08-04T20:44:45+00:00,17.503656,17.503656
H2-v1-SHARP-M3,H2-v1,1614992,0x71cc5dd0766e0306f331cb61a56419ca1aa24e65c9a5b3abdd79172aa1123a9e,mlb-cws-bos-2026-08-05,Boston Red Sox,Chicago White Sox,52,2026-08-05T23:11:00+00:00,457,2026-08-04T21:00:02.179226+00:00,94257.820774,1,1,false,,,0.5327868852459016,0.5327868852459016,0,0,1,2026-08-04T20:59:48+00:00,2026-08-04T20:59:48+00:00,14.179226,14.179226
H2-v1-SHARP-M3,H2-v1,1614992,0x71cc5dd0766e0306f331cb61a56419ca1aa24e65c9a5b3abdd79172aa1123a9e,mlb-cws-bos-2026-08-05,Boston Red Sox,Chicago White Sox,52,2026-08-05T23:11:00+00:00,461,2026-08-04T21:45:01.964130+00:00,91558.03587,1,1,false,,,0.5327868852459016,0.5327868852459016,0,0,1,2026-08-04T21:44:56+00:00,2026-08-04T21:44:56+00:00,5.96413,5.96413
H2-v1-SHARP-M3,H2-v1,1614992,0x71cc5dd0766e0306f331cb61a56419ca1aa24e65c9a5b3abdd79172aa1123a9e,mlb-cws-bos-2026-08-05,Boston Red Sox,Chicago White Sox,52,2026-08-05T23:11:00+00:00,463,2026-08-04T22:00:02.809990+00:00,90657.19001,1,1,false,,,0.5327868852459016,0.5327868852459016,0,0,1,2026-08-04T21:59:52+00:00,2026-08-04T21:59:52+00:00,10.80999,10.80999
H2-v1-SHARP-M3,H2-v1,1614992,0x71cc5dd0766e0306f331cb61a56419ca1aa24e65c9a5b3abdd79172aa1123a9e,mlb-cws-bos-2026-08-05,Boston Red Sox,Chicago White Sox,52,2026-08-05T23:11:00+00:00,467,2026-08-04T22:45:01.709640+00:00,87958.29036,1,1,false,,,0.5327868852459016,0.5327868852459016,0,0,1,2026-08-04T22:44:50+00:00,2026-08-04T22:44:50+00:00,11.70964,11.70964
H2-v1-SHARP-M3,H2-v1,1614992,0x71cc5dd0766e0306f331cb61a56419ca1aa24e65c9a5b3abdd79172aa1123a9e,mlb-cws-bos-2026-08-05,Boston Red Sox,Chicago White Sox,52,2026-08-05T23:11:00+00:00,469,2026-08-04T23:00:02.055369+00:00,87057.944631,1,1,false,,,0.5287671232876712,0.5287671232876712,0,0,1,2026-08-04T22:59:58+00:00,2026-08-04T22:59:58+00:00,4.055369,4.055369
H2-v1-SHARP-M3,H2-v1,1614992,0x71cc5dd0766e0306f331cb61a56419ca1aa24e65c9a5b3abdd79172aa1123a9e,mlb-cws-bos-2026-08-05,Boston Red Sox,Chicago White Sox,52,2026-08-05T23:11:00+00:00,502,2026-08-05T04:45:01.917302+00:00,66358.082698,2,2,true,,0.5282051282051282,0.5231607629427794,0.5256829455739538,0,1,1,2026-08-05T04:44:38+00:00,2026-08-05T04:44:58+00:00,13.917302,23.917302
H2-v1-SHARP-M3,H2-v1,1614992,0x71cc5dd0766e0306f331cb61a56419ca1aa24e65c9a5b3abdd79172aa1123a9e,mlb-cws-bos-2026-08-05,Boston Red Sox,Chicago White Sox,52,2026-08-05T23:11:00+00:00,556,2026-08-05T18:00:13.551283+00:00,18646.448717,4,3,true,0.55,0.5522388059701492,0.5491183879093199,0.55,2,1,1,2026-08-05T17:59:51+00:00,2026-08-05T18:00:11+00:00,11.051283,22.551283
H2-v1-SHARP-M3,H2-v1,1614992,0x71cc5dd0766e0306f331cb61a56419ca1aa24e65c9a5b3abdd79172aa1123a9e,mlb-cws-bos-2026-08-05,Boston Red Sox,Chicago White Sox,52,2026-08-05T23:11:00+00:00,560,2026-08-05T18:45:01.986126+00:00,15958.013874,4,3,true,0.55,0.5522388059701492,0.5491183879093199,0.55,2,1,1,2026-08-05T18:44:56+00:00,2026-08-05T18:44:58+00:00,4.986126,5.986126
H2-v1-SHARP-M3,H2-v1,1614992,0x71cc5dd0766e0306f331cb61a56419ca1aa24e65c9a5b3abdd79172aa1123a9e,mlb-cws-bos-2026-08-05,Boston Red Sox,Chicago White Sox,52,2026-08-05T23:11:00+00:00,562,2026-08-05T19:00:02.356984+00:00,15057.643016,4,3,true,0.5511194029850746,0.5522388059701492,0.5491183879093199,0.5511194029850746,2,1,1,2026-08-05T18:59:42+00:00,2026-08-05T18:59:55+00:00,14.856984,20.356984
H2-v1-SHARP-M3,H2-v1,1614992,0x71cc5dd0766e0306f331cb61a56419ca1aa24e65c9a5b3abdd79172aa1123a9e,mlb-cws-bos-2026-08-05,Boston Red Sox,Chicago White Sox,52,2026-08-05T23:11:00+00:00,566,2026-08-05T19:45:02.350364+00:00,12357.649636,4,3,true,0.5522388059701492,0.5522388059701492,0.5491183879093199,0.5522388059701492,2,1,1,2026-08-05T19:44:43+00:00,2026-08-05T19:44:53+00:00,14.350364,19.350364
H2-v1-SHARP-M3,H2-v1,1614992,0x71cc5dd0766e0306f331cb61a56419ca1aa24e65c9a5b3abdd79172aa1123a9e,mlb-cws-bos-2026-08-05,Boston Red Sox,Chicago White Sox,52,2026-08-05T23:11:00+00:00,568,2026-08-05T20:00:02.773993+00:00,11457.226007,4,3,true,0.5547236128042178,0.5558312655086849,0.5527638190954773,0.5547236128042178,2,1,1,2026-08-05T19:59:51+00:00,2026-08-05T20:00:01+00:00,10.773993,11.773993
H2-v1-SHARP-M3,H2-v1,1614992,0x71cc5dd0766e0306f331cb61a56419ca1aa24e65c9a5b3abdd79172aa1123a9e,mlb-cws-bos-2026-08-05,Boston Red Sox,Chicago White Sox,52,2026-08-05T23:11:00+00:00,657,2026-08-05T22:45:02.724892+00:00,1557.275108,4,3,true,0.5714285714285714,0.5714285714285714,0.57,0.5714285714285714,2,1,1,2026-08-05T22:44:47+00:00,2026-08-05T22:44:58+00:00,6.724892,15.724892
H2-v1-SHARP-M3,H2-v1,1614992,0x71cc5dd0766e0306f331cb61a56419ca1aa24e65c9a5b3abdd79172aa1123a9e,mlb-cws-bos-2026-08-05,Boston Red Sox,Chicago White Sox,52,2026-08-05T23:11:00+00:00,674,2026-08-05T23:00:02.618195+00:00,657.381805,4,3,true,0.5749385749385749,0.5735294117647058,0.575,0.5749385749385749,2,1,1,2026-08-05T22:59:43+00:00,2026-08-05T22:59:56+00:00,8.118195,19.618195
H2-v1-SHARP-M3,H2-v1,1614991,0x10a3732cba02a69e466314f3a114684571613c1b4f36c3f3b7e9681ef5e87196,mlb-mia-atl-2026-08-05,Atlanta Braves,Miami Marlins,53,2026-08-05T23:16:00+00:00,443,2026-08-04T18:45:02.244229+00:00,102657.755771,1,1,false,,,0.5342465753424658,0.5342465753424658,0,0,1,2026-08-04T18:44:44+00:00,2026-08-04T18:44:44+00:00,18.244229,18.244229
H2-v1-SHARP-M3,H2-v1,1614991,0x10a3732cba02a69e466314f3a114684571613c1b4f36c3f3b7e9681ef5e87196,mlb-mia-atl-2026-08-05,Atlanta Braves,Miami Marlins,53,2026-08-05T23:16:00+00:00,445,2026-08-04T19:00:02.432024+00:00,101757.567976,1,1,false,,,0.5342465753424658,0.5342465753424658,0,0,1,2026-08-04T18:59:59+00:00,2026-08-04T18:59:59+00:00,3.432024,3.432024
H2-v1-SHARP-M3,H2-v1,1614991,0x10a3732cba02a69e466314f3a114684571613c1b4f36c3f3b7e9681ef5e87196,mlb-mia-atl-2026-08-05,Atlanta Braves,Miami Marlins,53,2026-08-05T23:16:00+00:00,449,2026-08-04T19:45:01.941108+00:00,99058.058892,1,1,false,,,0.5342465753424658,0.5342465753424658,0,0,1,2026-08-04T19:44:52+00:00,2026-08-04T19:44:52+00:00,9.941108,9.941108
H2-v1-SHARP-M3,H2-v1,1614991,0x10a3732cba02a69e466314f3a114684571613c1b4f36c3f3b7e9681ef5e87196,mlb-mia-atl-2026-08-05,Atlanta Braves,Miami Marlins,53,2026-08-05T23:16:00+00:00,451,2026-08-04T20:00:02.387362+00:00,98157.612638,1,1,false,,,0.5342465753424658,0.5342465753424658,0,0,1,2026-08-04T19:59:40+00:00,2026-08-04T19:59:40+00:00,22.387362,22.387362
H2-v1-SHARP-M3,H2-v1,1614991,0x10a3732cba02a69e466314f3a114684571613c1b4f36c3f3b7e9681ef5e87196,mlb-mia-atl-2026-08-05,Atlanta Braves,Miami Marlins,53,2026-08-05T23:16:00+00:00,455,2026-08-04T20:45:02.503656+00:00,95457.496344,1,1,false,,,0.5382513661202185,0.5382513661202185,0,0,1,2026-08-04T20:44:45+00:00,2026-08-04T20:44:45+00:00,17.503656,17.503656
H2-v1-SHARP-M3,H2-v1,1614991,0x10a3732cba02a69e466314f3a114684571613c1b4f36c3f3b7e9681ef5e87196,mlb-mia-atl-2026-08-05,Atlanta Braves,Miami Marlins,53,2026-08-05T23:16:00+00:00,457,2026-08-04T21:00:02.179226+00:00,94557.820774,1,1,false,,,0.5382513661202185,0.5382513661202185,0,0,1,2026-08-04T20:59:48+00:00,2026-08-04T20:59:48+00:00,14.179226,14.179226
H2-v1-SHARP-M3,H2-v1,1614991,0x10a3732cba02a69e466314f3a114684571613c1b4f36c3f3b7e9681ef5e87196,mlb-mia-atl-2026-08-05,Atlanta Braves,Miami Marlins,53,2026-08-05T23:16:00+00:00,461,2026-08-04T21:45:01.964130+00:00,91858.03587,1,1,false,,,0.5382513661202185,0.5382513661202185,0,0,1,2026-08-04T21:44:56+00:00,2026-08-04T21:44:56+00:00,5.96413,5.96413
H2-v1-SHARP-M3,H2-v1,1614991,0x10a3732cba02a69e466314f3a114684571613c1b4f36c3f3b7e9681ef5e87196,mlb-mia-atl-2026-08-05,Atlanta Braves,Miami Marlins,53,2026-08-05T23:16:00+00:00,463,2026-08-04T22:00:02.809990+00:00,90957.19001,1,1,false,,,0.5382513661202185,0.5382513661202185,0,0,1,2026-08-04T21:59:52+00:00,2026-08-04T21:59:52+00:00,10.80999,10.80999
H2-v1-SHARP-M3,H2-v1,1614991,0x10a3732cba02a69e466314f3a114684571613c1b4f36c3f3b7e9681ef5e87196,mlb-mia-atl-2026-08-05,Atlanta Braves,Miami Marlins,53,2026-08-05T23:16:00+00:00,467,2026-08-04T22:45:01.709640+00:00,88258.29036,1,1,false,,,0.5382513661202185,0.5382513661202185,0,0,1,2026-08-04T22:44:50+00:00,2026-08-04T22:44:50+00:00,11.70964,11.70964
H2-v1-SHARP-M3,H2-v1,1614991,0x10a3732cba02a69e466314f3a114684571613c1b4f36c3f3b7e9681ef5e87196,mlb-mia-atl-2026-08-05,Atlanta Braves,Miami Marlins,53,2026-08-05T23:16:00+00:00,469,2026-08-04T23:00:02.055369+00:00,87357.944631,1,1,false,,,0.5382513661202185,0.5382513661202185,0,0,1,2026-08-04T22:59:58+00:00,2026-08-04T22:59:58+00:00,4.055369,4.055369
H2-v1-SHARP-M3,H2-v1,1614991,0x10a3732cba02a69e466314f3a114684571613c1b4f36c3f3b7e9681ef5e87196,mlb-mia-atl-2026-08-05,Atlanta Braves,Miami Marlins,53,2026-08-05T23:16:00+00:00,502,2026-08-05T04:45:01.917302+00:00,66658.082698,2,2,true,,0.5431472081218274,0.5355191256830601,0.53933316690244375,0,1,1,2026-08-05T04:44:38+00:00,2026-08-05T04:44:58+00:00,13.917302,23.917302
H2-v1-SHARP-M3,H2-v1,1614991,0x10a3732cba02a69e466314f3a114684571613c1b4f36c3f3b7e9681ef5e87196,mlb-mia-atl-2026-08-05,Atlanta Braves,Miami Marlins,53,2026-08-05T23:16:00+00:00,556,2026-08-05T18:00:13.551283+00:00,18946.448717,4,3,true,0.5363408521303258,0.5349999999999999,0.5380710659898477,0.5363408521303258,2,1,1,2026-08-05T17:59:51+00:00,2026-08-05T18:00:11+00:00,11.051283,22.551283
H2-v1-SHARP-M3,H2-v1,1614991,0x10a3732cba02a69e466314f3a114684571613c1b4f36c3f3b7e9681ef5e87196,mlb-mia-atl-2026-08-05,Atlanta Braves,Miami Marlins,53,2026-08-05T23:16:00+00:00,560,2026-08-05T18:45:01.986126+00:00,16258.013874,4,3,true,0.5363408521303258,0.5349999999999999,0.5380710659898477,0.5363408521303258,2,1,1,2026-08-05T18:44:56+00:00,2026-08-05T18:44:58+00:00,4.986126,5.986126
H2-v1-SHARP-M3,H2-v1,1614991,0x10a3732cba02a69e466314f3a114684571613c1b4f36c3f3b7e9681ef5e87196,mlb-mia-atl-2026-08-05,Atlanta Braves,Miami Marlins,53,2026-08-05T23:16:00+00:00,562,2026-08-05T19:00:02.356984+00:00,15357.643016,4,3,true,0.5363408521303258,0.5349999999999999,0.5343511450381679,0.5349999999999999,2,1,1,2026-08-05T18:59:42+00:00,2026-08-05T18:59:55+00:00,14.856984,20.356984
H2-v1-SHARP-M3,H2-v1,1614991,0x10a3732cba02a69e466314f3a114684571613c1b4f36c3f3b7e9681ef5e87196,mlb-mia-atl-2026-08-05,Atlanta Braves,Miami Marlins,53,2026-08-05T23:16:00+00:00,566,2026-08-05T19:45:02.350364+00:00,12657.649636,4,3,true,0.5399999999999999,0.5399999999999999,0.5408163265306123,0.5399999999999999,2,1,1,2026-08-05T19:44:43+00:00,2026-08-05T19:44:53+00:00,14.350364,19.350364
H2-v1-SHARP-M3,H2-v1,1614991,0x10a3732cba02a69e466314f3a114684571613c1b4f36c3f3b7e9681ef5e87196,mlb-mia-atl-2026-08-05,Atlanta Braves,Miami Marlins,53,2026-08-05T23:16:00+00:00,568,2026-08-05T20:00:02.773993+00:00,11757.226007,4,3,true,0.5399999999999999,0.5399999999999999,0.5380710659898477,0.5399999999999999,2,1,1,2026-08-05T19:59:51+00:00,2026-08-05T20:00:01+00:00,10.773993,11.773993
H2-v1-SHARP-M3,H2-v1,1614991,0x10a3732cba02a69e466314f3a114684571613c1b4f36c3f3b7e9681ef5e87196,mlb-mia-atl-2026-08-05,Atlanta Braves,Miami Marlins,53,2026-08-05T23:16:00+00:00,657,2026-08-05T22:45:02.724892+00:00,1857.275108,4,3,true,0.5413533834586466,0.543640897755611,0.5404040404040404,0.5413533834586466,2,1,1,2026-08-05T22:44:47+00:00,2026-08-05T22:44:58+00:00,6.724892,15.724892
H2-v1-SHARP-M3,H2-v1,1614991,0x10a3732cba02a69e466314f3a114684571613c1b4f36c3f3b7e9681ef5e87196,mlb-mia-atl-2026-08-05,Atlanta Braves,Miami Marlins,53,2026-08-05T23:16:00+00:00,674,2026-08-05T23:00:02.618195+00:00,957.381805,4,3,true,0.5486284289276808,0.5486284289276808,0.5454545454545454,0.5486284289276808,2,1,1,2026-08-05T22:59:43+00:00,2026-08-05T22:59:56+00:00,8.118195,19.618195
H2-v1-SHARP-M3,H2-v1,1614997,0xeb6b5b543f3b93fc99f0913e144b55d57e7fa24f9594489b519b6c3487d4189c,mlb-pit-mil-2026-08-05,Milwaukee Brewers,Pittsburgh Pirates,154,2026-08-05T23:40:54+00:00,455,2026-08-04T20:45:02.503656+00:00,96951.496344,1,1,false,,,0.5315068493150684,0.5315068493150684,0,0,1,2026-08-04T20:44:45+00:00,2026-08-04T20:44:45+00:00,17.503656,17.503656
H2-v1-SHARP-M3,H2-v1,1614997,0xeb6b5b543f3b93fc99f0913e144b55d57e7fa24f9594489b519b6c3487d4189c,mlb-pit-mil-2026-08-05,Milwaukee Brewers,Pittsburgh Pirates,154,2026-08-05T23:40:54+00:00,457,2026-08-04T21:00:02.179226+00:00,96051.820774,1,1,false,,,0.5315068493150684,0.5315068493150684,0,0,1,2026-08-04T20:59:48+00:00,2026-08-04T20:59:48+00:00,14.179226,14.179226
H2-v1-SHARP-M3,H2-v1,1614997,0xeb6b5b543f3b93fc99f0913e144b55d57e7fa24f9594489b519b6c3487d4189c,mlb-pit-mil-2026-08-05,Milwaukee Brewers,Pittsburgh Pirates,154,2026-08-05T23:40:54+00:00,461,2026-08-04T21:45:01.964130+00:00,93352.03587,1,1,false,,,0.5315068493150684,0.5315068493150684,0,0,1,2026-08-04T21:44:56+00:00,2026-08-04T21:44:56+00:00,5.96413,5.96413
H2-v1-SHARP-M3,H2-v1,1614997,0xeb6b5b543f3b93fc99f0913e144b55d57e7fa24f9594489b519b6c3487d4189c,mlb-pit-mil-2026-08-05,Milwaukee Brewers,Pittsburgh Pirates,154,2026-08-05T23:40:54+00:00,463,2026-08-04T22:00:02.809990+00:00,92451.19001,1,1,false,,,0.5315068493150684,0.5315068493150684,0,0,1,2026-08-04T21:59:52+00:00,2026-08-04T21:59:52+00:00,10.80999,10.80999
H2-v1-SHARP-M3,H2-v1,1614997,0xeb6b5b543f3b93fc99f0913e144b55d57e7fa24f9594489b519b6c3487d4189c,mlb-pit-mil-2026-08-05,Milwaukee Brewers,Pittsburgh Pirates,154,2026-08-05T23:40:54+00:00,467,2026-08-04T22:45:01.709640+00:00,89752.29036,1,1,false,,,0.5315068493150684,0.5315068493150684,0,0,1,2026-08-04T22:44:50+00:00,2026-08-04T22:44:50+00:00,11.70964,11.70964
H2-v1-SHARP-M3,H2-v1,1614997,0xeb6b5b543f3b93fc99f0913e144b55d57e7fa24f9594489b519b6c3487d4189c,mlb-pit-mil-2026-08-05,Milwaukee Brewers,Pittsburgh Pirates,154,2026-08-05T23:40:54+00:00,469,2026-08-04T23:00:02.055369+00:00,88851.944631,1,1,false,,,0.5355191256830601,0.5355191256830601,0,0,1,2026-08-04T22:59:58+00:00,2026-08-04T22:59:58+00:00,4.055369,4.055369
H2-v1-SHARP-M3,H2-v1,1614997,0xeb6b5b543f3b93fc99f0913e144b55d57e7fa24f9594489b519b6c3487d4189c,mlb-pit-mil-2026-08-05,Milwaukee Brewers,Pittsburgh Pirates,154,2026-08-05T23:40:54+00:00,502,2026-08-05T04:45:01.917302+00:00,68152.082698,2,2,true,,0.549618320610687,0.5459459459459459,0.54778213327831645,0,1,1,2026-08-05T04:44:38+00:00,2026-08-05T04:44:58+00:00,13.917302,23.917302
H2-v1-SHARP-M3,H2-v1,1614997,0xeb6b5b543f3b93fc99f0913e144b55d57e7fa24f9594489b519b6c3487d4189c,mlb-pit-mil-2026-08-05,Milwaukee Brewers,Pittsburgh Pirates,154,2026-08-05T23:40:54+00:00,556,2026-08-05T18:00:13.551283+00:00,20440.448717,4,3,true,0.5449999999999999,0.5472636815920399,0.5454545454545454,0.5454545454545454,2,1,1,2026-08-05T17:59:51+00:00,2026-08-05T18:00:11+00:00,11.051283,22.551283
H2-v1-SHARP-M3,H2-v1,1614997,0xeb6b5b543f3b93fc99f0913e144b55d57e7fa24f9594489b519b6c3487d4189c,mlb-pit-mil-2026-08-05,Milwaukee Brewers,Pittsburgh Pirates,154,2026-08-05T23:40:54+00:00,560,2026-08-05T18:45:01.986126+00:00,17752.013874,4,3,true,0.5449999999999999,0.5472636815920399,0.5454545454545454,0.5454545454545454,2,1,1,2026-08-05T18:44:56+00:00,2026-08-05T18:44:58+00:00,4.986126,5.986126
H2-v1-SHARP-M3,H2-v1,1614997,0xeb6b5b543f3b93fc99f0913e144b55d57e7fa24f9594489b519b6c3487d4189c,mlb-pit-mil-2026-08-05,Milwaukee Brewers,Pittsburgh Pirates,154,2026-08-05T23:40:54+00:00,562,2026-08-05T19:00:02.356984+00:00,16851.643016,4,3,true,0.5449999999999999,0.5472636815920399,0.5454545454545454,0.5454545454545454,2,1,1,2026-08-05T18:59:42+00:00,2026-08-05T18:59:55+00:00,14.856984,20.356984
H2-v1-SHARP-M3,H2-v1,1614997,0xeb6b5b543f3b93fc99f0913e144b55d57e7fa24f9594489b519b6c3487d4189c,mlb-pit-mil-2026-08-05,Milwaukee Brewers,Pittsburgh Pirates,154,2026-08-05T23:40:54+00:00,566,2026-08-05T19:45:02.350364+00:00,14151.649636,4,3,true,0.5472636815920399,0.5459057071960297,0.5454545454545454,0.5459057071960297,2,1,1,2026-08-05T19:44:43+00:00,2026-08-05T19:44:53+00:00,14.350364,19.350364
H2-v1-SHARP-M3,H2-v1,1614997,0xeb6b5b543f3b93fc99f0913e144b55d57e7fa24f9594489b519b6c3487d4189c,mlb-pit-mil-2026-08-05,Milwaukee Brewers,Pittsburgh Pirates,154,2026-08-05T23:40:54+00:00,568,2026-08-05T20:00:02.773993+00:00,13251.226007,4,3,true,0.5472636815920399,0.5459057071960297,0.5454545454545454,0.5459057071960297,2,1,1,2026-08-05T19:59:51+00:00,2026-08-05T20:00:01+00:00,10.773993,11.773993
H2-v1-SHARP-M3,H2-v1,1614997,0xeb6b5b543f3b93fc99f0913e144b55d57e7fa24f9594489b519b6c3487d4189c,mlb-pit-mil-2026-08-05,Milwaukee Brewers,Pittsburgh Pirates,154,2026-08-05T23:40:54+00:00,657,2026-08-05T22:45:02.724892+00:00,3351.275108,4,3,true,0.5449999999999999,0.5449999999999999,0.5468354430379747,0.5449999999999999,2,1,1,2026-08-05T22:44:47+00:00,2026-08-05T22:44:58+00:00,6.724892,15.724892
H2-v1-SHARP-M3,H2-v1,1614997,0xeb6b5b543f3b93fc99f0913e144b55d57e7fa24f9594489b519b6c3487d4189c,mlb-pit-mil-2026-08-05,Milwaukee Brewers,Pittsburgh Pirates,154,2026-08-05T23:40:54+00:00,674,2026-08-05T23:00:02.618195+00:00,2451.381805,4,3,true,0.5449999999999999,0.5449999999999999,0.5468354430379747,0.5449999999999999,2,1,1,2026-08-05T22:59:43+00:00,2026-08-05T22:59:56+00:00,8.118195,19.618195
H2-v1-SHARP-M3,H2-v1,1614994,0xca8788f29aef5bf45042ae2567a20e4fef6494bac01ffdad9934a727b5784edc,mlb-min-kc-2026-08-05,Kansas City Royals,Minnesota Twins,54,2026-08-05T23:41:00+00:00,443,2026-08-04T18:45:02.244229+00:00,104157.755771,1,1,false,,,0.5137362637362637,0.5137362637362637,0,0,1,2026-08-04T18:44:44+00:00,2026-08-04T18:44:44+00:00,18.244229,18.244229
H2-v1-SHARP-M3,H2-v1,1614994,0xca8788f29aef5bf45042ae2567a20e4fef6494bac01ffdad9934a727b5784edc,mlb-min-kc-2026-08-05,Kansas City Royals,Minnesota Twins,54,2026-08-05T23:41:00+00:00,445,2026-08-04T19:00:02.432024+00:00,103257.567976,1,1,false,,,0.5137362637362637,0.5137362637362637,0,0,1,2026-08-04T18:59:59+00:00,2026-08-04T18:59:59+00:00,3.432024,3.432024
H2-v1-SHARP-M3,H2-v1,1614994,0xca8788f29aef5bf45042ae2567a20e4fef6494bac01ffdad9934a727b5784edc,mlb-min-kc-2026-08-05,Kansas City Royals,Minnesota Twins,54,2026-08-05T23:41:00+00:00,449,2026-08-04T19:45:01.941108+00:00,100558.058892,1,1,false,,,0.5137362637362637,0.5137362637362637,0,0,1,2026-08-04T19:44:52+00:00,2026-08-04T19:44:52+00:00,9.941108,9.941108
H2-v1-SHARP-M3,H2-v1,1614994,0xca8788f29aef5bf45042ae2567a20e4fef6494bac01ffdad9934a727b5784edc,mlb-min-kc-2026-08-05,Kansas City Royals,Minnesota Twins,54,2026-08-05T23:41:00+00:00,451,2026-08-04T20:00:02.387362+00:00,99657.612638,1,1,false,,,0.5137362637362637,0.5137362637362637,0,0,1,2026-08-04T19:59:40+00:00,2026-08-04T19:59:40+00:00,22.387362,22.387362
H2-v1-SHARP-M3,H2-v1,1614994,0xca8788f29aef5bf45042ae2567a20e4fef6494bac01ffdad9934a727b5784edc,mlb-min-kc-2026-08-05,Kansas City Royals,Minnesota Twins,54,2026-08-05T23:41:00+00:00,455,2026-08-04T20:45:02.503656+00:00,96957.496344,1,1,false,,,0.5096418732782371,0.5096418732782371,0,0,1,2026-08-04T20:44:45+00:00,2026-08-04T20:44:45+00:00,17.503656,17.503656
H2-v1-SHARP-M3,H2-v1,1614994,0xca8788f29aef5bf45042ae2567a20e4fef6494bac01ffdad9934a727b5784edc,mlb-min-kc-2026-08-05,Kansas City Royals,Minnesota Twins,54,2026-08-05T23:41:00+00:00,457,2026-08-04T21:00:02.179226+00:00,96057.820774,1,1,false,,,0.5096418732782371,0.5096418732782371,0,0,1,2026-08-04T20:59:48+00:00,2026-08-04T20:59:48+00:00,14.179226,14.179226
H2-v1-SHARP-M3,H2-v1,1614994,0xca8788f29aef5bf45042ae2567a20e4fef6494bac01ffdad9934a727b5784edc,mlb-min-kc-2026-08-05,Kansas City Royals,Minnesota Twins,54,2026-08-05T23:41:00+00:00,461,2026-08-04T21:45:01.964130+00:00,93358.03587,1,1,false,,,0.5096418732782371,0.5096418732782371,0,0,1,2026-08-04T21:44:56+00:00,2026-08-04T21:44:56+00:00,5.96413,5.96413
H2-v1-SHARP-M3,H2-v1,1614994,0xca8788f29aef5bf45042ae2567a20e4fef6494bac01ffdad9934a727b5784edc,mlb-min-kc-2026-08-05,Kansas City Royals,Minnesota Twins,54,2026-08-05T23:41:00+00:00,463,2026-08-04T22:00:02.809990+00:00,92457.19001,1,1,false,,,0.5096418732782371,0.5096418732782371,0,0,1,2026-08-04T21:59:52+00:00,2026-08-04T21:59:52+00:00,10.80999,10.80999
H2-v1-SHARP-M3,H2-v1,1614994,0xca8788f29aef5bf45042ae2567a20e4fef6494bac01ffdad9934a727b5784edc,mlb-min-kc-2026-08-05,Kansas City Royals,Minnesota Twins,54,2026-08-05T23:41:00+00:00,467,2026-08-04T22:45:01.709640+00:00,89758.29036,1,1,false,,,0.5096418732782371,0.5096418732782371,0,0,1,2026-08-04T22:44:50+00:00,2026-08-04T22:44:50+00:00,11.70964,11.70964
H2-v1-SHARP-M3,H2-v1,1614994,0xca8788f29aef5bf45042ae2567a20e4fef6494bac01ffdad9934a727b5784edc,mlb-min-kc-2026-08-05,Kansas City Royals,Minnesota Twins,54,2026-08-05T23:41:00+00:00,469,2026-08-04T23:00:02.055369+00:00,88857.944631,1,1,false,,,0.5096418732782371,0.5096418732782371,0,0,1,2026-08-04T22:59:58+00:00,2026-08-04T22:59:58+00:00,4.055369,4.055369
H2-v1-SHARP-M3,H2-v1,1614994,0xca8788f29aef5bf45042ae2567a20e4fef6494bac01ffdad9934a727b5784edc,mlb-min-kc-2026-08-05,Kansas City Royals,Minnesota Twins,54,2026-08-05T23:41:00+00:00,502,2026-08-05T04:45:01.917302+00:00,68158.082698,2,2,true,,0.517948717948718,0.5067385444743935,0.51234363121155575,0,1,1,2026-08-05T04:44:38+00:00,2026-08-05T04:44:58+00:00,13.917302,23.917302
H2-v1-SHARP-M3,H2-v1,1614994,0xca8788f29aef5bf45042ae2567a20e4fef6494bac01ffdad9934a727b5784edc,mlb-min-kc-2026-08-05,Kansas City Royals,Minnesota Twins,54,2026-08-05T23:41:00+00:00,556,2026-08-05T18:00:13.551283+00:00,20446.448717,4,3,true,0.53,0.53,0.5316455696202531,0.53,2,1,1,2026-08-05T17:59:51+00:00,2026-08-05T18:00:11+00:00,11.051283,22.551283
H2-v1-SHARP-M3,H2-v1,1614994,0xca8788f29aef5bf45042ae2567a20e4fef6494bac01ffdad9934a727b5784edc,mlb-min-kc-2026-08-05,Kansas City Royals,Minnesota Twins,54,2026-08-05T23:41:00+00:00,560,2026-08-05T18:45:01.986126+00:00,17758.013874,4,3,true,0.53,0.53,0.5316455696202531,0.53,2,1,1,2026-08-05T18:44:56+00:00,2026-08-05T18:44:58+00:00,4.986126,5.986126
H2-v1-SHARP-M3,H2-v1,1614994,0xca8788f29aef5bf45042ae2567a20e4fef6494bac01ffdad9934a727b5784edc,mlb-min-kc-2026-08-05,Kansas City Royals,Minnesota Twins,54,2026-08-05T23:41:00+00:00,562,2026-08-05T19:00:02.356984+00:00,16857.643016,4,3,true,0.53,0.53,0.5316455696202531,0.53,2,1,1,2026-08-05T18:59:42+00:00,2026-08-05T18:59:55+00:00,14.856984,20.356984
H2-v1-SHARP-M3,H2-v1,1614994,0xca8788f29aef5bf45042ae2567a20e4fef6494bac01ffdad9934a727b5784edc,mlb-min-kc-2026-08-05,Kansas City Royals,Minnesota Twins,54,2026-08-05T23:41:00+00:00,566,2026-08-05T19:45:02.350364+00:00,14157.649636,4,3,true,0.53316416040100245,0.531328320802005,0.5316455696202531,0.5316455696202531,2,1,1,2026-08-05T19:44:43+00:00,2026-08-05T19:44:53+00:00,14.350364,19.350364
H2-v1-SHARP-M3,H2-v1,1614994,0xca8788f29aef5bf45042ae2567a20e4fef6494bac01ffdad9934a727b5784edc,mlb-min-kc-2026-08-05,Kansas City Royals,Minnesota Twins,54,2026-08-05T23:41:00+00:00,568,2026-08-05T20:00:02.773993+00:00,13257.226007,4,3,true,0.531328320802005,0.531328320802005,0.5316455696202531,0.531328320802005,2,1,1,2026-08-05T19:59:51+00:00,2026-08-05T20:00:01+00:00,10.773993,11.773993
H2-v1-SHARP-M3,H2-v1,1614994,0xca8788f29aef5bf45042ae2567a20e4fef6494bac01ffdad9934a727b5784edc,mlb-min-kc-2026-08-05,Kansas City Royals,Minnesota Twins,54,2026-08-05T23:41:00+00:00,657,2026-08-05T22:45:02.724892+00:00,3357.275108,4,3,true,0.531328320802005,0.531328320802005,0.5316455696202531,0.531328320802005,2,1,1,2026-08-05T22:44:47+00:00,2026-08-05T22:44:58+00:00,6.724892,15.724892
H2-v1-SHARP-M3,H2-v1,1614994,0xca8788f29aef5bf45042ae2567a20e4fef6494bac01ffdad9934a727b5784edc,mlb-min-kc-2026-08-05,Kansas City Royals,Minnesota Twins,54,2026-08-05T23:41:00+00:00,674,2026-08-05T23:00:02.618195+00:00,2457.381805,4,3,true,0.531328320802005,0.531328320802005,0.5316455696202531,0.531328320802005,2,1,1,2026-08-05T22:59:43+00:00,2026-08-05T22:59:56+00:00,8.118195,19.618195
H2-v1-SHARP-M3,H2-v1,1614988,0xfa7715db801d85d5f0909d56c4cf912b3412d5b4f043880f042293a3f29e3b3c,mlb-stl-nyy-2026-08-05,New York Yankees,St. Louis Cardinals,51,2026-08-06T00:15:00+00:00,443,2026-08-04T18:45:02.244229+00:00,106197.755771,1,1,false,,,0.5691056910569106,0.5691056910569106,0,0,1,2026-08-04T18:44:44+00:00,2026-08-04T18:44:44+00:00,18.244229,18.244229
H2-v1-SHARP-M3,H2-v1,1614988,0xfa7715db801d85d5f0909d56c4cf912b3412d5b4f043880f042293a3f29e3b3c,mlb-stl-nyy-2026-08-05,New York Yankees,St. Louis Cardinals,51,2026-08-06T00:15:00+00:00,445,2026-08-04T19:00:02.432024+00:00,105297.567976,1,1,false,,,0.5691056910569106,0.5691056910569106,0,0,1,2026-08-04T18:59:59+00:00,2026-08-04T18:59:59+00:00,3.432024,3.432024
H2-v1-SHARP-M3,H2-v1,1614988,0xfa7715db801d85d5f0909d56c4cf912b3412d5b4f043880f042293a3f29e3b3c,mlb-stl-nyy-2026-08-05,New York Yankees,St. Louis Cardinals,51,2026-08-06T00:15:00+00:00,449,2026-08-04T19:45:01.941108+00:00,102598.058892,1,1,false,,,0.5691056910569106,0.5691056910569106,0,0,1,2026-08-04T19:44:52+00:00,2026-08-04T19:44:52+00:00,9.941108,9.941108
H2-v1-SHARP-M3,H2-v1,1614988,0xfa7715db801d85d5f0909d56c4cf912b3412d5b4f043880f042293a3f29e3b3c,mlb-stl-nyy-2026-08-05,New York Yankees,St. Louis Cardinals,51,2026-08-06T00:15:00+00:00,451,2026-08-04T20:00:02.387362+00:00,101697.612638,1,1,false,,,0.5691056910569106,0.5691056910569106,0,0,1,2026-08-04T19:59:40+00:00,2026-08-04T19:59:40+00:00,22.387362,22.387362
H2-v1-SHARP-M3,H2-v1,1614988,0xfa7715db801d85d5f0909d56c4cf912b3412d5b4f043880f042293a3f29e3b3c,mlb-stl-nyy-2026-08-05,New York Yankees,St. Louis Cardinals,51,2026-08-06T00:15:00+00:00,455,2026-08-04T20:45:02.503656+00:00,98997.496344,1,1,false,,,0.5691056910569106,0.5691056910569106,0,0,1,2026-08-04T20:44:45+00:00,2026-08-04T20:44:45+00:00,17.503656,17.503656
H2-v1-SHARP-M3,H2-v1,1614988,0xfa7715db801d85d5f0909d56c4cf912b3412d5b4f043880f042293a3f29e3b3c,mlb-stl-nyy-2026-08-05,New York Yankees,St. Louis Cardinals,51,2026-08-06T00:15:00+00:00,457,2026-08-04T21:00:02.179226+00:00,98097.820774,1,1,false,,,0.5691056910569106,0.5691056910569106,0,0,1,2026-08-04T20:59:48+00:00,2026-08-04T20:59:48+00:00,14.179226,14.179226
H2-v1-SHARP-M3,H2-v1,1614988,0xfa7715db801d85d5f0909d56c4cf912b3412d5b4f043880f042293a3f29e3b3c,mlb-stl-nyy-2026-08-05,New York Yankees,St. Louis Cardinals,51,2026-08-06T00:15:00+00:00,461,2026-08-04T21:45:01.964130+00:00,95398.03587,1,1,false,,,0.5691056910569106,0.5691056910569106,0,0,1,2026-08-04T21:44:56+00:00,2026-08-04T21:44:56+00:00,5.96413,5.96413
H2-v1-SHARP-M3,H2-v1,1614988,0xfa7715db801d85d5f0909d56c4cf912b3412d5b4f043880f042293a3f29e3b3c,mlb-stl-nyy-2026-08-05,New York Yankees,St. Louis Cardinals,51,2026-08-06T00:15:00+00:00,463,2026-08-04T22:00:02.809990+00:00,94497.19001,1,1,false,,,0.5691056910569106,0.5691056910569106,0,0,1,2026-08-04T21:59:52+00:00,2026-08-04T21:59:52+00:00,10.80999,10.80999
H2-v1-SHARP-M3,H2-v1,1614988,0xfa7715db801d85d5f0909d56c4cf912b3412d5b4f043880f042293a3f29e3b3c,mlb-stl-nyy-2026-08-05,New York Yankees,St. Louis Cardinals,51,2026-08-06T00:15:00+00:00,467,2026-08-04T22:45:01.709640+00:00,91798.29036,1,1,false,,,0.5691056910569106,0.5691056910569106,0,0,1,2026-08-04T22:44:50+00:00,2026-08-04T22:44:50+00:00,11.70964,11.70964
H2-v1-SHARP-M3,H2-v1,1614988,0xfa7715db801d85d5f0909d56c4cf912b3412d5b4f043880f042293a3f29e3b3c,mlb-stl-nyy-2026-08-05,New York Yankees,St. Louis Cardinals,51,2026-08-06T00:15:00+00:00,469,2026-08-04T23:00:02.055369+00:00,90897.944631,1,1,false,,,0.5752688172043011,0.5752688172043011,0,0,1,2026-08-04T22:59:58+00:00,2026-08-04T22:59:58+00:00,4.055369,4.055369
H2-v1-SHARP-M3,H2-v1,1614988,0xfa7715db801d85d5f0909d56c4cf912b3412d5b4f043880f042293a3f29e3b3c,mlb-stl-nyy-2026-08-05,New York Yankees,St. Louis Cardinals,51,2026-08-06T00:15:00+00:00,502,2026-08-05T04:45:01.917302+00:00,70198.082698,2,2,true,,0.5835411471321695,0.5782493368700266,0.58089524200109805,0,1,1,2026-08-05T04:44:38+00:00,2026-08-05T04:44:58+00:00,13.917302,23.917302
H2-v1-SHARP-M3,H2-v1,1614988,0xfa7715db801d85d5f0909d56c4cf912b3412d5b4f043880f042293a3f29e3b3c,mlb-stl-nyy-2026-08-05,New York Yankees,St. Louis Cardinals,51,2026-08-06T00:15:00+00:00,556,2026-08-05T18:00:13.551283+00:00,22486.448717,4,3,true,0.5922330097087379,0.5922330097087379,0.5911330049261084,0.5922330097087379,2,1,1,2026-08-05T17:59:51+00:00,2026-08-05T18:00:11+00:00,11.051283,22.551283
H2-v1-SHARP-M3,H2-v1,1614988,0xfa7715db801d85d5f0909d56c4cf912b3412d5b4f043880f042293a3f29e3b3c,mlb-stl-nyy-2026-08-05,New York Yankees,St. Louis Cardinals,51,2026-08-06T00:15:00+00:00,560,2026-08-05T18:45:01.986126+00:00,19798.013874,4,3,true,0.5922330097087379,0.5922330097087379,0.5931372549019608,0.5922330097087379,2,1,1,2026-08-05T18:44:56+00:00,2026-08-05T18:44:58+00:00,4.986126,5.986126
H2-v1-SHARP-M3,H2-v1,1614988,0xfa7715db801d85d5f0909d56c4cf912b3412d5b4f043880f042293a3f29e3b3c,mlb-stl-nyy-2026-08-05,New York Yankees,St. Louis Cardinals,51,2026-08-06T00:15:00+00:00,562,2026-08-05T19:00:02.356984+00:00,18897.643016,4,3,true,0.5956416464891041,0.5956416464891041,0.5925925925925927,0.5956416464891041,2,1,1,2026-08-05T18:59:42+00:00,2026-08-05T18:59:55+00:00,14.856984,20.356984
H2-v1-SHARP-M3,H2-v1,1614988,0xfa7715db801d85d5f0909d56c4cf912b3412d5b4f043880f042293a3f29e3b3c,mlb-stl-nyy-2026-08-05,New York Yankees,St. Louis Cardinals,51,2026-08-06T00:15:00+00:00,566,2026-08-05T19:45:02.350364+00:00,16197.649636,4,3,true,0.5936739659367397,0.5956416464891041,0.5945945945945945,0.5945945945945945,2,1,1,2026-08-05T19:44:43+00:00,2026-08-05T19:44:53+00:00,14.350364,19.350364
H2-v1-SHARP-M3,H2-v1,1614988,0xfa7715db801d85d5f0909d56c4cf912b3412d5b4f043880f042293a3f29e3b3c,mlb-stl-nyy-2026-08-05,New York Yankees,St. Louis Cardinals,51,2026-08-06T00:15:00+00:00,568,2026-08-05T20:00:02.773993+00:00,15297.226007,4,3,true,0.5922330097087379,0.5942028985507247,0.5945945945945945,0.5942028985507247,2,1,1,2026-08-05T19:59:51+00:00,2026-08-05T20:00:01+00:00,10.773993,11.773993
H2-v1-SHARP-M3,H2-v1,1614988,0xfa7715db801d85d5f0909d56c4cf912b3412d5b4f043880f042293a3f29e3b3c,mlb-stl-nyy-2026-08-05,New York Yankees,St. Louis Cardinals,51,2026-08-06T00:15:00+00:00,657,2026-08-05T22:45:02.724892+00:00,5397.275108,4,3,true,0.58679706601467,0.58679706601467,0.5891089108910892,0.58679706601467,2,1,1,2026-08-05T22:44:47+00:00,2026-08-05T22:44:58+00:00,6.724892,15.724892
H2-v1-SHARP-M3,H2-v1,1614988,0xfa7715db801d85d5f0909d56c4cf912b3412d5b4f043880f042293a3f29e3b3c,mlb-stl-nyy-2026-08-05,New York Yankees,St. Louis Cardinals,51,2026-08-06T00:15:00+00:00,674,2026-08-05T23:00:02.618195+00:00,4497.381805,4,3,true,0.58679706601467,0.58679706601467,0.5891089108910892,0.58679706601467,2,1,1,2026-08-05T22:59:43+00:00,2026-08-05T22:59:56+00:00,8.118195,19.618195
H2-v1-SHARP-M3,H2-v1,1614988,0xfa7715db801d85d5f0909d56c4cf912b3412d5b4f043880f042293a3f29e3b3c,mlb-stl-nyy-2026-08-05,New York Yankees,St. Louis Cardinals,51,2026-08-06T00:15:00+00:00,723,2026-08-05T23:45:02.059248+00:00,1797.940752,4,3,true,0.5922330097087379,0.5896805896805897,0.5782493368700266,0.5896805896805897,2,1,1,2026-08-05T23:44:58+00:00,2026-08-05T23:45:00+00:00,3.059248,4.059248
H2-v1-SHARP-M3,H2-v1,1614988,0xfa7715db801d85d5f0909d56c4cf912b3412d5b4f043880f042293a3f29e3b3c,mlb-stl-nyy-2026-08-05,New York Yankees,St. Louis Cardinals,51,2026-08-06T00:15:00+00:00,740,2026-08-06T00:00:03.326775+00:00,896.673225,4,3,true,0.59123845607388115,0.5876543209876544,0.5782493368700266,0.5876543209876544,2,1,1,2026-08-05T23:59:55+00:00,2026-08-05T23:59:56+00:00,8.326775,8.326775
H2-v1-SHARP-M3,H2-v1,1673808,0x4dbdf2191c0660d1c9b97ce261b42cdd2ec51555574cf4863d7128083093a6b2,mlb-sd-ari-2026-08-06,Arizona Diamondbacks,San Diego Padres,156,2026-08-06T01:41:00+00:00,457,2026-08-04T21:00:02.179226+00:00,103257.820774,1,1,false,,,0.5,0.5,0,0,1,2026-08-04T20:59:48+00:00,2026-08-04T20:59:48+00:00,14.179226,14.179226
H2-v1-SHARP-M3,H2-v1,1673808,0x4dbdf2191c0660d1c9b97ce261b42cdd2ec51555574cf4863d7128083093a6b2,mlb-sd-ari-2026-08-06,Arizona Diamondbacks,San Diego Padres,156,2026-08-06T01:41:00+00:00,461,2026-08-04T21:45:01.964130+00:00,100558.03587,1,1,false,,,0.5,0.5,0,0,1,2026-08-04T21:44:56+00:00,2026-08-04T21:44:56+00:00,5.96413,5.96413
H2-v1-SHARP-M3,H2-v1,1673808,0x4dbdf2191c0660d1c9b97ce261b42cdd2ec51555574cf4863d7128083093a6b2,mlb-sd-ari-2026-08-06,Arizona Diamondbacks,San Diego Padres,156,2026-08-06T01:41:00+00:00,463,2026-08-04T22:00:02.809990+00:00,99657.19001,1,1,false,,,0.5,0.5,0,0,1,2026-08-04T21:59:52+00:00,2026-08-04T21:59:52+00:00,10.80999,10.80999
H2-v1-SHARP-M3,H2-v1,1673808,0x4dbdf2191c0660d1c9b97ce261b42cdd2ec51555574cf4863d7128083093a6b2,mlb-sd-ari-2026-08-06,Arizona Diamondbacks,San Diego Padres,156,2026-08-06T01:41:00+00:00,467,2026-08-04T22:45:01.709640+00:00,96958.29036,1,1,false,,,0.5,0.5,0,0,1,2026-08-04T22:44:50+00:00,2026-08-04T22:44:50+00:00,11.70964,11.70964
H2-v1-SHARP-M3,H2-v1,1673808,0x4dbdf2191c0660d1c9b97ce261b42cdd2ec51555574cf4863d7128083093a6b2,mlb-sd-ari-2026-08-06,Arizona Diamondbacks,San Diego Padres,156,2026-08-06T01:41:00+00:00,469,2026-08-04T23:00:02.055369+00:00,96057.944631,1,1,false,,,0.5,0.5,0,0,1,2026-08-04T22:59:58+00:00,2026-08-04T22:59:58+00:00,4.055369,4.055369
H2-v1-SHARP-M3,H2-v1,1673808,0x4dbdf2191c0660d1c9b97ce261b42cdd2ec51555574cf4863d7128083093a6b2,mlb-sd-ari-2026-08-06,Arizona Diamondbacks,San Diego Padres,156,2026-08-06T01:41:00+00:00,502,2026-08-05T04:45:01.917302+00:00,75358.082698,2,2,true,,0.4750656167979003,0.48387096774193555,0.479468292269917925,0,1,1,2026-08-05T04:44:38+00:00,2026-08-05T04:44:58+00:00,13.917302,23.917302
H2-v1-SHARP-M3,H2-v1,1673808,0x4dbdf2191c0660d1c9b97ce261b42cdd2ec51555574cf4863d7128083093a6b2,mlb-sd-ari-2026-08-06,Arizona Diamondbacks,San Diego Padres,156,2026-08-06T01:41:00+00:00,556,2026-08-05T18:00:13.551283+00:00,27646.448717,4,3,true,0.4609571788413098,0.4609571788413098,0.45959595959595967,0.4609571788413098,2,1,1,2026-08-05T17:59:51+00:00,2026-08-05T18:00:11+00:00,11.051283,22.551283
H2-v1-SHARP-M3,H2-v1,1673808,0x4dbdf2191c0660d1c9b97ce261b42cdd2ec51555574cf4863d7128083093a6b2,mlb-sd-ari-2026-08-06,Arizona Diamondbacks,San Diego Padres,156,2026-08-06T01:41:00+00:00,560,2026-08-05T18:45:01.986126+00:00,24958.013874,4,3,true,0.45864661654135336,0.45864661654135336,0.45959595959595967,0.45864661654135336,2,1,1,2026-08-05T18:44:56+00:00,2026-08-05T18:44:58+00:00,4.986126,5.986126
H2-v1-SHARP-M3,H2-v1,1673808,0x4dbdf2191c0660d1c9b97ce261b42cdd2ec51555574cf4863d7128083093a6b2,mlb-sd-ari-2026-08-06,Arizona Diamondbacks,San Diego Padres,156,2026-08-06T01:41:00+00:00,562,2026-08-05T19:00:02.356984+00:00,24057.643016,4,3,true,0.45864661654135336,0.45864661654135336,0.45959595959595967,0.45864661654135336,2,1,1,2026-08-05T18:59:42+00:00,2026-08-05T18:59:55+00:00,14.856984,20.356984
H2-v1-SHARP-M3,H2-v1,1673808,0x4dbdf2191c0660d1c9b97ce261b42cdd2ec51555574cf4863d7128083093a6b2,mlb-sd-ari-2026-08-06,Arizona Diamondbacks,San Diego Padres,156,2026-08-06T01:41:00+00:00,566,2026-08-05T19:45:02.350364+00:00,21357.649636,4,3,true,0.457286432160804,0.45864661654135336,0.457286432160804,0.457286432160804,2,1,1,2026-08-05T19:44:43+00:00,2026-08-05T19:44:53+00:00,14.350364,19.350364
H2-v1-SHARP-M3,H2-v1,1673808,0x4dbdf2191c0660d1c9b97ce261b42cdd2ec51555574cf4863d7128083093a6b2,mlb-sd-ari-2026-08-06,Arizona Diamondbacks,San Diego Padres,156,2026-08-06T01:41:00+00:00,568,2026-08-05T20:00:02.773993+00:00,20457.226007,4,3,true,0.4563591022443891,0.4563591022443891,0.457286432160804,0.4563591022443891,2,1,1,2026-08-05T19:59:51+00:00,2026-08-05T20:00:01+00:00,10.773993,11.773993
H2-v1-SHARP-M3,H2-v1,1673808,0x4dbdf2191c0660d1c9b97ce261b42cdd2ec51555574cf4863d7128083093a6b2,mlb-sd-ari-2026-08-06,Arizona Diamondbacks,San Diego Padres,156,2026-08-06T01:41:00+00:00,657,2026-08-05T22:45:02.724892+00:00,10557.275108,4,3,true,0.44776119402985065,0.44776119402985065,0.4486215538847118,0.44776119402985065,2,1,1,2026-08-05T22:44:47+00:00,2026-08-05T22:44:58+00:00,6.724892,15.724892
H2-v1-SHARP-M3,H2-v1,1673808,0x4dbdf2191c0660d1c9b97ce261b42cdd2ec51555574cf4863d7128083093a6b2,mlb-sd-ari-2026-08-06,Arizona Diamondbacks,San Diego Padres,156,2026-08-06T01:41:00+00:00,674,2026-08-05T23:00:02.618195+00:00,9657.381805,4,3,true,0.4463840399002494,0.4427860696517413,0.4486215538847118,0.4463840399002494,2,1,1,2026-08-05T22:59:43+00:00,2026-08-05T22:59:56+00:00,8.118195,19.618195
H2-v1-SHARP-M3,H2-v1,1673808,0x4dbdf2191c0660d1c9b97ce261b42cdd2ec51555574cf4863d7128083093a6b2,mlb-sd-ari-2026-08-06,Arizona Diamondbacks,San Diego Padres,156,2026-08-06T01:41:00+00:00,723,2026-08-05T23:45:02.059248+00:00,6957.940752,4,3,true,0.43920595533498763,0.4405940594059406,0.4371859296482412,0.43920595533498763,2,1,1,2026-08-05T23:44:58+00:00,2026-08-05T23:45:00+00:00,3.059248,4.059248
H2-v1-SHARP-M3,H2-v1,1673808,0x4dbdf2191c0660d1c9b97ce261b42cdd2ec51555574cf4863d7128083093a6b2,mlb-sd-ari-2026-08-06,Arizona Diamondbacks,San Diego Padres,156,2026-08-06T01:41:00+00:00,740,2026-08-06T00:00:03.326775+00:00,6056.673225,4,3,true,0.43920595533498763,0.4405940594059406,0.43576826196473545,0.43920595533498763,2,1,1,2026-08-05T23:59:55+00:00,2026-08-05T23:59:56+00:00,8.326775,8.326775
H2-v1-SHARP-M3,H2-v1,1673808,0x4dbdf2191c0660d1c9b97ce261b42cdd2ec51555574cf4863d7128083093a6b2,mlb-sd-ari-2026-08-06,Arizona Diamondbacks,San Diego Padres,156,2026-08-06T01:41:00+00:00,789,2026-08-06T00:45:03.053753+00:00,3356.946247,4,3,true,0.438508450304309765,0.4356435643564356,0.4371859296482412,0.4371859296482412,2,1,1,2026-08-06T00:44:58+00:00,2026-08-06T00:45:00+00:00,3.553753,5.053753
H2-v1-SHARP-M3,H2-v1,1673754,0xa4a9f26fc604721f0c499604ea9b0c5423966d4abf19db6e0e5146eb9d2b810a,mlb-laa-bal-2026-08-06,Baltimore Orioles,Los Angeles Angels,372,2026-08-06T16:36:00+00:00,560,2026-08-05T18:45:01.986126+00:00,78658.013874,1,1,false,,,0.5828877005347594,0.5828877005347594,0,0,1,2026-08-05T18:44:58+00:00,2026-08-05T18:44:58+00:00,3.986126,3.986126
H2-v1-SHARP-M3,H2-v1,1673754,0xa4a9f26fc604721f0c499604ea9b0c5423966d4abf19db6e0e5146eb9d2b810a,mlb-laa-bal-2026-08-06,Baltimore Orioles,Los Angeles Angels,372,2026-08-06T16:36:00+00:00,562,2026-08-05T19:00:02.356984+00:00,77757.643016,1,1,false,,,0.5828877005347594,0.5828877005347594,0,0,1,2026-08-05T18:59:42+00:00,2026-08-05T18:59:42+00:00,20.356984,20.356984
H2-v1-SHARP-M3,H2-v1,1673754,0xa4a9f26fc604721f0c499604ea9b0c5423966d4abf19db6e0e5146eb9d2b810a,mlb-laa-bal-2026-08-06,Baltimore Orioles,Los Angeles Angels,372,2026-08-06T16:36:00+00:00,566,2026-08-05T19:45:02.350364+00:00,75057.649636,1,1,false,,,0.5828877005347594,0.5828877005347594,0,0,1,2026-08-05T19:44:43+00:00,2026-08-05T19:44:43+00:00,19.350364,19.350364
H2-v1-SHARP-M3,H2-v1,1673754,0xa4a9f26fc604721f0c499604ea9b0c5423966d4abf19db6e0e5146eb9d2b810a,mlb-laa-bal-2026-08-06,Baltimore Orioles,Los Angeles Angels,372,2026-08-06T16:36:00+00:00,568,2026-08-05T20:00:02.773993+00:00,74157.226007,2,2,true,,0.5872576177285319,0.5941644562334217,0.5907110369809768,0,1,1,2026-08-05T19:59:53+00:00,2026-08-05T20:00:01+00:00,5.773993,9.773993
H2-v1-SHARP-M3,H2-v1,1673754,0xa4a9f26fc604721f0c499604ea9b0c5423966d4abf19db6e0e5146eb9d2b810a,mlb-laa-bal-2026-08-06,Baltimore Orioles,Los Angeles Angels,372,2026-08-06T16:36:00+00:00,657,2026-08-05T22:45:02.724892+00:00,64257.275108,2,2,true,,0.5940054495912807,0.5941644562334217,0.5940849529123512,0,1,1,2026-08-05T22:44:56+00:00,2026-08-05T22:44:58+00:00,5.724892,6.724892
H2-v1-SHARP-M3,H2-v1,1673754,0xa4a9f26fc604721f0c499604ea9b0c5423966d4abf19db6e0e5146eb9d2b810a,mlb-laa-bal-2026-08-06,Baltimore Orioles,Los Angeles Angels,372,2026-08-06T16:36:00+00:00,674,2026-08-05T23:00:02.618195+00:00,63357.381805,2,2,true,,0.5940054495912807,0.5963060686015831,0.5951557590964319,0,1,1,2026-08-05T22:59:43+00:00,2026-08-05T22:59:54+00:00,14.118195,19.618195
H2-v1-SHARP-M3,H2-v1,1673754,0xa4a9f26fc604721f0c499604ea9b0c5423966d4abf19db6e0e5146eb9d2b810a,mlb-laa-bal-2026-08-06,Baltimore Orioles,Los Angeles Angels,372,2026-08-06T16:36:00+00:00,723,2026-08-05T23:45:02.059248+00:00,60657.940752,2,2,true,,0.5907859078590787,0.5963060686015831,0.5935459882303309,0,1,1,2026-08-05T23:44:58+00:00,2026-08-05T23:44:59+00:00,3.559248,4.059248
H2-v1-SHARP-M3,H2-v1,1673754,0xa4a9f26fc604721f0c499604ea9b0c5423966d4abf19db6e0e5146eb9d2b810a,mlb-laa-bal-2026-08-06,Baltimore Orioles,Los Angeles Angels,372,2026-08-06T16:36:00+00:00,740,2026-08-06T00:00:03.326775+00:00,59756.673225,2,2,true,,0.5972602739726027,0.5963060686015831,0.5967831712870929,0,1,1,2026-08-05T23:59:55+00:00,2026-08-05T23:59:56+00:00,7.826775,8.326775
H2-v1-SHARP-M3,H2-v1,1673754,0xa4a9f26fc604721f0c499604ea9b0c5423966d4abf19db6e0e5146eb9d2b810a,mlb-laa-bal-2026-08-06,Baltimore Orioles,Los Angeles Angels,372,2026-08-06T16:36:00+00:00,789,2026-08-06T00:45:03.053753+00:00,57056.946247,2,2,true,,0.5914786967418546,0.5894736842105263,0.59047619047619045,0,1,1,2026-08-06T00:44:58+00:00,2026-08-06T00:45:00+00:00,4.053753,5.053753
H2-v1-SHARP-M3,H2-v1,1673793,0x2407d896eb3c54efa8cf77183654599ecbc7d01c7f0fcf997606a1d920b2fb10,mlb-oak-cin-2026-08-06,Cincinnati Reds,Athletics,373,2026-08-06T16:41:43+00:00,560,2026-08-05T18:45:01.986126+00:00,79001.013874,1,1,false,,,0.5978835978835979,0.5978835978835979,0,0,1,2026-08-05T18:44:58+00:00,2026-08-05T18:44:58+00:00,3.986126,3.986126
H2-v1-SHARP-M3,H2-v1,1673793,0x2407d896eb3c54efa8cf77183654599ecbc7d01c7f0fcf997606a1d920b2fb10,mlb-oak-cin-2026-08-06,Cincinnati Reds,Athletics,373,2026-08-06T16:41:43+00:00,562,2026-08-05T19:00:02.356984+00:00,78100.643016,1,1,false,,,0.6089238845144357,0.6089238845144357,0,0,1,2026-08-05T18:59:42+00:00,2026-08-05T18:59:42+00:00,20.356984,20.356984
H2-v1-SHARP-M3,H2-v1,1673793,0x2407d896eb3c54efa8cf77183654599ecbc7d01c7f0fcf997606a1d920b2fb10,mlb-oak-cin-2026-08-06,Cincinnati Reds,Athletics,373,2026-08-06T16:41:43+00:00,566,2026-08-05T19:45:02.350364+00:00,75400.649636,1,1,false,,,0.6109660574412532,0.6109660574412532,0,0,1,2026-08-05T19:44:43+00:00,2026-08-05T19:44:43+00:00,19.350364,19.350364
H2-v1-SHARP-M3,H2-v1,1673793,0x2407d896eb3c54efa8cf77183654599ecbc7d01c7f0fcf997606a1d920b2fb10,mlb-oak-cin-2026-08-06,Cincinnati Reds,Athletics,373,2026-08-06T16:41:43+00:00,568,2026-08-05T20:00:02.773993+00:00,74500.226007,1,1,false,,,0.6109660574412532,0.6109660574412532,0,0,1,2026-08-05T19:59:53+00:00,2026-08-05T19:59:53+00:00,9.773993,9.773993
H2-v1-SHARP-M3,H2-v1,1673793,0x2407d896eb3c54efa8cf77183654599ecbc7d01c7f0fcf997606a1d920b2fb10,mlb-oak-cin-2026-08-06,Cincinnati Reds,Athletics,373,2026-08-06T16:41:43+00:00,657,2026-08-05T22:45:02.724892+00:00,64600.275108,2,2,true,,0.6024691358024691,0.5910290237467017,0.5967490797745854,0,1,1,2026-08-05T22:44:56+00:00,2026-08-05T22:44:58+00:00,5.724892,6.724892
H2-v1-SHARP-M3,H2-v1,1673793,0x2407d896eb3c54efa8cf77183654599ecbc7d01c7f0fcf997606a1d920b2fb10,mlb-oak-cin-2026-08-06,Cincinnati Reds,Athletics,373,2026-08-06T16:41:43+00:00,674,2026-08-05T23:00:02.618195+00:00,63700.381805,2,2,true,,0.6024691358024691,0.5894736842105263,0.5959714100064977,0,1,1,2026-08-05T22:59:43+00:00,2026-08-05T22:59:54+00:00,14.118195,19.618195
H2-v1-SHARP-M3,H2-v1,1673793,0x2407d896eb3c54efa8cf77183654599ecbc7d01c7f0fcf997606a1d920b2fb10,mlb-oak-cin-2026-08-06,Cincinnati Reds,Athletics,373,2026-08-06T16:41:43+00:00,723,2026-08-05T23:45:02.059248+00:00,61000.940752,2,2,true,,0.6024691358024691,0.5873015873015873,0.5948853615520282,0,1,1,2026-08-05T23:44:58+00:00,2026-08-05T23:44:59+00:00,3.559248,4.059248
H2-v1-SHARP-M3,H2-v1,1673793,0x2407d896eb3c54efa8cf77183654599ecbc7d01c7f0fcf997606a1d920b2fb10,mlb-oak-cin-2026-08-06,Cincinnati Reds,Athletics,373,2026-08-06T16:41:43+00:00,740,2026-08-06T00:00:03.326775+00:00,60099.673225,2,2,true,,0.6024691358024691,0.5894736842105263,0.5959714100064977,0,1,1,2026-08-05T23:59:55+00:00,2026-08-05T23:59:56+00:00,7.826775,8.326775
H2-v1-SHARP-M3,H2-v1,1673793,0x2407d896eb3c54efa8cf77183654599ecbc7d01c7f0fcf997606a1d920b2fb10,mlb-oak-cin-2026-08-06,Cincinnati Reds,Athletics,373,2026-08-06T16:41:43+00:00,789,2026-08-06T00:45:03.053753+00:00,57399.946247,2,2,true,,0.5955334987593052,0.5873015873015873,0.59141754303044625,0,1,1,2026-08-06T00:44:58+00:00,2026-08-06T00:45:00+00:00,4.053753,5.053753
H2-v1-SHARP-M3,H2-v1,1673795,0x78d1a02e5788f1fb0b915458c5e73984b83173353986cbaf53c5f9fbe1e0aa0c,mlb-nym-cle-2026-08-06,Cleveland Guardians,New York Mets,374,2026-08-06T17:11:00+00:00,560,2026-08-05T18:45:01.986126+00:00,80758.013874,1,1,false,,,0.49725274725274715,0.49725274725274715,0,0,1,2026-08-05T18:44:58+00:00,2026-08-05T18:44:58+00:00,3.986126,3.986126
H2-v1-SHARP-M3,H2-v1,1673795,0x78d1a02e5788f1fb0b915458c5e73984b83173353986cbaf53c5f9fbe1e0aa0c,mlb-nym-cle-2026-08-06,Cleveland Guardians,New York Mets,374,2026-08-06T17:11:00+00:00,562,2026-08-05T19:00:02.356984+00:00,79857.643016,1,1,false,,,0.5054945054945055,0.5054945054945055,0,0,1,2026-08-05T18:59:42+00:00,2026-08-05T18:59:42+00:00,20.356984,20.356984
H2-v1-SHARP-M3,H2-v1,1673795,0x78d1a02e5788f1fb0b915458c5e73984b83173353986cbaf53c5f9fbe1e0aa0c,mlb-nym-cle-2026-08-06,Cleveland Guardians,New York Mets,374,2026-08-06T17:11:00+00:00,566,2026-08-05T19:45:02.350364+00:00,77157.649636,1,1,false,,,0.5054945054945055,0.5054945054945055,0,0,1,2026-08-05T19:44:43+00:00,2026-08-05T19:44:43+00:00,19.350364,19.350364
H2-v1-SHARP-M3,H2-v1,1673795,0x78d1a02e5788f1fb0b915458c5e73984b83173353986cbaf53c5f9fbe1e0aa0c,mlb-nym-cle-2026-08-06,Cleveland Guardians,New York Mets,374,2026-08-06T17:11:00+00:00,568,2026-08-05T20:00:02.773993+00:00,76257.226007,1,1,false,,,0.5054945054945055,0.5054945054945055,0,0,1,2026-08-05T19:59:53+00:00,2026-08-05T19:59:53+00:00,9.773993,9.773993
H2-v1-SHARP-M3,H2-v1,1673795,0x78d1a02e5788f1fb0b915458c5e73984b83173353986cbaf53c5f9fbe1e0aa0c,mlb-nym-cle-2026-08-06,Cleveland Guardians,New York Mets,374,2026-08-06T17:11:00+00:00,657,2026-08-05T22:45:02.724892+00:00,66357.275108,2,2,true,,0.48843187660668386,0.49591280653950953,0.492172341573096695,0,1,1,2026-08-05T22:44:56+00:00,2026-08-05T22:44:58+00:00,5.724892,6.724892
H2-v1-SHARP-M3,H2-v1,1673795,0x78d1a02e5788f1fb0b915458c5e73984b83173353986cbaf53c5f9fbe1e0aa0c,mlb-nym-cle-2026-08-06,Cleveland Guardians,New York Mets,374,2026-08-06T17:11:00+00:00,674,2026-08-05T23:00:02.618195+00:00,65457.381805,2,2,true,,0.48843187660668386,0.49726775956284147,0.492849818084762665,0,1,1,2026-08-05T22:59:43+00:00,2026-08-05T22:59:54+00:00,14.118195,19.618195
H2-v1-SHARP-M3,H2-v1,1673795,0x78d1a02e5788f1fb0b915458c5e73984b83173353986cbaf53c5f9fbe1e0aa0c,mlb-nym-cle-2026-08-06,Cleveland Guardians,New York Mets,374,2026-08-06T17:11:00+00:00,723,2026-08-05T23:45:02.059248+00:00,62757.940752,2,2,true,,0.48843187660668386,0.49591280653950953,0.492172341573096695,0,1,1,2026-08-05T23:44:58+00:00,2026-08-05T23:44:59+00:00,3.559248,4.059248
H2-v1-SHARP-M3,H2-v1,1673795,0x78d1a02e5788f1fb0b915458c5e73984b83173353986cbaf53c5f9fbe1e0aa0c,mlb-nym-cle-2026-08-06,Cleveland Guardians,New York Mets,374,2026-08-06T17:11:00+00:00,740,2026-08-06T00:00:03.326775+00:00,61856.673225,2,2,true,,0.48843187660668386,0.49591280653950953,0.492172341573096695,0,1,1,2026-08-05T23:59:55+00:00,2026-08-05T23:59:56+00:00,7.826775,8.326775
H2-v1-SHARP-M3,H2-v1,1673795,0x78d1a02e5788f1fb0b915458c5e73984b83173353986cbaf53c5f9fbe1e0aa0c,mlb-nym-cle-2026-08-06,Cleveland Guardians,New York Mets,374,2026-08-06T17:11:00+00:00,789,2026-08-06T00:45:03.053753+00:00,59156.946247,2,2,true,,0.49104859335038353,0.49591280653950953,0.49348069994494653,0,1,1,2026-08-06T00:44:58+00:00,2026-08-06T00:45:00+00:00,4.053753,5.053753
H2-v1-SHARP-M3,H2-v1,1673842,0x8d98df1d631959e4fc45da7cb881cbe3e924a7a88ae25e898e98ae6791b2793f,mlb-pit-mil-2026-08-06,Milwaukee Brewers,Pittsburgh Pirates,375,2026-08-06T18:11:00+00:00,560,2026-08-05T18:45:01.986126+00:00,84358.013874,1,1,false,,,0.5437158469945356,0.5437158469945356,0,0,1,2026-08-05T18:44:58+00:00,2026-08-05T18:44:58+00:00,3.986126,3.986126
H2-v1-SHARP-M3,H2-v1,1673842,0x8d98df1d631959e4fc45da7cb881cbe3e924a7a88ae25e898e98ae6791b2793f,mlb-pit-mil-2026-08-06,Milwaukee Brewers,Pittsburgh Pirates,375,2026-08-06T18:11:00+00:00,562,2026-08-05T19:00:02.356984+00:00,83457.643016,1,1,false,,,0.5519125683060109,0.5519125683060109,0,0,1,2026-08-05T18:59:42+00:00,2026-08-05T18:59:42+00:00,20.356984,20.356984
H2-v1-SHARP-M3,H2-v1,1673842,0x8d98df1d631959e4fc45da7cb881cbe3e924a7a88ae25e898e98ae6791b2793f,mlb-pit-mil-2026-08-06,Milwaukee Brewers,Pittsburgh Pirates,375,2026-08-06T18:11:00+00:00,566,2026-08-05T19:45:02.350364+00:00,80757.649636,1,1,false,,,0.5543478260869565,0.5543478260869565,0,0,1,2026-08-05T19:44:43+00:00,2026-08-05T19:44:43+00:00,19.350364,19.350364
H2-v1-SHARP-M3,H2-v1,1673842,0x8d98df1d631959e4fc45da7cb881cbe3e924a7a88ae25e898e98ae6791b2793f,mlb-pit-mil-2026-08-06,Milwaukee Brewers,Pittsburgh Pirates,375,2026-08-06T18:11:00+00:00,568,2026-08-05T20:00:02.773993+00:00,79857.226007,1,1,false,,,0.5543478260869565,0.5543478260869565,0,0,1,2026-08-05T19:59:53+00:00,2026-08-05T19:59:53+00:00,9.773993,9.773993
H2-v1-SHARP-M3,H2-v1,1673842,0x8d98df1d631959e4fc45da7cb881cbe3e924a7a88ae25e898e98ae6791b2793f,mlb-pit-mil-2026-08-06,Milwaukee Brewers,Pittsburgh Pirates,375,2026-08-06T18:11:00+00:00,657,2026-08-05T22:45:02.724892+00:00,69957.275108,2,2,true,,0.5597964376590331,0.553763440860215,0.55677993925962405,0,1,1,2026-08-05T22:44:56+00:00,2026-08-05T22:44:58+00:00,5.724892,6.724892
H2-v1-SHARP-M3,H2-v1,1673842,0x8d98df1d631959e4fc45da7cb881cbe3e924a7a88ae25e898e98ae6791b2793f,mlb-pit-mil-2026-08-06,Milwaukee Brewers,Pittsburgh Pirates,375,2026-08-06T18:11:00+00:00,674,2026-08-05T23:00:02.618195+00:00,69057.381805,2,2,true,,0.5597964376590331,0.553763440860215,0.55677993925962405,0,1,1,2026-08-05T22:59:43+00:00,2026-08-05T22:59:54+00:00,14.118195,19.618195
H2-v1-SHARP-M3,H2-v1,1673842,0x8d98df1d631959e4fc45da7cb881cbe3e924a7a88ae25e898e98ae6791b2793f,mlb-pit-mil-2026-08-06,Milwaukee Brewers,Pittsburgh Pirates,375,2026-08-06T18:11:00+00:00,723,2026-08-05T23:45:02.059248+00:00,66357.940752,2,2,true,,0.5597964376590331,0.5552560646900269,0.55752625117453,0,1,1,2026-08-05T23:44:58+00:00,2026-08-05T23:44:59+00:00,3.559248,4.059248
H2-v1-SHARP-M3,H2-v1,1673842,0x8d98df1d631959e4fc45da7cb881cbe3e924a7a88ae25e898e98ae6791b2793f,mlb-pit-mil-2026-08-06,Milwaukee Brewers,Pittsburgh Pirates,375,2026-08-06T18:11:00+00:00,740,2026-08-06T00:00:03.326775+00:00,65456.673225,2,2,true,,0.5597964376590331,0.553763440860215,0.55677993925962405,0,1,1,2026-08-05T23:59:55+00:00,2026-08-05T23:59:56+00:00,7.826775,8.326775
H2-v1-SHARP-M3,H2-v1,1673842,0x8d98df1d631959e4fc45da7cb881cbe3e924a7a88ae25e898e98ae6791b2793f,mlb-pit-mil-2026-08-06,Milwaukee Brewers,Pittsburgh Pirates,375,2026-08-06T18:11:00+00:00,789,2026-08-06T00:45:03.053753+00:00,62756.946247,2,2,true,,0.5597964376590331,0.553763440860215,0.55677993925962405,0,1,1,2026-08-06T00:44:58+00:00,2026-08-06T00:45:00+00:00,4.053753,5.053753
H2-v1-SHARP-M3,H2-v1,1673842,0x8d98df1d631959e4fc45da7cb881cbe3e924a7a88ae25e898e98ae6791b2793f,mlb-pit-mil-2026-08-06,Milwaukee Brewers,Pittsburgh Pirates,375,2026-08-06T18:11:00+00:00,1904,2026-08-06T18:00:12.635763+00:00,647.364237,4,3,true,0.5399999999999999,0.5399999999999999,0.5417721518987342,0.5399999999999999,2,1,1,2026-08-06T17:59:57+00:00,2026-08-06T17:59:59+00:00,15.635763,15.635763
H2-v1-SHARP-M3,H2-v1,1673840,0x0228b93fb01788db845e5868100a3ebd773aeb33f0f65e0926f9e15cc015ac96,mlb-det-sea-2026-08-06,Seattle Mariners,Detroit Tigers,377,2026-08-06T20:11:00+00:00,560,2026-08-05T18:45:01.986126+00:00,91558.013874,1,1,false,,,0.5382513661202185,0.5382513661202185,0,0,1,2026-08-05T18:44:58+00:00,2026-08-05T18:44:58+00:00,3.986126,3.986126
H2-v1-SHARP-M3,H2-v1,1673840,0x0228b93fb01788db845e5868100a3ebd773aeb33f0f65e0926f9e15cc015ac96,mlb-det-sea-2026-08-06,Seattle Mariners,Detroit Tigers,377,2026-08-06T20:11:00+00:00,562,2026-08-05T19:00:02.356984+00:00,90657.643016,1,1,false,,,0.5315068493150684,0.5315068493150684,0,0,1,2026-08-05T18:59:42+00:00,2026-08-05T18:59:42+00:00,20.356984,20.356984
H2-v1-SHARP-M3,H2-v1,1673840,0x0228b93fb01788db845e5868100a3ebd773aeb33f0f65e0926f9e15cc015ac96,mlb-det-sea-2026-08-06,Seattle Mariners,Detroit Tigers,377,2026-08-06T20:11:00+00:00,566,2026-08-05T19:45:02.350364+00:00,87957.649636,1,1,false,,,0.5315068493150684,0.5315068493150684,0,0,1,2026-08-05T19:44:43+00:00,2026-08-05T19:44:43+00:00,19.350364,19.350364
H2-v1-SHARP-M3,H2-v1,1673840,0x0228b93fb01788db845e5868100a3ebd773aeb33f0f65e0926f9e15cc015ac96,mlb-det-sea-2026-08-06,Seattle Mariners,Detroit Tigers,377,2026-08-06T20:11:00+00:00,568,2026-08-05T20:00:02.773993+00:00,87057.226007,1,1,false,,,0.5315068493150684,0.5315068493150684,0,0,1,2026-08-05T19:59:53+00:00,2026-08-05T19:59:53+00:00,9.773993,9.773993
H2-v1-SHARP-M3,H2-v1,1673840,0x0228b93fb01788db845e5868100a3ebd773aeb33f0f65e0926f9e15cc015ac96,mlb-det-sea-2026-08-06,Seattle Mariners,Detroit Tigers,377,2026-08-06T20:11:00+00:00,657,2026-08-05T22:45:02.724892+00:00,77157.275108,2,2,true,,0.5459183673469388,0.5380434782608695,0.54198092280390415,0,1,1,2026-08-05T22:44:56+00:00,2026-08-05T22:44:58+00:00,5.724892,6.724892
H2-v1-SHARP-M3,H2-v1,1673840,0x0228b93fb01788db845e5868100a3ebd773aeb33f0f65e0926f9e15cc015ac96,mlb-det-sea-2026-08-06,Seattle Mariners,Detroit Tigers,377,2026-08-06T20:11:00+00:00,674,2026-08-05T23:00:02.618195+00:00,76257.381805,2,2,true,,0.5459183673469388,0.5380434782608695,0.54198092280390415,0,1,1,2026-08-05T22:59:43+00:00,2026-08-05T22:59:54+00:00,14.118195,19.618195
H2-v1-SHARP-M3,H2-v1,1673840,0x0228b93fb01788db845e5868100a3ebd773aeb33f0f65e0926f9e15cc015ac96,mlb-det-sea-2026-08-06,Seattle Mariners,Detroit Tigers,377,2026-08-06T20:11:00+00:00,723,2026-08-05T23:45:02.059248+00:00,73557.940752,2,2,true,,0.5459183673469388,0.5380434782608695,0.54198092280390415,0,1,1,2026-08-05T23:44:58+00:00,2026-08-05T23:44:59+00:00,3.559248,4.059248
H2-v1-SHARP-M3,H2-v1,1673840,0x0228b93fb01788db845e5868100a3ebd773aeb33f0f65e0926f9e15cc015ac96,mlb-det-sea-2026-08-06,Seattle Mariners,Detroit Tigers,377,2026-08-06T20:11:00+00:00,740,2026-08-06T00:00:03.326775+00:00,72656.673225,2,2,true,,0.5459183673469388,0.5392953929539295,0.54260688015043415,0,1,1,2026-08-05T23:59:55+00:00,2026-08-05T23:59:56+00:00,7.826775,8.326775
H2-v1-SHARP-M3,H2-v1,1673840,0x0228b93fb01788db845e5868100a3ebd773aeb33f0f65e0926f9e15cc015ac96,mlb-det-sea-2026-08-06,Seattle Mariners,Detroit Tigers,377,2026-08-06T20:11:00+00:00,789,2026-08-06T00:45:03.053753+00:00,69956.946247,2,2,true,,0.5282051282051282,0.5349462365591399,0.53157568238213405,0,1,1,2026-08-06T00:44:58+00:00,2026-08-06T00:45:00+00:00,4.053753,5.053753
H2-v1-SHARP-M3,H2-v1,1673840,0x0228b93fb01788db845e5868100a3ebd773aeb33f0f65e0926f9e15cc015ac96,mlb-det-sea-2026-08-06,Seattle Mariners,Detroit Tigers,377,2026-08-06T20:11:00+00:00,1904,2026-08-06T18:00:12.635763+00:00,7847.364237,4,3,true,0.5263157894736843,0.5263157894736843,0.5292620865139949,0.5263157894736843,2,1,1,2026-08-06T17:59:57+00:00,2026-08-06T17:59:59+00:00,15.635763,15.635763
H2-v1-SHARP-M3,H2-v1,1673810,0x6d3915d2e5aba59d058874238319a7e83309aaeafbc2a389f5a95f4d3d8ebcd9,mlb-wsh-phi-2026-08-06,Philadelphia Phillies,Washington Nationals,378,2026-08-06T22:06:00+00:00,560,2026-08-05T18:45:01.986126+00:00,98458.013874,1,1,false,,,0.7206208425720619,0.7206208425720619,0,0,1,2026-08-05T18:44:58+00:00,2026-08-05T18:44:58+00:00,3.986126,3.986126
H2-v1-SHARP-M3,H2-v1,1673810,0x6d3915d2e5aba59d058874238319a7e83309aaeafbc2a389f5a95f4d3d8ebcd9,mlb-wsh-phi-2026-08-06,Philadelphia Phillies,Washington Nationals,378,2026-08-06T22:06:00+00:00,562,2026-08-05T19:00:02.356984+00:00,97557.643016,1,1,false,,,0.7061503416856492,0.7061503416856492,0,0,1,2026-08-05T18:59:42+00:00,2026-08-05T18:59:42+00:00,20.356984,20.356984
H2-v1-SHARP-M3,H2-v1,1673810,0x6d3915d2e5aba59d058874238319a7e83309aaeafbc2a389f5a95f4d3d8ebcd9,mlb-wsh-phi-2026-08-06,Philadelphia Phillies,Washington Nationals,378,2026-08-06T22:06:00+00:00,566,2026-08-05T19:45:02.350364+00:00,94857.649636,1,1,false,,,0.7061503416856492,0.7061503416856492,0,0,1,2026-08-05T19:44:43+00:00,2026-08-05T19:44:43+00:00,19.350364,19.350364
H2-v1-SHARP-M3,H2-v1,1673810,0x6d3915d2e5aba59d058874238319a7e83309aaeafbc2a389f5a95f4d3d8ebcd9,mlb-wsh-phi-2026-08-06,Philadelphia Phillies,Washington Nationals,378,2026-08-06T22:06:00+00:00,568,2026-08-05T20:00:02.773993+00:00,93957.226007,1,1,false,,,0.7061503416856492,0.7061503416856492,0,0,1,2026-08-05T19:59:53+00:00,2026-08-05T19:59:53+00:00,9.773993,9.773993
H2-v1-SHARP-M3,H2-v1,1673810,0x6d3915d2e5aba59d058874238319a7e83309aaeafbc2a389f5a95f4d3d8ebcd9,mlb-wsh-phi-2026-08-06,Philadelphia Phillies,Washington Nationals,378,2026-08-06T22:06:00+00:00,657,2026-08-05T22:45:02.724892+00:00,84057.275108,2,2,true,,0.741106719367589,0.7173447537473233,0.72922573655745615,0,1,1,2026-08-05T22:44:56+00:00,2026-08-05T22:44:58+00:00,5.724892,6.724892
H2-v1-SHARP-M3,H2-v1,1673810,0x6d3915d2e5aba59d058874238319a7e83309aaeafbc2a389f5a95f4d3d8ebcd9,mlb-wsh-phi-2026-08-06,Philadelphia Phillies,Washington Nationals,378,2026-08-06T22:06:00+00:00,674,2026-08-05T23:00:02.618195+00:00,83157.381805,2,2,true,,0.741106719367589,0.7173447537473233,0.72922573655745615,0,1,1,2026-08-05T22:59:43+00:00,2026-08-05T22:59:54+00:00,14.118195,19.618195
H2-v1-SHARP-M3,H2-v1,1673810,0x6d3915d2e5aba59d058874238319a7e83309aaeafbc2a389f5a95f4d3d8ebcd9,mlb-wsh-phi-2026-08-06,Philadelphia Phillies,Washington Nationals,378,2026-08-06T22:06:00+00:00,723,2026-08-05T23:45:02.059248+00:00,80457.940752,2,2,true,,0.741106719367589,0.7173447537473233,0.72922573655745615,0,1,1,2026-08-05T23:44:58+00:00,2026-08-05T23:44:59+00:00,3.559248,4.059248
H2-v1-SHARP-M3,H2-v1,1673810,0x6d3915d2e5aba59d058874238319a7e83309aaeafbc2a389f5a95f4d3d8ebcd9,mlb-wsh-phi-2026-08-06,Philadelphia Phillies,Washington Nationals,378,2026-08-06T22:06:00+00:00,740,2026-08-06T00:00:03.326775+00:00,79556.673225,2,2,true,,0.741106719367589,0.7173447537473233,0.72922573655745615,0,1,1,2026-08-05T23:59:55+00:00,2026-08-05T23:59:56+00:00,7.826775,8.326775
H2-v1-SHARP-M3,H2-v1,1673810,0x6d3915d2e5aba59d058874238319a7e83309aaeafbc2a389f5a95f4d3d8ebcd9,mlb-wsh-phi-2026-08-06,Philadelphia Phillies,Washington Nationals,378,2026-08-06T22:06:00+00:00,789,2026-08-06T00:45:03.053753+00:00,76856.946247,2,2,true,,0.741106719367589,0.7173447537473233,0.72922573655745615,0,1,1,2026-08-06T00:44:58+00:00,2026-08-06T00:45:00+00:00,4.053753,5.053753
H2-v1-SHARP-M3,H2-v1,1673810,0x6d3915d2e5aba59d058874238319a7e83309aaeafbc2a389f5a95f4d3d8ebcd9,mlb-wsh-phi-2026-08-06,Philadelphia Phillies,Washington Nationals,378,2026-08-06T22:06:00+00:00,1904,2026-08-06T18:00:12.635763+00:00,14747.364237,4,3,true,0.7518796992481203,0.7518796992481203,0.7561436672967863,0.7518796992481203,2,1,1,2026-08-06T17:59:57+00:00,2026-08-06T17:59:59+00:00,15.635763,15.635763
H2-v1-SHARP-M3,H2-v1,1673810,0x6d3915d2e5aba59d058874238319a7e83309aaeafbc2a389f5a95f4d3d8ebcd9,mlb-wsh-phi-2026-08-06,Philadelphia Phillies,Washington Nationals,378,2026-08-06T22:06:00+00:00,2102,2026-08-06T21:00:02.502363+00:00,3957.497637,4,3,true,0.7418111753371868,0.7418111753371868,0.7421875,0.7418111753371868,2,1,1,2026-08-06T20:59:43+00:00,2026-08-06T21:00:02+00:00,5.502363,19.502363
H2-v1-SHARP-M3,H2-v1,1673810,0x6d3915d2e5aba59d058874238319a7e83309aaeafbc2a389f5a95f4d3d8ebcd9,mlb-wsh-phi-2026-08-06,Philadelphia Phillies,Washington Nationals,378,2026-08-06T22:06:00+00:00,2151,2026-08-06T21:45:02.869331+00:00,1257.130669,4,3,true,0.745697896749522,0.745697896749522,0.7446808510638299,0.745697896749522,2,1,1,2026-08-06T21:44:49+00:00,2026-08-06T21:44:59+00:00,4.869331,13.869331
H2-v1-SHARP-M3,H2-v1,1673815,0xa5144d487f22937f5bc46c655ab3cf1063edebefef327fa08ffeed421e60688f,mlb-cws-bos-2026-08-06,Boston Red Sox,Chicago White Sox,379,2026-08-06T23:11:00+00:00,560,2026-08-05T18:45:01.986126+00:00,102358.013874,1,1,false,,,0.6089238845144357,0.6089238845144357,0,0,1,2026-08-05T18:44:58+00:00,2026-08-05T18:44:58+00:00,3.986126,3.986126
H2-v1-SHARP-M3,H2-v1,1673815,0xa5144d487f22937f5bc46c655ab3cf1063edebefef327fa08ffeed421e60688f,mlb-cws-bos-2026-08-06,Boston Red Sox,Chicago White Sox,379,2026-08-06T23:11:00+00:00,562,2026-08-05T19:00:02.356984+00:00,101457.643016,1,1,false,,,0.6073298429319371,0.6073298429319371,0,0,1,2026-08-05T18:59:42+00:00,2026-08-05T18:59:42+00:00,20.356984,20.356984
H2-v1-SHARP-M3,H2-v1,1673815,0xa5144d487f22937f5bc46c655ab3cf1063edebefef327fa08ffeed421e60688f,mlb-cws-bos-2026-08-06,Boston Red Sox,Chicago White Sox,379,2026-08-06T23:11:00+00:00,566,2026-08-05T19:45:02.350364+00:00,98757.649636,1,1,false,,,0.6161879895561357,0.6161879895561357,0,0,1,2026-08-05T19:44:43+00:00,2026-08-05T19:44:43+00:00,19.350364,19.350364
H2-v1-SHARP-M3,H2-v1,1673815,0xa5144d487f22937f5bc46c655ab3cf1063edebefef327fa08ffeed421e60688f,mlb-cws-bos-2026-08-06,Boston Red Sox,Chicago White Sox,379,2026-08-06T23:11:00+00:00,568,2026-08-05T20:00:02.773993+00:00,97857.226007,1,1,false,,,0.6161879895561357,0.6161879895561357,0,0,1,2026-08-05T19:59:53+00:00,2026-08-05T19:59:53+00:00,9.773993,9.773993
H2-v1-SHARP-M3,H2-v1,1673815,0xa5144d487f22937f5bc46c655ab3cf1063edebefef327fa08ffeed421e60688f,mlb-cws-bos-2026-08-06,Boston Red Sox,Chicago White Sox,379,2026-08-06T23:11:00+00:00,657,2026-08-05T22:45:02.724892+00:00,87957.275108,1,1,false,,,0.6005089058524172,0.6005089058524172,0,0,1,2026-08-05T22:44:58+00:00,2026-08-05T22:44:58+00:00,4.724892,4.724892
H2-v1-SHARP-M3,H2-v1,1673815,0xa5144d487f22937f5bc46c655ab3cf1063edebefef327fa08ffeed421e60688f,mlb-cws-bos-2026-08-06,Boston Red Sox,Chicago White Sox,379,2026-08-06T23:11:00+00:00,674,2026-08-05T23:00:02.618195+00:00,87057.381805,1,1,false,,,0.6035805626598465,0.6035805626598465,0,0,1,2026-08-05T22:59:54+00:00,2026-08-05T22:59:54+00:00,8.618195,8.618195
H2-v1-SHARP-M3,H2-v1,1673815,0xa5144d487f22937f5bc46c655ab3cf1063edebefef327fa08ffeed421e60688f,mlb-cws-bos-2026-08-06,Boston Red Sox,Chicago White Sox,379,2026-08-06T23:11:00+00:00,723,2026-08-05T23:45:02.059248+00:00,84357.940752,2,2,true,,0.6146341463414634,0.6020408163265306,0.608337481333997,0,1,1,2026-08-05T23:44:58+00:00,2026-08-05T23:44:59+00:00,3.559248,4.059248
H2-v1-SHARP-M3,H2-v1,1673815,0xa5144d487f22937f5bc46c655ab3cf1063edebefef327fa08ffeed421e60688f,mlb-cws-bos-2026-08-06,Boston Red Sox,Chicago White Sox,379,2026-08-06T23:11:00+00:00,740,2026-08-06T00:00:03.326775+00:00,83456.673225,2,2,true,,0.6146341463414634,0.6051282051282051,0.60988117573483425,0,1,1,2026-08-05T23:59:55+00:00,2026-08-05T23:59:56+00:00,7.826775,8.326775
H2-v1-SHARP-M3,H2-v1,1673815,0xa5144d487f22937f5bc46c655ab3cf1063edebefef327fa08ffeed421e60688f,mlb-cws-bos-2026-08-06,Boston Red Sox,Chicago White Sox,379,2026-08-06T23:11:00+00:00,789,2026-08-06T00:45:03.053753+00:00,80756.946247,2,2,true,,0.6113989637305699,0.6125654450261779,0.6119822043783739,0,1,1,2026-08-06T00:44:58+00:00,2026-08-06T00:45:00+00:00,4.053753,5.053753
H2-v1-SHARP-M3,H2-v1,1673815,0xa5144d487f22937f5bc46c655ab3cf1063edebefef327fa08ffeed421e60688f,mlb-cws-bos-2026-08-06,Boston Red Sox,Chicago White Sox,379,2026-08-06T23:11:00+00:00,1904,2026-08-06T18:00:12.635763+00:00,18647.364237,4,3,true,0.6340326340326341,0.6357308584686774,0.6335697399527188,0.6340326340326341,2,1,1,2026-08-06T17:59:57+00:00,2026-08-06T17:59:59+00:00,15.635763,15.635763
H2-v1-SHARP-M3,H2-v1,1673815,0xa5144d487f22937f5bc46c655ab3cf1063edebefef327fa08ffeed421e60688f,mlb-cws-bos-2026-08-06,Boston Red Sox,Chicago White Sox,379,2026-08-06T23:11:00+00:00,2102,2026-08-06T21:00:02.502363+00:00,7857.497637,4,3,true,0.6388888888888888,0.6388888888888888,0.6384976525821596,0.6388888888888888,2,1,1,2026-08-06T20:59:43+00:00,2026-08-06T21:00:02+00:00,5.502363,19.502363
H2-v1-SHARP-M3,H2-v1,1673815,0xa5144d487f22937f5bc46c655ab3cf1063edebefef327fa08ffeed421e60688f,mlb-cws-bos-2026-08-06,Boston Red Sox,Chicago White Sox,379,2026-08-06T23:11:00+00:00,2151,2026-08-06T21:45:02.869331+00:00,5157.130669,4,3,true,0.6403712296983758,0.6403712296983758,0.6384976525821596,0.6403712296983758,2,1,1,2026-08-06T21:44:49+00:00,2026-08-06T21:44:59+00:00,4.869331,13.869331
H2-v1-SHARP-M3,H2-v1,1673815,0xa5144d487f22937f5bc46c655ab3cf1063edebefef327fa08ffeed421e60688f,mlb-cws-bos-2026-08-06,Boston Red Sox,Chicago White Sox,379,2026-08-06T23:11:00+00:00,2234,2026-08-06T23:00:02.340366+00:00,657.659634,4,3,true,0.6451612903225806,0.6451612903225806,0.6416861826697892,0.6451612903225806,2,1,1,2026-08-06T22:59:51+00:00,2026-08-06T23:00:01+00:00,2.340366,11.340366
H2-v1-SHARP-M3,H2-v1,1673812,0x75925ee36022684960b17d5d8842a0d88ab1f9125f975f9590f34496fbd066d5,mlb-mia-atl-2026-08-06,Atlanta Braves,Miami Marlins,380,2026-08-06T23:16:00+00:00,562,2026-08-05T19:00:02.356984+00:00,101757.643016,1,1,false,,,0.5752688172043011,0.5752688172043011,0,0,1,2026-08-05T18:59:42+00:00,2026-08-05T18:59:42+00:00,20.356984,20.356984
H2-v1-SHARP-M3,H2-v1,1673812,0x75925ee36022684960b17d5d8842a0d88ab1f9125f975f9590f34496fbd066d5,mlb-mia-atl-2026-08-06,Atlanta Braves,Miami Marlins,380,2026-08-06T23:16:00+00:00,566,2026-08-05T19:45:02.350364+00:00,99057.649636,1,1,false,,,0.579088471849866,0.579088471849866,0,0,1,2026-08-05T19:44:43+00:00,2026-08-05T19:44:43+00:00,19.350364,19.350364
H2-v1-SHARP-M3,H2-v1,1673812,0x75925ee36022684960b17d5d8842a0d88ab1f9125f975f9590f34496fbd066d5,mlb-mia-atl-2026-08-06,Atlanta Braves,Miami Marlins,380,2026-08-06T23:16:00+00:00,568,2026-08-05T20:00:02.773993+00:00,98157.226007,1,1,false,,,0.579088471849866,0.579088471849866,0,0,1,2026-08-05T19:59:53+00:00,2026-08-05T19:59:53+00:00,9.773993,9.773993
H2-v1-SHARP-M3,H2-v1,1673812,0x75925ee36022684960b17d5d8842a0d88ab1f9125f975f9590f34496fbd066d5,mlb-mia-atl-2026-08-06,Atlanta Braves,Miami Marlins,380,2026-08-06T23:16:00+00:00,657,2026-08-05T22:45:02.724892+00:00,88257.275108,1,1,false,,,0.583554376657825,0.583554376657825,0,0,1,2026-08-05T22:44:58+00:00,2026-08-05T22:44:58+00:00,4.724892,4.724892
H2-v1-SHARP-M3,H2-v1,1673812,0x75925ee36022684960b17d5d8842a0d88ab1f9125f975f9590f34496fbd066d5,mlb-mia-atl-2026-08-06,Atlanta Braves,Miami Marlins,380,2026-08-06T23:16:00+00:00,674,2026-08-05T23:00:02.618195+00:00,87357.381805,1,1,false,,,0.583554376657825,0.583554376657825,0,0,1,2026-08-05T22:59:54+00:00,2026-08-05T22:59:54+00:00,8.618195,8.618195
H2-v1-SHARP-M3,H2-v1,1673812,0x75925ee36022684960b17d5d8842a0d88ab1f9125f975f9590f34496fbd066d5,mlb-mia-atl-2026-08-06,Atlanta Braves,Miami Marlins,380,2026-08-06T23:16:00+00:00,723,2026-08-05T23:45:02.059248+00:00,84657.940752,2,2,true,,0.5885286783042394,0.583554376657825,0.5860415274810322,0,1,1,2026-08-05T23:44:58+00:00,2026-08-05T23:44:59+00:00,3.559248,4.059248
H2-v1-SHARP-M3,H2-v1,1673812,0x75925ee36022684960b17d5d8842a0d88ab1f9125f975f9590f34496fbd066d5,mlb-mia-atl-2026-08-06,Atlanta Braves,Miami Marlins,380,2026-08-06T23:16:00+00:00,740,2026-08-06T00:00:03.326775+00:00,83756.673225,2,2,true,,0.5885286783042394,0.583554376657825,0.5860415274810322,0,1,1,2026-08-05T23:59:55+00:00,2026-08-05T23:59:56+00:00,7.826775,8.326775
H2-v1-SHARP-M3,H2-v1,1673812,0x75925ee36022684960b17d5d8842a0d88ab1f9125f975f9590f34496fbd066d5,mlb-mia-atl-2026-08-06,Atlanta Braves,Miami Marlins,380,2026-08-06T23:16:00+00:00,789,2026-08-06T00:45:03.053753+00:00,81056.946247,2,2,true,,0.5905707196029777,0.583554376657825,0.58706254813040135,0,1,1,2026-08-06T00:44:58+00:00,2026-08-06T00:45:00+00:00,4.053753,5.053753
H2-v1-SHARP-M3,H2-v1,1673812,0x75925ee36022684960b17d5d8842a0d88ab1f9125f975f9590f34496fbd066d5,mlb-mia-atl-2026-08-06,Atlanta Braves,Miami Marlins,380,2026-08-06T23:16:00+00:00,1904,2026-08-06T18:00:12.635763+00:00,18947.364237,4,3,true,0.5749385749385749,0.5749385749385749,0.575,0.5749385749385749,2,1,1,2026-08-06T17:59:57+00:00,2026-08-06T17:59:59+00:00,15.635763,15.635763
H2-v1-SHARP-M3,H2-v1,1673812,0x75925ee36022684960b17d5d8842a0d88ab1f9125f975f9590f34496fbd066d5,mlb-mia-atl-2026-08-06,Atlanta Braves,Miami Marlins,380,2026-08-06T23:16:00+00:00,2102,2026-08-06T21:00:02.502363+00:00,8157.497637,4,3,true,0.5922330097087379,0.5942028985507247,0.5960591133004925,0.5942028985507247,2,1,1,2026-08-06T20:59:43+00:00,2026-08-06T21:00:02+00:00,5.502363,19.502363
H2-v1-SHARP-M3,H2-v1,1673812,0x75925ee36022684960b17d5d8842a0d88ab1f9125f975f9590f34496fbd066d5,mlb-mia-atl-2026-08-06,Atlanta Braves,Miami Marlins,380,2026-08-06T23:16:00+00:00,2151,2026-08-06T21:45:02.869331+00:00,5457.130669,4,3,true,0.5990338164251208,0.5990338164251208,0.5945945945945945,0.5990338164251208,2,1,1,2026-08-06T21:44:49+00:00,2026-08-06T21:44:59+00:00,4.869331,13.869331
H2-v1-SHARP-M3,H2-v1,1673812,0x75925ee36022684960b17d5d8842a0d88ab1f9125f975f9590f34496fbd066d5,mlb-mia-atl-2026-08-06,Atlanta Braves,Miami Marlins,380,2026-08-06T23:16:00+00:00,2234,2026-08-06T23:00:02.340366+00:00,957.659634,4,3,true,0.6064990732159407,0.6072289156626507,0.608272506082725,0.6072289156626507,2,1,1,2026-08-06T22:59:51+00:00,2026-08-06T23:00:01+00:00,2.340366,11.340366
H2-v1-SHARP-M3,H2-v1,1673805,0x1b54546f205ce9a93ccd91b2847c7fbacd871e072f915a66a6cbe91404878788,mlb-min-kc-2026-08-06,Kansas City Royals,Minnesota Twins,381,2026-08-06T23:41:00+00:00,562,2026-08-05T19:00:02.356984+00:00,103257.643016,1,1,false,,,0.5192307692307693,0.5192307692307693,0,0,1,2026-08-05T18:59:42+00:00,2026-08-05T18:59:42+00:00,20.356984,20.356984
H2-v1-SHARP-M3,H2-v1,1673805,0x1b54546f205ce9a93ccd91b2847c7fbacd871e072f915a66a6cbe91404878788,mlb-min-kc-2026-08-06,Kansas City Royals,Minnesota Twins,381,2026-08-06T23:41:00+00:00,566,2026-08-05T19:45:02.350364+00:00,100557.649636,1,1,false,,,0.5192307692307693,0.5192307692307693,0,0,1,2026-08-05T19:44:43+00:00,2026-08-05T19:44:43+00:00,19.350364,19.350364
H2-v1-SHARP-M3,H2-v1,1673805,0x1b54546f205ce9a93ccd91b2847c7fbacd871e072f915a66a6cbe91404878788,mlb-min-kc-2026-08-06,Kansas City Royals,Minnesota Twins,381,2026-08-06T23:41:00+00:00,568,2026-08-05T20:00:02.773993+00:00,99657.226007,1,1,false,,,0.5192307692307693,0.5192307692307693,0,0,1,2026-08-05T19:59:53+00:00,2026-08-05T19:59:53+00:00,9.773993,9.773993
H2-v1-SHARP-M3,H2-v1,1673805,0x1b54546f205ce9a93ccd91b2847c7fbacd871e072f915a66a6cbe91404878788,mlb-min-kc-2026-08-06,Kansas City Royals,Minnesota Twins,381,2026-08-06T23:41:00+00:00,657,2026-08-05T22:45:02.724892+00:00,89757.275108,1,1,false,,,0.5192307692307693,0.5192307692307693,0,0,1,2026-08-05T22:44:58+00:00,2026-08-05T22:44:58+00:00,4.724892,4.724892
H2-v1-SHARP-M3,H2-v1,1673805,0x1b54546f205ce9a93ccd91b2847c7fbacd871e072f915a66a6cbe91404878788,mlb-min-kc-2026-08-06,Kansas City Royals,Minnesota Twins,381,2026-08-06T23:41:00+00:00,674,2026-08-05T23:00:02.618195+00:00,88857.381805,1,1,false,,,0.5192307692307693,0.5192307692307693,0,0,1,2026-08-05T22:59:54+00:00,2026-08-05T22:59:54+00:00,8.618195,8.618195
H2-v1-SHARP-M3,H2-v1,1673805,0x1b54546f205ce9a93ccd91b2847c7fbacd871e072f915a66a6cbe91404878788,mlb-min-kc-2026-08-06,Kansas City Royals,Minnesota Twins,381,2026-08-06T23:41:00+00:00,723,2026-08-05T23:45:02.059248+00:00,86157.940752,1,1,false,,,0.5121293800539084,0.5121293800539084,0,0,1,2026-08-05T23:44:58+00:00,2026-08-05T23:44:58+00:00,4.059248,4.059248
H2-v1-SHARP-M3,H2-v1,1673805,0x1b54546f205ce9a93ccd91b2847c7fbacd871e072f915a66a6cbe91404878788,mlb-min-kc-2026-08-06,Kansas City Royals,Minnesota Twins,381,2026-08-06T23:41:00+00:00,740,2026-08-06T00:00:03.326775+00:00,85256.673225,2,2,true,,0.5181347150259067,0.5177111716621253,0.517922943344016,0,1,1,2026-08-05T23:59:55+00:00,2026-08-05T23:59:56+00:00,7.826775,8.326775
H2-v1-SHARP-M3,H2-v1,1673805,0x1b54546f205ce9a93ccd91b2847c7fbacd871e072f915a66a6cbe91404878788,mlb-min-kc-2026-08-06,Kansas City Royals,Minnesota Twins,381,2026-08-06T23:41:00+00:00,789,2026-08-06T00:45:03.053753+00:00,82556.946247,2,2,true,,0.5192802056555269,0.5093833780160857,0.5143317918358063,0,1,1,2026-08-06T00:44:58+00:00,2026-08-06T00:45:00+00:00,4.053753,5.053753
H2-v1-SHARP-M3,H2-v1,1673805,0x1b54546f205ce9a93ccd91b2847c7fbacd871e072f915a66a6cbe91404878788,mlb-min-kc-2026-08-06,Kansas City Royals,Minnesota Twins,381,2026-08-06T23:41:00+00:00,1904,2026-08-06T18:00:12.635763+00:00,20447.364237,4,3,true,0.5386533665835411,0.5386533665835411,0.5367088607594936,0.5386533665835411,2,1,1,2026-08-06T17:59:57+00:00,2026-08-06T17:59:59+00:00,15.635763,15.635763
H2-v1-SHARP-M3,H2-v1,1673805,0x1b54546f205ce9a93ccd91b2847c7fbacd871e072f915a66a6cbe91404878788,mlb-min-kc-2026-08-06,Kansas City Royals,Minnesota Twins,381,2026-08-06T23:41:00+00:00,2102,2026-08-06T21:00:02.502363+00:00,9657.497637,4,3,true,0.5486284289276808,0.5486284289276808,0.5482233502538072,0.5486284289276808,2,1,1,2026-08-06T20:59:43+00:00,2026-08-06T21:00:02+00:00,5.502363,19.502363
H2-v1-SHARP-M3,H2-v1,1673805,0x1b54546f205ce9a93ccd91b2847c7fbacd871e072f915a66a6cbe91404878788,mlb-min-kc-2026-08-06,Kansas City Royals,Minnesota Twins,381,2026-08-06T23:41:00+00:00,2151,2026-08-06T21:45:02.869331+00:00,6957.130669,4,3,true,0.5522388059701492,0.5522388059701492,0.5505050505050506,0.5522388059701492,2,1,1,2026-08-06T21:44:49+00:00,2026-08-06T21:44:59+00:00,4.869331,13.869331
H2-v1-SHARP-M3,H2-v1,1673805,0x1b54546f205ce9a93ccd91b2847c7fbacd871e072f915a66a6cbe91404878788,mlb-min-kc-2026-08-06,Kansas City Royals,Minnesota Twins,381,2026-08-06T23:41:00+00:00,2234,2026-08-06T23:00:02.340366+00:00,2457.659634,4,3,true,0.55,0.55,0.5468354430379747,0.55,2,1,1,2026-08-06T22:59:51+00:00,2026-08-06T23:00:01+00:00,2.340366,11.340366
H2-v1-SHARP-M3,H2-v1,1673845,0x71fa2b9df79ae3aed7721dfde68b16673f191b93cfcc24909ccd237fbe1a334c,mlb-nym-pit-2026-08-07,Pittsburgh Pirates,New York Mets,630,2026-08-07T22:42:14+00:00,2151,2026-08-06T21:45:02.869331+00:00,89831.130669,1,1,false,,,0.5597826086956522,0.5597826086956522,0,0,1,2026-08-06T21:44:58+00:00,2026-08-06T21:44:58+00:00,4.869331,4.869331
H2-v1-SHARP-M3,H2-v1,1673845,0x71fa2b9df79ae3aed7721dfde68b16673f191b93cfcc24909ccd237fbe1a334c,mlb-nym-pit-2026-08-07,Pittsburgh Pirates,New York Mets,630,2026-08-07T22:42:14+00:00,2234,2026-08-06T23:00:02.340366+00:00,85331.659634,2,2,true,,0.5698324022346368,0.5597826086956522,0.5648075054651445,0,1,1,2026-08-06T23:00:00+00:00,2026-08-06T23:00:00+00:00,2.340366,2.340366
H2-v1-SHARP-M3,H2-v1,1673845,0x71fa2b9df79ae3aed7721dfde68b16673f191b93cfcc24909ccd237fbe1a334c,mlb-nym-pit-2026-08-07,Pittsburgh Pirates,New York Mets,630,2026-08-07T22:42:14+00:00,2300,2026-08-07T00:00:02.495361+00:00,81731.504639,2,2,true,,0.5743073047858943,0.5621621621621622,0.56823473347402825,0,1,1,2026-08-06T23:59:54+00:00,2026-08-06T23:59:56+00:00,7.495361,8.495361
H2-v1-SHARP-M3,H2-v1,1673845,0x71fa2b9df79ae3aed7721dfde68b16673f191b93cfcc24909ccd237fbe1a334c,mlb-nym-pit-2026-08-07,Pittsburgh Pirates,New York Mets,630,2026-08-07T22:42:14+00:00,2547,2026-08-07T03:45:02.851642+00:00,68231.148358,2,2,true,,0.5620253164556962,0.5654450261780105,0.56373517131685335,0,1,1,2026-08-07T03:44:57+00:00,2026-08-07T03:45:00+00:00,4.351642,5.851642
H2-v1-SHARP-M3,H2-v1,1673845,0x71fa2b9df79ae3aed7721dfde68b16673f191b93cfcc24909ccd237fbe1a334c,mlb-nym-pit-2026-08-07,Pittsburgh Pirates,New York Mets,630,2026-08-07T22:42:14+00:00,2613,2026-08-07T04:45:02.209344+00:00,64631.790656,2,2,true,,0.5620253164556962,0.5706806282722513,0.56635297236397375,0,1,1,2026-08-07T04:44:56+00:00,2026-08-07T04:44:57+00:00,5.709344,6.209344
H2-v1-SHARP-M3,H2-v1,1673845,0x71fa2b9df79ae3aed7721dfde68b16673f191b93cfcc24909ccd237fbe1a334c,mlb-nym-pit-2026-08-07,Pittsburgh Pirates,New York Mets,630,2026-08-07T22:42:14+00:00,3462,2026-08-07T18:00:02.829250+00:00,16931.17075,4,3,true,0.5522388059701492,0.5522388059701492,0.5505050505050506,0.5522388059701492,2,1,1,2026-08-07T17:59:41+00:00,2026-08-07T17:59:53+00:00,16.32925,21.82925
H2-v1-SHARP-M3,H2-v1,1673845,0x71fa2b9df79ae3aed7721dfde68b16673f191b93cfcc24909ccd237fbe1a334c,mlb-nym-pit-2026-08-07,Pittsburgh Pirates,New York Mets,630,2026-08-07T22:42:14+00:00,3511,2026-08-07T18:45:02.181343+00:00,14231.818657,4,3,true,0.5558312655086849,0.5558312655086849,0.5527638190954773,0.5558312655086849,2,1,1,2026-08-07T18:44:43+00:00,2026-08-07T18:44:57+00:00,8.681343,19.181343
H2-v1-SHARP-M3,H2-v1,1673845,0x71fa2b9df79ae3aed7721dfde68b16673f191b93cfcc24909ccd237fbe1a334c,mlb-nym-pit-2026-08-07,Pittsburgh Pirates,New York Mets,630,2026-08-07T22:42:14+00:00,3528,2026-08-07T19:00:03.113546+00:00,13330.886454,4,3,true,0.5558312655086849,0.5558312655086849,0.5527638190954773,0.5558312655086849,2,1,1,2026-08-07T18:59:31+00:00,2026-08-07T18:59:53+00:00,17.113546,32.113546
H2-v1-SHARP-M3,H2-v1,1673845,0x71fa2b9df79ae3aed7721dfde68b16673f191b93cfcc24909ccd237fbe1a334c,mlb-nym-pit-2026-08-07,Pittsburgh Pirates,New York Mets,630,2026-08-07T22:42:14+00:00,3577,2026-08-07T19:45:02.473004+00:00,10631.526996,4,3,true,0.5594059405940595,0.5594059405940595,0.5550000000000002,0.5594059405940595,2,1,1,2026-08-07T19:44:46+00:00,2026-08-07T19:44:59+00:00,9.473004,16.473004
H2-v1-SHARP-M3,H2-v1,1673845,0x71fa2b9df79ae3aed7721dfde68b16673f191b93cfcc24909ccd237fbe1a334c,mlb-nym-pit-2026-08-07,Pittsburgh Pirates,New York Mets,630,2026-08-07T22:42:14+00:00,3594,2026-08-07T20:00:02.327371+00:00,9731.672629,4,3,true,0.5558312655086849,0.5558312655086849,0.5541561712846348,0.5558312655086849,2,1,1,2026-08-07T19:59:44+00:00,2026-08-07T19:59:57+00:00,12.327371,18.327371
H2-v1-SHARP-M3,H2-v1,1673845,0x71fa2b9df79ae3aed7721dfde68b16673f191b93cfcc24909ccd237fbe1a334c,mlb-nym-pit-2026-08-07,Pittsburgh Pirates,New York Mets,630,2026-08-07T22:42:14+00:00,3643,2026-08-07T20:45:02.332457+00:00,7031.667543,4,3,true,0.5572139303482587,0.5558312655086849,0.5614035087719298,0.5572139303482587,2,1,1,2026-08-07T20:44:41+00:00,2026-08-07T20:44:55+00:00,15.832457,21.332457
H2-v1-SHARP-M3,H2-v1,1673845,0x71fa2b9df79ae3aed7721dfde68b16673f191b93cfcc24909ccd237fbe1a334c,mlb-nym-pit-2026-08-07,Pittsburgh Pirates,New York Mets,630,2026-08-07T22:42:14+00:00,3660,2026-08-07T21:00:03.645407+00:00,6130.354593,4,3,true,0.5536159600997507,0.5522388059701492,0.5569620253164557,0.5536159600997507,2,1,1,2026-08-07T20:59:39+00:00,2026-08-07T20:59:52+00:00,18.145407,24.645407
H2-v1-SHARP-M3,H2-v1,1673845,0x71fa2b9df79ae3aed7721dfde68b16673f191b93cfcc24909ccd237fbe1a334c,mlb-nym-pit-2026-08-07,Pittsburgh Pirates,New York Mets,630,2026-08-07T22:42:14+00:00,3709,2026-08-07T21:45:02.708592+00:00,3431.291408,4,3,true,0.5536159600997507,0.5536159600997507,0.5569620253164557,0.5536159600997507,2,1,1,2026-08-07T21:44:43+00:00,2026-08-07T21:44:58+00:00,12.708592,19.708592
H2-v1-SHARP-M3,H2-v1,1673845,0x71fa2b9df79ae3aed7721dfde68b16673f191b93cfcc24909ccd237fbe1a334c,mlb-nym-pit-2026-08-07,Pittsburgh Pirates,New York Mets,630,2026-08-07T22:42:14+00:00,3726,2026-08-07T22:00:03.372802+00:00,2530.627198,4,3,true,0.5522388059701492,0.5522388059701492,0.5541561712846348,0.5522388059701492,2,1,1,2026-08-07T21:59:39+00:00,2026-08-07T22:00:01+00:00,12.872802,24.372802
H2-v1-SHARP-M3,H2-v1,1673887,0x1834230745e97fd13fd6417f8e598f6d9b0c02bab0e15ba8838c84284d25b442,mlb-laa-mia-2026-08-07,Miami Marlins,Los Angeles Angels,618,2026-08-07T23:11:00+00:00,2102,2026-08-06T21:00:02.502363+00:00,94257.497637,1,1,false,,,0.5941644562334217,0.5941644562334217,0,0,1,2026-08-06T20:59:52+00:00,2026-08-06T20:59:52+00:00,10.502363,10.502363
H2-v1-SHARP-M3,H2-v1,1673887,0x1834230745e97fd13fd6417f8e598f6d9b0c02bab0e15ba8838c84284d25b442,mlb-laa-mia-2026-08-07,Miami Marlins,Los Angeles Angels,618,2026-08-07T23:11:00+00:00,2151,2026-08-06T21:45:02.869331+00:00,91557.130669,1,1,false,,,0.5941644562334217,0.5941644562334217,0,0,1,2026-08-06T21:44:58+00:00,2026-08-06T21:44:58+00:00,4.869331,4.869331
H2-v1-SHARP-M3,H2-v1,1673887,0x1834230745e97fd13fd6417f8e598f6d9b0c02bab0e15ba8838c84284d25b442,mlb-laa-mia-2026-08-07,Miami Marlins,Los Angeles Angels,618,2026-08-07T23:11:00+00:00,2234,2026-08-06T23:00:02.340366+00:00,87057.659634,1,1,false,,,0.5941644562334217,0.5941644562334217,0,0,1,2026-08-06T23:00:00+00:00,2026-08-06T23:00:00+00:00,2.340366,2.340366
H2-v1-SHARP-M3,H2-v1,1673887,0x1834230745e97fd13fd6417f8e598f6d9b0c02bab0e15ba8838c84284d25b442,mlb-laa-mia-2026-08-07,Miami Marlins,Los Angeles Angels,618,2026-08-07T23:11:00+00:00,2300,2026-08-07T00:00:02.495361+00:00,83457.504639,2,2,true,,0.5922077922077923,0.5941644562334217,0.593186124220607,0,1,1,2026-08-06T23:59:54+00:00,2026-08-06T23:59:56+00:00,7.495361,8.495361
H2-v1-SHARP-M3,H2-v1,1673887,0x1834230745e97fd13fd6417f8e598f6d9b0c02bab0e15ba8838c84284d25b442,mlb-laa-mia-2026-08-07,Miami Marlins,Los Angeles Angels,618,2026-08-07T23:11:00+00:00,2547,2026-08-07T03:45:02.851642+00:00,69957.148358,2,2,true,,0.598984771573604,0.5953002610966058,0.5971425163351049,0,1,1,2026-08-07T03:44:57+00:00,2026-08-07T03:45:00+00:00,4.351642,5.851642
H2-v1-SHARP-M3,H2-v1,1673887,0x1834230745e97fd13fd6417f8e598f6d9b0c02bab0e15ba8838c84284d25b442,mlb-laa-mia-2026-08-07,Miami Marlins,Los Angeles Angels,618,2026-08-07T23:11:00+00:00,2613,2026-08-07T04:45:02.209344+00:00,66357.790656,2,2,true,,0.5994962216624685,0.5968586387434555,0.598177430202962,0,1,1,2026-08-07T04:44:56+00:00,2026-08-07T04:44:57+00:00,5.709344,6.209344
H2-v1-SHARP-M3,H2-v1,1673887,0x1834230745e97fd13fd6417f8e598f6d9b0c02bab0e15ba8838c84284d25b442,mlb-laa-mia-2026-08-07,Miami Marlins,Los Angeles Angels,618,2026-08-07T23:11:00+00:00,3462,2026-08-07T18:00:02.829250+00:00,18657.17075,4,3,true,0.5784313725490196,0.5784313725490196,0.582089552238806,0.5784313725490196,2,1,1,2026-08-07T17:59:41+00:00,2026-08-07T17:59:53+00:00,16.32925,21.82925
H2-v1-SHARP-M3,H2-v1,1673887,0x1834230745e97fd13fd6417f8e598f6d9b0c02bab0e15ba8838c84284d25b442,mlb-laa-mia-2026-08-07,Miami Marlins,Los Angeles Angels,618,2026-08-07T23:11:00+00:00,3511,2026-08-07T18:45:02.181343+00:00,15957.818657,4,3,true,0.5804878048780489,0.5804878048780489,0.582089552238806,0.5804878048780489,2,1,1,2026-08-07T18:44:43+00:00,2026-08-07T18:44:57+00:00,8.681343,19.181343
H2-v1-SHARP-M3,H2-v1,1673887,0x1834230745e97fd13fd6417f8e598f6d9b0c02bab0e15ba8838c84284d25b442,mlb-laa-mia-2026-08-07,Miami Marlins,Los Angeles Angels,618,2026-08-07T23:11:00+00:00,3528,2026-08-07T19:00:03.113546+00:00,15056.886454,4,3,true,0.5804878048780489,0.5804878048780489,0.582089552238806,0.5804878048780489,2,1,1,2026-08-07T18:59:31+00:00,2026-08-07T18:59:53+00:00,17.113546,32.113546
H2-v1-SHARP-M3,H2-v1,1673887,0x1834230745e97fd13fd6417f8e598f6d9b0c02bab0e15ba8838c84284d25b442,mlb-laa-mia-2026-08-07,Miami Marlins,Los Angeles Angels,618,2026-08-07T23:11:00+00:00,3577,2026-08-07T19:45:02.473004+00:00,12357.526996,4,3,true,0.5784313725490196,0.5804878048780489,0.582089552238806,0.5804878048780489,2,1,1,2026-08-07T19:44:46+00:00,2026-08-07T19:44:59+00:00,9.473004,16.473004
H2-v1-SHARP-M3,H2-v1,1673887,0x1834230745e97fd13fd6417f8e598f6d9b0c02bab0e15ba8838c84284d25b442,mlb-laa-mia-2026-08-07,Miami Marlins,Los Angeles Angels,618,2026-08-07T23:11:00+00:00,3594,2026-08-07T20:00:02.327371+00:00,11457.672629,4,3,true,0.5819070904645476,0.5804878048780489,0.5841584158415841,0.5819070904645476,2,1,1,2026-08-07T19:59:44+00:00,2026-08-07T19:59:57+00:00,12.327371,18.327371
H2-v1-SHARP-M3,H2-v1,1673887,0x1834230745e97fd13fd6417f8e598f6d9b0c02bab0e15ba8838c84284d25b442,mlb-laa-mia-2026-08-07,Miami Marlins,Los Angeles Angels,618,2026-08-07T23:11:00+00:00,3643,2026-08-07T20:45:02.332457+00:00,8757.667543,4,3,true,0.5819070904645476,0.5819070904645476,0.582089552238806,0.5819070904645476,2,1,1,2026-08-07T20:44:41+00:00,2026-08-07T20:44:55+00:00,15.832457,21.332457
H2-v1-SHARP-M3,H2-v1,1673887,0x1834230745e97fd13fd6417f8e598f6d9b0c02bab0e15ba8838c84284d25b442,mlb-laa-mia-2026-08-07,Miami Marlins,Los Angeles Angels,618,2026-08-07T23:11:00+00:00,3660,2026-08-07T21:00:03.645407+00:00,7856.354593,4,3,true,0.5853658536585367,0.583941605839416,0.5856079404466502,0.5853658536585367,2,1,1,2026-08-07T20:59:39+00:00,2026-08-07T20:59:52+00:00,18.145407,24.645407
H2-v1-SHARP-M3,H2-v1,1673887,0x1834230745e97fd13fd6417f8e598f6d9b0c02bab0e15ba8838c84284d25b442,mlb-laa-mia-2026-08-07,Miami Marlins,Los Angeles Angels,618,2026-08-07T23:11:00+00:00,3709,2026-08-07T21:45:02.708592+00:00,5157.291408,4,3,true,0.5819070904645476,0.5819070904645476,0.5856079404466502,0.5819070904645476,2,1,1,2026-08-07T21:44:43+00:00,2026-08-07T21:44:58+00:00,12.708592,19.708592
H2-v1-SHARP-M3,H2-v1,1673887,0x1834230745e97fd13fd6417f8e598f6d9b0c02bab0e15ba8838c84284d25b442,mlb-laa-mia-2026-08-07,Miami Marlins,Los Angeles Angels,618,2026-08-07T23:11:00+00:00,3726,2026-08-07T22:00:03.372802+00:00,4256.627198,4,3,true,0.5819070904645476,0.5819070904645476,0.5856079404466502,0.5819070904645476,2,1,1,2026-08-07T21:59:39+00:00,2026-08-07T22:00:01+00:00,12.872802,24.372802
H2-v1-SHARP-M3,H2-v1,1673887,0x1834230745e97fd13fd6417f8e598f6d9b0c02bab0e15ba8838c84284d25b442,mlb-laa-mia-2026-08-07,Miami Marlins,Los Angeles Angels,618,2026-08-07T23:11:00+00:00,3775,2026-08-07T22:45:01.947561+00:00,1558.052439,4,3,true,0.58230706075533665,0.5784313725490196,0.5835411471321695,0.58230706075533665,2,1,1,2026-08-07T22:44:42+00:00,2026-08-07T22:44:54+00:00,9.447561,19.947561
H2-v1-SHARP-M3,H2-v1,1673887,0x1834230745e97fd13fd6417f8e598f6d9b0c02bab0e15ba8838c84284d25b442,mlb-laa-mia-2026-08-07,Miami Marlins,Los Angeles Angels,618,2026-08-07T23:11:00+00:00,3792,2026-08-07T23:00:03.995609+00:00,656.004391,4,3,true,0.5784313725490196,0.5784313725490196,0.5806451612903225,0.5784313725490196,2,1,1,2026-08-07T22:59:51+00:00,2026-08-07T22:59:52+00:00,12.495609,12.995609
H2-v1-SHARP-M3,H2-v1,1673882,0x977c0519cc902a6bf7a8a6015ab745581615790f3f19b6f98b88c38054790d68,mlb-oak-bos-2026-08-07,Boston Red Sox,Athletics,650,2026-08-07T23:11:00+00:00,2234,2026-08-06T23:00:02.340366+00:00,87057.659634,1,1,false,,,0.6776470588235294,0.6776470588235294,0,0,1,2026-08-06T23:00:00+00:00,2026-08-06T23:00:00+00:00,2.340366,2.340366
H2-v1-SHARP-M3,H2-v1,1673882,0x977c0519cc902a6bf7a8a6015ab745581615790f3f19b6f98b88c38054790d68,mlb-oak-bos-2026-08-07,Boston Red Sox,Athletics,650,2026-08-07T23:11:00+00:00,2300,2026-08-07T00:00:02.495361+00:00,83457.504639,2,2,true,,0.6849315068493151,0.6698564593301435,0.6773939830897293,0,1,1,2026-08-06T23:59:54+00:00,2026-08-06T23:59:56+00:00,7.495361,8.495361
H2-v1-SHARP-M3,H2-v1,1673882,0x977c0519cc902a6bf7a8a6015ab745581615790f3f19b6f98b88c38054790d68,mlb-oak-bos-2026-08-07,Boston Red Sox,Athletics,650,2026-08-07T23:11:00+00:00,2547,2026-08-07T03:45:02.851642+00:00,69957.148358,2,2,true,,0.6869369369369369,0.6698564593301435,0.6783966981335402,0,1,1,2026-08-07T03:44:57+00:00,2026-08-07T03:45:00+00:00,4.351642,5.851642
H2-v1-SHARP-M3,H2-v1,1673882,0x977c0519cc902a6bf7a8a6015ab745581615790f3f19b6f98b88c38054790d68,mlb-oak-bos-2026-08-07,Boston Red Sox,Athletics,650,2026-08-07T23:11:00+00:00,2613,2026-08-07T04:45:02.209344+00:00,66357.790656,2,2,true,,0.695364238410596,0.6807511737089202,0.6880577060597581,0,1,1,2026-08-07T04:44:56+00:00,2026-08-07T04:44:57+00:00,5.709344,6.209344
H2-v1-SHARP-M3,H2-v1,1673882,0x977c0519cc902a6bf7a8a6015ab745581615790f3f19b6f98b88c38054790d68,mlb-oak-bos-2026-08-07,Boston Red Sox,Athletics,650,2026-08-07T23:11:00+00:00,3462,2026-08-07T18:00:02.829250+00:00,18657.17075,4,3,true,0.7128099173553719,0.7128099173553719,0.7097457627118644,0.7128099173553719,2,1,1,2026-08-07T17:59:41+00:00,2026-08-07T17:59:53+00:00,16.32925,21.82925
H2-v1-SHARP-M3,H2-v1,1673882,0x977c0519cc902a6bf7a8a6015ab745581615790f3f19b6f98b88c38054790d68,mlb-oak-bos-2026-08-07,Boston Red Sox,Athletics,650,2026-08-07T23:11:00+00:00,3511,2026-08-07T18:45:02.181343+00:00,15957.818657,4,3,true,0.7083333333333334,0.7113402061855669,0.7097457627118644,0.7097457627118644,2,1,1,2026-08-07T18:44:43+00:00,2026-08-07T18:44:57+00:00,8.681343,19.181343
H2-v1-SHARP-M3,H2-v1,1673882,0x977c0519cc902a6bf7a8a6015ab745581615790f3f19b6f98b88c38054790d68,mlb-oak-bos-2026-08-07,Boston Red Sox,Athletics,650,2026-08-07T23:11:00+00:00,3528,2026-08-07T19:00:03.113546+00:00,15056.886454,4,3,true,0.70983676975945015,0.7113402061855669,0.7097457627118644,0.70983676975945015,2,1,1,2026-08-07T18:59:31+00:00,2026-08-07T18:59:53+00:00,17.113546,32.113546
H2-v1-SHARP-M3,H2-v1,1673882,0x977c0519cc902a6bf7a8a6015ab745581615790f3f19b6f98b88c38054790d68,mlb-oak-bos-2026-08-07,Boston Red Sox,Athletics,650,2026-08-07T23:11:00+00:00,3577,2026-08-07T19:45:02.473004+00:00,12357.526996,4,3,true,0.7083333333333334,0.7083333333333334,0.7097457627118644,0.7083333333333334,2,1,1,2026-08-07T19:44:46+00:00,2026-08-07T19:44:59+00:00,9.473004,16.473004
H2-v1-SHARP-M3,H2-v1,1673882,0x977c0519cc902a6bf7a8a6015ab745581615790f3f19b6f98b88c38054790d68,mlb-oak-bos-2026-08-07,Boston Red Sox,Athletics,650,2026-08-07T23:11:00+00:00,3594,2026-08-07T20:00:02.327371+00:00,11457.672629,4,3,true,0.7083333333333334,0.7083333333333334,0.7051282051282052,0.7083333333333334,2,1,1,2026-08-07T19:59:44+00:00,2026-08-07T19:59:57+00:00,12.327371,18.327371
H2-v1-SHARP-M3,H2-v1,1673882,0x977c0519cc902a6bf7a8a6015ab745581615790f3f19b6f98b88c38054790d68,mlb-oak-bos-2026-08-07,Boston Red Sox,Athletics,650,2026-08-07T23:11:00+00:00,3643,2026-08-07T20:45:02.332457+00:00,8757.667543,4,3,true,0.7157464212678937,0.7172131147540984,0.7142857142857143,0.7157464212678937,2,1,1,2026-08-07T20:44:41+00:00,2026-08-07T20:44:55+00:00,15.832457,21.332457
H2-v1-SHARP-M3,H2-v1,1673882,0x977c0519cc902a6bf7a8a6015ab745581615790f3f19b6f98b88c38054790d68,mlb-oak-bos-2026-08-07,Boston Red Sox,Athletics,650,2026-08-07T23:11:00+00:00,3660,2026-08-07T21:00:03.645407+00:00,7856.354593,4,3,true,0.7172131147540984,0.7200811359026369,0.7157676348547718,0.7172131147540984,2,1,1,2026-08-07T20:59:39+00:00,2026-08-07T20:59:52+00:00,18.145407,24.645407
H2-v1-SHARP-M3,H2-v1,1673882,0x977c0519cc902a6bf7a8a6015ab745581615790f3f19b6f98b88c38054790d68,mlb-oak-bos-2026-08-07,Boston Red Sox,Athletics,650,2026-08-07T23:11:00+00:00,3709,2026-08-07T21:45:02.708592+00:00,5157.291408,4,3,true,0.7172131147540984,0.7172131147540984,0.7157676348547718,0.7172131147540984,2,1,1,2026-08-07T21:44:43+00:00,2026-08-07T21:44:58+00:00,12.708592,19.708592
H2-v1-SHARP-M3,H2-v1,1673882,0x977c0519cc902a6bf7a8a6015ab745581615790f3f19b6f98b88c38054790d68,mlb-oak-bos-2026-08-07,Boston Red Sox,Athletics,650,2026-08-07T23:11:00+00:00,3726,2026-08-07T22:00:03.372802+00:00,4256.627198,4,3,true,0.7157464212678937,0.7200811359026369,0.7157676348547718,0.7157676348547718,2,1,1,2026-08-07T21:59:39+00:00,2026-08-07T22:00:01+00:00,12.872802,24.372802
H2-v1-SHARP-M3,H2-v1,1673882,0x977c0519cc902a6bf7a8a6015ab745581615790f3f19b6f98b88c38054790d68,mlb-oak-bos-2026-08-07,Boston Red Sox,Athletics,650,2026-08-07T23:11:00+00:00,3775,2026-08-07T22:45:01.947561+00:00,1558.052439,4,3,true,0.7157464212678937,0.7157464212678937,0.7157676348547718,0.7157464212678937,2,1,1,2026-08-07T22:44:42+00:00,2026-08-07T22:44:54+00:00,9.447561,19.947561
H2-v1-SHARP-M3,H2-v1,1673882,0x977c0519cc902a6bf7a8a6015ab745581615790f3f19b6f98b88c38054790d68,mlb-oak-bos-2026-08-07,Boston Red Sox,Athletics,650,2026-08-07T23:11:00+00:00,3792,2026-08-07T23:00:03.995609+00:00,656.004391,4,3,true,0.71647976801099605,0.7157464212678937,0.7157676348547718,0.7157676348547718,2,1,1,2026-08-07T22:59:51+00:00,2026-08-07T22:59:52+00:00,12.495609,12.995609
H2-v1-SHARP-M3,H2-v1,1673893,0x396c671d5f43d443da553cecd9a2922ae6f3ef60fef77961d47c554241817409,mlb-cle-cws-2026-08-07,Chicago White Sox,Cleveland Guardians,634,2026-08-07T23:41:00+00:00,2234,2026-08-06T23:00:02.340366+00:00,88857.659634,1,1,false,,,0.4807692307692309,0.4807692307692309,0,0,1,2026-08-06T23:00:00+00:00,2026-08-06T23:00:00+00:00,2.340366,2.340366
H2-v1-SHARP-M3,H2-v1,1673893,0x396c671d5f43d443da553cecd9a2922ae6f3ef60fef77961d47c554241817409,mlb-cle-cws-2026-08-07,Chicago White Sox,Cleveland Guardians,634,2026-08-07T23:41:00+00:00,2300,2026-08-07T00:00:02.495361+00:00,85257.504639,2,2,true,,0.47540983606557374,0.4686648501362398,0.47203734310090677,0,1,1,2026-08-06T23:59:54+00:00,2026-08-06T23:59:56+00:00,7.495361,8.495361
H2-v1-SHARP-M3,H2-v1,1673893,0x396c671d5f43d443da553cecd9a2922ae6f3ef60fef77961d47c554241817409,mlb-cle-cws-2026-08-07,Chicago White Sox,Cleveland Guardians,634,2026-08-07T23:41:00+00:00,2547,2026-08-07T03:45:02.851642+00:00,71757.148358,2,2,true,,0.4484536082474227,0.454054054054054,0.45125383115073835,0,1,1,2026-08-07T03:44:57+00:00,2026-08-07T03:45:00+00:00,4.351642,5.851642
H2-v1-SHARP-M3,H2-v1,1673893,0x396c671d5f43d443da553cecd9a2922ae6f3ef60fef77961d47c554241817409,mlb-cle-cws-2026-08-07,Chicago White Sox,Cleveland Guardians,634,2026-08-07T23:41:00+00:00,2613,2026-08-07T04:45:02.209344+00:00,68157.790656,2,2,true,,0.4598930481283422,0.44474393530997297,0.452318491719157585,0,1,1,2026-08-07T04:44:56+00:00,2026-08-07T04:44:57+00:00,5.709344,6.209344
H2-v1-SHARP-M3,H2-v1,1673893,0x396c671d5f43d443da553cecd9a2922ae6f3ef60fef77961d47c554241817409,mlb-cle-cws-2026-08-07,Chicago White Sox,Cleveland Guardians,634,2026-08-07T23:41:00+00:00,3462,2026-08-07T18:00:02.829250+00:00,20457.17075,4,3,true,0.425061425061425,0.425061425061425,0.42786069651741293,0.425061425061425,2,1,1,2026-08-07T17:59:41+00:00,2026-08-07T17:59:53+00:00,16.32925,21.82925
H2-v1-SHARP-M3,H2-v1,1673893,0x396c671d5f43d443da553cecd9a2922ae6f3ef60fef77961d47c554241817409,mlb-cle-cws-2026-08-07,Chicago White Sox,Cleveland Guardians,634,2026-08-07T23:41:00+00:00,3511,2026-08-07T18:45:02.181343+00:00,17757.818657,4,3,true,0.42716049382716054,0.425061425061425,0.42999999999999994,0.42716049382716054,2,1,1,2026-08-07T18:44:43+00:00,2026-08-07T18:44:57+00:00,8.681343,19.181343
H2-v1-SHARP-M3,H2-v1,1673893,0x396c671d5f43d443da553cecd9a2922ae6f3ef60fef77961d47c554241817409,mlb-cle-cws-2026-08-07,Chicago White Sox,Cleveland Guardians,634,2026-08-07T23:41:00+00:00,3528,2026-08-07T19:00:03.113546+00:00,16856.886454,4,3,true,0.42716049382716054,0.42716049382716054,0.42999999999999994,0.42716049382716054,2,1,1,2026-08-07T18:59:31+00:00,2026-08-07T18:59:53+00:00,17.113546,32.113546
H2-v1-SHARP-M3,H2-v1,1673893,0x396c671d5f43d443da553cecd9a2922ae6f3ef60fef77961d47c554241817409,mlb-cle-cws-2026-08-07,Chicago White Sox,Cleveland Guardians,634,2026-08-07T23:41:00+00:00,3577,2026-08-07T19:45:02.473004+00:00,14157.526996,4,3,true,0.425061425061425,0.425061425061425,0.42999999999999994,0.425061425061425,2,1,1,2026-08-07T19:44:46+00:00,2026-08-07T19:44:59+00:00,9.473004,16.473004
H2-v1-SHARP-M3,H2-v1,1673893,0x396c671d5f43d443da553cecd9a2922ae6f3ef60fef77961d47c554241817409,mlb-cle-cws-2026-08-07,Chicago White Sox,Cleveland Guardians,634,2026-08-07T23:41:00+00:00,3594,2026-08-07T20:00:02.327371+00:00,13257.672629,4,3,true,0.42611095944429277,0.425061425061425,0.4285714285714286,0.42611095944429277,2,1,1,2026-08-07T19:59:44+00:00,2026-08-07T19:59:57+00:00,12.327371,18.327371
H2-v1-SHARP-M3,H2-v1,1673893,0x396c671d5f43d443da553cecd9a2922ae6f3ef60fef77961d47c554241817409,mlb-cle-cws-2026-08-07,Chicago White Sox,Cleveland Guardians,634,2026-08-07T23:41:00+00:00,3643,2026-08-07T20:45:02.332457+00:00,10557.667543,4,3,true,0.43209876543209885,0.43349753694581283,0.43216080402010054,0.43216080402010054,2,1,1,2026-08-07T20:44:41+00:00,2026-08-07T20:44:55+00:00,15.832457,21.332457
H2-v1-SHARP-M3,H2-v1,1673893,0x396c671d5f43d443da553cecd9a2922ae6f3ef60fef77961d47c554241817409,mlb-cle-cws-2026-08-07,Chicago White Sox,Cleveland Guardians,634,2026-08-07T23:41:00+00:00,3660,2026-08-07T21:00:03.645407+00:00,9656.354593,4,3,true,0.4285714285714286,0.42997542997543,0.43216080402010054,0.42997542997543,2,1,1,2026-08-07T20:59:39+00:00,2026-08-07T20:59:52+00:00,18.145407,24.645407
H2-v1-SHARP-M3,H2-v1,1673893,0x396c671d5f43d443da553cecd9a2922ae6f3ef60fef77961d47c554241817409,mlb-cle-cws-2026-08-07,Chicago White Sox,Cleveland Guardians,634,2026-08-07T23:41:00+00:00,3709,2026-08-07T21:45:02.708592+00:00,6957.291408,4,3,true,0.43353949853709125,0.4342431761786601,0.4307304785894207,0.43353949853709125,2,1,1,2026-08-07T21:44:43+00:00,2026-08-07T21:44:58+00:00,12.708592,19.708592
H2-v1-SHARP-M3,H2-v1,1673893,0x396c671d5f43d443da553cecd9a2922ae6f3ef60fef77961d47c554241817409,mlb-cle-cws-2026-08-07,Chicago White Sox,Cleveland Guardians,634,2026-08-07T23:41:00+00:00,3726,2026-08-07T22:00:03.372802+00:00,6056.627198,4,3,true,0.4328358208955224,0.4342431761786601,0.4307304785894207,0.4328358208955224,2,1,1,2026-08-07T21:59:39+00:00,2026-08-07T22:00:01+00:00,12.872802,24.372802
H2-v1-SHARP-M3,H2-v1,1673893,0x396c671d5f43d443da553cecd9a2922ae6f3ef60fef77961d47c554241817409,mlb-cle-cws-2026-08-07,Chicago White Sox,Cleveland Guardians,634,2026-08-07T23:41:00+00:00,3775,2026-08-07T22:45:01.947561+00:00,3358.052439,4,3,true,0.42716049382716054,0.42716049382716054,0.42643391521197016,0.42716049382716054,2,1,1,2026-08-07T22:44:42+00:00,2026-08-07T22:44:54+00:00,9.447561,19.947561
H2-v1-SHARP-M3,H2-v1,1673893,0x396c671d5f43d443da553cecd9a2922ae6f3ef60fef77961d47c554241817409,mlb-cle-cws-2026-08-07,Chicago White Sox,Cleveland Guardians,634,2026-08-07T23:41:00+00:00,3792,2026-08-07T23:00:03.995609+00:00,2456.004391,4,3,true,0.42716049382716054,0.42716049382716054,0.42643391521197016,0.42716049382716054,2,1,1,2026-08-07T22:59:51+00:00,2026-08-07T22:59:52+00:00,12.495609,12.995609
H2-v1-SHARP-M3,H2-v1,1673903,0x538589f4b0ba89623a2067830f6e137c0ed13eb4414cb8d5755abf19e9f94419,mlb-min-mil-2026-08-07,Milwaukee Brewers,Minnesota Twins,719,2026-08-07T23:41:00+00:00,2613,2026-08-07T04:45:02.209344+00:00,68157.790656,1,1,false,,,0.5978835978835979,0.5978835978835979,0,0,1,2026-08-07T04:44:57+00:00,2026-08-07T04:44:57+00:00,5.209344,5.209344
H2-v1-SHARP-M3,H2-v1,1673903,0x538589f4b0ba89623a2067830f6e137c0ed13eb4414cb8d5755abf19e9f94419,mlb-min-mil-2026-08-07,Milwaukee Brewers,Minnesota Twins,719,2026-08-07T23:41:00+00:00,3462,2026-08-07T18:00:02.829250+00:00,20457.17075,4,3,true,0.6193853427895982,0.6193853427895982,0.6198547215496368,0.6193853427895982,2,1,1,2026-08-07T17:59:41+00:00,2026-08-07T17:59:53+00:00,16.32925,21.82925
H2-v1-SHARP-M3,H2-v1,1673903,0x538589f4b0ba89623a2067830f6e137c0ed13eb4414cb8d5755abf19e9f94419,mlb-min-mil-2026-08-07,Milwaukee Brewers,Minnesota Twins,719,2026-08-07T23:41:00+00:00,3511,2026-08-07T18:45:02.181343+00:00,17757.818657,4,3,true,0.6175771971496438,0.6175771971496438,0.6180048661800486,0.6175771971496438,2,1,1,2026-08-07T18:44:43+00:00,2026-08-07T18:44:57+00:00,8.681343,19.181343
H2-v1-SHARP-M3,H2-v1,1673903,0x538589f4b0ba89623a2067830f6e137c0ed13eb4414cb8d5755abf19e9f94419,mlb-min-mil-2026-08-07,Milwaukee Brewers,Minnesota Twins,719,2026-08-07T23:41:00+00:00,3528,2026-08-07T19:00:03.113546+00:00,16856.886454,4,3,true,0.6175771971496438,0.6175771971496438,0.6180048661800486,0.6175771971496438,2,1,1,2026-08-07T18:59:31+00:00,2026-08-07T18:59:53+00:00,17.113546,32.113546
H2-v1-SHARP-M3,H2-v1,1673903,0x538589f4b0ba89623a2067830f6e137c0ed13eb4414cb8d5755abf19e9f94419,mlb-min-mil-2026-08-07,Milwaukee Brewers,Minnesota Twins,719,2026-08-07T23:41:00+00:00,3577,2026-08-07T19:45:02.473004+00:00,14157.526996,4,3,true,0.6175771971496438,0.6175771971496438,0.6180048661800486,0.6175771971496438,2,1,1,2026-08-07T19:44:46+00:00,2026-08-07T19:44:59+00:00,9.473004,16.473004
H2-v1-SHARP-M3,H2-v1,1673903,0x538589f4b0ba89623a2067830f6e137c0ed13eb4414cb8d5755abf19e9f94419,mlb-min-mil-2026-08-07,Milwaukee Brewers,Minnesota Twins,719,2026-08-07T23:41:00+00:00,3594,2026-08-07T20:00:02.327371+00:00,13257.672629,4,3,true,0.6175771971496438,0.6175771971496438,0.6180048661800486,0.6175771971496438,2,1,1,2026-08-07T19:59:44+00:00,2026-08-07T19:59:57+00:00,12.327371,18.327371
H2-v1-SHARP-M3,H2-v1,1673903,0x538589f4b0ba89623a2067830f6e137c0ed13eb4414cb8d5755abf19e9f94419,mlb-min-mil-2026-08-07,Milwaukee Brewers,Minnesota Twins,719,2026-08-07T23:41:00+00:00,3643,2026-08-07T20:45:02.332457+00:00,10557.667543,4,3,true,0.6157517899761337,0.6157517899761337,0.6146341463414634,0.6157517899761337,2,1,1,2026-08-07T20:44:41+00:00,2026-08-07T20:44:55+00:00,15.832457,21.332457
H2-v1-SHARP-M3,H2-v1,1673903,0x538589f4b0ba89623a2067830f6e137c0ed13eb4414cb8d5755abf19e9f94419,mlb-min-mil-2026-08-07,Milwaukee Brewers,Minnesota Twins,719,2026-08-07T23:41:00+00:00,3660,2026-08-07T21:00:03.645407+00:00,9656.354593,4,3,true,0.6157517899761337,0.6161137440758293,0.616504854368932,0.6161137440758293,2,1,1,2026-08-07T20:59:39+00:00,2026-08-07T20:59:52+00:00,18.145407,24.645407
H2-v1-SHARP-M3,H2-v1,1673903,0x538589f4b0ba89623a2067830f6e137c0ed13eb4414cb8d5755abf19e9f94419,mlb-min-mil-2026-08-07,Milwaukee Brewers,Minnesota Twins,719,2026-08-07T23:41:00+00:00,3709,2026-08-07T21:45:02.708592+00:00,6957.291408,4,3,true,0.6157517899761337,0.6175771971496438,0.6216867469879519,0.6175771971496438,2,1,1,2026-08-07T21:44:43+00:00,2026-08-07T21:44:58+00:00,12.708592,19.708592
H2-v1-SHARP-M3,H2-v1,1673903,0x538589f4b0ba89623a2067830f6e137c0ed13eb4414cb8d5755abf19e9f94419,mlb-min-mil-2026-08-07,Milwaukee Brewers,Minnesota Twins,719,2026-08-07T23:41:00+00:00,3726,2026-08-07T22:00:03.372802+00:00,6056.627198,4,3,true,0.6208530805687204,0.6193853427895982,0.6216867469879519,0.6208530805687204,2,1,1,2026-08-07T21:59:39+00:00,2026-08-07T22:00:01+00:00,12.872802,24.372802
H2-v1-SHARP-M3,H2-v1,1673903,0x538589f4b0ba89623a2067830f6e137c0ed13eb4414cb8d5755abf19e9f94419,mlb-min-mil-2026-08-07,Milwaukee Brewers,Minnesota Twins,719,2026-08-07T23:41:00+00:00,3775,2026-08-07T22:45:01.947561+00:00,3358.052439,4,3,true,0.6208530805687204,0.6208530805687204,0.625,0.6208530805687204,2,1,1,2026-08-07T22:44:42+00:00,2026-08-07T22:44:54+00:00,9.447561,19.947561
H2-v1-SHARP-M3,H2-v1,1673903,0x538589f4b0ba89623a2067830f6e137c0ed13eb4414cb8d5755abf19e9f94419,mlb-min-mil-2026-08-07,Milwaukee Brewers,Minnesota Twins,719,2026-08-07T23:41:00+00:00,3792,2026-08-07T23:00:03.995609+00:00,2456.004391,4,3,true,0.6208530805687204,0.6208530805687204,0.625,0.6208530805687204,2,1,1,2026-08-07T22:59:51+00:00,2026-08-07T22:59:52+00:00,12.495609,12.995609
H2-v1-SHARP-M3,H2-v1,1673863,0x85103a46008451b326ce5cac11e4377e7c06baef3631a6a78e6ddfc593d68a5d,mlb-cin-wsh-2026-08-07,Washington Nationals,Cincinnati Reds,729,2026-08-07T23:46:00+00:00,3462,2026-08-07T18:00:02.829250+00:00,20757.17075,4,3,true,0.5188916876574307,0.5175879396984925,0.5204081632653061,0.5188916876574307,2,1,1,2026-08-07T17:59:41+00:00,2026-08-07T17:59:53+00:00,16.32925,21.82925
H2-v1-SHARP-M3,H2-v1,1673863,0x85103a46008451b326ce5cac11e4377e7c06baef3631a6a78e6ddfc593d68a5d,mlb-cin-wsh-2026-08-07,Washington Nationals,Cincinnati Reds,729,2026-08-07T23:46:00+00:00,3511,2026-08-07T18:45:02.181343+00:00,18057.818657,4,3,true,0.5226130653266332,0.5213032581453634,0.5190839694656489,0.5213032581453634,2,1,1,2026-08-07T18:44:43+00:00,2026-08-07T18:44:57+00:00,8.681343,19.181343
H2-v1-SHARP-M3,H2-v1,1673863,0x85103a46008451b326ce5cac11e4377e7c06baef3631a6a78e6ddfc593d68a5d,mlb-cin-wsh-2026-08-07,Washington Nationals,Cincinnati Reds,729,2026-08-07T23:46:00+00:00,3528,2026-08-07T19:00:03.113546+00:00,17156.886454,4,3,true,0.5226130653266332,0.5226130653266332,0.5190839694656489,0.5226130653266332,2,1,1,2026-08-07T18:59:31+00:00,2026-08-07T18:59:53+00:00,17.113546,32.113546
H2-v1-SHARP-M3,H2-v1,1673863,0x85103a46008451b326ce5cac11e4377e7c06baef3631a6a78e6ddfc593d68a5d,mlb-cin-wsh-2026-08-07,Washington Nationals,Cincinnati Reds,729,2026-08-07T23:46:00+00:00,3577,2026-08-07T19:45:02.473004+00:00,14457.526996,4,3,true,0.5188916876574307,0.5188916876574307,0.5204081632653061,0.5188916876574307,2,1,1,2026-08-07T19:44:46+00:00,2026-08-07T19:44:59+00:00,9.473004,16.473004
H2-v1-SHARP-M3,H2-v1,1673863,0x85103a46008451b326ce5cac11e4377e7c06baef3631a6a78e6ddfc593d68a5d,mlb-cin-wsh-2026-08-07,Washington Nationals,Cincinnati Reds,729,2026-08-07T23:46:00+00:00,3594,2026-08-07T20:00:02.327371+00:00,13557.672629,4,3,true,0.5188916876574307,0.5188916876574307,0.5204081632653061,0.5188916876574307,2,1,1,2026-08-07T19:59:44+00:00,2026-08-07T19:59:57+00:00,12.327371,18.327371
H2-v1-SHARP-M3,H2-v1,1673863,0x85103a46008451b326ce5cac11e4377e7c06baef3631a6a78e6ddfc593d68a5d,mlb-cin-wsh-2026-08-07,Washington Nationals,Cincinnati Reds,729,2026-08-07T23:46:00+00:00,3643,2026-08-07T20:45:02.332457+00:00,10857.667543,4,3,true,0.5326633165829147,0.5349999999999999,0.5329949238578681,0.5329949238578681,2,1,1,2026-08-07T20:44:41+00:00,2026-08-07T20:44:55+00:00,15.832457,21.332457
H2-v1-SHARP-M3,H2-v1,1673863,0x85103a46008451b326ce5cac11e4377e7c06baef3631a6a78e6ddfc593d68a5d,mlb-cin-wsh-2026-08-07,Washington Nationals,Cincinnati Reds,729,2026-08-07T23:46:00+00:00,3660,2026-08-07T21:00:03.645407+00:00,9956.354593,4,3,true,0.5338316582914573,0.5349999999999999,0.5329949238578681,0.5338316582914573,2,1,1,2026-08-07T20:59:39+00:00,2026-08-07T20:59:52+00:00,18.145407,24.645407
H2-v1-SHARP-M3,H2-v1,1673863,0x85103a46008451b326ce5cac11e4377e7c06baef3631a6a78e6ddfc593d68a5d,mlb-cin-wsh-2026-08-07,Washington Nationals,Cincinnati Reds,729,2026-08-07T23:46:00+00:00,3709,2026-08-07T21:45:02.708592+00:00,7257.291408,4,3,true,0.5363408521303258,0.5349999999999999,0.5329949238578681,0.5349999999999999,2,1,1,2026-08-07T21:44:43+00:00,2026-08-07T21:44:58+00:00,12.708592,19.708592
H2-v1-SHARP-M3,H2-v1,1673863,0x85103a46008451b326ce5cac11e4377e7c06baef3631a6a78e6ddfc593d68a5d,mlb-cin-wsh-2026-08-07,Washington Nationals,Cincinnati Reds,729,2026-08-07T23:46:00+00:00,3726,2026-08-07T22:00:03.372802+00:00,6356.627198,4,3,true,0.5349999999999999,0.5349999999999999,0.5329949238578681,0.5349999999999999,2,1,1,2026-08-07T21:59:39+00:00,2026-08-07T22:00:01+00:00,12.872802,24.372802
H2-v1-SHARP-M3,H2-v1,1673863,0x85103a46008451b326ce5cac11e4377e7c06baef3631a6a78e6ddfc593d68a5d,mlb-cin-wsh-2026-08-07,Washington Nationals,Cincinnati Reds,729,2026-08-07T23:46:00+00:00,3775,2026-08-07T22:45:01.947561+00:00,3658.052439,4,3,true,0.53500334377089855,0.5349999999999999,0.5329949238578681,0.5349999999999999,2,1,1,2026-08-07T22:44:42+00:00,2026-08-07T22:44:54+00:00,9.447561,19.947561
H2-v1-SHARP-M3,H2-v1,1673863,0x85103a46008451b326ce5cac11e4377e7c06baef3631a6a78e6ddfc593d68a5d,mlb-cin-wsh-2026-08-07,Washington Nationals,Cincinnati Reds,729,2026-08-07T23:46:00+00:00,3792,2026-08-07T23:00:03.995609+00:00,2756.004391,4,3,true,0.5376884422110553,0.5263157894736842,0.5343511450381679,0.5343511450381679,2,1,1,2026-08-07T22:59:51+00:00,2026-08-07T22:59:52+00:00,12.495609,12.995609
H2-v1-SHARP-M3,H2-v1,1673863,0x85103a46008451b326ce5cac11e4377e7c06baef3631a6a78e6ddfc593d68a5d,mlb-cin-wsh-2026-08-07,Washington Nationals,Cincinnati Reds,729,2026-08-07T23:46:00+00:00,3841,2026-08-07T23:45:02.363334+00:00,57.636666,3,2,true,0.5349999999999999,0.5249343832020998,,0.52996719160104985,2,1,0,2026-08-07T23:44:59+00:00,2026-08-07T23:45:00+00:00,3.363334,3.363334
H2-v1-SHARP-M3,H2-v1,1673846,0xc3d4ea1d592f030ba20a226a4825b83ee10dd0fd428650e60011109c8a617346,mlb-tor-phi-2026-08-07,Philadelphia Phillies,Toronto Blue Jays,631,2026-08-08T00:41:00+00:00,2151,2026-08-06T21:45:02.869331+00:00,96957.130669,1,1,false,,,0.6499999999999999,0.6499999999999999,0,0,1,2026-08-06T21:44:58+00:00,2026-08-06T21:44:58+00:00,4.869331,4.869331
H2-v1-SHARP-M3,H2-v1,1673846,0xc3d4ea1d592f030ba20a226a4825b83ee10dd0fd428650e60011109c8a617346,mlb-tor-phi-2026-08-07,Philadelphia Phillies,Toronto Blue Jays,631,2026-08-08T00:41:00+00:00,2234,2026-08-06T23:00:02.340366+00:00,92457.659634,2,2,true,,0.647814910025707,0.6342710997442454,0.6410430048849762,0,1,1,2026-08-06T23:00:00+00:00,2026-08-06T23:00:00+00:00,2.340366,2.340366
H2-v1-SHARP-M3,H2-v1,1673846,0xc3d4ea1d592f030ba20a226a4825b83ee10dd0fd428650e60011109c8a617346,mlb-tor-phi-2026-08-07,Philadelphia Phillies,Toronto Blue Jays,631,2026-08-08T00:41:00+00:00,2300,2026-08-07T00:00:02.495361+00:00,88857.504639,2,2,true,,0.6555023923444976,0.6361323155216284,0.645817353933063,0,1,1,2026-08-06T23:59:54+00:00,2026-08-06T23:59:56+00:00,7.495361,8.495361
H2-v1-SHARP-M3,H2-v1,1673846,0xc3d4ea1d592f030ba20a226a4825b83ee10dd0fd428650e60011109c8a617346,mlb-tor-phi-2026-08-07,Philadelphia Phillies,Toronto Blue Jays,631,2026-08-08T00:41:00+00:00,2547,2026-08-07T03:45:02.851642+00:00,75357.148358,2,2,true,,0.657210401891253,0.6417910447761194,0.6495007233336862,0,1,1,2026-08-07T03:44:57+00:00,2026-08-07T03:45:00+00:00,4.351642,5.851642
H2-v1-SHARP-M3,H2-v1,1673846,0xc3d4ea1d592f030ba20a226a4825b83ee10dd0fd428650e60011109c8a617346,mlb-tor-phi-2026-08-07,Philadelphia Phillies,Toronto Blue Jays,631,2026-08-08T00:41:00+00:00,2613,2026-08-07T04:45:02.209344+00:00,71757.790656,2,2,true,,0.648910411622276,0.6435643564356436,0.6462373840289598,0,1,1,2026-08-07T04:44:56+00:00,2026-08-07T04:44:57+00:00,5.709344,6.209344
H2-v1-SHARP-M3,H2-v1,1673846,0xc3d4ea1d592f030ba20a226a4825b83ee10dd0fd428650e60011109c8a617346,mlb-tor-phi-2026-08-07,Philadelphia Phillies,Toronto Blue Jays,631,2026-08-08T00:41:00+00:00,3462,2026-08-07T18:00:02.829250+00:00,24057.17075,4,3,true,0.6636771300448431,0.6636771300448431,0.6636363636363636,0.6636771300448431,2,1,1,2026-08-07T17:59:41+00:00,2026-08-07T17:59:53+00:00,16.32925,21.82925
H2-v1-SHARP-M3,H2-v1,1673846,0xc3d4ea1d592f030ba20a226a4825b83ee10dd0fd428650e60011109c8a617346,mlb-tor-phi-2026-08-07,Philadelphia Phillies,Toronto Blue Jays,631,2026-08-08T00:41:00+00:00,3511,2026-08-07T18:45:02.181343+00:00,21357.818657,4,3,true,0.6545454545454545,0.6545454545454545,0.654292343387471,0.6545454545454545,2,1,1,2026-08-07T18:44:43+00:00,2026-08-07T18:44:57+00:00,8.681343,19.181343
H2-v1-SHARP-M3,H2-v1,1673846,0xc3d4ea1d592f030ba20a226a4825b83ee10dd0fd428650e60011109c8a617346,mlb-tor-phi-2026-08-07,Philadelphia Phillies,Toronto Blue Jays,631,2026-08-08T00:41:00+00:00,3528,2026-08-07T19:00:03.113546+00:00,20456.886454,4,3,true,0.6561085972850679,0.6561085972850679,0.654292343387471,0.6561085972850679,2,1,1,2026-08-07T18:59:31+00:00,2026-08-07T18:59:53+00:00,17.113546,32.113546
H2-v1-SHARP-M3,H2-v1,1673846,0xc3d4ea1d592f030ba20a226a4825b83ee10dd0fd428650e60011109c8a617346,mlb-tor-phi-2026-08-07,Philadelphia Phillies,Toronto Blue Jays,631,2026-08-08T00:41:00+00:00,3577,2026-08-07T19:45:02.473004+00:00,17757.526996,4,3,true,0.6561085972850679,0.6576576576576576,0.6589861751152073,0.6576576576576576,2,1,1,2026-08-07T19:44:46+00:00,2026-08-07T19:44:59+00:00,9.473004,16.473004
H2-v1-SHARP-M3,H2-v1,1673846,0xc3d4ea1d592f030ba20a226a4825b83ee10dd0fd428650e60011109c8a617346,mlb-tor-phi-2026-08-07,Philadelphia Phillies,Toronto Blue Jays,631,2026-08-08T00:41:00+00:00,3594,2026-08-07T20:00:02.327371+00:00,16857.672629,4,3,true,0.6621923937360178,0.6621923937360178,0.6636363636363636,0.6621923937360178,2,1,1,2026-08-07T19:59:44+00:00,2026-08-07T19:59:57+00:00,12.327371,18.327371
H2-v1-SHARP-M3,H2-v1,1673846,0xc3d4ea1d592f030ba20a226a4825b83ee10dd0fd428650e60011109c8a617346,mlb-tor-phi-2026-08-07,Philadelphia Phillies,Toronto Blue Jays,631,2026-08-08T00:41:00+00:00,3643,2026-08-07T20:45:02.332457+00:00,14157.667543,4,3,true,0.6606334841628959,0.6636771300448431,0.6621004566210046,0.6621004566210046,2,1,1,2026-08-07T20:44:41+00:00,2026-08-07T20:44:55+00:00,15.832457,21.332457
H2-v1-SHARP-M3,H2-v1,1673846,0xc3d4ea1d592f030ba20a226a4825b83ee10dd0fd428650e60011109c8a617346,mlb-tor-phi-2026-08-07,Philadelphia Phillies,Toronto Blue Jays,631,2026-08-08T00:41:00+00:00,3660,2026-08-07T21:00:03.645407+00:00,13256.354593,4,3,true,0.659090909090909,0.6591422121896162,0.6590389016018307,0.659090909090909,2,1,1,2026-08-07T20:59:39+00:00,2026-08-07T20:59:52+00:00,18.145407,24.645407
H2-v1-SHARP-M3,H2-v1,1673846,0xc3d4ea1d592f030ba20a226a4825b83ee10dd0fd428650e60011109c8a617346,mlb-tor-phi-2026-08-07,Philadelphia Phillies,Toronto Blue Jays,631,2026-08-08T00:41:00+00:00,3709,2026-08-07T21:45:02.708592+00:00,10557.291408,4,3,true,0.6560364464692484,0.6561085972850679,0.6574712643678161,0.6561085972850679,2,1,1,2026-08-07T21:44:43+00:00,2026-08-07T21:44:58+00:00,12.708592,19.708592
H2-v1-SHARP-M3,H2-v1,1673846,0xc3d4ea1d592f030ba20a226a4825b83ee10dd0fd428650e60011109c8a617346,mlb-tor-phi-2026-08-07,Philadelphia Phillies,Toronto Blue Jays,631,2026-08-08T00:41:00+00:00,3726,2026-08-07T22:00:03.372802+00:00,9656.627198,4,3,true,0.65529095050735145,0.6545454545454545,0.6574712643678161,0.65529095050735145,2,1,1,2026-08-07T21:59:39+00:00,2026-08-07T22:00:01+00:00,12.872802,24.372802
H2-v1-SHARP-M3,H2-v1,1673846,0xc3d4ea1d592f030ba20a226a4825b83ee10dd0fd428650e60011109c8a617346,mlb-tor-phi-2026-08-07,Philadelphia Phillies,Toronto Blue Jays,631,2026-08-08T00:41:00+00:00,3775,2026-08-07T22:45:01.947561+00:00,6958.052439,4,3,true,0.6560364464692484,0.6527777777777778,0.6574712643678161,0.6560364464692484,2,1,1,2026-08-07T22:44:42+00:00,2026-08-07T22:44:54+00:00,9.447561,19.947561
H2-v1-SHARP-M3,H2-v1,1673846,0xc3d4ea1d592f030ba20a226a4825b83ee10dd0fd428650e60011109c8a617346,mlb-tor-phi-2026-08-07,Philadelphia Phillies,Toronto Blue Jays,631,2026-08-08T00:41:00+00:00,3792,2026-08-07T23:00:03.995609+00:00,6056.004391,4,3,true,0.659090909090909,0.6391752577319588,0.6574074074074074,0.6574074074074074,2,1,1,2026-08-07T22:59:51+00:00,2026-08-07T22:59:52+00:00,12.495609,12.995609
H2-v1-SHARP-M3,H2-v1,1673846,0xc3d4ea1d592f030ba20a226a4825b83ee10dd0fd428650e60011109c8a617346,mlb-tor-phi-2026-08-07,Philadelphia Phillies,Toronto Blue Jays,631,2026-08-08T00:41:00+00:00,3841,2026-08-07T23:45:02.363334+00:00,3357.636666,4,3,true,0.659090909090909,0.6391752577319588,0.6713286713286714,0.659090909090909,2,1,1,2026-08-07T23:44:59+00:00,2026-08-07T23:45:00+00:00,3.363334,3.363334
H2-v1-SHARP-M3,H2-v1,1673885,0x2f40b48f8d3177ec141fc216669c06206f37c359c0ace9cde11925055c0638a1,mlb-atl-nyy-2026-08-07,New York Yankees,Atlanta Braves,617,2026-08-08T01:01:00+00:00,2102,2026-08-06T21:00:02.502363+00:00,100857.497637,1,1,false,,,0.579088471849866,0.579088471849866,0,0,1,2026-08-06T20:59:52+00:00,2026-08-06T20:59:52+00:00,10.502363,10.502363
H2-v1-SHARP-M3,H2-v1,1673885,0x2f40b48f8d3177ec141fc216669c06206f37c359c0ace9cde11925055c0638a1,mlb-atl-nyy-2026-08-07,New York Yankees,Atlanta Braves,617,2026-08-08T01:01:00+00:00,2151,2026-08-06T21:45:02.869331+00:00,98157.130669,1,1,false,,,0.579088471849866,0.579088471849866,0,0,1,2026-08-06T21:44:58+00:00,2026-08-06T21:44:58+00:00,4.869331,4.869331
H2-v1-SHARP-M3,H2-v1,1673885,0x2f40b48f8d3177ec141fc216669c06206f37c359c0ace9cde11925055c0638a1,mlb-atl-nyy-2026-08-07,New York Yankees,Atlanta Braves,617,2026-08-08T01:01:00+00:00,2234,2026-08-06T23:00:02.340366+00:00,93657.659634,1,1,false,,,0.579088471849866,0.579088471849866,0,0,1,2026-08-06T23:00:00+00:00,2026-08-06T23:00:00+00:00,2.340366,2.340366
H2-v1-SHARP-M3,H2-v1,1673885,0x2f40b48f8d3177ec141fc216669c06206f37c359c0ace9cde11925055c0638a1,mlb-atl-nyy-2026-08-07,New York Yankees,Atlanta Braves,617,2026-08-08T01:01:00+00:00,2300,2026-08-07T00:00:02.495361+00:00,90057.504639,2,2,true,,0.574585635359116,0.579088471849866,0.576837053604491,0,1,1,2026-08-06T23:59:54+00:00,2026-08-06T23:59:56+00:00,7.495361,8.495361
H2-v1-SHARP-M3,H2-v1,1673885,0x2f40b48f8d3177ec141fc216669c06206f37c359c0ace9cde11925055c0638a1,mlb-atl-nyy-2026-08-07,New York Yankees,Atlanta Braves,617,2026-08-08T01:01:00+00:00,2547,2026-08-07T03:45:02.851642+00:00,76557.148358,1,1,false,,,0.5828877005347594,0.5828877005347594,0,0,1,2026-08-07T03:44:57+00:00,2026-08-07T03:44:57+00:00,5.851642,5.851642
H2-v1-SHARP-M3,H2-v1,1673885,0x2f40b48f8d3177ec141fc216669c06206f37c359c0ace9cde11925055c0638a1,mlb-atl-nyy-2026-08-07,New York Yankees,Atlanta Braves,617,2026-08-08T01:01:00+00:00,2613,2026-08-07T04:45:02.209344+00:00,72957.790656,1,1,false,,,0.579088471849866,0.579088471849866,0,0,1,2026-08-07T04:44:57+00:00,2026-08-07T04:44:57+00:00,5.209344,5.209344
H2-v1-SHARP-M3,H2-v1,1673885,0x2f40b48f8d3177ec141fc216669c06206f37c359c0ace9cde11925055c0638a1,mlb-atl-nyy-2026-08-07,New York Yankees,Atlanta Braves,617,2026-08-08T01:01:00+00:00,3462,2026-08-07T18:00:02.829250+00:00,25257.17075,4,3,true,0.5558312655086849,0.5558312655086849,0.5563909774436091,0.5558312655086849,2,1,1,2026-08-07T17:59:41+00:00,2026-08-07T17:59:53+00:00,16.32925,21.82925
H2-v1-SHARP-M3,H2-v1,1673885,0x2f40b48f8d3177ec141fc216669c06206f37c359c0ace9cde11925055c0638a1,mlb-atl-nyy-2026-08-07,New York Yankees,Atlanta Braves,617,2026-08-08T01:01:00+00:00,3511,2026-08-07T18:45:02.181343+00:00,22557.818657,4,3,true,0.5558312655086849,0.5558312655086849,0.5563909774436091,0.5558312655086849,2,1,1,2026-08-07T18:44:43+00:00,2026-08-07T18:44:57+00:00,8.681343,19.181343
H2-v1-SHARP-M3,H2-v1,1673885,0x2f40b48f8d3177ec141fc216669c06206f37c359c0ace9cde11925055c0638a1,mlb-atl-nyy-2026-08-07,New York Yankees,Atlanta Braves,617,2026-08-08T01:01:00+00:00,3528,2026-08-07T19:00:03.113546+00:00,21656.886454,4,3,true,0.5558312655086849,0.5558312655086849,0.5563909774436091,0.5558312655086849,2,1,1,2026-08-07T18:59:31+00:00,2026-08-07T18:59:53+00:00,17.113546,32.113546
H2-v1-SHARP-M3,H2-v1,1673885,0x2f40b48f8d3177ec141fc216669c06206f37c359c0ace9cde11925055c0638a1,mlb-atl-nyy-2026-08-07,New York Yankees,Atlanta Braves,617,2026-08-08T01:01:00+00:00,3577,2026-08-07T19:45:02.473004+00:00,18957.526996,4,3,true,0.5413533834586466,0.543640897755611,0.5390428211586901,0.5413533834586466,2,1,1,2026-08-07T19:44:46+00:00,2026-08-07T19:44:59+00:00,9.473004,16.473004
H2-v1-SHARP-M3,H2-v1,1673885,0x2f40b48f8d3177ec141fc216669c06206f37c359c0ace9cde11925055c0638a1,mlb-atl-nyy-2026-08-07,New York Yankees,Atlanta Braves,617,2026-08-08T01:01:00+00:00,3594,2026-08-07T20:00:02.327371+00:00,18057.672629,4,3,true,0.5413533834586466,0.5422885572139304,0.5431472081218274,0.5422885572139304,2,1,1,2026-08-07T19:59:44+00:00,2026-08-07T19:59:57+00:00,12.327371,18.327371
H2-v1-SHARP-M3,H2-v1,1673885,0x2f40b48f8d3177ec141fc216669c06206f37c359c0ace9cde11925055c0638a1,mlb-atl-nyy-2026-08-07,New York Yankees,Atlanta Braves,617,2026-08-08T01:01:00+00:00,3643,2026-08-07T20:45:02.332457+00:00,15357.667543,4,3,true,0.5413533834586466,0.5399999999999999,0.5404040404040404,0.5404040404040404,2,1,1,2026-08-07T20:44:41+00:00,2026-08-07T20:44:55+00:00,15.832457,21.332457
H2-v1-SHARP-M3,H2-v1,1673885,0x2f40b48f8d3177ec141fc216669c06206f37c359c0ace9cde11925055c0638a1,mlb-atl-nyy-2026-08-07,New York Yankees,Atlanta Braves,617,2026-08-08T01:01:00+00:00,3660,2026-08-07T21:00:03.645407+00:00,14456.354593,4,3,true,0.5399999999999999,0.5399999999999999,0.5404040404040404,0.5399999999999999,2,1,1,2026-08-07T20:59:39+00:00,2026-08-07T20:59:52+00:00,18.145407,24.645407
H2-v1-SHARP-M3,H2-v1,1673885,0x2f40b48f8d3177ec141fc216669c06206f37c359c0ace9cde11925055c0638a1,mlb-atl-nyy-2026-08-07,New York Yankees,Atlanta Braves,617,2026-08-08T01:01:00+00:00,3709,2026-08-07T21:45:02.708592+00:00,11757.291408,4,3,true,0.5390428211586901,0.5413533834586466,0.5380710659898477,0.5390428211586901,2,1,1,2026-08-07T21:44:43+00:00,2026-08-07T21:44:58+00:00,12.708592,19.708592
H2-v1-SHARP-M3,H2-v1,1673885,0x2f40b48f8d3177ec141fc216669c06206f37c359c0ace9cde11925055c0638a1,mlb-atl-nyy-2026-08-07,New York Yankees,Atlanta Braves,617,2026-08-08T01:01:00+00:00,3726,2026-08-07T22:00:03.372802+00:00,10856.627198,4,3,true,0.542713567839196,0.543640897755611,0.542713567839196,0.542713567839196,2,1,1,2026-08-07T21:59:39+00:00,2026-08-07T22:00:01+00:00,12.872802,24.372802
H2-v1-SHARP-M3,H2-v1,1673885,0x2f40b48f8d3177ec141fc216669c06206f37c359c0ace9cde11925055c0638a1,mlb-atl-nyy-2026-08-07,New York Yankees,Atlanta Braves,617,2026-08-08T01:01:00+00:00,3775,2026-08-07T22:45:01.947561+00:00,8158.052439,4,3,true,0.5399999999999999,0.5399999999999999,0.5404040404040404,0.5399999999999999,2,1,1,2026-08-07T22:44:42+00:00,2026-08-07T22:44:54+00:00,9.447561,19.947561
H2-v1-SHARP-M3,H2-v1,1673885,0x2f40b48f8d3177ec141fc216669c06206f37c359c0ace9cde11925055c0638a1,mlb-atl-nyy-2026-08-07,New York Yankees,Atlanta Braves,617,2026-08-08T01:01:00+00:00,3792,2026-08-07T23:00:03.995609+00:00,7256.004391,4,3,true,0.5376884422110553,0.5399999999999999,0.5367088607594936,0.5376884422110553,2,1,1,2026-08-07T22:59:51+00:00,2026-08-07T22:59:52+00:00,12.495609,12.995609
H2-v1-SHARP-M3,H2-v1,1673885,0x2f40b48f8d3177ec141fc216669c06206f37c359c0ace9cde11925055c0638a1,mlb-atl-nyy-2026-08-07,New York Yankees,Atlanta Braves,617,2026-08-08T01:01:00+00:00,3841,2026-08-07T23:45:02.363334+00:00,4557.636666,4,3,true,0.5390428211586901,0.5367088607594936,0.5549738219895288,0.5390428211586901,2,1,1,2026-08-07T23:44:59+00:00,2026-08-07T23:45:00+00:00,3.363334,3.363334
