feature_version,cohort_version,signal_id,signal_type,signal_parent_row,market_id,condition_id,slug,home_team,away_team,canonical_commence_time,signal_time,signal_seconds_before_start,signal_direction_available,signal_direction_home_sign,rn1_token_id,rn1_token_outcome,rn1_token_team_side,rn1_side,rn1_token_price,rn1_execution_home_price,rn1_size_shares,rn1_cash_notional,rn1_signed_home_shares,rn1_signed_home_cash_flow,rn1_tx_hash,rn1_venue_trade_key,rn1_second_cluster_id,rn1_second_cluster_size,rn1_second_cluster_rank,rn1_second_cluster_signed_home_shares,rn1_second_cluster_signed_home_cash_flow,rn1_second_cluster_net_direction_sign,rn1_tx_cluster_size,sharp_collector_run_id,sharp_home_prob,sharp_prev_home_prob,sharp_home_delta,sharp_direction_home_sign,sharp_prev_poll_time,sharp_prev_poll_gap_seconds,sharp_family_count,sharp_is_multi_family,sharp_family_composition,sharp_prev_family_composition,sharp_family_composition_changed,sharp_betfair_home_prob,sharp_matchbook_home_prob,sharp_smarkets_home_prob,sharp_median_source_lag_seconds,sharp_max_source_lag_seconds,aligned_sharp_signal_id,aligned_sharp_time,aligned_sharp_age_seconds,aligned_sharp_home_prob,aligned_sharp_home_delta,aligned_sharp_direction_home_sign,aligned_sharp_family_count,aligned_sharp_composition_changed,prev_sharp_signal_id,prev_sharp_lag_seconds,next_sharp_signal_id,next_sharp_lag_seconds,prev_rn1_signal_id,prev_rn1_lag_seconds,next_rn1_signal_id,next_rn1_lag_seconds,pm_baseline_available,pm_baseline_time,pm_baseline_age_seconds,pm_baseline_home_price,pm_baseline_tx_hash,pm_baseline_fresh_30s,pm_baseline_fresh_60s,pm_baseline_fresh_300s,pm_baseline_fresh_600s,sharp_pm_gap_at_signal,rn1_execution_vs_pm_baseline_change,rn1_agrees_with_aligned_sharp_direction,pm_10s_pregame_eligible,pm_10s_response_available,pm_10s_response_trade_count,pm_10s_first_response_time,pm_10s_first_response_latency_seconds,pm_10s_first_response_home_price,pm_10s_first_response_change,pm_10s_first_response_tx_hash,pm_10s_last_response_time,pm_10s_last_response_latency_seconds,pm_10s_last_response_target_age_seconds,pm_10s_last_response_home_price,pm_10s_last_response_change,pm_10s_last_response_tx_hash,pm_10s_response_min_home_price,pm_10s_response_max_home_price,pm_10s_response_home_price_range,pm_10s_last_response_target_fresh_5s,pm_10s_last_response_target_fresh_15s,pm_10s_last_response_target_fresh_30s,pm_10s_last_response_target_fresh_60s,pm_30s_pregame_eligible,pm_30s_response_available,pm_30s_response_trade_count,pm_30s_first_response_time,pm_30s_first_response_latency_seconds,pm_30s_first_response_home_price,pm_30s_first_response_change,pm_30s_first_response_tx_hash,pm_30s_last_response_time,pm_30s_last_response_latency_seconds,pm_30s_last_response_target_age_seconds,pm_30s_last_response_home_price,pm_30s_last_response_change,pm_30s_last_response_tx_hash,pm_30s_response_min_home_price,pm_30s_response_max_home_price,pm_30s_response_home_price_range,pm_30s_last_response_target_fresh_5s,pm_30s_last_response_target_fresh_15s,pm_30s_last_response_target_fresh_30s,pm_30s_last_response_target_fresh_60s,pm_60s_pregame_eligible,pm_60s_response_available,pm_60s_response_trade_count,pm_60s_first_response_time,pm_60s_first_response_latency_seconds,pm_60s_first_response_home_price,pm_60s_first_response_change,pm_60s_first_response_tx_hash,pm_60s_last_response_time,pm_60s_last_response_latency_seconds,pm_60s_last_response_target_age_seconds,pm_60s_last_response_home_price,pm_60s_last_response_change,pm_60s_last_response_tx_hash,pm_60s_response_min_home_price,pm_60s_response_max_home_price,pm_60s_response_home_price_range,pm_60s_last_response_target_fresh_5s,pm_60s_last_response_target_fresh_15s,pm_60s_last_response_target_fresh_30s,pm_60s_last_response_target_fresh_60s,pm_300s_pregame_eligible,pm_300s_response_available,pm_300s_response_trade_count,pm_300s_first_response_time,pm_300s_first_response_latency_seconds,pm_300s_first_response_home_price,pm_300s_first_response_change,pm_300s_first_response_tx_hash,pm_300s_last_response_time,pm_300s_last_response_latency_seconds,pm_300s_last_response_target_age_seconds,pm_300s_last_response_home_price,pm_300s_last_response_change,pm_300s_last_response_tx_hash,pm_300s_response_min_home_price,pm_300s_response_max_home_price,pm_300s_response_home_price_range,pm_300s_last_response_target_fresh_5s,pm_300s_last_response_target_fresh_15s,pm_300s_last_response_target_fresh_30s,pm_300s_last_response_target_fresh_60s
H2-v1-EVENT-M5,H2-v1,sharp:0001,sharp,1,1595162,0xf447965f2669b7aa3e5f5d320b2cdd8c19943f8bfb90abbde31202d88aa9c56d,mlb-laa-bal-2026-08-04,Baltimore Orioles,Los Angeles Angels,2026-08-04T22:36:00+00:00,2026-08-04T12:53:01.230532+00:00,34978.769468,false,,,,,,,,,,,,,,,,,,,,,417,0.5792079207920793,,,,,,3,true,betfair+matchbook+smarkets,,,0.5792079207920793,0.5792079207920793,0.5785536159600998,17.730532,18.230532,sharp:0001,2026-08-04T12:53:01.230532+00:00,0,0.5792079207920793,,,3,,,,sharp:0002,18420.761847,,,rn1:0001,34930.769468,true,2026-08-04T12:51:29+00:00,92.230532,0.58,0xcd4d0fe2fec1eab9b75fb411b8f51b555b92cfe2b3061298a61c2066faee7f55,false,false,true,true,-0.0007920792079207,,,true,false,0,,,,,,,,,,,,,,,false,false,false,false,true,false,0,,,,,,,,,,,,,,,false,false,false,false,true,false,0,,,,,,,,,,,,,,,false,false,false,false,true,false,0,,,,,,,,,,,,,,,false,false,false,false
H2-v1-EVENT-M5,H2-v1,sharp:0002,sharp,2,1595162,0xf447965f2669b7aa3e5f5d320b2cdd8c19943f8bfb90abbde31202d88aa9c56d,mlb-laa-bal-2026-08-04,Baltimore Orioles,Los Angeles Angels,2026-08-04T22:36:00+00:00,2026-08-04T18:00:01.992379+00:00,16558.007621,true,1,,,,,,,,,,,,,,,,,,,,439,0.5853658536585367,0.5792079207920793,0.0061579328664574,1,2026-08-04T12:53:01.230532+00:00,18420.761847,3,true,betfair+matchbook+smarkets,betfair+matchbook+smarkets,false,0.5853658536585367,0.5853658536585367,0.5856079404466502,9.992379,15.992379,sharp:0002,2026-08-04T18:00:01.992379+00:00,0,0.5853658536585367,0.0061579328664574,1,3,false,sharp:0001,18420.761847,sharp:0003,2700.25185,,,rn1:0001,16510.007621,true,2026-08-04T17:54:24+00:00,337.992379,0.5899999272,0xe62c917e8cfefe8d89f667bac5202f38336802b21e41a1c268c8e6f416497082,false,false,false,true,-0.0046340735414633,,,true,false,0,,,,,,,,,,,,,,,false,false,false,false,true,false,0,,,,,,,,,,,,,,,false,false,false,false,true,false,0,,,,,,,,,,,,,,,false,false,false,false,true,true,1,2026-08-04T18:02:57+00:00,175.007621,0.5800000385,-0.0099998887,0x87c106d7e2a737610ec112c788ef31542223d6c5c06239f0b7532b9455363bda,2026-08-04T18:02:57+00:00,175.007621,124.992379,0.5800000385,-0.0099998887,0x87c106d7e2a737610ec112c788ef31542223d6c5c06239f0b7532b9455363bda,0.5800000385,0.5800000385,0,false,false,false,false
H2-v1-EVENT-M5,H2-v1,sharp:0003,sharp,3,1595162,0xf447965f2669b7aa3e5f5d320b2cdd8c19943f8bfb90abbde31202d88aa9c56d,mlb-laa-bal-2026-08-04,Baltimore Orioles,Los Angeles Angels,2026-08-04T22:36:00+00:00,2026-08-04T18:45:02.244229+00:00,13857.755771,true,0,,,,,,,,,,,,,,,,,,,,443,0.5853658536585367,0.5853658536585367,0,0,2026-08-04T18:00:01.992379+00:00,2700.25185,3,true,betfair+matchbook+smarkets,betfair+matchbook+smarkets,false,0.5853658536585367,0.5853658536585367,0.5856079404466502,13.244229,18.244229,sharp:0003,2026-08-04T18:45:02.244229+00:00,0,0.5853658536585367,0,0,3,false,sharp:0002,2700.25185,sharp:0004,900.187795,,,rn1:0001,13809.755771,true,2026-08-04T18:38:50+00:00,372.244229,0.59,0xc382ef74aad0b8f08442a513ad4c7f4d30b0af739c52812f76fbbd1dad5876ac,false,false,false,true,-0.0046341463414633,,,true,false,0,,,,,,,,,,,,,,,false,false,false,false,true,false,0,,,,,,,,,,,,,,,false,false,false,false,true,true,1,2026-08-04T18:45:41+00:00,38.755771,0.5800000916,-0.0099999084,0xa3064e8caddadf1b7decf636ec12e27046692b29548131763590b473c2b7bf3d,2026-08-04T18:45:41+00:00,38.755771,21.244229,0.5800000916,-0.0099999084,0xa3064e8caddadf1b7decf636ec12e27046692b29548131763590b473c2b7bf3d,0.5800000916,0.5800000916,0,false,false,true,true,true,true,3,2026-08-04T18:45:41+00:00,38.755771,0.5800000916,-0.0099999084,0xa3064e8caddadf1b7decf636ec12e27046692b29548131763590b473c2b7bf3d,2026-08-04T18:48:08+00:00,185.755771,114.244229,0.58,-0.01,0x65b3d15a023611c78fab93e1c65afaedb95dce5b35a5c5a8bd974c32bc0a7a75,0.58,0.5899997752,0.0099997752,false,false,false,false
H2-v1-EVENT-M5,H2-v1,sharp:0004,sharp,4,1595162,0xf447965f2669b7aa3e5f5d320b2cdd8c19943f8bfb90abbde31202d88aa9c56d,mlb-laa-bal-2026-08-04,Baltimore Orioles,Los Angeles Angels,2026-08-04T22:36:00+00:00,2026-08-04T19:00:02.432024+00:00,12957.567976,true,0,,,,,,,,,,,,,,,,,,,,445,0.5853658536585367,0.5853658536585367,0,0,2026-08-04T18:45:02.244229+00:00,900.187795,3,true,betfair+matchbook+smarkets,betfair+matchbook+smarkets,false,0.5853658536585367,0.5853658536585367,0.5856079404466502,17.432024,18.432024,sharp:0004,2026-08-04T19:00:02.432024+00:00,0,0.5853658536585367,0,0,3,false,sharp:0003,900.187795,sharp:0005,2699.509084,,,rn1:0001,12909.567976,true,2026-08-04T18:58:33+00:00,89.432024,0.5899999675,0xb73a681d752e036f1773c95e0068c82ece76b14602a30ae857089050e67b31c6,false,false,true,true,-0.0046341138414633,,,true,false,0,,,,,,,,,,,,,,,false,false,false,false,true,false,0,,,,,,,,,,,,,,,false,false,false,false,true,false,0,,,,,,,,,,,,,,,false,false,false,false,true,false,0,,,,,,,,,,,,,,,false,false,false,false
H2-v1-EVENT-M5,H2-v1,sharp:0005,sharp,5,1595162,0xf447965f2669b7aa3e5f5d320b2cdd8c19943f8bfb90abbde31202d88aa9c56d,mlb-laa-bal-2026-08-04,Baltimore Orioles,Los Angeles Angels,2026-08-04T22:36:00+00:00,2026-08-04T19:45:01.941108+00:00,10258.058892,true,0,,,,,,,,,,,,,,,,,,,,449,0.5853658536585367,0.5853658536585367,0,0,2026-08-04T19:00:02.432024+00:00,2699.509084,3,true,betfair+matchbook+smarkets,betfair+matchbook+smarkets,false,0.5853658536585367,0.5853658536585367,0.5856079404466502,8.441108,9.941108,sharp:0005,2026-08-04T19:45:01.941108+00:00,0,0.5853658536585367,0,0,3,false,sharp:0004,2699.509084,sharp:0006,900.446254,,,rn1:0001,10210.058892,true,2026-08-04T19:35:11+00:00,590.941108,0.5800001764,0xaa9ec65280005cf4f50fc58e7f412c4948495207fda7e7e48379c9300608243b,false,false,false,true,0.0053656772585367,,,true,false,0,,,,,,,,,,,,,,,false,false,false,false,true,false,0,,,,,,,,,,,,,,,false,false,false,false,true,true,2,2026-08-04T19:45:32+00:00,30.058892,0.5899998466,0.0099996702,0x0fb19d840b28e1c28b2d9110d743692d5e9d9c942629528c0bf15b5df8c78b64,2026-08-04T19:45:36+00:00,34.058892,25.941108,0.5899999819,0.0099998055,0xe9ab596b4f9dc3fa2b203e4be65890101c980e817a379a14324d0f468400b9ef,0.5899998466,0.5899999819,0.0000001353,false,false,true,true,true,true,2,2026-08-04T19:45:32+00:00,30.058892,0.5899998466,0.0099996702,0x0fb19d840b28e1c28b2d9110d743692d5e9d9c942629528c0bf15b5df8c78b64,2026-08-04T19:45:36+00:00,34.058892,265.941108,0.5899999819,0.0099998055,0xe9ab596b4f9dc3fa2b203e4be65890101c980e817a379a14324d0f468400b9ef,0.5899998466,0.5899999819,0.0000001353,false,false,false,false
H2-v1-EVENT-M5,H2-v1,sharp:0006,sharp,6,1595162,0xf447965f2669b7aa3e5f5d320b2cdd8c19943f8bfb90abbde31202d88aa9c56d,mlb-laa-bal-2026-08-04,Baltimore Orioles,Los Angeles Angels,2026-08-04T22:36:00+00:00,2026-08-04T20:00:02.387362+00:00,9357.612638,true,0,,,,,,,,,,,,,,,,,,,,451,0.5853658536585367,0.5853658536585367,0,0,2026-08-04T19:45:01.941108+00:00,900.446254,3,true,betfair+matchbook+smarkets,betfair+matchbook+smarkets,false,0.5853658536585367,0.5853658536585367,0.5856079404466502,13.387362,22.387362,sharp:0006,2026-08-04T20:00:02.387362+00:00,0,0.5853658536585367,0,0,3,false,sharp:0005,900.446254,sharp:0007,2700.116294,,,rn1:0001,9309.612638,true,2026-08-04T19:59:21+00:00,41.387362,0.5800000105,0xd17c9fd4daa96838c118ef3600488ffd776e7c42cf15caa5b8e8b491cdfa41a9,false,true,true,true,0.0053658431585367,,,true,false,0,,,,,,,,,,,,,,,false,false,false,false,true,false,0,,,,,,,,,,,,,,,false,false,false,false,true,false,0,,,,,,,,,,,,,,,false,false,false,false,true,false,0,,,,,,,,,,,,,,,false,false,false,false
H2-v1-EVENT-M5,H2-v1,sharp:0007,sharp,7,1595162,0xf447965f2669b7aa3e5f5d320b2cdd8c19943f8bfb90abbde31202d88aa9c56d,mlb-laa-bal-2026-08-04,Baltimore Orioles,Los Angeles Angels,2026-08-04T22:36:00+00:00,2026-08-04T20:45:02.503656+00:00,6657.496344,true,1,,,,,,,,,,,,,,,,,,,,455,0.5922330097087379,0.5853658536585367,0.0068671560502012,1,2026-08-04T20:00:02.387362+00:00,2700.116294,3,true,betfair+matchbook+smarkets,betfair+matchbook+smarkets,false,0.5936739659367397,0.5922330097087379,0.5862068965517242,9.003656,17.503656,sharp:0007,2026-08-04T20:45:02.503656+00:00,0,0.5922330097087379,0.0068671560502012,1,3,false,sharp:0006,2700.116294,sharp:0008,899.67557,,,rn1:0001,6609.496344,true,2026-08-04T20:43:53+00:00,69.503656,0.6,0x31d8d88ce24e29fd1d9f5ed6d701c59d82b17eaa4f6e4e537b77fc7ac598cf86,false,false,true,true,-0.0077669902912621,,,true,false,0,,,,,,,,,,,,,,,false,false,false,false,true,false,0,,,,,,,,,,,,,,,false,false,false,false,true,true,1,2026-08-04T20:45:56+00:00,53.496344,0.5900000184,-0.0099999816,0xe12bacac26e84c350a29816f8f2815d4590d65bde5e793d5197e1ff87ad3609b,2026-08-04T20:45:56+00:00,53.496344,6.503656,0.5900000184,-0.0099999816,0xe12bacac26e84c350a29816f8f2815d4590d65bde5e793d5197e1ff87ad3609b,0.5900000184,0.5900000184,0,false,true,true,true,true,true,2,2026-08-04T20:45:56+00:00,53.496344,0.5900000184,-0.0099999816,0xe12bacac26e84c350a29816f8f2815d4590d65bde5e793d5197e1ff87ad3609b,2026-08-04T20:47:48+00:00,165.496344,134.503656,0.6,0,0x55718bda26718b1cc1d224e31383da541e8f1445c6d6e9e58f98bc05a54375b7,0.5900000184,0.6,0.0099999816,false,false,false,false
H2-v1-EVENT-M5,H2-v1,sharp:0008,sharp,8,1595162,0xf447965f2669b7aa3e5f5d320b2cdd8c19943f8bfb90abbde31202d88aa9c56d,mlb-laa-bal-2026-08-04,Baltimore Orioles,Los Angeles Angels,2026-08-04T22:36:00+00:00,2026-08-04T21:00:02.179226+00:00,5757.820774,true,-1,,,,,,,,,,,,,,,,,,,,457,0.5888077858880778,0.5922330097087379,-0.0034252238206601,-1,2026-08-04T20:45:02.503656+00:00,899.67557,3,true,betfair+matchbook+smarkets,betfair+matchbook+smarkets,false,0.5888077858880778,0.5888077858880778,0.5841584158415841,7.179226,14.179226,sharp:0008,2026-08-04T21:00:02.179226+00:00,0,0.5888077858880778,-0.0034252238206601,-1,3,false,sharp:0007,899.67557,sharp:0009,2699.784904,,,rn1:0001,5709.820774,true,2026-08-04T20:57:35+00:00,147.179226,0.59,0x2543559029e5d5481891b204e7ba275ca53a91b6be14a003c995265a0c3dbed0,false,false,true,true,-0.0011922141119222,,,true,false,0,,,,,,,,,,,,,,,false,false,false,false,true,false,0,,,,,,,,,,,,,,,false,false,false,false,true,false,0,,,,,,,,,,,,,,,false,false,false,false,true,true,2,2026-08-04T21:01:06+00:00,63.820774,0.5899999995,-0.0000000005,0xbb5a6f5dcb112c600f5b98355257e5e80a7bb94494a8a93b7baa4cfddd63f5ba,2026-08-04T21:02:56+00:00,173.820774,126.179226,0.5899999983,-0.0000000017,0xde0437147d10f473f167dbf2bfe0cdf55dbdc77e768ec5c89736cdc8b9180a95,0.5899999983,0.5899999995,0.0000000012,false,false,false,false
H2-v1-EVENT-M5,H2-v1,sharp:0009,sharp,9,1595162,0xf447965f2669b7aa3e5f5d320b2cdd8c19943f8bfb90abbde31202d88aa9c56d,mlb-laa-bal-2026-08-04,Baltimore Orioles,Los Angeles Angels,2026-08-04T22:36:00+00:00,2026-08-04T21:45:01.964130+00:00,3058.03587,true,-1,,,,,,,,,,,,,,,,,,,,461,0.5819070904645476,0.5888077858880778,-0.0069006954235302,-1,2026-08-04T21:00:02.179226+00:00,2699.784904,3,true,betfair+matchbook+smarkets,betfair+matchbook+smarkets,false,0.5819070904645476,0.5819070904645476,0.582089552238806,6.46413,7.96413,sharp:0009,2026-08-04T21:45:01.964130+00:00,0,0.5819070904645476,-0.0069006954235302,-1,3,false,sharp:0008,2699.784904,sharp:0010,900.84586,,,rn1:0001,3010.03587,true,2026-08-04T21:42:20+00:00,161.96413,0.5899999997,0x248eacc7f31c8df9718f02afb3cb96e280722b8639b712c29927edc66e1acfc1,false,false,true,true,-0.0080929092354524,,,true,false,0,,,,,,,,,,,,,,,false,false,false,false,true,true,1,2026-08-04T21:45:26+00:00,24.03587,0.589999882,-0.0000001177,0x2eb1202c45469cf67fe537414512a82d170a3111f027b7ed271fc1e22d3922c4,2026-08-04T21:45:26+00:00,24.03587,5.96413,0.589999882,-0.0000001177,0x2eb1202c45469cf67fe537414512a82d170a3111f027b7ed271fc1e22d3922c4,0.589999882,0.589999882,0,false,true,true,true,true,true,1,2026-08-04T21:45:26+00:00,24.03587,0.589999882,-0.0000001177,0x2eb1202c45469cf67fe537414512a82d170a3111f027b7ed271fc1e22d3922c4,2026-08-04T21:45:26+00:00,24.03587,35.96413,0.589999882,-0.0000001177,0x2eb1202c45469cf67fe537414512a82d170a3111f027b7ed271fc1e22d3922c4,0.589999882,0.589999882,0,false,false,false,true,true,true,2,2026-08-04T21:45:26+00:00,24.03587,0.589999882,-0.0000001177,0x2eb1202c45469cf67fe537414512a82d170a3111f027b7ed271fc1e22d3922c4,2026-08-04T21:49:14+00:00,252.03587,47.96413,0.5800001764,-0.0099998233,0xaac43b7e7c6b91b88767a92eb09edbf3e3cc6d935d7309834f666470fb673a0b,0.5800001764,0.589999882,0.0099997056,false,false,false,true
H2-v1-EVENT-M5,H2-v1,sharp:0010,sharp,10,1595162,0xf447965f2669b7aa3e5f5d320b2cdd8c19943f8bfb90abbde31202d88aa9c56d,mlb-laa-bal-2026-08-04,Baltimore Orioles,Los Angeles Angels,2026-08-04T22:36:00+00:00,2026-08-04T22:00:02.809990+00:00,2157.19001,true,0,,,,,,,,,,,,,,,,,,,,463,0.5819070904645476,0.5819070904645476,0,0,2026-08-04T21:45:01.964130+00:00,900.84586,3,true,betfair+matchbook+smarkets,betfair+matchbook+smarkets,false,0.5819070904645476,0.5819070904645476,0.582089552238806,6.80999,12.80999,sharp:0010,2026-08-04T22:00:02.809990+00:00,0,0.5819070904645476,0,0,3,false,sharp:0009,900.84586,,,,,rn1:0001,2109.19001,true,2026-08-04T21:58:32+00:00,90.80999,0.589999882,0xfd3cf07899e226edeb895d0f0afd4856c33836100ed51793633bde6c0091e93a,false,false,true,true,-0.0080927915354524,,,true,false,0,,,,,,,,,,,,,,,false,false,false,false,true,false,0,,,,,,,,,,,,,,,false,false,false,false,true,false,0,,,,,,,,,,,,,,,false,false,false,false,true,true,2,2026-08-04T22:01:05+00:00,62.19001,0.5899998466,-0.0000000354,0xdb40cb55fb0258e87b66fd896856004a6dbacb9072c7194e90a1664f6978757c,2026-08-04T22:04:44+00:00,281.19001,18.80999,0.5800001764,-0.0099997056,0xa684c671be9c21a7201c8b0b01172bf56ecb279959c361fba79e0efa80d38436,0.5800001764,0.5899998466,0.0099996702,false,false,true,true
H2-v1-EVENT-M5,H2-v1,rn1:0001,rn1,1,1595162,0xf447965f2669b7aa3e5f5d320b2cdd8c19943f8bfb90abbde31202d88aa9c56d,mlb-laa-bal-2026-08-04,Baltimore Orioles,Los Angeles Angels,2026-08-04T22:36:00+00:00,2026-08-04T22:35:12+00:00,48,true,-1,3190278,Los Angeles Angels,away,BUY,0.41,0.59,84.74576,34.7457616,-84.74576,-34.7457616,0x29a39dd2a819cb417b327fa5a09ff9009e7afc149cf5edc9217a40e171599969,c42aae04edd9787152956b262b095050109f2d0b346bd78cdfde9bf00d2b7bfb,1595162:2026-08-04T22:35:12+00:00,1,1,-84.74576,-34.7457616,-1,1,,,,,,,,,,,,,,,,,,sharp:0010,2026-08-04T22:00:02.809990+00:00,2109.19001,0.5819070904645476,0,0,3,false,sharp:0010,2109.19001,,,,,rn1:0002,39,true,2026-08-04T22:35:08+00:00,4,0.58,0x684b33e99b4f4ce401eb07eab1a36f85a0a7a817d51c0de5c938f7bdac956225,true,true,true,true,0.0019070904645476,0.01,,true,false,0,,,,,,,,,,,,,,,false,false,false,false,true,false,0,,,,,,,,,,,,,,,false,false,false,false,false,false,0,,,,,,,,,,,,,,,false,false,false,false,false,false,0,,,,,,,,,,,,,,,false,false,false,false
H2-v1-EVENT-M5,H2-v1,rn1:0002,rn1,2,1595162,0xf447965f2669b7aa3e5f5d320b2cdd8c19943f8bfb90abbde31202d88aa9c56d,mlb-laa-bal-2026-08-04,Baltimore Orioles,Los Angeles Angels,2026-08-04T22:36:00+00:00,2026-08-04T22:35:51+00:00,9,true,1,3190279,Baltimore Orioles,home,BUY,0.58,0.58,289,167.62,289,167.62,0x7f4abb434b0eb3ae9d72c1ce6dde1cc2fe2c0097025be6933836a8a73db01159,33448bb7057827fced6ddea17612b4f6823b733a344a0d81d54fbc2f80252311,1595162:2026-08-04T22:35:51+00:00,1,1,289,167.62,1,1,,,,,,,,,,,,,,,,,,sharp:0010,2026-08-04T22:00:02.809990+00:00,2148.19001,0.5819070904645476,0,0,3,false,sharp:0010,2148.19001,,,rn1:0001,39,rn1:0003,2,true,2026-08-04T22:35:12+00:00,39,0.5899999953,0x29a39dd2a819cb417b327fa5a09ff9009e7afc149cf5edc9217a40e171599969,false,true,true,true,-0.0080929048354524,-0.0099999953,,false,false,0,,,,,,,,,,,,,,,false,false,false,false,false,false,0,,,,,,,,,,,,,,,false,false,false,false,false,false,0,,,,,,,,,,,,,,,false,false,false,false,false,false,0,,,,,,,,,,,,,,,false,false,false,false
H2-v1-EVENT-M5,H2-v1,rn1:0003,rn1,3,1595162,0xf447965f2669b7aa3e5f5d320b2cdd8c19943f8bfb90abbde31202d88aa9c56d,mlb-laa-bal-2026-08-04,Baltimore Orioles,Los Angeles Angels,2026-08-04T22:36:00+00:00,2026-08-04T22:35:53+00:00,7,true,-1,3190278,Los Angeles Angels,away,BUY,0.41,0.59,1.694914,0.69491474,-1.694914,-0.69491474,0x2764d68aa9a8cd53151d7f932609d66b0489ac1f5a7484a9c81a6cacc45b4450,d280f15d0cdca64fc0742a831b83c07322786e6c40880864aa88cae2941b1958,1595162:2026-08-04T22:35:53+00:00,1,1,-1.694914,-0.69491474,-1,1,,,,,,,,,,,,,,,,,,sharp:0010,2026-08-04T22:00:02.809990+00:00,2150.19001,0.5819070904645476,0,0,3,false,sharp:0010,2150.19001,,,rn1:0002,2,,,true,2026-08-04T22:35:51+00:00,2,0.58,0x7f4abb434b0eb3ae9d72c1ce6dde1cc2fe2c0097025be6933836a8a73db01159,true,true,true,true,0.0019070904645476,0.01,,false,false,0,,,,,,,,,,,,,,,false,false,false,false,false,false,0,,,,,,,,,,,,,,,false,false,false,false,false,false,0,,,,,,,,,,,,,,,false,false,false,false,false,false,0,,,,,,,,,,,,,,,false,false,false,false
H2-v1-EVENT-M5,H2-v1,sharp:0011,sharp,11,1595163,0xd58033380ea1ab708e42f01d636ca60a8da6272f660bbfdc2e4c1acf27d1872d,mlb-oak-cin-2026-08-04,Cincinnati Reds,Athletics,2026-08-04T22:40:41+00:00,2026-08-04T12:53:01.230532+00:00,35259.769468,false,,,,,,,,,,,,,,,,,,,,,417,0.5550000000000002,,,,,,3,true,betfair+matchbook+smarkets,,,0.5550000000000002,0.5558312655086849,0.5527638190954773,17.730532,18.230532,sharp:0011,2026-08-04T12:53:01.230532+00:00,0,0.5550000000000002,,,3,,,,sharp:0012,18420.761847,,,,,true,2026-08-04T12:51:51+00:00,70.230532,0.56,0x373353e77d5582a8aa54746a8758d3707e24028c40f38c8cde324400b964dc87,false,false,true,true,-0.0049999999999998,,,true,false,0,,,,,,,,,,,,,,,false,false,false,false,true,false,0,,,,,,,,,,,,,,,false,false,false,false,true,false,0,,,,,,,,,,,,,,,false,false,false,false,true,false,0,,,,,,,,,,,,,,,false,false,false,false
H2-v1-EVENT-M5,H2-v1,sharp:0012,sharp,12,1595163,0xd58033380ea1ab708e42f01d636ca60a8da6272f660bbfdc2e4c1acf27d1872d,mlb-oak-cin-2026-08-04,Cincinnati Reds,Athletics,2026-08-04T22:40:41+00:00,2026-08-04T18:00:01.992379+00:00,16839.007621,true,1,,,,,,,,,,,,,,,,,,,,439,0.5558312655086849,0.5550000000000002,0.0008312655086847,1,2026-08-04T12:53:01.230532+00:00,18420.761847,3,true,betfair+matchbook+smarkets,betfair+matchbook+smarkets,false,0.5558312655086849,0.5558312655086849,0.5541561712846348,9.992379,15.992379,sharp:0012,2026-08-04T18:00:01.992379+00:00,0,0.5558312655086849,0.0008312655086847,1,3,false,sharp:0011,18420.761847,sharp:0013,2700.25185,,,,,true,2026-08-04T17:39:53+00:00,1208.992379,0.559999997,0x8f2fdd5f014372627584b6b6e58d870eeafc4905e4f5b19dfc3c8a8927a021ab,false,false,false,false,-0.0041687314913151,,,true,false,0,,,,,,,,,,,,,,,false,false,false,false,true,false,0,,,,,,,,,,,,,,,false,false,false,false,true,false,0,,,,,,,,,,,,,,,false,false,false,false,true,false,0,,,,,,,,,,,,,,,false,false,false,false
H2-v1-EVENT-M5,H2-v1,sharp:0013,sharp,13,1595163,0xd58033380ea1ab708e42f01d636ca60a8da6272f660bbfdc2e4c1acf27d1872d,mlb-oak-cin-2026-08-04,Cincinnati Reds,Athletics,2026-08-04T22:40:41+00:00,2026-08-04T18:45:02.244229+00:00,14138.755771,true,-1,,,,,,,,,,,,,,,,,,,,443,0.5536159600997507,0.5558312655086849,-0.0022153054089342,-1,2026-08-04T18:00:01.992379+00:00,2700.25185,3,true,betfair+matchbook+smarkets,betfair+matchbook+smarkets,false,0.5558312655086849,0.5536159600997507,0.5518987341772151,13.244229,18.244229,sharp:0013,2026-08-04T18:45:02.244229+00:00,0,0.5536159600997507,-0.0022153054089342,-1,3,false,sharp:0012,2700.25185,sharp:0014,900.187795,,,,,true,2026-08-04T18:41:44+00:00,198.244229,0.56,0xf2bf5883dc1ed9c2621b61f115bcc0b9b4cfe06ea756a1ab59f03783cf3f562d,false,false,true,true,-0.0063840399002493,,,true,false,0,,,,,,,,,,,,,,,false,false,false,false,true,false,0,,,,,,,,,,,,,,,false,false,false,false,true,false,0,,,,,,,,,,,,,,,false,false,false,false,true,true,1,2026-08-04T18:49:00+00:00,237.755771,0.55,-0.01,0x1d0ca5b5b460f6ab3d2d481ec0f4aeabdcea769bf1d350e70e6e6e6752b3a180,2026-08-04T18:49:00+00:00,237.755771,62.244229,0.55,-0.01,0x1d0ca5b5b460f6ab3d2d481ec0f4aeabdcea769bf1d350e70e6e6e6752b3a180,0.55,0.55,0,false,false,false,false
H2-v1-EVENT-M5,H2-v1,sharp:0014,sharp,14,1595163,0xd58033380ea1ab708e42f01d636ca60a8da6272f660bbfdc2e4c1acf27d1872d,mlb-oak-cin-2026-08-04,Cincinnati Reds,Athletics,2026-08-04T22:40:41+00:00,2026-08-04T19:00:02.432024+00:00,13238.567976,true,1,,,,,,,,,,,,,,,,,,,,445,0.5558312655086849,0.5536159600997507,0.0022153054089342,1,2026-08-04T18:45:02.244229+00:00,900.187795,3,true,betfair+matchbook+smarkets,betfair+matchbook+smarkets,false,0.5558312655086849,0.5558312655086849,0.5541561712846348,17.432024,18.432024,sharp:0014,2026-08-04T19:00:02.432024+00:00,0,0.5558312655086849,0.0022153054089342,1,3,false,sharp:0013,900.187795,sharp:0015,2699.509084,,,,,true,2026-08-04T18:53:57+00:00,365.432024,0.56,0xbfd9b1ed128031c65fec09dd629aac0cdced0314f141558819112a271ecdebf4,false,false,false,true,-0.0041687344913151,,,true,false,0,,,,,,,,,,,,,,,false,false,false,false,true,false,0,,,,,,,,,,,,,,,false,false,false,false,true,false,0,,,,,,,,,,,,,,,false,false,false,false,true,false,0,,,,,,,,,,,,,,,false,false,false,false
H2-v1-EVENT-M5,H2-v1,sharp:0015,sharp,15,1595163,0xd58033380ea1ab708e42f01d636ca60a8da6272f660bbfdc2e4c1acf27d1872d,mlb-oak-cin-2026-08-04,Cincinnati Reds,Athletics,2026-08-04T22:40:41+00:00,2026-08-04T19:45:01.941108+00:00,10539.058892,true,1,,,,,,,,,,,,,,,,,,,,449,0.5594059405940595,0.5558312655086849,0.0035746750853746,1,2026-08-04T19:00:02.432024+00:00,2699.509084,3,true,betfair+matchbook+smarkets,betfair+matchbook+smarkets,false,0.5594059405940595,0.5594059405940595,0.5563909774436091,8.441108,9.941108,sharp:0015,2026-08-04T19:45:01.941108+00:00,0,0.5594059405940595,0.0035746750853746,1,3,false,sharp:0014,2699.509084,sharp:0016,900.446254,,,,,true,2026-08-04T19:44:08+00:00,53.941108,0.559999991,0x37a7346165207628960183e8d3538e5048eddd241cfdc32257fb3de0f41aeb00,false,true,true,true,-0.0005940504059405,,,true,false,0,,,,,,,,,,,,,,,false,false,false,false,true,false,0,,,,,,,,,,,,,,,false,false,false,false,true,false,0,,,,,,,,,,,,,,,false,false,false,false,true,true,2,2026-08-04T19:46:47+00:00,105.058892,0.5599999776,-0.0000000134,0x6a324d2c13d0273d640f490186eae0e8a43636822c6ee589b1c832f7bcdf0660,2026-08-04T19:48:59+00:00,237.058892,62.941108,0.5599999976,0.0000000066,0x3448dcfe20a88f9813af1a9014b3a0d9a96f8128f4be03fd327ec9d6bb980262,0.5599999776,0.5599999976,0.00000002,false,false,false,false
H2-v1-EVENT-M5,H2-v1,sharp:0016,sharp,16,1595163,0xd58033380ea1ab708e42f01d636ca60a8da6272f660bbfdc2e4c1acf27d1872d,mlb-oak-cin-2026-08-04,Cincinnati Reds,Athletics,2026-08-04T22:40:41+00:00,2026-08-04T20:00:02.387362+00:00,9638.612638,true,0,,,,,,,,,,,,,,,,,,,,451,0.5594059405940595,0.5594059405940595,0,0,2026-08-04T19:45:01.941108+00:00,900.446254,3,true,betfair+matchbook+smarkets,betfair+matchbook+smarkets,false,0.5594059405940595,0.5594059405940595,0.5563909774436091,13.387362,22.387362,sharp:0016,2026-08-04T20:00:02.387362+00:00,0,0.5594059405940595,0,0,3,false,sharp:0015,900.446254,sharp:0017,2700.116294,,,,,true,2026-08-04T19:59:03+00:00,59.387362,0.56,0x82196ae86a00fb3689e46191bd1e04ca9c9465bdeb30c51dfc5fefff4381ca5d,false,true,true,true,-0.0005940594059405,,,true,false,0,,,,,,,,,,,,,,,false,false,false,false,true,false,0,,,,,,,,,,,,,,,false,false,false,false,true,false,0,,,,,,,,,,,,,,,false,false,false,false,true,false,0,,,,,,,,,,,,,,,false,false,false,false
H2-v1-EVENT-M5,H2-v1,sharp:0017,sharp,17,1595163,0xd58033380ea1ab708e42f01d636ca60a8da6272f660bbfdc2e4c1acf27d1872d,mlb-oak-cin-2026-08-04,Cincinnati Reds,Athletics,2026-08-04T22:40:41+00:00,2026-08-04T20:45:02.503656+00:00,6938.496344,true,-1,,,,,,,,,,,,,,,,,,,,455,0.5544554455445545,0.5594059405940595,-0.004950495049505,-1,2026-08-04T20:00:02.387362+00:00,2700.116294,3,true,betfair+matchbook+smarkets,betfair+matchbook+smarkets,false,0.5544554455445545,0.5544554455445545,0.5550000000000002,9.003656,17.503656,sharp:0017,2026-08-04T20:45:02.503656+00:00,0,0.5544554455445545,-0.004950495049505,-1,3,false,sharp:0016,2700.116294,sharp:0018,899.67557,,,,,true,2026-08-04T20:43:56+00:00,66.503656,0.559999999,0xad1c40d1b1a1f2b492d1c70ff226e937cc4250cf9c37380a2f1633288653a426,false,false,true,true,-0.0055445534554455,,,true,false,0,,,,,,,,,,,,,,,false,false,false,false,true,false,0,,,,,,,,,,,,,,,false,false,false,false,true,false,0,,,,,,,,,,,,,,,false,false,false,false,true,true,1,2026-08-04T20:47:56+00:00,173.496344,0.5599999925,-0.0000000065,0x73f99dbad8876d6cad21fea4eb2d848d5c18598e9b109164fc519e25df567207,2026-08-04T20:47:56+00:00,173.496344,126.503656,0.5599999925,-0.0000000065,0x73f99dbad8876d6cad21fea4eb2d848d5c18598e9b109164fc519e25df567207,0.5599999925,0.5599999925,0,false,false,false,false
H2-v1-EVENT-M5,H2-v1,sharp:0018,sharp,18,1595163,0xd58033380ea1ab708e42f01d636ca60a8da6272f660bbfdc2e4c1acf27d1872d,mlb-oak-cin-2026-08-04,Cincinnati Reds,Athletics,2026-08-04T22:40:41+00:00,2026-08-04T21:00:02.179226+00:00,6038.820774,true,0,,,,,,,,,,,,,,,,,,,,457,0.5544554455445545,0.5544554455445545,0,0,2026-08-04T20:45:02.503656+00:00,899.67557,3,true,betfair+matchbook+smarkets,betfair+matchbook+smarkets,false,0.5544554455445545,0.5544554455445545,0.5550000000000002,7.179226,14.179226,sharp:0018,2026-08-04T21:00:02.179226+00:00,0,0.5544554455445545,0,0,3,false,sharp:0017,899.67557,sharp:0019,2699.784904,,,,,true,2026-08-04T20:57:57+00:00,125.179226,0.55,0xee323643ebca60bbed5de7321aa18d73566a573b7f99424b4a5e036608e28f34,false,false,true,true,0.0044554455445545,,,true,false,0,,,,,,,,,,,,,,,false,false,false,false,true,false,0,,,,,,,,,,,,,,,false,false,false,false,true,false,0,,,,,,,,,,,,,,,false,false,false,false,true,false,0,,,,,,,,,,,,,,,false,false,false,false
H2-v1-EVENT-M5,H2-v1,sharp:0019,sharp,19,1595163,0xd58033380ea1ab708e42f01d636ca60a8da6272f660bbfdc2e4c1acf27d1872d,mlb-oak-cin-2026-08-04,Cincinnati Reds,Athletics,2026-08-04T22:40:41+00:00,2026-08-04T21:45:01.964130+00:00,3339.03587,true,-1,,,,,,,,,,,,,,,,,,,,461,0.55,0.5544554455445545,-0.0044554455445545,-1,2026-08-04T21:00:02.179226+00:00,2699.784904,3,true,betfair+matchbook+smarkets,betfair+matchbook+smarkets,false,0.55,0.55,0.5518987341772151,6.46413,7.96413,sharp:0019,2026-08-04T21:45:01.964130+00:00,0,0.55,-0.0044554455445545,-1,3,false,sharp:0018,2699.784904,sharp:0020,900.84586,,,,,true,2026-08-04T21:43:23+00:00,98.96413,0.55,0xf8f8c92bd6b22b4bd6babe4d3257b8ea0abdf1c6c786c5c03133ea194ffc9a2c,false,false,true,true,0,,,true,false,0,,,,,,,,,,,,,,,false,false,false,false,true,false,0,,,,,,,,,,,,,,,false,false,false,false,true,false,0,,,,,,,,,,,,,,,false,false,false,false,true,false,0,,,,,,,,,,,,,,,false,false,false,false
H2-v1-EVENT-M5,H2-v1,sharp:0020,sharp,20,1595163,0xd58033380ea1ab708e42f01d636ca60a8da6272f660bbfdc2e4c1acf27d1872d,mlb-oak-cin-2026-08-04,Cincinnati Reds,Athletics,2026-08-04T22:40:41+00:00,2026-08-04T22:00:02.809990+00:00,2438.19001,true,1,,,,,,,,,,,,,,,,,,,,463,0.5513784461152882,0.55,0.0013784461152882,1,2026-08-04T21:45:01.964130+00:00,900.84586,3,true,betfair+matchbook+smarkets,betfair+matchbook+smarkets,false,0.5513784461152882,0.5522388059701492,0.5505050505050506,6.80999,12.80999,sharp:0020,2026-08-04T22:00:02.809990+00:00,0,0.5513784461152882,0.0013784461152882,1,3,false,sharp:0019,900.84586,,,,,,,true,2026-08-04T21:58:06+00:00,116.80999,0.55,0x2a8423992caa7f121063fc60c61a4c74dd8a2a131359008b32cbf523ae267b9c,false,false,true,true,0.0013784461152882,,,true,false,0,,,,,,,,,,,,,,,false,false,false,false,true,false,0,,,,,,,,,,,,,,,false,false,false,false,true,true,1,2026-08-04T22:00:38+00:00,35.19001,0.5499999587,-0.0000000413,0x75ffcb1090a9994d8d633bed0cb76f4015b52038c73ea683c66c904b3a81d767,2026-08-04T22:00:38+00:00,35.19001,24.80999,0.5499999587,-0.0000000413,0x75ffcb1090a9994d8d633bed0cb76f4015b52038c73ea683c66c904b3a81d767,0.5499999587,0.5499999587,0,false,false,true,true,true,true,3,2026-08-04T22:00:38+00:00,35.19001,0.5499999587,-0.0000000413,0x75ffcb1090a9994d8d633bed0cb76f4015b52038c73ea683c66c904b3a81d767,2026-08-04T22:03:20+00:00,197.19001,102.80999,0.5400000184,-0.0099999816,0x0ea01e3b3c21f53b2197e34c1c0947480ba8a4db72d31987f80af5ee20df96b2,0.5400000184,0.55,0.0099999816,false,false,false,false
H2-v1-EVENT-M5,H2-v1,sharp:0021,sharp,21,1595165,0x3250991062dee7e768335a2dca0b5282e8e3bf461120775a1f94de78cd7d55c6,mlb-nym-cle-2026-08-04,Cleveland Guardians,New York Mets,2026-08-04T22:41:36+00:00,2026-08-04T12:53:01.230532+00:00,35314.769468,false,,,,,,,,,,,,,,,,,,,,,417,0.58679706601467,,,,,,3,true,betfair+matchbook+smarkets,,,0.5862068965517242,0.58679706601467,0.5870646766169154,17.730532,18.230532,sharp:0021,2026-08-04T12:53:01.230532+00:00,0,0.58679706601467,,,3,,,,sharp:0022,18420.761847,,,rn1:0004,35223.769468,true,2026-08-04T12:38:48+00:00,853.230532,0.5800001764,0x241478fe0e57ecdbf710c7890dccfff2994d93b260b49687d14f6aebb6737e12,false,false,false,false,0.00679688961467,,,true,false,0,,,,,,,,,,,,,,,false,false,false,false,true,false,0,,,,,,,,,,,,,,,false,false,false,false,true,false,0,,,,,,,,,,,,,,,false,false,false,false,true,false,0,,,,,,,,,,,,,,,false,false,false,false
H2-v1-EVENT-M5,H2-v1,sharp:0022,sharp,22,1595165,0x3250991062dee7e768335a2dca0b5282e8e3bf461120775a1f94de78cd7d55c6,mlb-nym-cle-2026-08-04,Cleveland Guardians,New York Mets,2026-08-04T22:41:36+00:00,2026-08-04T18:00:01.992379+00:00,16894.007621,true,1,,,,,,,,,,,,,,,,,,,,439,0.5888077858880778,0.58679706601467,0.0020107198734078,1,2026-08-04T12:53:01.230532+00:00,18420.761847,3,true,betfair+matchbook+smarkets,betfair+matchbook+smarkets,false,0.5888077858880778,0.5888077858880778,0.5891089108910892,9.992379,15.992379,sharp:0022,2026-08-04T18:00:01.992379+00:00,0,0.5888077858880778,0.0020107198734078,1,3,false,sharp:0021,18420.761847,sharp:0023,2700.25185,,,rn1:0004,16803.007621,true,2026-08-04T17:58:36+00:00,85.992379,0.5899999991,0xa1bd30096da5677ecc71f853b7c1ec91fcb79db1fd9a7f5dd444f972cb4e7a65,false,false,true,true,-0.0011922132119222,,,true,false,0,,,,,,,,,,,,,,,false,false,false,false,true,false,0,,,,,,,,,,,,,,,false,false,false,false,true,false,0,,,,,,,,,,,,,,,false,false,false,false,true,true,1,2026-08-04T18:01:20+00:00,78.007621,0.5899999996,0.0000000005,0x773cd4dc4adfafa07a9cfb102d5b7a30e65e0697ac2b6aad9f68427f6cba33f3,2026-08-04T18:01:20+00:00,78.007621,221.992379,0.5899999996,0.0000000005,0x773cd4dc4adfafa07a9cfb102d5b7a30e65e0697ac2b6aad9f68427f6cba33f3,0.5899999996,0.5899999996,0,false,false,false,false
H2-v1-EVENT-M5,H2-v1,sharp:0023,sharp,23,1595165,0x3250991062dee7e768335a2dca0b5282e8e3bf461120775a1f94de78cd7d55c6,mlb-nym-cle-2026-08-04,Cleveland Guardians,New York Mets,2026-08-04T22:41:36+00:00,2026-08-04T18:45:02.244229+00:00,14193.755771,true,-1,,,,,,,,,,,,,,,,,,,,443,0.587378640776699,0.5888077858880778,-0.0014291451113788,-1,2026-08-04T18:00:01.992379+00:00,2700.25185,3,true,betfair+matchbook+smarkets,betfair+matchbook+smarkets,false,0.587378640776699,0.587378640776699,0.5876543209876544,13.244229,18.244229,sharp:0023,2026-08-04T18:45:02.244229+00:00,0,0.587378640776699,-0.0014291451113788,-1,3,false,sharp:0022,2700.25185,sharp:0024,900.187795,,,rn1:0004,14102.755771,true,2026-08-04T18:43:50+00:00,72.244229,0.58,0x61636e93cebe2fbdcae4d9e0b95bd27c044260ae49e8daac349495f204343201,false,false,true,true,0.007378640776699,,,true,false,0,,,,,,,,,,,,,,,false,false,false,false,true,false,0,,,,,,,,,,,,,,,false,false,false,false,true,false,0,,,,,,,,,,,,,,,false,false,false,false,true,true,1,2026-08-04T18:48:35+00:00,212.755771,0.58,0,0xdde79338f56e51bb9d6a0c5d351db1ce57349206faa664ef16458b187efc74f8,2026-08-04T18:48:35+00:00,212.755771,87.244229,0.58,0,0xdde79338f56e51bb9d6a0c5d351db1ce57349206faa664ef16458b187efc74f8,0.58,0.58,0,false,false,false,false
H2-v1-EVENT-M5,H2-v1,sharp:0024,sharp,24,1595165,0x3250991062dee7e768335a2dca0b5282e8e3bf461120775a1f94de78cd7d55c6,mlb-nym-cle-2026-08-04,Cleveland Guardians,New York Mets,2026-08-04T22:41:36+00:00,2026-08-04T19:00:02.432024+00:00,13293.567976,true,-1,,,,,,,,,,,,,,,,,,,,445,0.5749385749385749,0.587378640776699,-0.0124400658381241,-1,2026-08-04T18:45:02.244229+00:00,900.187795,3,true,betfair+matchbook+smarkets,betfair+matchbook+smarkets,false,0.57839721254355405,0.5749385749385749,0.57356608478803,17.432024,18.432024,sharp:0024,2026-08-04T19:00:02.432024+00:00,0,0.5749385749385749,-0.0124400658381241,-1,3,false,sharp:0023,900.187795,sharp:0025,2699.509084,,,rn1:0004,13202.567976,true,2026-08-04T19:00:00+00:00,2.432024,0.58,0x0f387279b9653e2def8fad364dc5d063763fb56683ab2b24bfdf0ce69cf35157,true,true,true,true,-0.0050614250614251,,,true,false,0,,,,,,,,,,,,,,,false,false,false,false,true,false,0,,,,,,,,,,,,,,,false,false,false,false,true,true,2,2026-08-04T19:01:00+00:00,57.567976,0.58,0,0x00fc0be866e465fa0f86e78898f9dea8e05efb4c4ec08a360f8d734c76a5fe1d,2026-08-04T19:01:00+00:00,57.567976,2.432024,0.58,0,0x802a8e5088544630778574ee053136fd727ba39d72d7168346eed21698eead9a,0.58,0.58,0,true,true,true,true,true,true,9,2026-08-04T19:01:00+00:00,57.567976,0.58,0,0x00fc0be866e465fa0f86e78898f9dea8e05efb4c4ec08a360f8d734c76a5fe1d,2026-08-04T19:03:59+00:00,236.567976,63.432024,0.58,0,0x4719edf3940da74c41e32755a993ed7d23697092f8311542a91f9e59efb02e77,0.58,0.5899999662,0.0099999662,false,false,false,false
H2-v1-EVENT-M5,H2-v1,sharp:0025,sharp,25,1595165,0x3250991062dee7e768335a2dca0b5282e8e3bf461120775a1f94de78cd7d55c6,mlb-nym-cle-2026-08-04,Cleveland Guardians,New York Mets,2026-08-04T22:41:36+00:00,2026-08-04T19:45:01.941108+00:00,10594.058892,true,-1,,,,,,,,,,,,,,,,,,,,449,0.5735294117647058,0.5749385749385749,-0.0014091631738691,-1,2026-08-04T19:00:02.432024+00:00,2699.509084,3,true,betfair+matchbook+smarkets,betfair+matchbook+smarkets,false,0.5735294117647058,0.5735294117647058,0.57356608478803,8.441108,9.941108,sharp:0025,2026-08-04T19:45:01.941108+00:00,0,0.5735294117647058,-0.0014091631738691,-1,3,false,sharp:0024,2699.509084,sharp:0026,900.446254,,,rn1:0004,10503.058892,true,2026-08-04T19:38:32+00:00,389.941108,0.5800000847,0x67f7097f5e27a3192bf64bf5f8a6fd76ae5eb083a1c91daa0e3365c7887ca962,false,false,false,true,-0.0064706729352942,,,true,false,0,,,,,,,,,,,,,,,false,false,false,false,true,false,0,,,,,,,,,,,,,,,false,false,false,false,true,false,0,,,,,,,,,,,,,,,false,false,false,false,true,true,31,2026-08-04T19:46:24+00:00,82.058892,0.58,-0.0000000847,0x35ee024ea4a30fe56869d99574d0ec97dda3452df05c281a26e728d887ba26b2,2026-08-04T19:49:44+00:00,282.058892,17.941108,0.5699999555,-0.0100001292,0x84ebb94622610151fe995b0e9c6ff86662a433937114dd58e80ee273c21d356e,0.56,0.5800000331,0.0200000331,false,false,true,true
H2-v1-EVENT-M5,H2-v1,sharp:0026,sharp,26,1595165,0x3250991062dee7e768335a2dca0b5282e8e3bf461120775a1f94de78cd7d55c6,mlb-nym-cle-2026-08-04,Cleveland Guardians,New York Mets,2026-08-04T22:41:36+00:00,2026-08-04T20:00:02.387362+00:00,9693.612638,true,-1,,,,,,,,,,,,,,,,,,,,451,0.5594059405940595,0.5735294117647058,-0.0141234711706463,-1,2026-08-04T19:45:01.941108+00:00,900.446254,3,true,betfair+matchbook+smarkets,betfair+matchbook+smarkets,false,0.5594059405940595,0.5594059405940595,0.5591939546599496,13.387362,22.387362,sharp:0026,2026-08-04T20:00:02.387362+00:00,0,0.5594059405940595,-0.0141234711706463,-1,3,false,sharp:0025,900.446254,sharp:0027,2700.116294,,,rn1:0004,9602.612638,true,2026-08-04T19:58:12+00:00,110.387362,0.5600000352,0x24ff00fde8dcfce7dd1a8cdd3cdb3cf231495d142bd4f2d3bd01023facbca049,false,false,true,true,-0.0005940946059405,,,true,false,0,,,,,,,,,,,,,,,false,false,false,false,true,false,0,,,,,,,,,,,,,,,false,false,false,false,true,false,0,,,,,,,,,,,,,,,false,false,false,false,true,true,3,2026-08-04T20:01:12+00:00,69.612638,0.5600000033,-0.0000000319,0xd64f0b5f37c8b7f27942bf920a9a80bf68b409c68868b06eb6303380e85e6d68,2026-08-04T20:01:39+00:00,96.612638,203.387362,0.5699999995,0.0099999643,0x190c8a77a8463aa4bcb3477c3ea1dbc0f2b95f7a9b7c6521b315ae1faaf29e5b,0.5600000033,0.5699999995,0.0099999962,false,false,false,false
H2-v1-EVENT-M5,H2-v1,sharp:0027,sharp,27,1595165,0x3250991062dee7e768335a2dca0b5282e8e3bf461120775a1f94de78cd7d55c6,mlb-nym-cle-2026-08-04,Cleveland Guardians,New York Mets,2026-08-04T22:41:36+00:00,2026-08-04T20:45:02.503656+00:00,6993.496344,true,-1,,,,,,,,,,,,,,,,,,,,455,0.5558312655086849,0.5594059405940595,-0.0035746750853746,-1,2026-08-04T20:00:02.387362+00:00,2700.116294,3,true,betfair+matchbook+smarkets,betfair+matchbook+smarkets,false,0.5558312655086849,0.5558312655086849,0.5569620253164557,9.003656,17.503656,sharp:0027,2026-08-04T20:45:02.503656+00:00,0,0.5558312655086849,-0.0035746750853746,-1,3,false,sharp:0026,2700.116294,sharp:0028,899.67557,,,rn1:0004,6902.496344,true,2026-08-04T20:43:54+00:00,68.503656,0.5699999984,0xa61e009bc796fffdd5efff55ff17da2ee9bbbcc5f002fc3d77ec7133ab2f3178,false,false,true,true,-0.0141687328913151,,,true,false,0,,,,,,,,,,,,,,,false,false,false,false,true,false,0,,,,,,,,,,,,,,,false,false,false,false,true,false,0,,,,,,,,,,,,,,,false,false,false,false,true,true,1,2026-08-04T20:46:09+00:00,66.496344,0.5600000293,-0.0099999691,0xd9dc5f26ab79be0e5ed1715c056656295652ded2b7e454b6c3ab7f7d315df062,2026-08-04T20:46:09+00:00,66.496344,233.503656,0.5600000293,-0.0099999691,0xd9dc5f26ab79be0e5ed1715c056656295652ded2b7e454b6c3ab7f7d315df062,0.5600000293,0.5600000293,0,false,false,false,false
H2-v1-EVENT-M5,H2-v1,sharp:0028,sharp,28,1595165,0x3250991062dee7e768335a2dca0b5282e8e3bf461120775a1f94de78cd7d55c6,mlb-nym-cle-2026-08-04,Cleveland Guardians,New York Mets,2026-08-04T22:41:36+00:00,2026-08-04T21:00:02.179226+00:00,6093.820774,true,1,,,,,,,,,,,,,,,,,,,,457,0.5569620253164557,0.5558312655086849,0.0011307598077708,1,2026-08-04T20:45:02.503656+00:00,899.67557,3,true,betfair+matchbook+smarkets,betfair+matchbook+smarkets,false,0.5572139303482587,0.5558312655086849,0.5569620253164557,7.179226,14.179226,sharp:0028,2026-08-04T21:00:02.179226+00:00,0,0.5569620253164557,0.0011307598077708,1,3,false,sharp:0027,899.67557,sharp:0029,2699.784904,,,rn1:0004,6002.820774,true,2026-08-04T20:54:45+00:00,317.179226,0.5600000039,0x378147b6875fc108562e9cc1caed6a550b7ac8037c596f1295604f7e4873b30f,false,false,false,true,-0.0030379785835443,,,true,false,0,,,,,,,,,,,,,,,false,false,false,false,true,false,0,,,,,,,,,,,,,,,false,false,false,false,true,true,1,2026-08-04T21:00:50+00:00,47.820774,0.56,-0.0000000039,0x184df296f0493a838ed9e2a475377452c2325b3ae6541817b050062e7418077c,2026-08-04T21:00:50+00:00,47.820774,12.179226,0.56,-0.0000000039,0x184df296f0493a838ed9e2a475377452c2325b3ae6541817b050062e7418077c,0.56,0.56,0,false,true,true,true,true,true,1,2026-08-04T21:00:50+00:00,47.820774,0.56,-0.0000000039,0x184df296f0493a838ed9e2a475377452c2325b3ae6541817b050062e7418077c,2026-08-04T21:00:50+00:00,47.820774,252.179226,0.56,-0.0000000039,0x184df296f0493a838ed9e2a475377452c2325b3ae6541817b050062e7418077c,0.56,0.56,0,false,false,false,false
H2-v1-EVENT-M5,H2-v1,sharp:0029,sharp,29,1595165,0x3250991062dee7e768335a2dca0b5282e8e3bf461120775a1f94de78cd7d55c6,mlb-nym-cle-2026-08-04,Cleveland Guardians,New York Mets,2026-08-04T22:41:36+00:00,2026-08-04T21:45:01.964130+00:00,3394.03587,true,1,,,,,,,,,,,,,,,,,,,,461,0.5572139303482587,0.5569620253164557,0.000251905031803,1,2026-08-04T21:00:02.179226+00:00,2699.784904,3,true,betfair+matchbook+smarkets,betfair+matchbook+smarkets,false,0.5572139303482587,0.5572139303482587,0.5541561712846348,6.46413,7.96413,sharp:0029,2026-08-04T21:45:01.964130+00:00,0,0.5572139303482587,0.000251905031803,1,3,false,sharp:0028,2699.784904,sharp:0030,900.84586,,,rn1:0004,3303.03587,true,2026-08-04T21:43:44+00:00,77.96413,0.5699999992,0x8c7cd959fb677d31bc0857c1ecd895d80cf7b322d48dec79400c4920dee838b4,false,false,true,true,-0.0127860688517413,,,true,false,0,,,,,,,,,,,,,,,false,false,false,false,true,false,0,,,,,,,,,,,,,,,false,false,false,false,true,false,0,,,,,,,,,,,,,,,false,false,false,false,true,false,0,,,,,,,,,,,,,,,false,false,false,false
H2-v1-EVENT-M5,H2-v1,sharp:0030,sharp,30,1595165,0x3250991062dee7e768335a2dca0b5282e8e3bf461120775a1f94de78cd7d55c6,mlb-nym-cle-2026-08-04,Cleveland Guardians,New York Mets,2026-08-04T22:41:36+00:00,2026-08-04T22:00:02.809990+00:00,2493.19001,true,-1,,,,,,,,,,,,,,,,,,,,463,0.5558312655086849,0.5572139303482587,-0.0013826648395738,-1,2026-08-04T21:45:01.964130+00:00,900.84586,3,true,betfair+matchbook+smarkets,betfair+matchbook+smarkets,false,0.5558312655086849,0.5558312655086849,0.5527638190954773,6.80999,12.80999,sharp:0030,2026-08-04T22:00:02.809990+00:00,0,0.5558312655086849,-0.0013826648395738,-1,3,false,sharp:0029,900.84586,,,,,rn1:0004,2402.19001,true,2026-08-04T21:59:08+00:00,54.80999,0.5600000438,0x1d9dbe231a65e35e7284da8e755b0e8aec47b2fd9dde1071df5894eb6d185303,false,true,true,true,-0.0041687782913151,,,true,false,0,,,,,,,,,,,,,,,false,false,false,false,true,false,0,,,,,,,,,,,,,,,false,false,false,false,true,false,0,,,,,,,,,,,,,,,false,false,false,false,true,true,5,2026-08-04T22:01:11+00:00,68.19001,0.56,-0.0000000438,0xfb567f05c55dfc0029c6703be33536bc911f9841f5cda28817b01b043773c6a1,2026-08-04T22:04:50+00:00,287.19001,12.80999,0.57,0.0099999562,0x773f8ee217664f1065ecc386f1711212b40e5f2fec9bc2ad39076d7193b0bea1,0.56,0.57,0.01,false,true,true,true
H2-v1-EVENT-M5,H2-v1,rn1:0004,rn1,4,1595165,0x3250991062dee7e768335a2dca0b5282e8e3bf461120775a1f94de78cd7d55c6,mlb-nym-cle-2026-08-04,Cleveland Guardians,New York Mets,2026-08-04T22:41:36+00:00,2026-08-04T22:40:05+00:00,91,true,1,3190285,Cleveland Guardians,home,BUY,0.55,0.55,2.333332,1.2833326,2.333332,1.2833326,0x8ad3b098af1e7353a1cd9ca910a0621f6df0e74376609240b6226642e19a6465,5cbd1742ed5f897bae45d2b9a4f4926e338feea85c244290f4181f83f781ee9d,1595165:2026-08-04T22:40:05+00:00,1,1,2.333332,1.2833326,1,1,,,,,,,,,,,,,,,,,,sharp:0030,2026-08-04T22:00:02.809990+00:00,2402.19001,0.5558312655086849,-0.0013826648395738,-1,3,false,sharp:0030,2402.19001,,,,,rn1:0005,1,true,2026-08-04T22:40:03+00:00,2,0.5600000049,0xd6a6c06cd5391e6b9fc5ac748c3bdfc053cf66815e53324af37d8f535bdc2f54,true,true,true,true,-0.0041687393913151,-0.0100000049,false,true,true,2,2026-08-04T22:40:06+00:00,1,0.5500000203,-0.0099999846,0x11c88ebbe5c99e6d85928b50896b6ecc80e0ec6885b192fe789ecd767957faf7,2026-08-04T22:40:15+00:00,10,0,0.5599999993,-0.0000000056,0x7124d2da3f9b1d08b1be5e0b9fa40b07ad15dddaed04cfdfa32c2950a234013f,0.5500000203,0.5599999993,0.009999979,true,true,true,true,true,true,3,2026-08-04T22:40:06+00:00,1,0.5500000203,-0.0099999846,0x11c88ebbe5c99e6d85928b50896b6ecc80e0ec6885b192fe789ecd767957faf7,2026-08-04T22:40:30+00:00,25,5,0.5599999907,-0.0000000142,0x98b130a423e35b88e78d271f5982f635f03f9040e130f28276bc132c1ee7d361,0.5500000203,0.5599999993,0.009999979,true,true,true,true,true,true,4,2026-08-04T22:40:06+00:00,1,0.5500000203,-0.0099999846,0x11c88ebbe5c99e6d85928b50896b6ecc80e0ec6885b192fe789ecd767957faf7,2026-08-04T22:40:56+00:00,51,9,0.5599999664,-0.0000000385,0xdfa798bff1db11ad9d844c086f1c01df111e0755089e67ea43b64a1d40304086,0.5500000203,0.5599999993,0.009999979,false,true,true,true,false,false,0,,,,,,,,,,,,,,,false,false,false,false
H2-v1-EVENT-M5,H2-v1,rn1:0005,rn1,5,1595165,0x3250991062dee7e768335a2dca0b5282e8e3bf461120775a1f94de78cd7d55c6,mlb-nym-cle-2026-08-04,Cleveland Guardians,New York Mets,2026-08-04T22:41:36+00:00,2026-08-04T22:40:06+00:00,90,true,1,3190285,Cleveland Guardians,home,BUY,0.55,0.55,22.222221,12.22222155,22.222221,12.22222155,0x11c88ebbe5c99e6d85928b50896b6ecc80e0ec6885b192fe789ecd767957faf7,fc8f0f4e8876e2f45857618db13e81261de2ff9b460d88aabcd19223aee2bd0c,1595165:2026-08-04T22:40:06+00:00,1,1,22.222221,12.22222155,1,1,,,,,,,,,,,,,,,,,,sharp:0030,2026-08-04T22:00:02.809990+00:00,2403.19001,0.5558312655086849,-0.0013826648395738,-1,3,false,sharp:0030,2403.19001,,,rn1:0004,1,rn1:0006,9,true,2026-08-04T22:40:05+00:00,1,0.5500001714,0x8ad3b098af1e7353a1cd9ca910a0621f6df0e74376609240b6226642e19a6465,true,true,true,true,0.0058310941086849,-0.0000001714,false,true,true,1,2026-08-04T22:40:15+00:00,9,0.5599999993,0.0099998279,0x7124d2da3f9b1d08b1be5e0b9fa40b07ad15dddaed04cfdfa32c2950a234013f,2026-08-04T22:40:15+00:00,9,1,0.5599999993,0.0099998279,0x7124d2da3f9b1d08b1be5e0b9fa40b07ad15dddaed04cfdfa32c2950a234013f,0.5599999993,0.5599999993,0,true,true,true,true,true,true,2,2026-08-04T22:40:15+00:00,9,0.5599999993,0.0099998279,0x7124d2da3f9b1d08b1be5e0b9fa40b07ad15dddaed04cfdfa32c2950a234013f,2026-08-04T22:40:30+00:00,24,6,0.5599999907,0.0099998193,0x98b130a423e35b88e78d271f5982f635f03f9040e130f28276bc132c1ee7d361,0.5599999907,0.5599999993,0.0000000086,false,true,true,true,true,true,3,2026-08-04T22:40:15+00:00,9,0.5599999993,0.0099998279,0x7124d2da3f9b1d08b1be5e0b9fa40b07ad15dddaed04cfdfa32c2950a234013f,2026-08-04T22:40:56+00:00,50,10,0.5599999664,0.009999795,0xdfa798bff1db11ad9d844c086f1c01df111e0755089e67ea43b64a1d40304086,0.5599999664,0.5599999993,0.0000000329,false,true,true,true,false,false,0,,,,,,,,,,,,,,,false,false,false,false
H2-v1-EVENT-M5,H2-v1,rn1:0006,rn1,6,1595165,0x3250991062dee7e768335a2dca0b5282e8e3bf461120775a1f94de78cd7d55c6,mlb-nym-cle-2026-08-04,Cleveland Guardians,New York Mets,2026-08-04T22:41:36+00:00,2026-08-04T22:40:15+00:00,81,true,-1,3190284,New York Mets,away,BUY,0.44,0.56,308.175713,135.59731372,-308.175713,-135.59731372,0x7124d2da3f9b1d08b1be5e0b9fa40b07ad15dddaed04cfdfa32c2950a234013f,4a7acb5dd3268ba71369200e94528a0af4245dc71e7b38c7830d827a00d4a634,1595165:2026-08-04T22:40:15+00:00,1,1,-308.175713,-135.59731372,-1,1,,,,,,,,,,,,,,,,,,sharp:0030,2026-08-04T22:00:02.809990+00:00,2412.19001,0.5558312655086849,-0.0013826648395738,-1,3,false,sharp:0030,2412.19001,,,rn1:0005,9,rn1:0007,15,true,2026-08-04T22:40:06+00:00,9,0.5500000203,0x11c88ebbe5c99e6d85928b50896b6ecc80e0ec6885b192fe789ecd767957faf7,true,true,true,true,0.0058312452086849,0.0099999797,true,true,false,0,,,,,,,,,,,,,,,false,false,false,false,true,true,1,2026-08-04T22:40:30+00:00,15,0.5599999907,0.0099999704,0x98b130a423e35b88e78d271f5982f635f03f9040e130f28276bc132c1ee7d361,2026-08-04T22:40:30+00:00,15,15,0.5599999907,0.0099999704,0x98b130a423e35b88e78d271f5982f635f03f9040e130f28276bc132c1ee7d361,0.5599999907,0.5599999907,0,false,true,true,true,true,true,4,2026-08-04T22:40:30+00:00,15,0.5599999907,0.0099999704,0x98b130a423e35b88e78d271f5982f635f03f9040e130f28276bc132c1ee7d361,2026-08-04T22:41:15+00:00,60,0,0.5600000974,0.0100000771,0xf7f2a13e53d9dc94a866fa82e531613bfd4ed78a525b8fcea27f990464b17100,0.5599999664,0.5600000974,0.000000131,true,true,true,true,false,false,0,,,,,,,,,,,,,,,false,false,false,false
H2-v1-EVENT-M5,H2-v1,rn1:0007,rn1,7,1595165,0x3250991062dee7e768335a2dca0b5282e8e3bf461120775a1f94de78cd7d55c6,mlb-nym-cle-2026-08-04,Cleveland Guardians,New York Mets,2026-08-04T22:41:36+00:00,2026-08-04T22:40:30+00:00,66,true,-1,3190284,New York Mets,away,BUY,0.44,0.56,21.42857,9.4285708,-21.42857,-9.4285708,0x98b130a423e35b88e78d271f5982f635f03f9040e130f28276bc132c1ee7d361,cb7bffae42a9bd0102330aa84dab082d90ab4ef2f3b444e0f08bd3fc59f6a670,1595165:2026-08-04T22:40:30+00:00,1,1,-21.42857,-9.4285708,-1,1,,,,,,,,,,,,,,,,,,sharp:0030,2026-08-04T22:00:02.809990+00:00,2427.19001,0.5558312655086849,-0.0013826648395738,-1,3,false,sharp:0030,2427.19001,,,rn1:0006,15,rn1:0008,26,true,2026-08-04T22:40:15+00:00,15,0.5599999993,0x7124d2da3f9b1d08b1be5e0b9fa40b07ad15dddaed04cfdfa32c2950a234013f,true,true,true,true,-0.0041687337913151,0.0000000007,true,true,false,0,,,,,,,,,,,,,,,false,false,false,false,true,true,1,2026-08-04T22:40:56+00:00,26,0.5599999664,-0.0000000329,0xdfa798bff1db11ad9d844c086f1c01df111e0755089e67ea43b64a1d40304086,2026-08-04T22:40:56+00:00,26,4,0.5599999664,-0.0000000329,0xdfa798bff1db11ad9d844c086f1c01df111e0755089e67ea43b64a1d40304086,0.5599999664,0.5599999664,0,true,true,true,true,true,true,4,2026-08-04T22:40:56+00:00,26,0.5599999664,-0.0000000329,0xdfa798bff1db11ad9d844c086f1c01df111e0755089e67ea43b64a1d40304086,2026-08-04T22:41:24+00:00,54,6,0.5699999966,0.0099999973,0x177cb1da660cd6517d5408d0c865cc3903c9fdc932dae5561a86348826b39d0f,0.5599999664,0.5699999966,0.0100000302,false,true,true,true,false,false,0,,,,,,,,,,,,,,,false,false,false,false
H2-v1-EVENT-M5,H2-v1,rn1:0008,rn1,8,1595165,0x3250991062dee7e768335a2dca0b5282e8e3bf461120775a1f94de78cd7d55c6,mlb-nym-cle-2026-08-04,Cleveland Guardians,New York Mets,2026-08-04T22:41:36+00:00,2026-08-04T22:40:56+00:00,40,true,-1,3190284,New York Mets,away,BUY,0.44,0.56,3.571427,1.57142788,-3.571427,-1.57142788,0xdfa798bff1db11ad9d844c086f1c01df111e0755089e67ea43b64a1d40304086,9816edb36a435e0522b1a31edefef901e601f62fda47479433ee35c0f6672c8c,1595165:2026-08-04T22:40:56+00:00,1,1,-3.571427,-1.57142788,-1,1,,,,,,,,,,,,,,,,,,sharp:0030,2026-08-04T22:00:02.809990+00:00,2453.19001,0.5558312655086849,-0.0013826648395738,-1,3,false,sharp:0030,2453.19001,,,rn1:0007,26,rn1:0009,16,true,2026-08-04T22:40:30+00:00,26,0.5599999907,0x98b130a423e35b88e78d271f5982f635f03f9040e130f28276bc132c1ee7d361,true,true,true,true,-0.0041687251913151,0.0000000093,true,true,false,0,,,,,,,,,,,,,,,false,false,false,false,true,true,3,2026-08-04T22:41:12+00:00,16,0.56,0.0000000093,0xbd09e56e20333064277ce217de2fe890820962f786d8ab00a0214190a5f04f53,2026-08-04T22:41:24+00:00,28,2,0.5699999966,0.0100000059,0x177cb1da660cd6517d5408d0c865cc3903c9fdc932dae5561a86348826b39d0f,0.56,0.5699999966,0.0099999966,true,true,true,true,false,false,0,,,,,,,,,,,,,,,false,false,false,false,false,false,0,,,,,,,,,,,,,,,false,false,false,false
H2-v1-EVENT-M5,H2-v1,rn1:0009,rn1,9,1595165,0x3250991062dee7e768335a2dca0b5282e8e3bf461120775a1f94de78cd7d55c6,mlb-nym-cle-2026-08-04,Cleveland Guardians,New York Mets,2026-08-04T22:41:36+00:00,2026-08-04T22:41:12+00:00,24,true,-1,3190284,New York Mets,away,BUY,0.44,0.56,1590.81,699.9564,-1590.81,-699.9564,0xbd09e56e20333064277ce217de2fe890820962f786d8ab00a0214190a5f04f53,f05289de5ee2e155c761ef2aec0c75d43dd0eef6386c654f69c814cda5994e36,1595165:2026-08-04T22:41:12+00:00,1,1,-1590.81,-699.9564,-1,1,,,,,,,,,,,,,,,,,,sharp:0030,2026-08-04T22:00:02.809990+00:00,2469.19001,0.5558312655086849,-0.0013826648395738,-1,3,false,sharp:0030,2469.19001,,,rn1:0008,16,,,true,2026-08-04T22:40:56+00:00,16,0.5599999664,0xdfa798bff1db11ad9d844c086f1c01df111e0755089e67ea43b64a1d40304086,true,true,true,true,-0.0041687008913151,0.0000000336,true,true,true,1,2026-08-04T22:41:15+00:00,3,0.5600000974,0.000000131,0xf7f2a13e53d9dc94a866fa82e531613bfd4ed78a525b8fcea27f990464b17100,2026-08-04T22:41:15+00:00,3,7,0.5600000974,0.000000131,0xf7f2a13e53d9dc94a866fa82e531613bfd4ed78a525b8fcea27f990464b17100,0.5600000974,0.5600000974,0,false,true,true,true,false,false,0,,,,,,,,,,,,,,,false,false,false,false,false,false,0,,,,,,,,,,,,,,,false,false,false,false,false,false,0,,,,,,,,,,,,,,,false,false,false,false
H2-v1-EVENT-M5,H2-v1,sharp:0031,sharp,31,1595169,0x90dab0680f465b0e4f505295d1b138b2982a86a2eafa92b6530c5035efa7a716,mlb-wsh-phi-2026-08-04,Philadelphia Phillies,Washington Nationals,2026-08-04T22:42:34+00:00,2026-08-04T12:53:01.230532+00:00,35372.769468,false,,,,,,,,,,,,,,,,,,,,,417,0.7113402061855669,,,,,,3,true,betfair+matchbook+smarkets,,,0.7113402061855669,0.7113402061855669,0.7052631578947368,17.730532,18.230532,sharp:0031,2026-08-04T12:53:01.230532+00:00,0,0.7113402061855669,,,3,,,,sharp:0032,18420.761847,,,rn1:0010,35223.769468,true,2026-08-04T12:45:17+00:00,464.230532,0.7099999074,0x66299e77b46cf2913d8d87b23e23d15d1d093c98d26ab43e90a661e9b26f1d60,false,false,false,true,0.0013402987855669,,,true,false,0,,,,,,,,,,,,,,,false,false,false,false,true,false,0,,,,,,,,,,,,,,,false,false,false,false,true,false,0,,,,,,,,,,,,,,,false,false,false,false,true,false,0,,,,,,,,,,,,,,,false,false,false,false
H2-v1-EVENT-M5,H2-v1,sharp:0032,sharp,32,1595169,0x90dab0680f465b0e4f505295d1b138b2982a86a2eafa92b6530c5035efa7a716,mlb-wsh-phi-2026-08-04,Philadelphia Phillies,Washington Nationals,2026-08-04T22:42:34+00:00,2026-08-04T18:00:01.992379+00:00,16952.007621,true,1,,,,,,,,,,,,,,,,,,,,439,0.7200811359026369,0.7113402061855669,0.00874092971707,1,2026-08-04T12:53:01.230532+00:00,18420.761847,3,true,betfair+matchbook+smarkets,betfair+matchbook+smarkets,false,0.7200811359026369,0.7200811359026369,0.7186858316221767,9.992379,15.992379,sharp:0032,2026-08-04T18:00:01.992379+00:00,0,0.7200811359026369,0.00874092971707,1,3,false,sharp:0031,18420.761847,sharp:0033,2700.25185,,,rn1:0010,16803.007621,true,2026-08-04T17:56:30+00:00,211.992379,0.719999856,0xb026e3ebeaa58c803c133befb35353f2f07df9f177dfcfddc65b9b682ef13a82,false,false,true,true,0.0000812799026369,,,true,false,0,,,,,,,,,,,,,,,false,false,false,false,true,false,0,,,,,,,,,,,,,,,false,false,false,false,true,false,0,,,,,,,,,,,,,,,false,false,false,false,true,true,1,2026-08-04T18:04:09+00:00,247.007621,0.719999993,0.000000137,0xe6b21c48611e4e14be5aef248ebe4c73549a8d846dcd9aac00e9cc1d2c8332dd,2026-08-04T18:04:09+00:00,247.007621,52.992379,0.719999993,0.000000137,0xe6b21c48611e4e14be5aef248ebe4c73549a8d846dcd9aac00e9cc1d2c8332dd,0.719999993,0.719999993,0,false,false,false,true
H2-v1-EVENT-M5,H2-v1,sharp:0033,sharp,33,1595169,0x90dab0680f465b0e4f505295d1b138b2982a86a2eafa92b6530c5035efa7a716,mlb-wsh-phi-2026-08-04,Philadelphia Phillies,Washington Nationals,2026-08-04T22:42:34+00:00,2026-08-04T18:45:02.244229+00:00,14251.755771,true,0,,,,,,,,,,,,,,,,,,,,443,0.7200811359026369,0.7200811359026369,0,0,2026-08-04T18:00:01.992379+00:00,2700.25185,3,true,betfair+matchbook+smarkets,betfair+matchbook+smarkets,false,0.7200811359026369,0.7200811359026369,0.7186858316221767,13.244229,18.244229,sharp:0033,2026-08-04T18:45:02.244229+00:00,0,0.7200811359026369,0,0,3,false,sharp:0032,2700.25185,sharp:0034,900.187795,,,rn1:0010,14102.755771,true,2026-08-04T18:44:56+00:00,6.244229,0.71,0xbe3bb4d91776dfcd5ad63b2e114ccaccc4de4c67c52441b30b0eaf246b0c6708,true,true,true,true,0.0100811359026369,,,true,true,1,2026-08-04T18:45:06+00:00,3.755771,0.71,0,0xc032a297bc1dec80861472fdcc4e3e43934a7718f0ca236fedbfbf59caacca5a,2026-08-04T18:45:06+00:00,3.755771,6.244229,0.71,0,0xc032a297bc1dec80861472fdcc4e3e43934a7718f0ca236fedbfbf59caacca5a,0.71,0.71,0,false,true,true,true,true,true,3,2026-08-04T18:45:06+00:00,3.755771,0.71,0,0xc032a297bc1dec80861472fdcc4e3e43934a7718f0ca236fedbfbf59caacca5a,2026-08-04T18:45:26+00:00,23.755771,6.244229,0.71,0,0xa6ad673686ee479602bc80c1ce05ffdb2e2f34f30c822c7a4dfe1e6710c90b67,0.71,0.71,0,false,true,true,true,true,true,5,2026-08-04T18:45:06+00:00,3.755771,0.71,0,0xc032a297bc1dec80861472fdcc4e3e43934a7718f0ca236fedbfbf59caacca5a,2026-08-04T18:45:45+00:00,42.755771,17.244229,0.71,0,0xb70a33a91151973557d394af90aba0400ba1ead04fe2221812e6a6e1a8889380,0.71,0.71,0,false,false,true,true,true,true,9,2026-08-04T18:45:06+00:00,3.755771,0.71,0,0xc032a297bc1dec80861472fdcc4e3e43934a7718f0ca236fedbfbf59caacca5a,2026-08-04T18:49:44+00:00,281.755771,18.244229,0.7199999654,0.0099999654,0xb0013ed80161c66e275da0f6040091b89d31ef466cc1b845cc3ad60000aba1d2,0.71,0.7199999997,0.0099999997,false,false,true,true
H2-v1-EVENT-M5,H2-v1,sharp:0034,sharp,34,1595169,0x90dab0680f465b0e4f505295d1b138b2982a86a2eafa92b6530c5035efa7a716,mlb-wsh-phi-2026-08-04,Philadelphia Phillies,Washington Nationals,2026-08-04T22:42:34+00:00,2026-08-04T19:00:02.432024+00:00,13351.567976,true,0,,,,,,,,,,,,,,,,,,,,445,0.7200811359026369,0.7200811359026369,0,0,2026-08-04T18:45:02.244229+00:00,900.187795,3,true,betfair+matchbook+smarkets,betfair+matchbook+smarkets,false,0.7200811359026369,0.7200811359026369,0.7201646090534979,17.432024,18.432024,sharp:0034,2026-08-04T19:00:02.432024+00:00,0,0.7200811359026369,0,0,3,false,sharp:0033,900.187795,sharp:0035,2699.509084,,,rn1:0010,13202.567976,true,2026-08-04T18:53:35+00:00,387.432024,0.7199999965,0xe9f6a8f078dfa93ff8fcab9af2fdf06899f4a341a9322a60319d37a9a4f1a438,false,false,false,true,0.0000811394026369,,,true,false,0,,,,,,,,,,,,,,,false,false,false,false,true,false,0,,,,,,,,,,,,,,,false,false,false,false,true,false,0,,,,,,,,,,,,,,,false,false,false,false,true,true,7,2026-08-04T19:01:44+00:00,101.567976,0.72,0.0000000035,0xb3029eb0ae2e04ead1f0c3b8c6de443138a4fb749c458ecb79c5b42d7afca07a,2026-08-04T19:03:06+00:00,183.567976,116.432024,0.72,0.0000000035,0x936006f8864e3bb089228b513fb64bff649cf08211ca64b7636ee431efc48e80,0.72,0.7299999841,0.0099999841,false,false,false,false
H2-v1-EVENT-M5,H2-v1,sharp:0035,sharp,35,1595169,0x90dab0680f465b0e4f505295d1b138b2982a86a2eafa92b6530c5035efa7a716,mlb-wsh-phi-2026-08-04,Philadelphia Phillies,Washington Nationals,2026-08-04T22:42:34+00:00,2026-08-04T19:45:01.941108+00:00,10652.058892,true,1,,,,,,,,,,,,,,,,,,,,449,0.7228915662650603,0.7200811359026369,0.0028104303624234,1,2026-08-04T19:00:02.432024+00:00,2699.509084,3,true,betfair+matchbook+smarkets,betfair+matchbook+smarkets,false,0.7228915662650603,0.7228915662650603,0.7201646090534979,8.441108,9.941108,sharp:0035,2026-08-04T19:45:01.941108+00:00,0,0.7228915662650603,0.0028104303624234,1,3,false,sharp:0034,2699.509084,sharp:0036,900.446254,,,rn1:0010,10503.058892,true,2026-08-04T19:44:59+00:00,2.941108,0.7299998102,0x40e3e5e34637522cbfce35e8c965f1ade57f28be266d645db3b1f4466d1b364a,true,true,true,true,-0.0071082439349397,,,true,false,0,,,,,,,,,,,,,,,false,false,false,false,true,true,2,2026-08-04T19:45:12+00:00,10.058892,0.729999989,0.0000001788,0x1a567d549de4f86a4e8c63c892f67eb45e572b550d12c28a62668774667d2e3d,2026-08-04T19:45:12+00:00,10.058892,19.941108,0.7299999866,0.0000001764,0xe8d1c24b2281e387f06ddd0e425b613fec7abcecf25f65dadcb1dff4702538b8,0.7299999866,0.729999989,0.0000000024,false,false,true,true,true,true,2,2026-08-04T19:45:12+00:00,10.058892,0.729999989,0.0000001788,0x1a567d549de4f86a4e8c63c892f67eb45e572b550d12c28a62668774667d2e3d,2026-08-04T19:45:12+00:00,10.058892,49.941108,0.7299999866,0.0000001764,0xe8d1c24b2281e387f06ddd0e425b613fec7abcecf25f65dadcb1dff4702538b8,0.7299999866,0.729999989,0.0000000024,false,false,false,true,true,true,2,2026-08-04T19:45:12+00:00,10.058892,0.729999989,0.0000001788,0x1a567d549de4f86a4e8c63c892f67eb45e572b550d12c28a62668774667d2e3d,2026-08-04T19:45:12+00:00,10.058892,289.941108,0.7299999866,0.0000001764,0xe8d1c24b2281e387f06ddd0e425b613fec7abcecf25f65dadcb1dff4702538b8,0.7299999866,0.729999989,0.0000000024,false,false,false,false
H2-v1-EVENT-M5,H2-v1,sharp:0036,sharp,36,1595169,0x90dab0680f465b0e4f505295d1b138b2982a86a2eafa92b6530c5035efa7a716,mlb-wsh-phi-2026-08-04,Philadelphia Phillies,Washington Nationals,2026-08-04T22:42:34+00:00,2026-08-04T20:00:02.387362+00:00,9751.612638,true,-1,,,,,,,,,,,,,,,,,,,,451,0.7200811359026369,0.7228915662650603,-0.0028104303624234,-1,2026-08-04T19:45:01.941108+00:00,900.446254,3,true,betfair+matchbook+smarkets,betfair+matchbook+smarkets,false,0.7200811359026369,0.7200811359026369,0.7201646090534979,13.387362,22.387362,sharp:0036,2026-08-04T20:00:02.387362+00:00,0,0.7200811359026369,-0.0028104303624234,-1,3,false,sharp:0035,900.446254,sharp:0037,2700.116294,,,rn1:0010,9602.612638,true,2026-08-04T19:58:47+00:00,75.387362,0.73,0x08782e892cb2fbd7f976a0b9f0c01b2c9d98747f9d2d1dded753f4aafe7f8cd4,false,false,true,true,-0.0099188640973631,,,true,false,0,,,,,,,,,,,,,,,false,false,false,false,true,false,0,,,,,,,,,,,,,,,false,false,false,false,true,false,0,,,,,,,,,,,,,,,false,false,false,false,true,true,1,2026-08-04T20:03:41+00:00,218.612638,0.7299999994,-0.0000000006,0xc8fb3702481c443a579310213cca94cf33ed9f2ad9766176588ec127d9c0d69d,2026-08-04T20:03:41+00:00,218.612638,81.387362,0.7299999994,-0.0000000006,0xc8fb3702481c443a579310213cca94cf33ed9f2ad9766176588ec127d9c0d69d,0.7299999994,0.7299999994,0,false,false,false,false
H2-v1-EVENT-M5,H2-v1,sharp:0037,sharp,37,1595169,0x90dab0680f465b0e4f505295d1b138b2982a86a2eafa92b6530c5035efa7a716,mlb-wsh-phi-2026-08-04,Philadelphia Phillies,Washington Nationals,2026-08-04T22:42:34+00:00,2026-08-04T20:45:02.503656+00:00,7051.496344,true,1,,,,,,,,,,,,,,,,,,,,455,0.7355864811133201,0.7200811359026369,0.0155053452106832,1,2026-08-04T20:00:02.387362+00:00,2700.116294,3,true,betfair+matchbook+smarkets,betfair+matchbook+smarkets,false,0.7352941176470589,0.7378640776699029,0.7355864811133201,9.003656,17.503656,sharp:0037,2026-08-04T20:45:02.503656+00:00,0,0.7355864811133201,0.0155053452106832,1,3,false,sharp:0036,2700.116294,sharp:0038,899.67557,,,rn1:0010,6902.496344,true,2026-08-04T20:44:59+00:00,3.503656,0.74,0xa3c4d37a05bfa86dfeb1163cfe57bfff5d41af2855e66ee614ff703c1b468f84,true,true,true,true,-0.0044135188866799,,,true,false,0,,,,,,,,,,,,,,,false,false,false,false,true,false,0,,,,,,,,,,,,,,,false,false,false,false,true,false,0,,,,,,,,,,,,,,,false,false,false,false,true,true,3,2026-08-04T20:46:26+00:00,83.496344,0.74,0,0x424ef3e9f787d0bee6eebb65a87d44007be9de317a83ba7d34613543e28b9e17,2026-08-04T20:48:08+00:00,185.496344,114.503656,0.74,0,0x8bf3967902f612e55343be76c601f57e3ac9ac3b75a020c1f7a7975187badaef,0.74,0.74,0,false,false,false,false
H2-v1-EVENT-M5,H2-v1,sharp:0038,sharp,38,1595169,0x90dab0680f465b0e4f505295d1b138b2982a86a2eafa92b6530c5035efa7a716,mlb-wsh-phi-2026-08-04,Philadelphia Phillies,Washington Nationals,2026-08-04T22:42:34+00:00,2026-08-04T21:00:02.179226+00:00,6151.820774,true,1,,,,,,,,,,,,,,,,,,,,457,0.7392996108949417,0.7355864811133201,0.0037131297816216,1,2026-08-04T20:45:02.503656+00:00,899.67557,3,true,betfair+matchbook+smarkets,betfair+matchbook+smarkets,false,0.7418111753371868,0.7392996108949417,0.7367387033398821,7.179226,14.179226,sharp:0038,2026-08-04T21:00:02.179226+00:00,0,0.7392996108949417,0.0037131297816216,1,3,false,sharp:0037,899.67557,sharp:0039,2699.784904,,,rn1:0010,6002.820774,true,2026-08-04T20:58:17+00:00,105.179226,0.74,0x630fc36d87861a431ae901c532c04551e2545b13f65b45f5c7d25be05dfdd0ad,false,false,true,true,-0.0007003891050583,,,true,true,1,2026-08-04T21:00:09+00:00,6.820774,0.75,0.01,0xf460d8a04d326f813056e7bd6ea34b3d11bc1a50ac8c3b3b8eb5dfd8a0963257,2026-08-04T21:00:09+00:00,6.820774,3.179226,0.75,0.01,0xf460d8a04d326f813056e7bd6ea34b3d11bc1a50ac8c3b3b8eb5dfd8a0963257,0.75,0.75,0,true,true,true,true,true,true,1,2026-08-04T21:00:09+00:00,6.820774,0.75,0.01,0xf460d8a04d326f813056e7bd6ea34b3d11bc1a50ac8c3b3b8eb5dfd8a0963257,2026-08-04T21:00:09+00:00,6.820774,23.179226,0.75,0.01,0xf460d8a04d326f813056e7bd6ea34b3d11bc1a50ac8c3b3b8eb5dfd8a0963257,0.75,0.75,0,false,false,true,true,true,true,1,2026-08-04T21:00:09+00:00,6.820774,0.75,0.01,0xf460d8a04d326f813056e7bd6ea34b3d11bc1a50ac8c3b3b8eb5dfd8a0963257,2026-08-04T21:00:09+00:00,6.820774,53.179226,0.75,0.01,0xf460d8a04d326f813056e7bd6ea34b3d11bc1a50ac8c3b3b8eb5dfd8a0963257,0.75,0.75,0,false,false,false,true,true,true,2,2026-08-04T21:00:09+00:00,6.820774,0.75,0.01,0xf460d8a04d326f813056e7bd6ea34b3d11bc1a50ac8c3b3b8eb5dfd8a0963257,2026-08-04T21:03:09+00:00,186.820774,113.179226,0.75,0.01,0x48515151442db0b9e4b3abbd929b047ea7eae620ffc77712f2b6515d83f6c7ab,0.75,0.75,0,false,false,false,false
H2-v1-EVENT-M5,H2-v1,sharp:0039,sharp,39,1595169,0x90dab0680f465b0e4f505295d1b138b2982a86a2eafa92b6530c5035efa7a716,mlb-wsh-phi-2026-08-04,Philadelphia Phillies,Washington Nationals,2026-08-04T22:42:34+00:00,2026-08-04T21:45:01.964130+00:00,3452.03587,true,1,,,,,,,,,,,,,,,,,,,,461,0.7432432432432433,0.7392996108949417,0.0039436323483016,1,2026-08-04T21:00:02.179226+00:00,2699.784904,3,true,betfair+matchbook+smarkets,betfair+matchbook+smarkets,false,0.7432432432432433,0.7432432432432433,0.7407407407407408,6.46413,7.96413,sharp:0039,2026-08-04T21:45:01.964130+00:00,0,0.7432432432432433,0.0039436323483016,1,3,false,sharp:0038,2699.784904,sharp:0040,900.84586,,,rn1:0010,3303.03587,true,2026-08-04T21:42:53+00:00,128.96413,0.75,0x0a7de65649a61fc611706db9b8e773450780bc9ca32ef62eec910e25b8a93eff,false,false,true,true,-0.0067567567567567,,,true,false,0,,,,,,,,,,,,,,,false,false,false,false,true,false,0,,,,,,,,,,,,,,,false,false,false,false,true,true,1,2026-08-04T21:45:54+00:00,52.03587,0.74,-0.01,0xa4852ed515840f519e7386e4e0f5e0b2f179648c0e21ed9c663961c12e3d2381,2026-08-04T21:45:54+00:00,52.03587,7.96413,0.74,-0.01,0xa4852ed515840f519e7386e4e0f5e0b2f179648c0e21ed9c663961c12e3d2381,0.74,0.74,0,false,true,true,true,true,true,1,2026-08-04T21:45:54+00:00,52.03587,0.74,-0.01,0xa4852ed515840f519e7386e4e0f5e0b2f179648c0e21ed9c663961c12e3d2381,2026-08-04T21:45:54+00:00,52.03587,247.96413,0.74,-0.01,0xa4852ed515840f519e7386e4e0f5e0b2f179648c0e21ed9c663961c12e3d2381,0.74,0.74,0,false,false,false,false
H2-v1-EVENT-M5,H2-v1,sharp:0040,sharp,40,1595169,0x90dab0680f465b0e4f505295d1b138b2982a86a2eafa92b6530c5035efa7a716,mlb-wsh-phi-2026-08-04,Philadelphia Phillies,Washington Nationals,2026-08-04T22:42:34+00:00,2026-08-04T22:00:02.809990+00:00,2551.19001,true,-1,,,,,,,,,,,,,,,,,,,,463,0.7381889763779528,0.7432432432432433,-0.0050542668652905,-1,2026-08-04T21:45:01.964130+00:00,900.84586,3,true,betfair+matchbook+smarkets,betfair+matchbook+smarkets,false,0.7392996108949417,0.7378640776699029,0.7381889763779528,6.80999,12.80999,sharp:0040,2026-08-04T22:00:02.809990+00:00,0,0.7381889763779528,-0.0050542668652905,-1,3,false,sharp:0039,900.84586,,,,,rn1:0010,2402.19001,true,2026-08-04T21:59:00+00:00,62.80999,0.7400000015,0xed649ec4b9bbf0eb8bb4f77ada1dc67e20ec6f54517d1faf9a44ee33f6777c22,false,false,true,true,-0.0018110251220472,,,true,false,0,,,,,,,,,,,,,,,false,false,false,false,true,false,0,,,,,,,,,,,,,,,false,false,false,false,true,true,5,2026-08-04T22:00:41+00:00,38.19001,0.74,-0.0000000015,0xe15476a750ae2f1c0196ebd4a655e61c55df6ebbb5f629c5f77f800d52afab09,2026-08-04T22:00:59+00:00,56.19001,3.80999,0.7400000268,0.0000000253,0x2d08e00aeb07cc715b2b01c59e9fa17d4cba5ed0a24e21db77fb41e3b88be9ba,0.74,0.7400000416,0.0000000416,true,true,true,true,true,true,9,2026-08-04T22:00:41+00:00,38.19001,0.74,-0.0000000015,0xe15476a750ae2f1c0196ebd4a655e61c55df6ebbb5f629c5f77f800d52afab09,2026-08-04T22:04:24+00:00,261.19001,38.80999,0.75,0.0099999985,0x09034a76dfdc471f3533be2304d23ebb85e559b89ab2fb7119da3b3efbb8522f,0.74,0.75,0.01,false,false,false,true
H2-v1-EVENT-M5,H2-v1,rn1:0010,rn1,10,1595169,0x90dab0680f465b0e4f505295d1b138b2982a86a2eafa92b6530c5035efa7a716,mlb-wsh-phi-2026-08-04,Philadelphia Phillies,Washington Nationals,2026-08-04T22:42:34+00:00,2026-08-04T22:40:05+00:00,149,true,1,3190293,Philadelphia Phillies,home,BUY,0.73,0.73,565.925924,413.12592452,565.925924,413.12592452,0x5a0a2774276ca0fc86df446b30fae8928ac31975f6f7eab034c5411d72e07d38,aae0afbda4ed8792b9c453f1079a46a1b4c6a1c058678e3ba0bc1a7cfe5236c3,1595169:2026-08-04T22:40:05+00:00,1,1,565.925924,413.12592452,1,1,,,,,,,,,,,,,,,,,,sharp:0040,2026-08-04T22:00:02.809990+00:00,2402.19001,0.7381889763779528,-0.0050542668652905,-1,3,false,sharp:0040,2402.19001,,,,,rn1:0011,1,true,2026-08-04T22:39:45+00:00,20,0.7399999479,0x1aaef93b61c5411fddcb98fcbeb03b92efd531b159018dac97324c10f53867d3,true,true,true,true,-0.0018109715220472,-0.0099999479,false,true,true,3,2026-08-04T22:40:06+00:00,1,0.73,-0.0099999479,0x6c9a5070c3e6c13426ed8ba4231b243f337821ff613f51314a002eb1216e649a,2026-08-04T22:40:15+00:00,10,0,0.7399999938,0.0000000459,0x52d2afcc01835b1e9d208c941e43c06d61309dca371979735e4106a7be9d315d,0.73,0.74,0.01,true,true,true,true,true,true,4,2026-08-04T22:40:06+00:00,1,0.73,-0.0099999479,0x6c9a5070c3e6c13426ed8ba4231b243f337821ff613f51314a002eb1216e649a,2026-08-04T22:40:35+00:00,30,0,0.7300000669,-0.009999881,0xe7ab4fda86ff41be87e118d26c7732ff2a3f6c98f9dd2657669b11a65a8b3237,0.73,0.74,0.01,true,true,true,true,true,true,7,2026-08-04T22:40:06+00:00,1,0.73,-0.0099999479,0x6c9a5070c3e6c13426ed8ba4231b243f337821ff613f51314a002eb1216e649a,2026-08-04T22:41:05+00:00,60,0,0.7399999139,-0.000000034,0x450b85037a0184ca9620b740f6f67032fb1e3021796a6a08abfb8c447a336137,0.73,0.74,0.01,true,true,true,true,false,false,0,,,,,,,,,,,,,,,false,false,false,false
H2-v1-EVENT-M5,H2-v1,rn1:0011,rn1,11,1595169,0x90dab0680f465b0e4f505295d1b138b2982a86a2eafa92b6530c5035efa7a716,mlb-wsh-phi-2026-08-04,Philadelphia Phillies,Washington Nationals,2026-08-04T22:42:34+00:00,2026-08-04T22:40:06+00:00,148,true,1,3190293,Philadelphia Phillies,home,BUY,0.73,0.73,126,91.98,126,91.98,0x6c9a5070c3e6c13426ed8ba4231b243f337821ff613f51314a002eb1216e649a,158d7ffe9bae8df0fcbaba83f6a34840c1b17bcb8e07852d0157f8df2fa80ca3,1595169:2026-08-04T22:40:06+00:00,1,1,126,91.98,1,1,,,,,,,,,,,,,,,,,,sharp:0040,2026-08-04T22:00:02.809990+00:00,2403.19001,0.7381889763779528,-0.0050542668652905,-1,3,false,sharp:0040,2403.19001,,,rn1:0010,1,rn1:0012,29,true,2026-08-04T22:40:05+00:00,1,0.7300000008,0x5a0a2774276ca0fc86df446b30fae8928ac31975f6f7eab034c5411d72e07d38,true,true,true,true,0.0081889755779528,-0.0000000008,false,true,true,1,2026-08-04T22:40:15+00:00,9,0.7399999938,0.009999993,0x52d2afcc01835b1e9d208c941e43c06d61309dca371979735e4106a7be9d315d,2026-08-04T22:40:15+00:00,9,1,0.7399999938,0.009999993,0x52d2afcc01835b1e9d208c941e43c06d61309dca371979735e4106a7be9d315d,0.7399999938,0.7399999938,0,true,true,true,true,true,true,2,2026-08-04T22:40:15+00:00,9,0.7399999938,0.009999993,0x52d2afcc01835b1e9d208c941e43c06d61309dca371979735e4106a7be9d315d,2026-08-04T22:40:35+00:00,29,1,0.7300000669,0.0000000661,0xe7ab4fda86ff41be87e118d26c7732ff2a3f6c98f9dd2657669b11a65a8b3237,0.7300000669,0.7399999938,0.0099999269,true,true,true,true,true,true,5,2026-08-04T22:40:15+00:00,9,0.7399999938,0.009999993,0x52d2afcc01835b1e9d208c941e43c06d61309dca371979735e4106a7be9d315d,2026-08-04T22:41:05+00:00,59,1,0.7399999139,0.0099999131,0x450b85037a0184ca9620b740f6f67032fb1e3021796a6a08abfb8c447a336137,0.73,0.7399999938,0.0099999938,true,true,true,true,false,false,0,,,,,,,,,,,,,,,false,false,false,false
H2-v1-EVENT-M5,H2-v1,rn1:0012,rn1,12,1595169,0x90dab0680f465b0e4f505295d1b138b2982a86a2eafa92b6530c5035efa7a716,mlb-wsh-phi-2026-08-04,Philadelphia Phillies,Washington Nationals,2026-08-04T22:42:34+00:00,2026-08-04T22:40:35+00:00,119,true,1,3190293,Philadelphia Phillies,home,BUY,0.73,0.73,7.777776,5.67777648,7.777776,5.67777648,0xe7ab4fda86ff41be87e118d26c7732ff2a3f6c98f9dd2657669b11a65a8b3237,b2dfc0b7d4f7cb79138602f815c5e708117f642072e2bca186750e382d35e2cd,1595169:2026-08-04T22:40:35+00:00,1,1,7.777776,5.67777648,1,1,,,,,,,,,,,,,,,,,,sharp:0040,2026-08-04T22:00:02.809990+00:00,2432.19001,0.7381889763779528,-0.0050542668652905,-1,3,false,sharp:0040,2432.19001,,,rn1:0011,29,rn1:0013,19,true,2026-08-04T22:40:15+00:00,20,0.7399999938,0x52d2afcc01835b1e9d208c941e43c06d61309dca371979735e4106a7be9d315d,true,true,true,true,-0.0018110174220472,-0.0099999938,false,true,false,0,,,,,,,,,,,,,,,false,false,false,false,true,true,3,2026-08-04T22:40:54+00:00,19,0.73,-0.0099999938,0xe4d5f3874949b5454db773295efac8efe7264038d4f22c7c3f4b6f3805005a93,2026-08-04T22:41:05+00:00,30,0,0.7399999139,-0.0000000799,0x450b85037a0184ca9620b740f6f67032fb1e3021796a6a08abfb8c447a336137,0.73,0.7399999886,0.0099999886,true,true,true,true,true,true,7,2026-08-04T22:40:54+00:00,19,0.73,-0.0099999938,0xe4d5f3874949b5454db773295efac8efe7264038d4f22c7c3f4b6f3805005a93,2026-08-04T22:41:27+00:00,52,8,0.74976161,0.0097616162,0x3079297aca3fd2b43829b1439805eee896ce56603cac773f1f0cc40f0bc2a000,0.73,0.74976161,0.01976161,false,true,true,true,false,false,0,,,,,,,,,,,,,,,false,false,false,false
H2-v1-EVENT-M5,H2-v1,rn1:0013,rn1,13,1595169,0x90dab0680f465b0e4f505295d1b138b2982a86a2eafa92b6530c5035efa7a716,mlb-wsh-phi-2026-08-04,Philadelphia Phillies,Washington Nationals,2026-08-04T22:42:34+00:00,2026-08-04T22:40:54+00:00,100,true,1,3190293,Philadelphia Phillies,home,BUY,0.73,0.73,1330.29,971.1117,1330.29,971.1117,0xe4d5f3874949b5454db773295efac8efe7264038d4f22c7c3f4b6f3805005a93,b58113b70d1c576e7eb456b6e859116bc0903b7141d10b0adedc2e3b80a5924d,1595169:2026-08-04T22:40:54+00:00,1,1,1330.29,971.1117,1,1,,,,,,,,,,,,,,,,,,sharp:0040,2026-08-04T22:00:02.809990+00:00,2451.19001,0.7381889763779528,-0.0050542668652905,-1,3,false,sharp:0040,2451.19001,,,rn1:0012,19,rn1:0014,33,true,2026-08-04T22:40:35+00:00,19,0.7300000669,0xe7ab4fda86ff41be87e118d26c7732ff2a3f6c98f9dd2657669b11a65a8b3237,true,true,true,true,0.0081889094779528,-0.0000000669,false,true,true,1,2026-08-04T22:40:57+00:00,3,0.7399999886,0.0099999217,0x62d9f34af0ede1968c2d08e95d1d8b97754c556bc92c5ebad9be53dd0a44b58e,2026-08-04T22:40:57+00:00,3,7,0.7399999886,0.0099999217,0x62d9f34af0ede1968c2d08e95d1d8b97754c556bc92c5ebad9be53dd0a44b58e,0.7399999886,0.7399999886,0,false,true,true,true,true,true,5,2026-08-04T22:40:57+00:00,3,0.7399999886,0.0099999217,0x62d9f34af0ede1968c2d08e95d1d8b97754c556bc92c5ebad9be53dd0a44b58e,2026-08-04T22:41:21+00:00,27,3,0.7399999493,0.0099998824,0x718251c8557ec63dea90933b903f151d336dfac14e9a1e29b2ed5ecb5ef8beb5,0.7399999139,0.74,0.0000000861,true,true,true,true,true,true,7,2026-08-04T22:40:57+00:00,3,0.7399999886,0.0099999217,0x62d9f34af0ede1968c2d08e95d1d8b97754c556bc92c5ebad9be53dd0a44b58e,2026-08-04T22:41:42+00:00,48,12,0.7311203445,0.0011202776,0x52e3ba959bf349754b7c6e9803e3d174d8d5ed3a43760431675f0094b5839ca4,0.7311203445,0.74976161,0.0186412655,false,true,true,true,false,false,0,,,,,,,,,,,,,,,false,false,false,false
H2-v1-EVENT-M5,H2-v1,rn1:0014,rn1,14,1595169,0x90dab0680f465b0e4f505295d1b138b2982a86a2eafa92b6530c5035efa7a716,mlb-wsh-phi-2026-08-04,Philadelphia Phillies,Washington Nationals,2026-08-04T22:42:34+00:00,2026-08-04T22:41:27+00:00,67,true,-1,3190292,Washington Nationals,away,BUY,0.25,0.75,222.99,55.7475,-222.99,-55.7475,0x3079297aca3fd2b43829b1439805eee896ce56603cac773f1f0cc40f0bc2a000,d5276682c739201ab97b3801be15b9c975ced6ea307eadfdd35d1ba1e311ad32,1595169:2026-08-04T22:41:27+00:00,1,1,-222.99,-55.7475,-1,1,,,,,,,,,,,,,,,,,,sharp:0040,2026-08-04T22:00:02.809990+00:00,2484.19001,0.7381889763779528,-0.0050542668652905,-1,3,false,sharp:0040,2484.19001,,,rn1:0013,33,,,true,2026-08-04T22:41:21+00:00,6,0.7399999493,0x718251c8557ec63dea90933b903f151d336dfac14e9a1e29b2ed5ecb5ef8beb5,true,true,true,true,-0.0018109729220472,0.0100000507,true,true,false,0,,,,,,,,,,,,,,,false,false,false,false,true,true,1,2026-08-04T22:41:42+00:00,15,0.7311203445,-0.0088796048,0x52e3ba959bf349754b7c6e9803e3d174d8d5ed3a43760431675f0094b5839ca4,2026-08-04T22:41:42+00:00,15,15,0.7311203445,-0.0088796048,0x52e3ba959bf349754b7c6e9803e3d174d8d5ed3a43760431675f0094b5839ca4,0.7311203445,0.7311203445,0,false,true,true,true,true,true,2,2026-08-04T22:41:42+00:00,15,0.7311203445,-0.0088796048,0x52e3ba959bf349754b7c6e9803e3d174d8d5ed3a43760431675f0094b5839ca4,2026-08-04T22:42:05+00:00,38,22,0.7400000225,0.0000000732,0x8e0cb2db8bd188224c31d97e58f44d65f06b423a5f3313c304e3483645b83847,0.7311203445,0.7400000225,0.008879678,false,false,true,true,false,false,0,,,,,,,,,,,,,,,false,false,false,false
H2-v1-EVENT-M5,H2-v1,sharp:0041,sharp,41,1595170,0x9e2cefa4b629c7943658c606dde621781ce9ba317908fe26b312518fb8562ebd,mlb-stl-nyy-2026-08-04,New York Yankees,St. Louis Cardinals,2026-08-04T23:06:00+00:00,2026-08-04T12:53:01.230532+00:00,36778.769468,false,,,,,,,,,,,,,,,,,,,,,417,0.6175771971496438,,,,,,3,true,betfair+matchbook+smarkets,,,0.6175771971496438,0.6175771971496438,0.6135265700483092,17.730532,18.230532,sharp:0041,2026-08-04T12:53:01.230532+00:00,0,0.6175771971496438,,,3,,,,sharp:0042,18420.761847,,,rn1:0015,36721.769468,true,2026-08-04T12:40:09+00:00,772.230532,0.6199999998,0x366f9d2cab8fb3f2d60b29cb3eebbdf1df97c2f72153856bdc79f58c85d7e5d5,false,false,false,false,-0.0024228026503562,,,true,false,0,,,,,,,,,,,,,,,false,false,false,false,true,false,0,,,,,,,,,,,,,,,false,false,false,false,true,false,0,,,,,,,,,,,,,,,false,false,false,false,true,false,0,,,,,,,,,,,,,,,false,false,false,false
H2-v1-EVENT-M5,H2-v1,sharp:0042,sharp,42,1595170,0x9e2cefa4b629c7943658c606dde621781ce9ba317908fe26b312518fb8562ebd,mlb-stl-nyy-2026-08-04,New York Yankees,St. Louis Cardinals,2026-08-04T23:06:00+00:00,2026-08-04T18:00:01.992379+00:00,18358.007621,true,1,,,,,,,,,,,,,,,,,,,,439,0.6435185185185185,0.6175771971496438,0.0259413213688747,1,2026-08-04T12:53:01.230532+00:00,18420.761847,3,true,betfair+matchbook+smarkets,betfair+matchbook+smarkets,false,0.6435185185185185,0.6435185185185185,0.6447058823529412,9.992379,15.992379,sharp:0042,2026-08-04T18:00:01.992379+00:00,0,0.6435185185185185,0.0259413213688747,1,3,false,sharp:0041,18420.761847,sharp:0043,2700.25185,,,rn1:0015,18301.007621,true,2026-08-04T17:55:42+00:00,259.992379,0.65,0xa6dc59549f054d79c592eb2487e2efcd583c9581e4c0bce4b7d849b721d41305,false,false,true,true,-0.0064814814814815,,,true,false,0,,,,,,,,,,,,,,,false,false,false,false,true,false,0,,,,,,,,,,,,,,,false,false,false,false,true,false,0,,,,,,,,,,,,,,,false,false,false,false,true,false,0,,,,,,,,,,,,,,,false,false,false,false
H2-v1-EVENT-M5,H2-v1,sharp:0043,sharp,43,1595170,0x9e2cefa4b629c7943658c606dde621781ce9ba317908fe26b312518fb8562ebd,mlb-stl-nyy-2026-08-04,New York Yankees,St. Louis Cardinals,2026-08-04T23:06:00+00:00,2026-08-04T18:45:02.244229+00:00,15657.755771,true,0,,,,,,,,,,,,,,,,,,,,443,0.6435185185185185,0.6435185185185185,0,0,2026-08-04T18:00:01.992379+00:00,2700.25185,3,true,betfair+matchbook+smarkets,betfair+matchbook+smarkets,false,0.6435185185185185,0.6435185185185185,0.6431924882629109,13.244229,18.244229,sharp:0043,2026-08-04T18:45:02.244229+00:00,0,0.6435185185185185,0,0,3,false,sharp:0042,2700.25185,sharp:0044,900.187795,,,rn1:0015,15600.755771,true,2026-08-04T18:30:24+00:00,878.244229,0.6499999675,0xb07c5c11800bba3cb6b75dd92c395bf91d240105fefab8b3c350b72b907668d9,false,false,false,false,-0.0064814489814815,,,true,false,0,,,,,,,,,,,,,,,false,false,false,false,true,false,0,,,,,,,,,,,,,,,false,false,false,false,true,true,1,2026-08-04T18:45:56+00:00,53.755771,0.65,0.0000000325,0x60c1a1611cef9de83b311919ea2098e57328c84022bcceb2bd5bcf6d6a1c2237,2026-08-04T18:45:56+00:00,53.755771,6.244229,0.65,0.0000000325,0x60c1a1611cef9de83b311919ea2098e57328c84022bcceb2bd5bcf6d6a1c2237,0.65,0.65,0,false,true,true,true,true,true,7,2026-08-04T18:45:56+00:00,53.755771,0.65,0.0000000325,0x60c1a1611cef9de83b311919ea2098e57328c84022bcceb2bd5bcf6d6a1c2237,2026-08-04T18:49:53+00:00,290.755771,9.244229,0.64,-0.0099999675,0x829cebf52372e6b1368f5d31a2cf76106423861da7633e67b9e0749f379ba815,0.64,0.65,0.01,false,true,true,true
H2-v1-EVENT-M5,H2-v1,sharp:0044,sharp,44,1595170,0x9e2cefa4b629c7943658c606dde621781ce9ba317908fe26b312518fb8562ebd,mlb-stl-nyy-2026-08-04,New York Yankees,St. Louis Cardinals,2026-08-04T23:06:00+00:00,2026-08-04T19:00:02.432024+00:00,14757.567976,true,0,,,,,,,,,,,,,,,,,,,,445,0.6435185185185185,0.6435185185185185,0,0,2026-08-04T18:45:02.244229+00:00,900.187795,3,true,betfair+matchbook+smarkets,betfair+matchbook+smarkets,false,0.6435185185185185,0.6435185185185185,0.6431924882629109,17.432024,18.432024,sharp:0044,2026-08-04T19:00:02.432024+00:00,0,0.6435185185185185,0,0,3,false,sharp:0043,900.187795,sharp:0045,2699.509084,,,rn1:0015,14700.567976,true,2026-08-04T18:56:27+00:00,215.432024,0.640000025,0xd397cacd782664be9be95a6fe28ad56ac5ba0ff6d766f35345cd8cd3c5e42473,false,false,true,true,0.0035184935185185,,,true,false,0,,,,,,,,,,,,,,,false,false,false,false,true,false,0,,,,,,,,,,,,,,,false,false,false,false,true,false,0,,,,,,,,,,,,,,,false,false,false,false,true,false,0,,,,,,,,,,,,,,,false,false,false,false
H2-v1-EVENT-M5,H2-v1,sharp:0045,sharp,45,1595170,0x9e2cefa4b629c7943658c606dde621781ce9ba317908fe26b312518fb8562ebd,mlb-stl-nyy-2026-08-04,New York Yankees,St. Louis Cardinals,2026-08-04T23:06:00+00:00,2026-08-04T19:45:01.941108+00:00,12058.058892,true,1,,,,,,,,,,,,,,,,,,,,449,0.6436781609195402,0.6435185185185185,0.0001596424010217,1,2026-08-04T19:00:02.432024+00:00,2699.509084,3,true,betfair+matchbook+smarkets,betfair+matchbook+smarkets,false,0.6436781609195402,0.6436781609195402,0.6463700234192037,8.441108,9.941108,sharp:0045,2026-08-04T19:45:01.941108+00:00,0,0.6436781609195402,0.0001596424010217,1,3,false,sharp:0044,2699.509084,sharp:0046,900.446254,,,rn1:0015,12001.058892,true,2026-08-04T19:42:20+00:00,161.941108,0.640000096,0x8bf828ab92cc74e0304e6c5882ae79804b88bbc55871b5d3cbcb6ced17c2a9d3,false,false,true,true,0.0036780649195402,,,true,false,0,,,,,,,,,,,,,,,false,false,false,false,true,false,0,,,,,,,,,,,,,,,false,false,false,false,true,false,0,,,,,,,,,,,,,,,false,false,false,false,true,true,3,2026-08-04T19:46:57+00:00,115.058892,0.6499999991,0.0099999031,0x686c8f5b8138772b8db051566432bbe71b58943722bd94363c5a1d9364bde3a9,2026-08-04T19:47:05+00:00,123.058892,176.941108,0.6400000792,-0.0000000168,0xd2d65a5124c316fe5c63f819d82faefd9d70dd374b795a4f7a5b597d681ee702,0.6400000738,0.6499999991,0.0099999253,false,false,false,false
H2-v1-EVENT-M5,H2-v1,sharp:0046,sharp,46,1595170,0x9e2cefa4b629c7943658c606dde621781ce9ba317908fe26b312518fb8562ebd,mlb-stl-nyy-2026-08-04,New York Yankees,St. Louis Cardinals,2026-08-04T23:06:00+00:00,2026-08-04T20:00:02.387362+00:00,11157.612638,true,0,,,,,,,,,,,,,,,,,,,,451,0.6436781609195402,0.6436781609195402,0,0,2026-08-04T19:45:01.941108+00:00,900.446254,3,true,betfair+matchbook+smarkets,betfair+matchbook+smarkets,false,0.6436781609195402,0.6436781609195402,0.6416861826697892,13.387362,22.387362,sharp:0046,2026-08-04T20:00:02.387362+00:00,0,0.6436781609195402,0,0,3,false,sharp:0045,900.446254,sharp:0047,2700.116294,,,rn1:0015,11100.612638,true,2026-08-04T19:56:26+00:00,216.387362,0.640000054,0xaa7bb687575a96d6d72989f0664069ab35b4dafac19ee2be56498d37f518c2f3,false,false,true,true,0.0036781069195402,,,true,false,0,,,,,,,,,,,,,,,false,false,false,false,true,false,0,,,,,,,,,,,,,,,false,false,false,false,true,false,0,,,,,,,,,,,,,,,false,false,false,false,true,true,3,2026-08-04T20:03:56+00:00,233.612638,0.6499999946,0.0099999406,0x98fa74c2c312d15548205f88bd690e843e4a3e57e316ef7f8693726d807e362f,2026-08-04T20:04:06+00:00,243.612638,56.387362,0.6400000738,0.0000000198,0xcffc32d2f6fd7f924cc39bfbfe65a9bf54404bc9e81ff2191c1deb374ebe7d32,0.6400000738,0.6499999946,0.0099999208,false,false,false,true
H2-v1-EVENT-M5,H2-v1,sharp:0047,sharp,47,1595170,0x9e2cefa4b629c7943658c606dde621781ce9ba317908fe26b312518fb8562ebd,mlb-stl-nyy-2026-08-04,New York Yankees,St. Louis Cardinals,2026-08-04T23:06:00+00:00,2026-08-04T20:45:02.503656+00:00,8457.496344,true,-1,,,,,,,,,,,,,,,,,,,,455,0.6367924528301887,0.6436781609195402,-0.0068857080893515,-1,2026-08-04T20:00:02.387362+00:00,2700.116294,3,true,betfair+matchbook+smarkets,betfair+matchbook+smarkets,false,0.6388888888888888,0.6357308584686774,0.6367924528301887,9.003656,17.503656,sharp:0047,2026-08-04T20:45:02.503656+00:00,0,0.6367924528301887,-0.0068857080893515,-1,3,false,sharp:0046,2700.116294,sharp:0048,899.67557,,,rn1:0015,8400.496344,true,2026-08-04T20:38:03+00:00,419.503656,0.64,0x11ae19755e334805315f0e7e0b7803175747ea6d7091f10a8cf9999053fcab0b,false,false,false,true,-0.0032075471698113,,,true,false,0,,,,,,,,,,,,,,,false,false,false,false,true,false,0,,,,,,,,,,,,,,,false,false,false,false,true,false,0,,,,,,,,,,,,,,,false,false,false,false,true,false,0,,,,,,,,,,,,,,,false,false,false,false
H2-v1-EVENT-M5,H2-v1,sharp:0048,sharp,48,1595170,0x9e2cefa4b629c7943658c606dde621781ce9ba317908fe26b312518fb8562ebd,mlb-stl-nyy-2026-08-04,New York Yankees,St. Louis Cardinals,2026-08-04T23:06:00+00:00,2026-08-04T21:00:02.179226+00:00,7557.820774,true,0,,,,,,,,,,,,,,,,,,,,457,0.6367924528301887,0.6367924528301887,0,0,2026-08-04T20:45:02.503656+00:00,899.67557,3,true,betfair+matchbook+smarkets,betfair+matchbook+smarkets,false,0.6372093023255814,0.6357308584686774,0.6367924528301887,7.179226,14.179226,sharp:0048,2026-08-04T21:00:02.179226+00:00,0,0.6367924528301887,0,0,3,false,sharp:0047,899.67557,sharp:0049,2699.784904,,,rn1:0015,7500.820774,true,2026-08-04T20:58:32+00:00,90.179226,0.64,0x5d9acc821ae3f0b8d0fdbc16da5ad5f8bf81f01a4d0e6826054a5a82c56ac5ba,false,false,true,true,-0.0032075471698113,,,true,false,0,,,,,,,,,,,,,,,false,false,false,false,true,false,0,,,,,,,,,,,,,,,false,false,false,false,true,false,0,,,,,,,,,,,,,,,false,false,false,false,true,true,3,2026-08-04T21:03:23+00:00,200.820774,0.65,0.01,0xf0402fd0a79c130ea807d0c44871f8d16c0fd249ce0aba38b2b2b1f13cf01f36,2026-08-04T21:03:30+00:00,207.820774,92.179226,0.6400000682,0.0000000682,0x7e2fc800c1d9170631050d6422eb99f8dae98ad6cd353b779044ed96dc5a2699,0.6400000682,0.65,0.0099999318,false,false,false,false
H2-v1-EVENT-M5,H2-v1,sharp:0049,sharp,49,1595170,0x9e2cefa4b629c7943658c606dde621781ce9ba317908fe26b312518fb8562ebd,mlb-stl-nyy-2026-08-04,New York Yankees,St. Louis Cardinals,2026-08-04T23:06:00+00:00,2026-08-04T21:45:01.964130+00:00,4858.03587,true,1,,,,,,,,,,,,,,,,,,,,461,0.6435185185185185,0.6367924528301887,0.0067260656883298,1,2026-08-04T21:00:02.179226+00:00,2699.784904,3,true,betfair+matchbook+smarkets,betfair+matchbook+smarkets,false,0.6435185185185185,0.6451612903225806,0.6401869158878505,6.46413,7.96413,sharp:0049,2026-08-04T21:45:01.964130+00:00,0,0.6435185185185185,0.0067260656883298,1,3,false,sharp:0048,2699.784904,sharp:0050,900.84586,,,rn1:0015,4801.03587,true,2026-08-04T21:44:47+00:00,14.96413,0.6499999982,0xeae4306ed6554570942a52577e0519ae4ba87a89b9b1fad54cd6bc6ed311fd4f,true,true,true,true,-0.0064814796814815,,,true,false,0,,,,,,,,,,,,,,,false,false,false,false,true,false,0,,,,,,,,,,,,,,,false,false,false,false,true,false,0,,,,,,,,,,,,,,,false,false,false,false,true,true,1,2026-08-04T21:46:32+00:00,90.03587,0.65,0.0000000018,0x0c5da7883470ae2f67459363a598f2e6bdfc519b8fce860ce0fdcd54c16b756a,2026-08-04T21:46:32+00:00,90.03587,209.96413,0.65,0.0000000018,0x0c5da7883470ae2f67459363a598f2e6bdfc519b8fce860ce0fdcd54c16b756a,0.65,0.65,0,false,false,false,false
H2-v1-EVENT-M5,H2-v1,sharp:0050,sharp,50,1595170,0x9e2cefa4b629c7943658c606dde621781ce9ba317908fe26b312518fb8562ebd,mlb-stl-nyy-2026-08-04,New York Yankees,St. Louis Cardinals,2026-08-04T23:06:00+00:00,2026-08-04T22:00:02.809990+00:00,3957.19001,true,0,,,,,,,,,,,,,,,,,,,,463,0.6435185185185185,0.6435185185185185,0,0,2026-08-04T21:45:01.964130+00:00,900.84586,3,true,betfair+matchbook+smarkets,betfair+matchbook+smarkets,false,0.6435185185185185,0.6436781609195402,0.6401869158878505,6.80999,12.80999,sharp:0050,2026-08-04T22:00:02.809990+00:00,0,0.6435185185185185,0,0,3,false,sharp:0049,900.84586,sharp:0051,2698.89965,,,rn1:0015,3900.19001,true,2026-08-04T21:58:06+00:00,116.80999,0.6499999935,0xa15b7ba46ab295f493e2af3531c568d64ee905fbf585831667b2ddcf8d577af7,false,false,true,true,-0.0064814749814815,,,true,false,0,,,,,,,,,,,,,,,false,false,false,false,true,false,0,,,,,,,,,,,,,,,false,false,false,false,true,false,0,,,,,,,,,,,,,,,false,false,false,false,true,true,1,2026-08-04T22:03:45+00:00,222.19001,0.6400000624,-0.0099999311,0x26419efe976e635a8aa924b56ac4565c77463756689ea9dbdfedffeebd2df281,2026-08-04T22:03:45+00:00,222.19001,77.80999,0.6400000624,-0.0099999311,0x26419efe976e635a8aa924b56ac4565c77463756689ea9dbdfedffeebd2df281,0.6400000624,0.6400000624,0,false,false,false,false
H2-v1-EVENT-M5,H2-v1,sharp:0051,sharp,51,1595170,0x9e2cefa4b629c7943658c606dde621781ce9ba317908fe26b312518fb8562ebd,mlb-stl-nyy-2026-08-04,New York Yankees,St. Louis Cardinals,2026-08-04T23:06:00+00:00,2026-08-04T22:45:01.709640+00:00,1258.29036,true,1,,,,,,,,,,,,,,,,,,,,467,0.6545454545454545,0.6435185185185185,0.011026936026936,1,2026-08-04T22:00:02.809990+00:00,2698.89965,3,true,betfair+matchbook+smarkets,betfair+matchbook+smarkets,false,0.6545454545454545,0.6545454545454545,0.654292343387471,10.20964,11.70964,sharp:0051,2026-08-04T22:45:01.709640+00:00,0,0.6545454545454545,0.011026936026936,1,3,false,sharp:0050,2698.89965,sharp:0052,900.345729,,,rn1:0015,1201.29036,true,2026-08-04T22:43:15+00:00,106.70964,0.6400001171,0x278e87a809f4c90666978abc2704aaafef105de033f608f0ccd624c6dae8e76a,false,false,true,true,0.0145453374454545,,,true,false,0,,,,,,,,,,,,,,,false,false,false,false,true,true,1,2026-08-04T22:45:15+00:00,13.29036,0.6499999651,0.009999848,0x715e5c6f4453510f5519fbe8c4def066bfdfa32ea33f309d71eeff31eeb4cb3a,2026-08-04T22:45:15+00:00,13.29036,16.70964,0.6499999651,0.009999848,0x715e5c6f4453510f5519fbe8c4def066bfdfa32ea33f309d71eeff31eeb4cb3a,0.6499999651,0.6499999651,0,false,false,true,true,true,true,2,2026-08-04T22:45:15+00:00,13.29036,0.6499999651,0.009999848,0x715e5c6f4453510f5519fbe8c4def066bfdfa32ea33f309d71eeff31eeb4cb3a,2026-08-04T22:45:54+00:00,52.29036,7.70964,0.65,0.0099998829,0x6560542dc5c57ddde0cb3fb2b1211d53afaee03e03f083c9cd01b0042bf2b9f3,0.6499999651,0.65,0.0000000349,false,true,true,true,true,true,6,2026-08-04T22:45:15+00:00,13.29036,0.6499999651,0.009999848,0x715e5c6f4453510f5519fbe8c4def066bfdfa32ea33f309d71eeff31eeb4cb3a,2026-08-04T22:49:39+00:00,277.29036,22.70964,0.6400000051,-0.000000112,0xd62455b718ebe760896b1f9edc56ba60f58df66e636016a04b6d3ad44ffce045,0.6400000051,0.65,0.0099999949,false,false,true,true
H2-v1-EVENT-M5,H2-v1,sharp:0052,sharp,52,1595170,0x9e2cefa4b629c7943658c606dde621781ce9ba317908fe26b312518fb8562ebd,mlb-stl-nyy-2026-08-04,New York Yankees,St. Louis Cardinals,2026-08-04T23:06:00+00:00,2026-08-04T23:00:02.055369+00:00,357.944631,true,0,,,,,,,,,,,,,,,,,,,,469,0.6545454545454545,0.6545454545454545,0,0,2026-08-04T22:45:01.709640+00:00,900.345729,3,true,betfair+matchbook+smarkets,betfair+matchbook+smarkets,false,0.6545454545454545,0.6545454545454545,0.654292343387471,4.055369,14.055369,sharp:0052,2026-08-04T23:00:02.055369+00:00,0,0.6545454545454545,0,0,3,false,sharp:0051,900.345729,,,,,rn1:0015,300.944631,true,2026-08-04T22:59:48+00:00,14.055369,0.6400000031,0x03fbd3648ce057879cabf3a81a53b1ef75a51d64a55398bea62a75b3ac57e19f,true,true,true,true,0.0145454514454545,,,true,true,1,2026-08-04T23:00:03+00:00,0.944631,0.65,0.0099999969,0x3759a5045e9d41d4acd0adb7d28248d9b4957ec4bd2f87e2e149759bf8be802f,2026-08-04T23:00:03+00:00,0.944631,9.055369,0.65,0.0099999969,0x3759a5045e9d41d4acd0adb7d28248d9b4957ec4bd2f87e2e149759bf8be802f,0.65,0.65,0,false,true,true,true,true,true,2,2026-08-04T23:00:03+00:00,0.944631,0.65,0.0099999969,0x3759a5045e9d41d4acd0adb7d28248d9b4957ec4bd2f87e2e149759bf8be802f,2026-08-04T23:00:23+00:00,20.944631,9.055369,0.6400000031,0,0xe117039eb7f1e1e24f6d975fd6723ad9eda5226c72f0b686b9e31f778b420223,0.6400000031,0.65,0.0099999969,false,true,true,true,true,true,3,2026-08-04T23:00:03+00:00,0.944631,0.65,0.0099999969,0x3759a5045e9d41d4acd0adb7d28248d9b4957ec4bd2f87e2e149759bf8be802f,2026-08-04T23:00:56+00:00,53.944631,6.055369,0.6400000031,0,0xb32ee2f033f295e6535df95949ae67816d126cad9850a730ac4e6c1a363efae0,0.6400000031,0.65,0.0099999969,false,true,true,true,true,true,17,2026-08-04T23:00:03+00:00,0.944631,0.65,0.0099999969,0x3759a5045e9d41d4acd0adb7d28248d9b4957ec4bd2f87e2e149759bf8be802f,2026-08-04T23:05:00+00:00,297.944631,2.055369,0.6499999912,0.0099999881,0x66ae077f75b972a90c7bf59dab164b603813fb27dc40db7fb02ee7a0d36a978a,0.6400000031,0.65,0.0099999969,true,true,true,true
H2-v1-EVENT-M5,H2-v1,rn1:0015,rn1,15,1595170,0x9e2cefa4b629c7943658c606dde621781ce9ba317908fe26b312518fb8562ebd,mlb-stl-nyy-2026-08-04,New York Yankees,St. Louis Cardinals,2026-08-04T23:06:00+00:00,2026-08-04T23:05:03+00:00,57,true,-1,3190294,St. Louis Cardinals,away,BUY,0.34,0.66,7.575755,2.5757567,-7.575755,-2.5757567,0x0f06dc6b42aa4564258e6510184fcc0e4f3a7024e333770bacbcf1f5f15a48e5,a973cef54e3adf13a1620c590474f818ad5ff33556955a996b748e77e6ca7c61,1595170:2026-08-04T23:05:03+00:00,1,1,-7.575755,-2.5757567,-1,1,,,,,,,,,,,,,,,,,,sharp:0052,2026-08-04T23:00:02.055369+00:00,300.944631,0.6545454545454545,0,0,3,false,sharp:0052,300.944631,,,,,rn1:0016,2,true,2026-08-04T23:05:00+00:00,3,0.6499999912,0x66ae077f75b972a90c7bf59dab164b603813fb27dc40db7fb02ee7a0d36a978a,true,true,true,true,0.0045454633454545,0.0100000088,,true,true,1,2026-08-04T23:05:05+00:00,2,0.6599999604,0.0099999692,0x142ad4f5459101e78557fcd5e585aeea8e75db0d0ea4ff355b2036c5dc80c95e,2026-08-04T23:05:05+00:00,2,8,0.6599999604,0.0099999692,0x142ad4f5459101e78557fcd5e585aeea8e75db0d0ea4ff355b2036c5dc80c95e,0.6599999604,0.6599999604,0,false,true,true,true,true,true,2,2026-08-04T23:05:05+00:00,2,0.6599999604,0.0099999692,0x142ad4f5459101e78557fcd5e585aeea8e75db0d0ea4ff355b2036c5dc80c95e,2026-08-04T23:05:18+00:00,15,15,0.65,0.0000000088,0x0b1e563a789aceaee635a34dca20c3e537733080b39f1132fa5f567c19e9530c,0.65,0.6599999604,0.0099999604,false,true,true,true,false,false,0,,,,,,,,,,,,,,,false,false,false,false,false,false,0,,,,,,,,,,,,,,,false,false,false,false
H2-v1-EVENT-M5,H2-v1,rn1:0016,rn1,16,1595170,0x9e2cefa4b629c7943658c606dde621781ce9ba317908fe26b312518fb8562ebd,mlb-stl-nyy-2026-08-04,New York Yankees,St. Louis Cardinals,2026-08-04T23:06:00+00:00,2026-08-04T23:05:05+00:00,55,true,-1,3190294,St. Louis Cardinals,away,BUY,0.34,0.66,7.575755,2.5757567,-7.575755,-2.5757567,0x142ad4f5459101e78557fcd5e585aeea8e75db0d0ea4ff355b2036c5dc80c95e,b9d75483c6cb5ddce687940016c600408b28bff7f874d8dc29fcc2af4262db3d,1595170:2026-08-04T23:05:05+00:00,1,1,-7.575755,-2.5757567,-1,1,,,,,,,,,,,,,,,,,,sharp:0052,2026-08-04T23:00:02.055369+00:00,302.944631,0.6545454545454545,0,0,3,false,sharp:0052,302.944631,,,rn1:0015,2,rn1:0017,49,true,2026-08-04T23:05:03+00:00,2,0.6599999604,0x0f06dc6b42aa4564258e6510184fcc0e4f3a7024e333770bacbcf1f5f15a48e5,true,true,true,true,-0.0054545058545455,0.0000000396,,true,false,0,,,,,,,,,,,,,,,false,false,false,false,true,true,1,2026-08-04T23:05:18+00:00,13,0.65,-0.0099999604,0x0b1e563a789aceaee635a34dca20c3e537733080b39f1132fa5f567c19e9530c,2026-08-04T23:05:18+00:00,13,17,0.65,-0.0099999604,0x0b1e563a789aceaee635a34dca20c3e537733080b39f1132fa5f567c19e9530c,0.65,0.65,0,false,false,true,true,false,false,0,,,,,,,,,,,,,,,false,false,false,false,false,false,0,,,,,,,,,,,,,,,false,false,false,false
H2-v1-EVENT-M5,H2-v1,rn1:0017,rn1,17,1595170,0x9e2cefa4b629c7943658c606dde621781ce9ba317908fe26b312518fb8562ebd,mlb-stl-nyy-2026-08-04,New York Yankees,St. Louis Cardinals,2026-08-04T23:06:00+00:00,2026-08-04T23:05:54+00:00,6,true,-1,3190294,St. Louis Cardinals,away,BUY,0.34,0.66,581.55,197.727,-581.55,-197.727,0x6a2763ef9e9b3819befc443384293af1fc2a4f6eca6056e32b019e73f29ec0fb,02bcbff746cd1ce4397aa13cf6374cb5baa8a778759b35c8802724aa211f4660,1595170:2026-08-04T23:05:54+00:00,1,1,-581.55,-197.727,-1,1,,,,,,,,,,,,,,,,,,sharp:0052,2026-08-04T23:00:02.055369+00:00,351.944631,0.6545454545454545,0,0,3,false,sharp:0052,351.944631,,,rn1:0016,49,,,true,2026-08-04T23:05:18+00:00,36,0.65,0x0b1e563a789aceaee635a34dca20c3e537733080b39f1132fa5f567c19e9530c,false,true,true,true,0.0045454545454545,0.01,,false,false,0,,,,,,,,,,,,,,,false,false,false,false,false,false,0,,,,,,,,,,,,,,,false,false,false,false,false,false,0,,,,,,,,,,,,,,,false,false,false,false,false,false,0,,,,,,,,,,,,,,,false,false,false,false
H2-v1-EVENT-M5,H2-v1,rn1:0018,rn1,18,1595171,0x04c98da98e911555ae84b84ee8391166710b856ebd757706fa86d22a8dbd5d8d,mlb-cws-bos-2026-08-04,Boston Red Sox,Chicago White Sox,2026-08-04T23:11:00+00:00,2026-08-03T20:56:45+00:00,94455,true,-1,3190296,Chicago White Sox,away,BUY,0.44,0.56,5000,2200,-5000,-2200,0x481b20e09e4554e36e6935fda24b5dc280bf0767f9a8ce7170b44c9de48a5adb,82b5eefe7fef48688d45cc6cd18e2a67ce4b323e90d9c8e90e682cfeb7a3ec37,1595171:2026-08-03T20:56:45+00:00,2,1,-7069.578946,-3089.91894678,-1,2,,,,,,,,,,,,,,,,,,,,,,,,,,,,sharp:0053,57376.230532,,,rn1:0020,94412,true,2026-08-03T20:50:41+00:00,364,0.55,0xcf521ccb6d1411989e46b682543a7583f7dc53346606f7a42363863fea9c646d,false,false,false,true,,0.01,,true,true,4,2026-08-03T20:56:48+00:00,3,0.55,0,0x1e145e014462dced79d953e41e0129659543eb903936b2bc2252056f531e844d,2026-08-03T20:56:50+00:00,5,5,0.5300000188,-0.0199999812,0xd6a3d7170a80eeaa8cb75b4d4a8a25d7b27f08785b3ee3fbb09eb31f3e7d2c71,0.5300000188,0.55,0.0199999812,true,true,true,true,true,true,4,2026-08-03T20:56:48+00:00,3,0.55,0,0x1e145e014462dced79d953e41e0129659543eb903936b2bc2252056f531e844d,2026-08-03T20:56:50+00:00,5,25,0.5300000188,-0.0199999812,0xd6a3d7170a80eeaa8cb75b4d4a8a25d7b27f08785b3ee3fbb09eb31f3e7d2c71,0.5300000188,0.55,0.0199999812,false,false,true,true,true,true,5,2026-08-03T20:56:48+00:00,3,0.55,0,0x1e145e014462dced79d953e41e0129659543eb903936b2bc2252056f531e844d,2026-08-03T20:57:35+00:00,50,10,0.5300001081,-0.0199998919,0xb5b8256d18e2c008c6af7abccc8dc649c11ca62dd7ca16d42b7f2453e740d46b,0.5300000188,0.55,0.0199999812,false,true,true,true,true,true,5,2026-08-03T20:56:48+00:00,3,0.55,0,0x1e145e014462dced79d953e41e0129659543eb903936b2bc2252056f531e844d,2026-08-03T20:57:35+00:00,50,250,0.5300001081,-0.0199998919,0xb5b8256d18e2c008c6af7abccc8dc649c11ca62dd7ca16d42b7f2453e740d46b,0.5300000188,0.55,0.0199999812,false,false,false,false
H2-v1-EVENT-M5,H2-v1,rn1:0019,rn1,19,1595171,0x04c98da98e911555ae84b84ee8391166710b856ebd757706fa86d22a8dbd5d8d,mlb-cws-bos-2026-08-04,Boston Red Sox,Chicago White Sox,2026-08-04T23:11:00+00:00,2026-08-03T20:56:45+00:00,94455,true,-1,3190296,Chicago White Sox,away,BUY,0.43,0.57,2069.578946,889.91894678,-2069.578946,-889.91894678,0x481b20e09e4554e36e6935fda24b5dc280bf0767f9a8ce7170b44c9de48a5adb,ffa0a0cb18cecd0c543d779a856d2a7614f4aa18dcf045c9963877bb823a9b49,1595171:2026-08-03T20:56:45+00:00,2,2,-7069.578946,-3089.91894678,-1,2,,,,,,,,,,,,,,,,,,,,,,,,,,,,sharp:0053,57376.230532,,,rn1:0020,94412,true,2026-08-03T20:50:41+00:00,364,0.55,0xcf521ccb6d1411989e46b682543a7583f7dc53346606f7a42363863fea9c646d,false,false,false,true,,0.02,,true,true,4,2026-08-03T20:56:48+00:00,3,0.55,0,0x1e145e014462dced79d953e41e0129659543eb903936b2bc2252056f531e844d,2026-08-03T20:56:50+00:00,5,5,0.5300000188,-0.0199999812,0xd6a3d7170a80eeaa8cb75b4d4a8a25d7b27f08785b3ee3fbb09eb31f3e7d2c71,0.5300000188,0.55,0.0199999812,true,true,true,true,true,true,4,2026-08-03T20:56:48+00:00,3,0.55,0,0x1e145e014462dced79d953e41e0129659543eb903936b2bc2252056f531e844d,2026-08-03T20:56:50+00:00,5,25,0.5300000188,-0.0199999812,0xd6a3d7170a80eeaa8cb75b4d4a8a25d7b27f08785b3ee3fbb09eb31f3e7d2c71,0.5300000188,0.55,0.0199999812,false,false,true,true,true,true,5,2026-08-03T20:56:48+00:00,3,0.55,0,0x1e145e014462dced79d953e41e0129659543eb903936b2bc2252056f531e844d,2026-08-03T20:57:35+00:00,50,10,0.5300001081,-0.0199998919,0xb5b8256d18e2c008c6af7abccc8dc649c11ca62dd7ca16d42b7f2453e740d46b,0.5300000188,0.55,0.0199999812,false,true,true,true,true,true,5,2026-08-03T20:56:48+00:00,3,0.55,0,0x1e145e014462dced79d953e41e0129659543eb903936b2bc2252056f531e844d,2026-08-03T20:57:35+00:00,50,250,0.5300001081,-0.0199998919,0xb5b8256d18e2c008c6af7abccc8dc649c11ca62dd7ca16d42b7f2453e740d46b,0.5300000188,0.55,0.0199999812,false,false,false,false
H2-v1-EVENT-M5,H2-v1,sharp:0053,sharp,53,1595171,0x04c98da98e911555ae84b84ee8391166710b856ebd757706fa86d22a8dbd5d8d,mlb-cws-bos-2026-08-04,Boston Red Sox,Chicago White Sox,2026-08-04T23:11:00+00:00,2026-08-04T12:53:01.230532+00:00,37078.769468,false,,,,,,,,,,,,,,,,,,,,,417,0.5468354430379747,,,,,,3,true,betfair+matchbook+smarkets,,,0.5463659147869674,0.5508684863523574,0.5468354430379747,17.730532,18.230532,sharp:0053,2026-08-04T12:53:01.230532+00:00,0,0.5468354430379747,,,3,,,,sharp:0054,18420.761847,rn1:0019,57376.230532,rn1:0020,37035.769468,true,2026-08-04T12:52:09+00:00,52.230532,0.56,0x7466f3f8142c0e2a3e3b4dcdfdbdeda865151422ea09f6699131c2d1099ccf58,false,true,true,true,-0.0131645569620253,,,true,false,0,,,,,,,,,,,,,,,false,false,false,false,true,false,0,,,,,,,,,,,,,,,false,false,false,false,true,false,0,,,,,,,,,,,,,,,false,false,false,false,true,false,0,,,,,,,,,,,,,,,false,false,false,false
H2-v1-EVENT-M5,H2-v1,sharp:0054,sharp,54,1595171,0x04c98da98e911555ae84b84ee8391166710b856ebd757706fa86d22a8dbd5d8d,mlb-cws-bos-2026-08-04,Boston Red Sox,Chicago White Sox,2026-08-04T23:11:00+00:00,2026-08-04T18:00:01.992379+00:00,18658.007621,true,1,,,,,,,,,,,,,,,,,,,,439,0.5522388059701492,0.5468354430379747,0.0054033629321745,1,2026-08-04T12:53:01.230532+00:00,18420.761847,3,true,betfair+matchbook+smarkets,betfair+matchbook+smarkets,false,0.5522388059701492,0.5522388059701492,0.5505050505050506,9.992379,15.992379,sharp:0054,2026-08-04T18:00:01.992379+00:00,0,0.5522388059701492,0.0054033629321745,1,3,false,sharp:0053,18420.761847,sharp:0055,2700.25185,rn1:0019,75796.992379,rn1:0020,18615.007621,true,2026-08-04T17:58:11+00:00,110.992379,0.5500000616,0x27bb02ac935cc699250e668cb15341f0a39b1eaa5b3fd5e898262526383cc116,false,false,true,true,0.0022387443701492,,,true,false,0,,,,,,,,,,,,,,,false,false,false,false,true,false,0,,,,,,,,,,,,,,,false,false,false,false,true,false,0,,,,,,,,,,,,,,,false,false,false,false,true,true,1,2026-08-04T18:03:02+00:00,180.007621,0.5500000009,-0.0000000607,0x24532051c50065fae5635704be312c16a316e0936582af772fe07d4b68e662a2,2026-08-04T18:03:02+00:00,180.007621,119.992379,0.5500000009,-0.0000000607,0x24532051c50065fae5635704be312c16a316e0936582af772fe07d4b68e662a2,0.5500000009,0.5500000009,0,false,false,false,false
H2-v1-EVENT-M5,H2-v1,sharp:0055,sharp,55,1595171,0x04c98da98e911555ae84b84ee8391166710b856ebd757706fa86d22a8dbd5d8d,mlb-cws-bos-2026-08-04,Boston Red Sox,Chicago White Sox,2026-08-04T23:11:00+00:00,2026-08-04T18:45:02.244229+00:00,15957.755771,true,1,,,,,,,,,,,,,,,,,,,,443,0.5558312655086849,0.5522388059701492,0.0035924595385357,1,2026-08-04T18:00:01.992379+00:00,2700.25185,3,true,betfair+matchbook+smarkets,betfair+matchbook+smarkets,false,0.5558312655086849,0.5558312655086849,0.5505050505050506,13.244229,18.244229,sharp:0055,2026-08-04T18:45:02.244229+00:00,0,0.5558312655086849,0.0035924595385357,1,3,false,sharp:0054,2700.25185,sharp:0056,900.187795,rn1:0019,78497.244229,rn1:0020,15914.755771,true,2026-08-04T18:44:53+00:00,9.244229,0.56,0x529999492243b76c7fd1949e915430b26bbb45404efadc762825b82fbba941fe,true,true,true,true,-0.0041687344913151,,,true,false,0,,,,,,,,,,,,,,,false,false,false,false,true,true,1,2026-08-04T18:45:30+00:00,27.755771,0.56,0,0xc4144f3613f1e0a8dd0d843e0f6191c295d8abcdf5cbb41c54981400aaecf7fa,2026-08-04T18:45:30+00:00,27.755771,2.244229,0.56,0,0xc4144f3613f1e0a8dd0d843e0f6191c295d8abcdf5cbb41c54981400aaecf7fa,0.56,0.56,0,true,true,true,true,true,true,4,2026-08-04T18:45:30+00:00,27.755771,0.56,0,0xc4144f3613f1e0a8dd0d843e0f6191c295d8abcdf5cbb41c54981400aaecf7fa,2026-08-04T18:45:54+00:00,51.755771,8.244229,0.56,0,0xe61feb2574e31b8689c8011270476b22a937621ea8fca51068790bec5c5983cd,0.56,0.56,0,false,true,true,true,true,true,10,2026-08-04T18:45:30+00:00,27.755771,0.56,0,0xc4144f3613f1e0a8dd0d843e0f6191c295d8abcdf5cbb41c54981400aaecf7fa,2026-08-04T18:47:18+00:00,135.755771,164.244229,0.56,0,0x74908316fad0a9b02350bcda7308dc6242334145e61a6e390f43a56e24c46ad7,0.56,0.56,0,false,false,false,false
H2-v1-EVENT-M5,H2-v1,sharp:0056,sharp,56,1595171,0x04c98da98e911555ae84b84ee8391166710b856ebd757706fa86d22a8dbd5d8d,mlb-cws-bos-2026-08-04,Boston Red Sox,Chicago White Sox,2026-08-04T23:11:00+00:00,2026-08-04T19:00:02.432024+00:00,15057.567976,true,0,,,,,,,,,,,,,,,,,,,,445,0.5558312655086849,0.5558312655086849,0,0,2026-08-04T18:45:02.244229+00:00,900.187795,3,true,betfair+matchbook+smarkets,betfair+matchbook+smarkets,false,0.5558312655086849,0.5558312655086849,0.5505050505050506,17.432024,18.432024,sharp:0056,2026-08-04T19:00:02.432024+00:00,0,0.5558312655086849,0,0,3,false,sharp:0055,900.187795,sharp:0057,2699.509084,rn1:0019,79397.432024,rn1:0020,15014.567976,true,2026-08-04T18:58:36+00:00,86.432024,0.56,0xaa0905b65c0d8d26dc57d43b654e1fd01f5d6fb664c8e8277e1d683cd4b63230,false,false,true,true,-0.0041687344913151,,,true,false,0,,,,,,,,,,,,,,,false,false,false,false,true,false,0,,,,,,,,,,,,,,,false,false,false,false,true,false,0,,,,,,,,,,,,,,,false,false,false,false,true,false,0,,,,,,,,,,,,,,,false,false,false,false
H2-v1-EVENT-M5,H2-v1,sharp:0057,sharp,57,1595171,0x04c98da98e911555ae84b84ee8391166710b856ebd757706fa86d22a8dbd5d8d,mlb-cws-bos-2026-08-04,Boston Red Sox,Chicago White Sox,2026-08-04T23:11:00+00:00,2026-08-04T19:45:01.941108+00:00,12358.058892,true,1,,,,,,,,,,,,,,,,,,,,449,0.5643564356435643,0.5558312655086849,0.0085251701348794,1,2026-08-04T19:00:02.432024+00:00,2699.509084,3,true,betfair+matchbook+smarkets,betfair+matchbook+smarkets,false,0.5643564356435643,0.5643564356435643,0.56,8.441108,9.941108,sharp:0057,2026-08-04T19:45:01.941108+00:00,0,0.5643564356435643,0.0085251701348794,1,3,false,sharp:0056,2699.509084,sharp:0058,900.446254,rn1:0019,82096.941108,rn1:0020,12315.058892,true,2026-08-04T19:43:33+00:00,88.941108,0.5599999496,0x5f78f692675e2eb979f65d43098f6c4b2e7e1f7df8376aa3f9c17351875ea065,false,false,true,true,0.0043564860435643,,,true,false,0,,,,,,,,,,,,,,,false,false,false,false,true,false,0,,,,,,,,,,,,,,,false,false,false,false,true,false,0,,,,,,,,,,,,,,,false,false,false,false,true,false,0,,,,,,,,,,,,,,,false,false,false,false
H2-v1-EVENT-M5,H2-v1,sharp:0058,sharp,58,1595171,0x04c98da98e911555ae84b84ee8391166710b856ebd757706fa86d22a8dbd5d8d,mlb-cws-bos-2026-08-04,Boston Red Sox,Chicago White Sox,2026-08-04T23:11:00+00:00,2026-08-04T20:00:02.387362+00:00,11457.612638,true,0,,,,,,,,,,,,,,,,,,,,451,0.5643564356435643,0.5643564356435643,0,0,2026-08-04T19:45:01.941108+00:00,900.446254,3,true,betfair+matchbook+smarkets,betfair+matchbook+smarkets,false,0.5643564356435643,0.5665024630541872,0.5642317380352645,13.387362,22.387362,sharp:0058,2026-08-04T20:00:02.387362+00:00,0,0.5643564356435643,0,0,3,false,sharp:0057,900.446254,sharp:0059,2700.116294,rn1:0019,82997.387362,rn1:0020,11414.612638,true,2026-08-04T19:57:32+00:00,150.387362,0.5599999963,0x6737772cc25f3c37c2fdcb20bf360a28d608ecf6fab808129299092d74d8dd64,false,false,true,true,0.0043564393435643,,,true,false,0,,,,,,,,,,,,,,,false,false,false,false,true,false,0,,,,,,,,,,,,,,,false,false,false,false,true,false,0,,,,,,,,,,,,,,,false,false,false,false,true,true,2,2026-08-04T20:01:11+00:00,68.612638,0.56,0.0000000037,0x2f1275b0349e323ec83f5ccb9c696d64375db808094599a4ec3d961ff14f5441,2026-08-04T20:01:51+00:00,108.612638,191.387362,0.5599999984,0.0000000021,0xeab9836f28d6f342647265912d164248721a1bcd65a961e3750e8dd61c16efed,0.5599999984,0.56,0.0000000016,false,false,false,false
H2-v1-EVENT-M5,H2-v1,sharp:0059,sharp,59,1595171,0x04c98da98e911555ae84b84ee8391166710b856ebd757706fa86d22a8dbd5d8d,mlb-cws-bos-2026-08-04,Boston Red Sox,Chicago White Sox,2026-08-04T23:11:00+00:00,2026-08-04T20:45:02.503656+00:00,8757.496344,true,1,,,,,,,,,,,,,,,,,,,,455,0.5735294117647058,0.5643564356435643,0.0091729761211415,1,2026-08-04T20:00:02.387362+00:00,2700.116294,3,true,betfair+matchbook+smarkets,betfair+matchbook+smarkets,false,0.5735294117647058,0.5735294117647058,0.57356608478803,9.003656,17.503656,sharp:0059,2026-08-04T20:45:02.503656+00:00,0,0.5735294117647058,0.0091729761211415,1,3,false,sharp:0058,2700.116294,sharp:0060,899.67557,rn1:0019,85697.503656,rn1:0020,8714.496344,true,2026-08-04T20:43:59+00:00,63.503656,0.5700000141,0xfefcf91e9aae393044bfab29637d44f913b8a81f0b2c16a5880f6c124f639e11,false,false,true,true,0.0035293976647058,,,true,false,0,,,,,,,,,,,,,,,false,false,false,false,true,false,0,,,,,,,,,,,,,,,false,false,false,false,true,false,0,,,,,,,,,,,,,,,false,false,false,false,true,true,1,2026-08-04T20:46:47+00:00,104.496344,0.5700000702,0.0000000561,0x885a310b417de447231b061499cd715fe196ff803c74b0dd3a867111887679f3,2026-08-04T20:46:47+00:00,104.496344,195.503656,0.5700000702,0.0000000561,0x885a310b417de447231b061499cd715fe196ff803c74b0dd3a867111887679f3,0.5700000702,0.5700000702,0,false,false,false,false
H2-v1-EVENT-M5,H2-v1,sharp:0060,sharp,60,1595171,0x04c98da98e911555ae84b84ee8391166710b856ebd757706fa86d22a8dbd5d8d,mlb-cws-bos-2026-08-04,Boston Red Sox,Chicago White Sox,2026-08-04T23:11:00+00:00,2026-08-04T21:00:02.179226+00:00,7857.820774,true,1,,,,,,,,,,,,,,,,,,,,457,0.57356608478803,0.5735294117647058,0.0000366730233242,1,2026-08-04T20:45:02.503656+00:00,899.67557,3,true,betfair+matchbook+smarkets,betfair+matchbook+smarkets,false,0.5735294117647058,0.5770171149144254,0.57356608478803,7.179226,14.179226,sharp:0060,2026-08-04T21:00:02.179226+00:00,0,0.57356608478803,0.0000366730233242,1,3,false,sharp:0059,899.67557,sharp:0061,2699.784904,rn1:0019,86597.179226,rn1:0020,7814.820774,true,2026-08-04T20:57:32+00:00,150.179226,0.570000172,0x2baf06c4fa7634b346a76035adec0c7dfa3405929e29a8edfe8d7de2c415fc86,false,false,true,true,0.00356591278803,,,true,false,0,,,,,,,,,,,,,,,false,false,false,false,true,false,0,,,,,,,,,,,,,,,false,false,false,false,true,true,1,2026-08-04T21:01:02+00:00,59.820774,0.5700000009,-0.0000001711,0xa40bce5a24279b35b2d043066c7ac6ab8be897bf1b5e4f7bcf4de77d2f76fb89,2026-08-04T21:01:02+00:00,59.820774,0.179226,0.5700000009,-0.0000001711,0xa40bce5a24279b35b2d043066c7ac6ab8be897bf1b5e4f7bcf4de77d2f76fb89,0.5700000009,0.5700000009,0,true,true,true,true,true,true,3,2026-08-04T21:01:02+00:00,59.820774,0.5700000009,-0.0000001711,0xa40bce5a24279b35b2d043066c7ac6ab8be897bf1b5e4f7bcf4de77d2f76fb89,2026-08-04T21:04:21+00:00,258.820774,41.179226,0.5799999993,0.0099998273,0x44d3bc38da2178c6f94cc7623442d53ef4191088d6619b1aec2d8064dc08031c,0.5700000009,0.5799999993,0.0099999984,false,false,false,true
H2-v1-EVENT-M5,H2-v1,sharp:0061,sharp,61,1595171,0x04c98da98e911555ae84b84ee8391166710b856ebd757706fa86d22a8dbd5d8d,mlb-cws-bos-2026-08-04,Boston Red Sox,Chicago White Sox,2026-08-04T23:11:00+00:00,2026-08-04T21:45:01.964130+00:00,5158.03587,true,1,,,,,,,,,,,,,,,,,,,,461,0.5749385749385749,0.57356608478803,0.0013724901505449,1,2026-08-04T21:00:02.179226+00:00,2699.784904,3,true,betfair+matchbook+smarkets,betfair+matchbook+smarkets,false,0.5749385749385749,0.5749385749385749,0.575,6.46413,7.96413,sharp:0061,2026-08-04T21:45:01.964130+00:00,0,0.5749385749385749,0.0013724901505449,1,3,false,sharp:0060,2699.784904,sharp:0062,900.84586,rn1:0019,89296.96413,rn1:0020,5115.03587,true,2026-08-04T21:32:06+00:00,775.96413,0.5700000129,0x688b9853801a690d17ecd341e215043b043ef3632978dba3813493a149633c5f,false,false,false,false,0.0049385620385749,,,true,false,0,,,,,,,,,,,,,,,false,false,false,false,true,true,1,2026-08-04T21:45:23+00:00,21.03587,0.58,0.0099999871,0x5dd065aa41fda0a3d308424c640c50c45d4dbf3b9d78a710d7520271ff3f74b1,2026-08-04T21:45:23+00:00,21.03587,8.96413,0.58,0.0099999871,0x5dd065aa41fda0a3d308424c640c50c45d4dbf3b9d78a710d7520271ff3f74b1,0.58,0.58,0,false,true,true,true,true,true,1,2026-08-04T21:45:23+00:00,21.03587,0.58,0.0099999871,0x5dd065aa41fda0a3d308424c640c50c45d4dbf3b9d78a710d7520271ff3f74b1,2026-08-04T21:45:23+00:00,21.03587,38.96413,0.58,0.0099999871,0x5dd065aa41fda0a3d308424c640c50c45d4dbf3b9d78a710d7520271ff3f74b1,0.58,0.58,0,false,false,false,true,true,true,2,2026-08-04T21:45:23+00:00,21.03587,0.58,0.0099999871,0x5dd065aa41fda0a3d308424c640c50c45d4dbf3b9d78a710d7520271ff3f74b1,2026-08-04T21:49:56+00:00,294.03587,5.96413,0.58,0.0099999871,0x69a0d8842fc231fcb0422bd1b7b28e08f8a0a0bd932d0e19cfe30721242b024d,0.58,0.58,0,false,true,true,true
H2-v1-EVENT-M5,H2-v1,sharp:0062,sharp,62,1595171,0x04c98da98e911555ae84b84ee8391166710b856ebd757706fa86d22a8dbd5d8d,mlb-cws-bos-2026-08-04,Boston Red Sox,Chicago White Sox,2026-08-04T23:11:00+00:00,2026-08-04T22:00:02.809990+00:00,4257.19001,true,0,,,,,,,,,,,,,,,,,,,,463,0.5749385749385749,0.5749385749385749,0,0,2026-08-04T21:45:01.964130+00:00,900.84586,3,true,betfair+matchbook+smarkets,betfair+matchbook+smarkets,false,0.5749385749385749,0.5735294117647058,0.575,6.80999,12.80999,sharp:0062,2026-08-04T22:00:02.809990+00:00,0,0.5749385749385749,0,0,3,false,sharp:0061,900.84586,sharp:0063,2698.89965,rn1:0019,90197.80999,rn1:0020,4214.19001,true,2026-08-04T21:59:12+00:00,50.80999,0.58,0xe4865ee2aac46c5a7602fdb06ceadc089d0453c6da219ec0cdd2ba24c9dc8374,false,true,true,true,-0.0050614250614251,,,true,false,0,,,,,,,,,,,,,,,false,false,false,false,true,false,0,,,,,,,,,,,,,,,false,false,false,false,true,false,0,,,,,,,,,,,,,,,false,false,false,false,true,true,2,2026-08-04T22:01:38+00:00,95.19001,0.58,0,0x85920ba035d0572515299f39c016575a61271487030a3c5ac948cf8380fa6b15,2026-08-04T22:03:45+00:00,222.19001,77.80999,0.5700000495,-0.0099999505,0x8a6e8fe98a5b8848fe7898626eba4ca929769733f298c5924c9d7d794fde618c,0.5700000495,0.58,0.0099999505,false,false,false,false
H2-v1-EVENT-M5,H2-v1,sharp:0063,sharp,63,1595171,0x04c98da98e911555ae84b84ee8391166710b856ebd757706fa86d22a8dbd5d8d,mlb-cws-bos-2026-08-04,Boston Red Sox,Chicago White Sox,2026-08-04T23:11:00+00:00,2026-08-04T22:45:01.709640+00:00,1558.29036,true,1,,,,,,,,,,,,,,,,,,,,467,0.575,0.5749385749385749,0.0000614250614251,1,2026-08-04T22:00:02.809990+00:00,2698.89965,3,true,betfair+matchbook+smarkets,betfair+matchbook+smarkets,false,0.5738890405557072,0.5784313725490196,0.575,10.20964,11.70964,sharp:0063,2026-08-04T22:45:01.709640+00:00,0,0.575,0.0000614250614251,1,3,false,sharp:0062,2698.89965,sharp:0064,900.345729,rn1:0019,92896.70964,rn1:0020,1515.29036,true,2026-08-04T22:44:47+00:00,14.70964,0.58,0x33c4e2db193465d4748908fb672e62c12b3640ff416d499da279a5053baab61b,true,true,true,true,-0.005,,,true,false,0,,,,,,,,,,,,,,,false,false,false,false,true,false,0,,,,,,,,,,,,,,,false,false,false,false,true,false,0,,,,,,,,,,,,,,,false,false,false,false,true,true,1,2026-08-04T22:48:09+00:00,187.29036,0.5799999979,-0.0000000021,0x315ab19cc3f1061cd9f718d6c98205be5e32d34de236d68f348dda52957ac409,2026-08-04T22:48:09+00:00,187.29036,112.70964,0.5799999979,-0.0000000021,0x315ab19cc3f1061cd9f718d6c98205be5e32d34de236d68f348dda52957ac409,0.5799999979,0.5799999979,0,false,false,false,false
H2-v1-EVENT-M5,H2-v1,sharp:0064,sharp,64,1595171,0x04c98da98e911555ae84b84ee8391166710b856ebd757706fa86d22a8dbd5d8d,mlb-cws-bos-2026-08-04,Boston Red Sox,Chicago White Sox,2026-08-04T23:11:00+00:00,2026-08-04T23:00:02.055369+00:00,657.944631,true,1,,,,,,,,,,,,,,,,,,,,469,0.5763546798029557,0.575,0.0013546798029557,1,2026-08-04T22:45:01.709640+00:00,900.345729,3,true,betfair+matchbook+smarkets,betfair+matchbook+smarkets,false,0.5763546798029557,0.5763546798029557,0.575,4.055369,14.055369,sharp:0064,2026-08-04T23:00:02.055369+00:00,0,0.5763546798029557,0.0013546798029557,1,3,false,sharp:0063,900.345729,,,rn1:0019,93797.055369,rn1:0020,614.944631,true,2026-08-04T22:58:33+00:00,89.055369,0.5700001519,0xd76a3e3eeaa0af4397424e3bd63090cd1d3e6de60555fdefa19fc741f25a3f38,false,false,true,true,0.0063545279029557,,,true,true,4,2026-08-04T23:00:05+00:00,2.944631,0.570000172,0.0000000201,0x046c6bb793e149a8c2c537e8a6026632ccce6403a5e2cbf5324c8444cd8672e7,2026-08-04T23:00:06+00:00,3.944631,6.055369,0.57,-0.0000001519,0x50e6df5fb61ac545a5e47a6ad4440441aff69a0085f0294820a386a380529371,0.57,0.570000172,0.000000172,false,true,true,true,true,true,4,2026-08-04T23:00:05+00:00,2.944631,0.570000172,0.0000000201,0x046c6bb793e149a8c2c537e8a6026632ccce6403a5e2cbf5324c8444cd8672e7,2026-08-04T23:00:06+00:00,3.944631,26.055369,0.57,-0.0000001519,0x50e6df5fb61ac545a5e47a6ad4440441aff69a0085f0294820a386a380529371,0.57,0.570000172,0.000000172,false,false,true,true,true,true,5,2026-08-04T23:00:05+00:00,2.944631,0.570000172,0.0000000201,0x046c6bb793e149a8c2c537e8a6026632ccce6403a5e2cbf5324c8444cd8672e7,2026-08-04T23:00:36+00:00,33.944631,26.055369,0.58,0.0099998481,0x4ede14b86223c6b13ea2e3282e5106fd75f122c2f392495874758e8880644d7d,0.57,0.58,0.01,false,false,true,true,true,true,6,2026-08-04T23:00:05+00:00,2.944631,0.570000172,0.0000000201,0x046c6bb793e149a8c2c537e8a6026632ccce6403a5e2cbf5324c8444cd8672e7,2026-08-04T23:02:35+00:00,152.944631,147.055369,0.58,0.0099998481,0x244b6deb2e7a8e811819509b6036867d2ca7caf526aae8dae773b485588de3d0,0.57,0.58,0.01,false,false,false,false
H2-v1-EVENT-M5,H2-v1,rn1:0020,rn1,20,1595171,0x04c98da98e911555ae84b84ee8391166710b856ebd757706fa86d22a8dbd5d8d,mlb-cws-bos-2026-08-04,Boston Red Sox,Chicago White Sox,2026-08-04T23:11:00+00:00,2026-08-04T23:10:17+00:00,43,true,-1,3190296,Chicago White Sox,away,BUY,0.41,0.59,1968,806.88,-1968,-806.88,0x1fe1932e70708462070fa2f93fc962b361343d6adc42d395f21e782d5a5858fe,8bfab475aaff678f99467c2682dea9e9fd32155bf37c70eeb22e187627daf72c,1595171:2026-08-04T23:10:17+00:00,1,1,-1968,-806.88,-1,1,,,,,,,,,,,,,,,,,,sharp:0064,2026-08-04T23:00:02.055369+00:00,614.944631,0.5763546798029557,0.0013546798029557,1,3,false,sharp:0064,614.944631,,,rn1:0019,94412,rn1:0022,3,true,2026-08-04T23:10:02+00:00,15,0.57,0xf576c310a9c3ab64af9d2fc8dc333998bf907254515f83eb800984ef17e8e2fc,true,true,true,true,0.0063546798029557,0.02,false,true,true,3,2026-08-04T23:10:20+00:00,3,0.58,0.01,0x2e7db1de866f36b09ec3feeb0a11948d55921dbd46fccd8b9c3ab0734013baca,2026-08-04T23:10:21+00:00,4,6,0.5899998466,0.0199998466,0x4b17beeb742c289fa7e202c3f7151c4ec5196d2e396906b581709adaa8cf4c33,0.58,0.5899998466,0.0099998466,false,true,true,true,true,true,7,2026-08-04T23:10:20+00:00,3,0.58,0.01,0x2e7db1de866f36b09ec3feeb0a11948d55921dbd46fccd8b9c3ab0734013baca,2026-08-04T23:10:42+00:00,25,5,0.5899998543,0.0199998543,0xf03dc3bd299731fd840379fa4c915db61e0e196681dd7c976cd8e6e74987b15d,0.58,0.589999859,0.009999859,true,true,true,true,false,false,0,,,,,,,,,,,,,,,false,false,false,false,false,false,0,,,,,,,,,,,,,,,false,false,false,false
H2-v1-EVENT-M5,H2-v1,rn1:0021,rn1,21,1595171,0x04c98da98e911555ae84b84ee8391166710b856ebd757706fa86d22a8dbd5d8d,mlb-cws-bos-2026-08-04,Boston Red Sox,Chicago White Sox,2026-08-04T23:11:00+00:00,2026-08-04T23:10:20+00:00,40,true,1,3190297,Boston Red Sox,home,BUY,0.58,0.58,3.90476,2.2647608,3.90476,2.2647608,0xd7af11880b355e799b9ccee9c2cff166258692da5187de2fff64e0473c0da071,22dd89b9c4719f26853ab02766b82105a3d423fb3d06127b76e153ffb452c518,1595171:2026-08-04T23:10:20+00:00,2,2,9.52476,5.5243608,1,1,,,,,,,,,,,,,,,,,,sharp:0064,2026-08-04T23:00:02.055369+00:00,617.944631,0.5763546798029557,0.0013546798029557,1,3,false,sharp:0064,617.944631,,,rn1:0020,3,rn1:0023,12,true,2026-08-04T23:10:17+00:00,3,0.59,0x1fe1932e70708462070fa2f93fc962b361343d6adc42d395f21e782d5a5858fe,true,true,true,true,-0.0136453201970443,-0.01,true,true,true,1,2026-08-04T23:10:21+00:00,1,0.5899998466,-0.0000001534,0x4b17beeb742c289fa7e202c3f7151c4ec5196d2e396906b581709adaa8cf4c33,2026-08-04T23:10:21+00:00,1,9,0.5899998466,-0.0000001534,0x4b17beeb742c289fa7e202c3f7151c4ec5196d2e396906b581709adaa8cf4c33,0.5899998466,0.5899998466,0,false,true,true,true,true,true,5,2026-08-04T23:10:21+00:00,1,0.5899998466,-0.0000001534,0x4b17beeb742c289fa7e202c3f7151c4ec5196d2e396906b581709adaa8cf4c33,2026-08-04T23:10:42+00:00,22,8,0.5899998543,-0.0000001457,0xf03dc3bd299731fd840379fa4c915db61e0e196681dd7c976cd8e6e74987b15d,0.58,0.589999859,0.009999859,false,true,true,true,false,false,0,,,,,,,,,,,,,,,false,false,false,false,false,false,0,,,,,,,,,,,,,,,false,false,false,false
H2-v1-EVENT-M5,H2-v1,rn1:0022,rn1,22,1595171,0x04c98da98e911555ae84b84ee8391166710b856ebd757706fa86d22a8dbd5d8d,mlb-cws-bos-2026-08-04,Boston Red Sox,Chicago White Sox,2026-08-04T23:11:00+00:00,2026-08-04T23:10:20+00:00,40,true,1,3190297,Boston Red Sox,home,BUY,0.58,0.58,5.62,3.2596,5.62,3.2596,0x2e7db1de866f36b09ec3feeb0a11948d55921dbd46fccd8b9c3ab0734013baca,361a3b5bcdcc99f3c04fec9b62abf2058c70d0702468cfdeb61c5ae64397edcb,1595171:2026-08-04T23:10:20+00:00,2,1,9.52476,5.5243608,1,1,,,,,,,,,,,,,,,,,,sharp:0064,2026-08-04T23:00:02.055369+00:00,617.944631,0.5763546798029557,0.0013546798029557,1,3,false,sharp:0064,617.944631,,,rn1:0020,3,rn1:0023,12,true,2026-08-04T23:10:17+00:00,3,0.59,0x1fe1932e70708462070fa2f93fc962b361343d6adc42d395f21e782d5a5858fe,true,true,true,true,-0.0136453201970443,-0.01,true,true,true,1,2026-08-04T23:10:21+00:00,1,0.5899998466,-0.0000001534,0x4b17beeb742c289fa7e202c3f7151c4ec5196d2e396906b581709adaa8cf4c33,2026-08-04T23:10:21+00:00,1,9,0.5899998466,-0.0000001534,0x4b17beeb742c289fa7e202c3f7151c4ec5196d2e396906b581709adaa8cf4c33,0.5899998466,0.5899998466,0,false,true,true,true,true,true,5,2026-08-04T23:10:21+00:00,1,0.5899998466,-0.0000001534,0x4b17beeb742c289fa7e202c3f7151c4ec5196d2e396906b581709adaa8cf4c33,2026-08-04T23:10:42+00:00,22,8,0.5899998543,-0.0000001457,0xf03dc3bd299731fd840379fa4c915db61e0e196681dd7c976cd8e6e74987b15d,0.58,0.589999859,0.009999859,false,true,true,true,false,false,0,,,,,,,,,,,,,,,false,false,false,false,false,false,0,,,,,,,,,,,,,,,false,false,false,false
H2-v1-EVENT-M5,H2-v1,rn1:0023,rn1,23,1595171,0x04c98da98e911555ae84b84ee8391166710b856ebd757706fa86d22a8dbd5d8d,mlb-cws-bos-2026-08-04,Boston Red Sox,Chicago White Sox,2026-08-04T23:11:00+00:00,2026-08-04T23:10:32+00:00,28,true,1,3190297,Boston Red Sox,home,BUY,0.58,0.58,44.24,25.6592,44.24,25.6592,0xfb15254aa1a14a26c58156787254884f902f43a6ecaf4a03bd0082da8c52888d,52889640c1b11e55e799ce58493cb1af6fd255ef1473db87b67f63923603cef6,1595171:2026-08-04T23:10:32+00:00,1,1,44.24,25.6592,1,1,,,,,,,,,,,,,,,,,,sharp:0064,2026-08-04T23:00:02.055369+00:00,629.944631,0.5763546798029557,0.0013546798029557,1,3,false,sharp:0064,629.944631,,,rn1:0021,12,rn1:0024,3,true,2026-08-04T23:10:21+00:00,11,0.5899998466,0x4b17beeb742c289fa7e202c3f7151c4ec5196d2e396906b581709adaa8cf4c33,true,true,true,true,-0.0136451667970443,-0.0099998466,true,true,true,3,2026-08-04T23:10:35+00:00,3,0.5800000168,-0.0099998298,0xb3d6a97fa2b9aa8a8d44231577c45a38366f8a81e79f7523b76dcfb8c57c0dd9,2026-08-04T23:10:42+00:00,10,0,0.5899998543,0.0000000077,0xf03dc3bd299731fd840379fa4c915db61e0e196681dd7c976cd8e6e74987b15d,0.5800000168,0.589999859,0.0099998422,true,true,true,true,false,false,0,,,,,,,,,,,,,,,false,false,false,false,false,false,0,,,,,,,,,,,,,,,false,false,false,false,false,false,0,,,,,,,,,,,,,,,false,false,false,false
H2-v1-EVENT-M5,H2-v1,rn1:0024,rn1,24,1595171,0x04c98da98e911555ae84b84ee8391166710b856ebd757706fa86d22a8dbd5d8d,mlb-cws-bos-2026-08-04,Boston Red Sox,Chicago White Sox,2026-08-04T23:11:00+00:00,2026-08-04T23:10:35+00:00,25,true,1,3190297,Boston Red Sox,home,BUY,0.58,0.58,11.90476,6.9047608,11.90476,6.9047608,0xb3d6a97fa2b9aa8a8d44231577c45a38366f8a81e79f7523b76dcfb8c57c0dd9,5a9435b75dbde20120d7c593e2b7820daa8537b1c8dafc0216b7d90d2880f3d2,1595171:2026-08-04T23:10:35+00:00,1,1,11.90476,6.9047608,1,1,,,,,,,,,,,,,,,,,,sharp:0064,2026-08-04T23:00:02.055369+00:00,632.944631,0.5763546798029557,0.0013546798029557,1,3,false,sharp:0064,632.944631,,,rn1:0023,3,,,true,2026-08-04T23:10:32+00:00,3,0.58,0xfb15254aa1a14a26c58156787254884f902f43a6ecaf4a03bd0082da8c52888d,true,true,true,true,-0.0036453201970443,0,true,true,true,2,2026-08-04T23:10:39+00:00,4,0.589999859,0.009999859,0x75f309816d1f52797ff3f17c804e3e8ea909a6b55683a9f2b5d4fd9a0d6bb87a,2026-08-04T23:10:42+00:00,7,3,0.5899998543,0.0099998543,0xf03dc3bd299731fd840379fa4c915db61e0e196681dd7c976cd8e6e74987b15d,0.5899998543,0.589999859,0.0000000047,true,true,true,true,false,false,0,,,,,,,,,,,,,,,false,false,false,false,false,false,0,,,,,,,,,,,,,,,false,false,false,false,false,false,0,,,,,,,,,,,,,,,false,false,false,false
H2-v1-EVENT-M5,H2-v1,rn1:0025,rn1,25,1595175,0xf40ac3bf4acb00311559af96e17ac875a5838e95ca62763dfcfad40c732da261,mlb-mia-atl-2026-08-04,Atlanta Braves,Miami Marlins,2026-08-04T23:16:00+00:00,2026-08-03T18:18:17+00:00,104263,true,1,3190305,Atlanta Braves,home,BUY,0.53,0.53,100.17,53.0901,100.17,53.0901,0x71358f09fd63d025a1df2fcabfc907ad6ae029a97cccf40b73cc443cfab53328,eee02352bbed423f4f2418ed68f7985d8557cba7bb552bd3a13329f9efc81732,1595175:2026-08-03T18:18:17+00:00,1,1,100.17,53.0901,1,1,,,,,,,,,,,,,,,,,,,,,,,,,,,,sharp:0065,66884.230532,,,rn1:0026,104208,true,2026-08-03T18:15:33+00:00,164,0.56,0x34b5c050c20ca1a07ed48a72f2994f9284fc07d6868a38c10c4577e858708e6a,false,false,true,true,,-0.03,,true,true,1,2026-08-03T18:18:21+00:00,4,0.5599999546,-0.0000000454,0xd82984ba05b81b9a91884619461eb73bc6d14f9743e4fcb571f1339b8ddbf57c,2026-08-03T18:18:21+00:00,4,6,0.5599999546,-0.0000000454,0xd82984ba05b81b9a91884619461eb73bc6d14f9743e4fcb571f1339b8ddbf57c,0.5599999546,0.5599999546,0,false,true,true,true,true,true,1,2026-08-03T18:18:21+00:00,4,0.5599999546,-0.0000000454,0xd82984ba05b81b9a91884619461eb73bc6d14f9743e4fcb571f1339b8ddbf57c,2026-08-03T18:18:21+00:00,4,26,0.5599999546,-0.0000000454,0xd82984ba05b81b9a91884619461eb73bc6d14f9743e4fcb571f1339b8ddbf57c,0.5599999546,0.5599999546,0,false,false,true,true,true,true,1,2026-08-03T18:18:21+00:00,4,0.5599999546,-0.0000000454,0xd82984ba05b81b9a91884619461eb73bc6d14f9743e4fcb571f1339b8ddbf57c,2026-08-03T18:18:21+00:00,4,56,0.5599999546,-0.0000000454,0xd82984ba05b81b9a91884619461eb73bc6d14f9743e4fcb571f1339b8ddbf57c,0.5599999546,0.5599999546,0,false,false,false,true,true,true,1,2026-08-03T18:18:21+00:00,4,0.5599999546,-0.0000000454,0xd82984ba05b81b9a91884619461eb73bc6d14f9743e4fcb571f1339b8ddbf57c,2026-08-03T18:18:21+00:00,4,296,0.5599999546,-0.0000000454,0xd82984ba05b81b9a91884619461eb73bc6d14f9743e4fcb571f1339b8ddbf57c,0.5599999546,0.5599999546,0,false,false,false,false
H2-v1-EVENT-M5,H2-v1,sharp:0065,sharp,65,1595175,0xf40ac3bf4acb00311559af96e17ac875a5838e95ca62763dfcfad40c732da261,mlb-mia-atl-2026-08-04,Atlanta Braves,Miami Marlins,2026-08-04T23:16:00+00:00,2026-08-04T12:53:01.230532+00:00,37378.769468,false,,,,,,,,,,,,,,,,,,,,,417,0.5798525798525799,,,,,,3,true,betfair+matchbook+smarkets,,,0.5798525798525799,0.5798525798525799,0.58,17.730532,18.230532,sharp:0065,2026-08-04T12:53:01.230532+00:00,0,0.5798525798525799,,,3,,,,sharp:0066,18420.761847,rn1:0025,66884.230532,rn1:0026,37323.769468,true,2026-08-04T12:52:20+00:00,41.230532,0.58,0x6555626877f5fd71422a4aa616de501a21e96b3f9bb13dc323104fbe37b3f1cf,false,true,true,true,-0.0001474201474201,,,true,false,0,,,,,,,,,,,,,,,false,false,false,false,true,false,0,,,,,,,,,,,,,,,false,false,false,false,true,false,0,,,,,,,,,,,,,,,false,false,false,false,true,false,0,,,,,,,,,,,,,,,false,false,false,false
H2-v1-EVENT-M5,H2-v1,sharp:0066,sharp,66,1595175,0xf40ac3bf4acb00311559af96e17ac875a5838e95ca62763dfcfad40c732da261,mlb-mia-atl-2026-08-04,Atlanta Braves,Miami Marlins,2026-08-04T23:16:00+00:00,2026-08-04T18:00:01.992379+00:00,18958.007621,true,-1,,,,,,,,,,,,,,,,,,,,439,0.5728395061728395,0.5798525798525799,-0.0070130736797404,-1,2026-08-04T12:53:01.230532+00:00,18420.761847,3,true,betfair+matchbook+smarkets,betfair+matchbook+smarkets,false,0.5728395061728395,0.5728395061728395,0.57,9.992379,15.992379,sharp:0066,2026-08-04T18:00:01.992379+00:00,0,0.5728395061728395,-0.0070130736797404,-1,3,false,sharp:0065,18420.761847,sharp:0067,2700.25185,rn1:0025,85304.992379,rn1:0026,18903.007621,true,2026-08-04T17:47:38+00:00,743.992379,0.58,0xcacd65fd3c7021e73b5f94e361bf8336bac5314faea7004d95074563e6e97d62,false,false,false,false,-0.0071604938271605,,,true,false,0,,,,,,,,,,,,,,,false,false,false,false,true,false,0,,,,,,,,,,,,,,,false,false,false,false,true,false,0,,,,,,,,,,,,,,,false,false,false,false,true,false,0,,,,,,,,,,,,,,,false,false,false,false
H2-v1-EVENT-M5,H2-v1,sharp:0067,sharp,67,1595175,0xf40ac3bf4acb00311559af96e17ac875a5838e95ca62763dfcfad40c732da261,mlb-mia-atl-2026-08-04,Atlanta Braves,Miami Marlins,2026-08-04T23:16:00+00:00,2026-08-04T18:45:02.244229+00:00,16257.755771,true,1,,,,,,,,,,,,,,,,,,,,443,0.5738890405557072,0.5728395061728395,0.0010495343828677,1,2026-08-04T18:00:01.992379+00:00,2700.25185,3,true,betfair+matchbook+smarkets,betfair+matchbook+smarkets,false,0.5738890405557072,0.5749385749385749,0.57,13.244229,18.244229,sharp:0067,2026-08-04T18:45:02.244229+00:00,0,0.5738890405557072,0.0010495343828677,1,3,false,sharp:0066,2700.25185,sharp:0068,900.187795,rn1:0025,88005.244229,rn1:0026,16202.755771,true,2026-08-04T18:30:23+00:00,879.244229,0.579999826,0xf4fea7246d6b9d9ec0aebd8bb686d93b60d957f0c2c296af88b6afa01113269e,false,false,false,false,-0.0061107854442928,,,true,false,0,,,,,,,,,,,,,,,false,false,false,false,true,false,0,,,,,,,,,,,,,,,false,false,false,false,true,false,0,,,,,,,,,,,,,,,false,false,false,false,true,false,0,,,,,,,,,,,,,,,false,false,false,false
H2-v1-EVENT-M5,H2-v1,sharp:0068,sharp,68,1595175,0xf40ac3bf4acb00311559af96e17ac875a5838e95ca62763dfcfad40c732da261,mlb-mia-atl-2026-08-04,Atlanta Braves,Miami Marlins,2026-08-04T23:16:00+00:00,2026-08-04T19:00:02.432024+00:00,15357.567976,true,1,,,,,,,,,,,,,,,,,,,,445,0.5749385749385749,0.5738890405557072,0.0010495343828677,1,2026-08-04T18:45:02.244229+00:00,900.187795,3,true,betfair+matchbook+smarkets,betfair+matchbook+smarkets,false,0.5749385749385749,0.5749385749385749,0.575,17.432024,18.432024,sharp:0068,2026-08-04T19:00:02.432024+00:00,0,0.5749385749385749,0.0010495343828677,1,3,false,sharp:0067,900.187795,sharp:0069,2699.509084,rn1:0025,88905.432024,rn1:0026,15302.567976,true,2026-08-04T18:57:00+00:00,182.432024,0.5799999014,0x3a5547b19a0164190d230cf53566d73d8231346728a22662448972096823416c,false,false,true,true,-0.0050613264614251,,,true,false,0,,,,,,,,,,,,,,,false,false,false,false,true,true,1,2026-08-04T19:00:27+00:00,24.567976,0.579999826,-0.0000000754,0xc6da43699357bbfe7cebb7d13a0c125e2f25a9df2707eecd5a46d4c5a1685cec,2026-08-04T19:00:27+00:00,24.567976,5.432024,0.579999826,-0.0000000754,0xc6da43699357bbfe7cebb7d13a0c125e2f25a9df2707eecd5a46d4c5a1685cec,0.579999826,0.579999826,0,false,true,true,true,true,true,1,2026-08-04T19:00:27+00:00,24.567976,0.579999826,-0.0000000754,0xc6da43699357bbfe7cebb7d13a0c125e2f25a9df2707eecd5a46d4c5a1685cec,2026-08-04T19:00:27+00:00,24.567976,35.432024,0.579999826,-0.0000000754,0xc6da43699357bbfe7cebb7d13a0c125e2f25a9df2707eecd5a46d4c5a1685cec,0.579999826,0.579999826,0,false,false,false,true,true,true,1,2026-08-04T19:00:27+00:00,24.567976,0.579999826,-0.0000000754,0xc6da43699357bbfe7cebb7d13a0c125e2f25a9df2707eecd5a46d4c5a1685cec,2026-08-04T19:00:27+00:00,24.567976,275.432024,0.579999826,-0.0000000754,0xc6da43699357bbfe7cebb7d13a0c125e2f25a9df2707eecd5a46d4c5a1685cec,0.579999826,0.579999826,0,false,false,false,false
H2-v1-EVENT-M5,H2-v1,sharp:0069,sharp,69,1595175,0xf40ac3bf4acb00311559af96e17ac875a5838e95ca62763dfcfad40c732da261,mlb-mia-atl-2026-08-04,Atlanta Braves,Miami Marlins,2026-08-04T23:16:00+00:00,2026-08-04T19:45:01.941108+00:00,12658.058892,true,1,,,,,,,,,,,,,,,,,,,,449,0.5804878048780489,0.5749385749385749,0.005549229939474,1,2026-08-04T19:00:02.432024+00:00,2699.509084,3,true,betfair+matchbook+smarkets,betfair+matchbook+smarkets,false,0.5784313725490196,0.5804878048780489,0.5806451612903225,8.441108,9.941108,sharp:0069,2026-08-04T19:45:01.941108+00:00,0,0.5804878048780489,0.005549229939474,1,3,false,sharp:0068,2699.509084,sharp:0070,900.446254,rn1:0025,91604.941108,rn1:0026,12603.058892,true,2026-08-04T19:42:57+00:00,124.941108,0.58,0xba9d1787e28fd243b379dad21f3fe2c2a78566920d8bd1ff2d6608bc9814525d,false,false,true,true,0.0004878048780489,,,true,false,0,,,,,,,,,,,,,,,false,false,false,false,true,false,0,,,,,,,,,,,,,,,false,false,false,false,true,false,0,,,,,,,,,,,,,,,false,false,false,false,true,true,3,2026-08-04T19:47:39+00:00,157.058892,0.5799999988,-0.0000000012,0x04457d54b6b63ebbdf396a77da455acdadd082b33ef92585e1ff685322c874ad,2026-08-04T19:49:24+00:00,262.058892,37.941108,0.57,-0.01,0xe2abb8d78200df7daa63cdbeadf6177ac9fc25708639bb8a1e0b762ed156ccd8,0.57,0.58,0.01,false,false,false,true
H2-v1-EVENT-M5,H2-v1,sharp:0070,sharp,70,1595175,0xf40ac3bf4acb00311559af96e17ac875a5838e95ca62763dfcfad40c732da261,mlb-mia-atl-2026-08-04,Atlanta Braves,Miami Marlins,2026-08-04T23:16:00+00:00,2026-08-04T20:00:02.387362+00:00,11757.612638,true,-1,,,,,,,,,,,,,,,,,,,,451,0.5784313725490196,0.5804878048780489,-0.0020564323290293,-1,2026-08-04T19:45:01.941108+00:00,900.446254,3,true,betfair+matchbook+smarkets,betfair+matchbook+smarkets,false,0.5770171149144254,0.5784313725490196,0.5785536159600998,13.387362,22.387362,sharp:0070,2026-08-04T20:00:02.387362+00:00,0,0.5784313725490196,-0.0020564323290293,-1,3,false,sharp:0069,900.446254,sharp:0071,2700.116294,rn1:0025,92505.387362,rn1:0026,11702.612638,true,2026-08-04T19:59:00+00:00,62.387362,0.5799999014,0x8d32671d8fc24918770b00da7df1d6fb7d4ddf224a421812f6ab3bd0198cb79a,false,false,true,true,-0.0015685288509804,,,true,false,0,,,,,,,,,,,,,,,false,false,false,false,true,false,0,,,,,,,,,,,,,,,false,false,false,false,true,false,0,,,,,,,,,,,,,,,false,false,false,false,true,false,0,,,,,,,,,,,,,,,false,false,false,false
H2-v1-EVENT-M5,H2-v1,sharp:0071,sharp,71,1595175,0xf40ac3bf4acb00311559af96e17ac875a5838e95ca62763dfcfad40c732da261,mlb-mia-atl-2026-08-04,Atlanta Braves,Miami Marlins,2026-08-04T23:16:00+00:00,2026-08-04T20:45:02.503656+00:00,9057.496344,true,0,,,,,,,,,,,,,,,,,,,,455,0.5784313725490196,0.5784313725490196,0,0,2026-08-04T20:00:02.387362+00:00,2700.116294,3,true,betfair+matchbook+smarkets,betfair+matchbook+smarkets,false,0.5784313725490196,0.5804878048780489,0.575682382133995,9.003656,17.503656,sharp:0071,2026-08-04T20:45:02.503656+00:00,0,0.5784313725490196,0,0,3,false,sharp:0070,2700.116294,sharp:0072,899.67557,rn1:0025,95205.503656,rn1:0026,9002.496344,true,2026-08-04T20:43:57+00:00,65.503656,0.5799999929,0xc7f93941e5a599dea88bdb9a3ff8c1f3b60bb71411010c4a014e7571c67ca897,false,false,true,true,-0.0015686203509804,,,true,false,0,,,,,,,,,,,,,,,false,false,false,false,true,false,0,,,,,,,,,,,,,,,false,false,false,false,true,false,0,,,,,,,,,,,,,,,false,false,false,false,true,false,0,,,,,,,,,,,,,,,false,false,false,false
H2-v1-EVENT-M5,H2-v1,sharp:0072,sharp,72,1595175,0xf40ac3bf4acb00311559af96e17ac875a5838e95ca62763dfcfad40c732da261,mlb-mia-atl-2026-08-04,Atlanta Braves,Miami Marlins,2026-08-04T23:16:00+00:00,2026-08-04T21:00:02.179226+00:00,8157.820774,true,1,,,,,,,,,,,,,,,,,,,,457,0.5819070904645476,0.5784313725490196,0.003475717915528,1,2026-08-04T20:45:02.503656+00:00,899.67557,3,true,betfair+matchbook+smarkets,betfair+matchbook+smarkets,false,0.5819070904645476,0.5819070904645476,0.575682382133995,7.179226,14.179226,sharp:0072,2026-08-04T21:00:02.179226+00:00,0,0.5819070904645476,0.003475717915528,1,3,false,sharp:0071,899.67557,sharp:0073,2699.784904,rn1:0025,96105.179226,rn1:0026,8102.820774,true,2026-08-04T20:59:09+00:00,53.179226,0.57,0xbea81e015ccac8bf7dfc1c0ab6e927cf6ea90780eaa71979ee0a391d45ff392a,false,true,true,true,0.0119070904645476,,,true,false,0,,,,,,,,,,,,,,,false,false,false,false,true,false,0,,,,,,,,,,,,,,,false,false,false,false,true,false,0,,,,,,,,,,,,,,,false,false,false,false,true,false,0,,,,,,,,,,,,,,,false,false,false,false
H2-v1-EVENT-M5,H2-v1,sharp:0073,sharp,73,1595175,0xf40ac3bf4acb00311559af96e17ac875a5838e95ca62763dfcfad40c732da261,mlb-mia-atl-2026-08-04,Atlanta Braves,Miami Marlins,2026-08-04T23:16:00+00:00,2026-08-04T21:45:01.964130+00:00,5458.03587,true,1,,,,,,,,,,,,,,,,,,,,461,0.5833333333333334,0.5819070904645476,0.0014262428687858,1,2026-08-04T21:00:02.179226+00:00,2699.784904,3,true,betfair+matchbook+smarkets,betfair+matchbook+smarkets,false,0.5833333333333334,0.5853658536585367,0.5777777777777777,6.46413,7.96413,sharp:0073,2026-08-04T21:45:01.964130+00:00,0,0.5833333333333334,0.0014262428687858,1,3,false,sharp:0072,2699.784904,sharp:0074,900.84586,rn1:0025,98804.96413,rn1:0026,5403.03587,true,2026-08-04T21:42:09+00:00,172.96413,0.5799999959,0x94081f061d6f1eaa0fb130b48756c638abc86fccf9bddf91e9697027278f9bf1,false,false,true,true,0.0033333374333334,,,true,false,0,,,,,,,,,,,,,,,false,false,false,false,true,false,0,,,,,,,,,,,,,,,false,false,false,false,true,false,0,,,,,,,,,,,,,,,false,false,false,false,true,true,3,2026-08-04T21:46:11+00:00,69.03587,0.5799998763,-0.0000001196,0x3efd1f58bbf2385f946484fdab79642939676bcc0cc8ec38cd5638ed98271cc6,2026-08-04T21:46:57+00:00,115.03587,184.96413,0.58,0.0000000041,0xa713552646671583055ccee4fbf0ac1f32d5390016aca50f07a0ee469cfe4fc2,0.5799998763,0.58,0.0000001237,false,false,false,false
H2-v1-EVENT-M5,H2-v1,sharp:0074,sharp,74,1595175,0xf40ac3bf4acb00311559af96e17ac875a5838e95ca62763dfcfad40c732da261,mlb-mia-atl-2026-08-04,Atlanta Braves,Miami Marlins,2026-08-04T23:16:00+00:00,2026-08-04T22:00:02.809990+00:00,4557.19001,true,0,,,,,,,,,,,,,,,,,,,,463,0.5833333333333334,0.5833333333333334,0,0,2026-08-04T21:45:01.964130+00:00,900.84586,3,true,betfair+matchbook+smarkets,betfair+matchbook+smarkets,false,0.5833333333333334,0.5833333333333334,0.5777777777777777,6.80999,12.80999,sharp:0074,2026-08-04T22:00:02.809990+00:00,0,0.5833333333333334,0,0,3,false,sharp:0073,900.84586,sharp:0075,2698.89965,rn1:0025,99705.80999,rn1:0026,4502.19001,true,2026-08-04T21:58:38+00:00,84.80999,0.5700000069,0xf4a07274f272870486f780238e5d06eb4983903d30654d5f89f87a8e1837ae22,false,false,true,true,0.0133333264333334,,,true,false,0,,,,,,,,,,,,,,,false,false,false,false,true,false,0,,,,,,,,,,,,,,,false,false,false,false,true,false,0,,,,,,,,,,,,,,,false,false,false,false,true,true,2,2026-08-04T22:03:39+00:00,216.19001,0.58,0.0099999931,0xe84c4739f78e6296169c8f74d004028e7f54cc03e3445239ecffdbcb48a81c6e,2026-08-04T22:03:48+00:00,225.19001,74.80999,0.5700000702,0.0000000633,0xbcad73efa5b52a508c9b6f63e89402bc673997205006157c5dc949659aac5fcd,0.5700000702,0.58,0.0099999298,false,false,false,false
H2-v1-EVENT-M5,H2-v1,sharp:0075,sharp,75,1595175,0xf40ac3bf4acb00311559af96e17ac875a5838e95ca62763dfcfad40c732da261,mlb-mia-atl-2026-08-04,Atlanta Braves,Miami Marlins,2026-08-04T23:16:00+00:00,2026-08-04T22:45:01.709640+00:00,1858.29036,true,1,,,,,,,,,,,,,,,,,,,,467,0.5888077858880778,0.5833333333333334,0.0054744525547444,1,2026-08-04T22:00:02.809990+00:00,2698.89965,3,true,betfair+matchbook+smarkets,betfair+matchbook+smarkets,false,0.5888077858880778,0.5888077858880778,0.5856079404466502,10.20964,11.70964,sharp:0075,2026-08-04T22:45:01.709640+00:00,0,0.5888077858880778,0.0054744525547444,1,3,false,sharp:0074,2698.89965,sharp:0076,900.345729,rn1:0025,102404.70964,rn1:0026,1803.29036,true,2026-08-04T22:42:57+00:00,124.70964,0.58,0x6a4a160e5aade07f6acf66f73f6b24f32cfea33f877370957f9fd09dc94fbe53,false,false,true,true,0.0088077858880778,,,true,false,0,,,,,,,,,,,,,,,false,false,false,false,true,true,1,2026-08-04T22:45:14+00:00,12.29036,0.5700000269,-0.0099999731,0xd41cb44b7a5ba4cf59e8f66652e3d439eb1f4ef25e5d039f0ebff87c88ec3b4b,2026-08-04T22:45:14+00:00,12.29036,17.70964,0.5700000269,-0.0099999731,0xd41cb44b7a5ba4cf59e8f66652e3d439eb1f4ef25e5d039f0ebff87c88ec3b4b,0.5700000269,0.5700000269,0,false,false,true,true,true,true,2,2026-08-04T22:45:14+00:00,12.29036,0.5700000269,-0.0099999731,0xd41cb44b7a5ba4cf59e8f66652e3d439eb1f4ef25e5d039f0ebff87c88ec3b4b,2026-08-04T22:45:45+00:00,43.29036,16.70964,0.5799999988,-0.0000000012,0x00b664a6390a953b170585f81d7d871349a228c4fbd2685fb0e6be5ebf7eaf86,0.5700000269,0.5799999988,0.0099999719,false,false,true,true,true,true,6,2026-08-04T22:45:14+00:00,12.29036,0.5700000269,-0.0099999731,0xd41cb44b7a5ba4cf59e8f66652e3d439eb1f4ef25e5d039f0ebff87c88ec3b4b,2026-08-04T22:49:42+00:00,280.29036,19.70964,0.58,0,0xac5e5be240953dcf342c5829a12e7df53398c358329c736ecf237c6ef0b99862,0.5700000129,0.58,0.0099999871,false,false,true,true
H2-v1-EVENT-M5,H2-v1,sharp:0076,sharp,76,1595175,0xf40ac3bf4acb00311559af96e17ac875a5838e95ca62763dfcfad40c732da261,mlb-mia-atl-2026-08-04,Atlanta Braves,Miami Marlins,2026-08-04T23:16:00+00:00,2026-08-04T23:00:02.055369+00:00,957.944631,true,1,,,,,,,,,,,,,,,,,,,,469,0.5902439024390244,0.5888077858880778,0.0014361165509466,1,2026-08-04T22:45:01.709640+00:00,900.345729,3,true,betfair+matchbook+smarkets,betfair+matchbook+smarkets,false,0.5902439024390244,0.5902439024390244,0.5856079404466502,4.055369,14.055369,sharp:0076,2026-08-04T23:00:02.055369+00:00,0,0.5902439024390244,0.0014361165509466,1,3,false,sharp:0075,900.345729,,,rn1:0025,103305.055369,rn1:0026,902.944631,true,2026-08-04T22:58:29+00:00,93.055369,0.5799999988,0x3991ceec44178bf7d3241bf732c386b318e72eea41c55efd2c9713758b0ee6fb,false,false,true,true,0.0102439036390244,,,true,true,1,2026-08-04T23:00:06+00:00,3.944631,0.5700000132,-0.0099999856,0xa41a2ee11f95acbe0d06ce642e8b44a2a8f54277a92da457113c9686057eef7a,2026-08-04T23:00:06+00:00,3.944631,6.055369,0.5700000132,-0.0099999856,0xa41a2ee11f95acbe0d06ce642e8b44a2a8f54277a92da457113c9686057eef7a,0.5700000132,0.5700000132,0,false,true,true,true,true,true,1,2026-08-04T23:00:06+00:00,3.944631,0.5700000132,-0.0099999856,0xa41a2ee11f95acbe0d06ce642e8b44a2a8f54277a92da457113c9686057eef7a,2026-08-04T23:00:06+00:00,3.944631,26.055369,0.5700000132,-0.0099999856,0xa41a2ee11f95acbe0d06ce642e8b44a2a8f54277a92da457113c9686057eef7a,0.5700000132,0.5700000132,0,false,false,true,true,true,true,1,2026-08-04T23:00:06+00:00,3.944631,0.5700000132,-0.0099999856,0xa41a2ee11f95acbe0d06ce642e8b44a2a8f54277a92da457113c9686057eef7a,2026-08-04T23:00:06+00:00,3.944631,56.055369,0.5700000132,-0.0099999856,0xa41a2ee11f95acbe0d06ce642e8b44a2a8f54277a92da457113c9686057eef7a,0.5700000132,0.5700000132,0,false,false,false,true,true,true,5,2026-08-04T23:00:06+00:00,3.944631,0.5700000132,-0.0099999856,0xa41a2ee11f95acbe0d06ce642e8b44a2a8f54277a92da457113c9686057eef7a,2026-08-04T23:02:17+00:00,134.944631,165.055369,0.5799999976,-0.0000000012,0x6c07392ab0e05f9ba0971963c1c36e0d702268c300375b2e33d32faee6b0c1fa,0.5700000132,0.58,0.0099999868,false,false,false,false
H2-v1-EVENT-M5,H2-v1,rn1:0026,rn1,26,1595175,0xf40ac3bf4acb00311559af96e17ac875a5838e95ca62763dfcfad40c732da261,mlb-mia-atl-2026-08-04,Atlanta Braves,Miami Marlins,2026-08-04T23:16:00+00:00,2026-08-04T23:15:05+00:00,55,true,-1,3190304,Miami Marlins,away,BUY,0.41,0.59,1943,796.63,-1943,-796.63,0x5e2c82933e167b44171beaea1bdaedefa45185333b783f5aefd76de2074d519f,dd0ab4e4cb27b2d7584b57171cdce0487ab5418760cda3c9c29fa9bd698ffa0b,1595175:2026-08-04T23:15:05+00:00,1,1,-1943,-796.63,-1,1,,,,,,,,,,,,,,,,,,sharp:0076,2026-08-04T23:00:02.055369+00:00,902.944631,0.5902439024390244,0.0014361165509466,1,3,false,sharp:0076,902.944631,,,rn1:0025,104208,,,true,2026-08-04T23:13:42+00:00,83,0.58,0xdc68399d0ef6fab40f3e8836d528cd226cce5df8a8c9c34b9459d1a780b6745a,false,false,true,true,0.0102439024390244,0.01,false,true,true,3,2026-08-04T23:15:08+00:00,3,0.580000057,0.000000057,0x71be6ffe9bedb37f3b91fd1de40a2b19c43bf7d827db6402b6960e29471c2343,2026-08-04T23:15:09+00:00,4,6,0.58,0,0x9d54628da4d08f4f7b81a337278e3f9d317b16b22e98c0ddf41859923693753a,0.58,0.59,0.01,false,true,true,true,true,true,11,2026-08-04T23:15:08+00:00,3,0.580000057,0.000000057,0x71be6ffe9bedb37f3b91fd1de40a2b19c43bf7d827db6402b6960e29471c2343,2026-08-04T23:15:27+00:00,22,8,0.5800001764,0.0000001764,0x5ee2d3d5283539044453d4d64f523f48e60d7c4fba51439cb5cfb539490cc74a,0.58,0.59,0.01,false,true,true,true,false,false,0,,,,,,,,,,,,,,,false,false,false,false,false,false,0,,,,,,,,,,,,,,,false,false,false,false
H2-v1-EVENT-M5,H2-v1,sharp:0077,sharp,77,1595176,0x89ae4bd727cfb265d512f605df0827d6f1d9dc263e2ea669e93063365977ef67,mlb-pit-mil-2026-08-04,Milwaukee Brewers,Pittsburgh Pirates,2026-08-04T23:40:00+00:00,2026-08-04T12:53:01.230532+00:00,38818.769468,false,,,,,,,,,,,,,,,,,,,,,417,0.5951219512195122,,,,,,3,true,betfair+matchbook+smarkets,,,0.5951219512195122,0.5951219512195122,0.5965770171149144,17.730532,18.230532,sharp:0077,2026-08-04T12:53:01.230532+00:00,0,0.5951219512195122,,,3,,,,sharp:0078,18420.761847,,,,,true,2026-08-04T12:32:21+00:00,1240.230532,0.6,0x3af1efdce34ef4c61f3f55c99939926e1dce8377fd36f520a716345256249ff5,false,false,false,false,-0.0048780487804878,,,true,false,0,,,,,,,,,,,,,,,false,false,false,false,true,false,0,,,,,,,,,,,,,,,false,false,false,false,true,false,0,,,,,,,,,,,,,,,false,false,false,false,true,true,1,2026-08-04T12:57:48+00:00,286.769468,0.5900000164,-0.0099999836,0x06219ddccdfd6ff0b63e685675417091e249ee411ef521cd1618c460ca3b4d77,2026-08-04T12:57:48+00:00,286.769468,13.230532,0.5900000164,-0.0099999836,0x06219ddccdfd6ff0b63e685675417091e249ee411ef521cd1618c460ca3b4d77,0.5900000164,0.5900000164,0,false,true,true,true
H2-v1-EVENT-M5,H2-v1,sharp:0078,sharp,78,1595176,0x89ae4bd727cfb265d512f605df0827d6f1d9dc263e2ea669e93063365977ef67,mlb-pit-mil-2026-08-04,Milwaukee Brewers,Pittsburgh Pirates,2026-08-04T23:40:00+00:00,2026-08-04T18:00:01.992379+00:00,20398.007621,true,-1,,,,,,,,,,,,,,,,,,,,439,0.5804878048780489,0.5951219512195122,-0.0146341463414633,-1,2026-08-04T12:53:01.230532+00:00,18420.761847,3,true,betfair+matchbook+smarkets,betfair+matchbook+smarkets,false,0.5804878048780489,0.5804878048780489,0.5785536159600998,9.992379,15.992379,sharp:0078,2026-08-04T18:00:01.992379+00:00,0,0.5804878048780489,-0.0146341463414633,-1,3,false,sharp:0077,18420.761847,sharp:0079,2700.25185,,,,,true,2026-08-04T17:56:44+00:00,197.992379,0.57,0xa19a7638f8dc0641c2be9d951c2a3e23121ace038a3215962d717c3a64635f96,false,false,true,true,0.0104878048780489,,,true,false,0,,,,,,,,,,,,,,,false,false,false,false,true,false,0,,,,,,,,,,,,,,,false,false,false,false,true,false,0,,,,,,,,,,,,,,,false,false,false,false,true,false,0,,,,,,,,,,,,,,,false,false,false,false
H2-v1-EVENT-M5,H2-v1,sharp:0079,sharp,79,1595176,0x89ae4bd727cfb265d512f605df0827d6f1d9dc263e2ea669e93063365977ef67,mlb-pit-mil-2026-08-04,Milwaukee Brewers,Pittsburgh Pirates,2026-08-04T23:40:00+00:00,2026-08-04T18:45:02.244229+00:00,17697.755771,true,0,,,,,,,,,,,,,,,,,,,,443,0.5804878048780489,0.5804878048780489,0,0,2026-08-04T18:00:01.992379+00:00,2700.25185,3,true,betfair+matchbook+smarkets,betfair+matchbook+smarkets,false,0.5804878048780489,0.5804878048780489,0.5785536159600998,13.244229,18.244229,sharp:0079,2026-08-04T18:45:02.244229+00:00,0,0.5804878048780489,0,0,3,false,sharp:0078,2700.25185,sharp:0080,900.187795,,,,,true,2026-08-04T18:30:33+00:00,869.244229,0.570000172,0x8b3dc745f3d1ee1f100cbf5c3092c518857389057be57cf76140e75a81688854,false,false,false,false,0.0104876328780489,,,true,false,0,,,,,,,,,,,,,,,false,false,false,false,true,false,0,,,,,,,,,,,,,,,false,false,false,false,true,false,0,,,,,,,,,,,,,,,false,false,false,false,true,false,0,,,,,,,,,,,,,,,false,false,false,false
H2-v1-EVENT-M5,H2-v1,sharp:0080,sharp,80,1595176,0x89ae4bd727cfb265d512f605df0827d6f1d9dc263e2ea669e93063365977ef67,mlb-pit-mil-2026-08-04,Milwaukee Brewers,Pittsburgh Pirates,2026-08-04T23:40:00+00:00,2026-08-04T19:00:02.432024+00:00,16797.567976,true,0,,,,,,,,,,,,,,,,,,,,445,0.5804878048780489,0.5804878048780489,0,0,2026-08-04T18:45:02.244229+00:00,900.187795,3,true,betfair+matchbook+smarkets,betfair+matchbook+smarkets,false,0.5804878048780489,0.5804878048780489,0.5785536159600998,17.432024,18.432024,sharp:0080,2026-08-04T19:00:02.432024+00:00,0,0.5804878048780489,0,0,3,false,sharp:0079,900.187795,sharp:0081,2699.509084,,,,,true,2026-08-04T18:58:02+00:00,120.432024,0.5799999014,0xa6e2e0d5ed49d00dd8f7cde7e63304ffcb22c2cd6a7a28f28be42654483bc385,false,false,true,true,0.0004879034780489,,,true,false,0,,,,,,,,,,,,,,,false,false,false,false,true,false,0,,,,,,,,,,,,,,,false,false,false,false,true,false,0,,,,,,,,,,,,,,,false,false,false,false,true,false,0,,,,,,,,,,,,,,,false,false,false,false
H2-v1-EVENT-M5,H2-v1,sharp:0081,sharp,81,1595176,0x89ae4bd727cfb265d512f605df0827d6f1d9dc263e2ea669e93063365977ef67,mlb-pit-mil-2026-08-04,Milwaukee Brewers,Pittsburgh Pirates,2026-08-04T23:40:00+00:00,2026-08-04T19:45:01.941108+00:00,14098.058892,true,0,,,,,,,,,,,,,,,,,,,,449,0.5804878048780489,0.5804878048780489,0,0,2026-08-04T19:00:02.432024+00:00,2699.509084,3,true,betfair+matchbook+smarkets,betfair+matchbook+smarkets,false,0.5804878048780489,0.5804878048780489,0.5785536159600998,8.441108,9.941108,sharp:0081,2026-08-04T19:45:01.941108+00:00,0,0.5804878048780489,0,0,3,false,sharp:0080,2699.509084,sharp:0082,900.446254,,,,,true,2026-08-04T19:41:23+00:00,218.941108,0.58,0xec08a51165bc0c474c1f73f55dc7c7c41a5c9bf2221fa18355871ae92d0dcc63,false,false,true,true,0.0004878048780489,,,true,false,0,,,,,,,,,,,,,,,false,false,false,false,true,false,0,,,,,,,,,,,,,,,false,false,false,false,true,false,0,,,,,,,,,,,,,,,false,false,false,false,true,false,0,,,,,,,,,,,,,,,false,false,false,false
H2-v1-EVENT-M5,H2-v1,sharp:0082,sharp,82,1595176,0x89ae4bd727cfb265d512f605df0827d6f1d9dc263e2ea669e93063365977ef67,mlb-pit-mil-2026-08-04,Milwaukee Brewers,Pittsburgh Pirates,2026-08-04T23:40:00+00:00,2026-08-04T20:00:02.387362+00:00,13197.612638,true,0,,,,,,,,,,,,,,,,,,,,451,0.5804878048780489,0.5804878048780489,0,0,2026-08-04T19:45:01.941108+00:00,900.446254,3,true,betfair+matchbook+smarkets,betfair+matchbook+smarkets,false,0.5804878048780489,0.5804878048780489,0.5785536159600998,13.387362,22.387362,sharp:0082,2026-08-04T20:00:02.387362+00:00,0,0.5804878048780489,0,0,3,false,sharp:0081,900.446254,sharp:0083,2700.116294,,,,,true,2026-08-04T19:59:20+00:00,42.387362,0.5799999751,0x3fa04d7be95ab6de359f8b9c1274f1cb40ed007a93c2c5e8def289f33c62106e,false,true,true,true,0.0004878297780489,,,true,false,0,,,,,,,,,,,,,,,false,false,false,false,true,false,0,,,,,,,,,,,,,,,false,false,false,false,true,false,0,,,,,,,,,,,,,,,false,false,false,false,true,false,0,,,,,,,,,,,,,,,false,false,false,false
H2-v1-EVENT-M5,H2-v1,sharp:0083,sharp,83,1595176,0x89ae4bd727cfb265d512f605df0827d6f1d9dc263e2ea669e93063365977ef67,mlb-pit-mil-2026-08-04,Milwaukee Brewers,Pittsburgh Pirates,2026-08-04T23:40:00+00:00,2026-08-04T20:45:02.503656+00:00,10497.496344,true,0,,,,,,,,,,,,,,,,,,,,455,0.5804878048780489,0.5804878048780489,0,0,2026-08-04T20:00:02.387362+00:00,2700.116294,3,true,betfair+matchbook+smarkets,betfair+matchbook+smarkets,false,0.5819070904645476,0.5804878048780489,0.575682382133995,9.003656,17.503656,sharp:0083,2026-08-04T20:45:02.503656+00:00,0,0.5804878048780489,0,0,3,false,sharp:0082,2700.116294,sharp:0084,899.67557,,,,,true,2026-08-04T20:44:14+00:00,48.503656,0.5799999995,0x11e1f9423f94fc1bf0d3aec67d55795d41b2bf25abe44442d227496153cb17f6,false,true,true,true,0.0004878053780489,,,true,false,0,,,,,,,,,,,,,,,false,false,false,false,true,false,0,,,,,,,,,,,,,,,false,false,false,false,true,false,0,,,,,,,,,,,,,,,false,false,false,false,true,true,2,2026-08-04T20:48:12+00:00,189.496344,0.58,0.0000000005,0x7de084fa5c69fbc4dbca6c32ce290fd303b4ee6034a6771009a87950bfdf1a4b,2026-08-04T20:50:00+00:00,297.496344,2.503656,0.58,0.0000000005,0xd9a38f019079bd23e6c4ea8b721bd35344e57a5853b156599e0783c73d7b0af3,0.58,0.58,0,true,true,true,true
H2-v1-EVENT-M5,H2-v1,sharp:0084,sharp,84,1595176,0x89ae4bd727cfb265d512f605df0827d6f1d9dc263e2ea669e93063365977ef67,mlb-pit-mil-2026-08-04,Milwaukee Brewers,Pittsburgh Pirates,2026-08-04T23:40:00+00:00,2026-08-04T21:00:02.179226+00:00,9597.820774,true,0,,,,,,,,,,,,,,,,,,,,457,0.5804878048780489,0.5804878048780489,0,0,2026-08-04T20:45:02.503656+00:00,899.67557,3,true,betfair+matchbook+smarkets,betfair+matchbook+smarkets,false,0.5819070904645476,0.5804878048780489,0.575682382133995,7.179226,14.179226,sharp:0084,2026-08-04T21:00:02.179226+00:00,0,0.5804878048780489,0,0,3,false,sharp:0083,899.67557,sharp:0085,2699.784904,,,,,true,2026-08-04T20:59:44+00:00,18.179226,0.57,0xf15b233acc0a864c553175c60733f9d26e8ce319bfa8d8570ff375db86fa6bb9,true,true,true,true,0.0104878048780489,,,true,false,0,,,,,,,,,,,,,,,false,false,false,false,true,false,0,,,,,,,,,,,,,,,false,false,false,false,true,false,0,,,,,,,,,,,,,,,false,false,false,false,true,true,1,2026-08-04T21:01:56+00:00,113.820774,0.57,0,0x3ba7b1e4157e97c8d5510e5438cc8aa1a2e242a5d9f9549c516d54a897a0d65d,2026-08-04T21:01:56+00:00,113.820774,186.179226,0.57,0,0x3ba7b1e4157e97c8d5510e5438cc8aa1a2e242a5d9f9549c516d54a897a0d65d,0.57,0.57,0,false,false,false,false
H2-v1-EVENT-M5,H2-v1,sharp:0085,sharp,85,1595176,0x89ae4bd727cfb265d512f605df0827d6f1d9dc263e2ea669e93063365977ef67,mlb-pit-mil-2026-08-04,Milwaukee Brewers,Pittsburgh Pirates,2026-08-04T23:40:00+00:00,2026-08-04T21:45:01.964130+00:00,6898.03587,true,1,,,,,,,,,,,,,,,,,,,,461,0.5819070904645476,0.5804878048780489,0.0014192855864987,1,2026-08-04T21:00:02.179226+00:00,2699.784904,3,true,betfair+matchbook+smarkets,betfair+matchbook+smarkets,false,0.5819070904645476,0.5819070904645476,0.5777777777777777,6.46413,7.96413,sharp:0085,2026-08-04T21:45:01.964130+00:00,0,0.5819070904645476,0.0014192855864987,1,3,false,sharp:0084,2699.784904,sharp:0086,900.84586,,,,,true,2026-08-04T21:40:42+00:00,259.96413,0.58,0x496804bc99951053fb28c4968952ce39cb4858e556868f9051c976e76ca6eaff,false,false,true,true,0.0019070904645476,,,true,false,0,,,,,,,,,,,,,,,false,false,false,false,true,false,0,,,,,,,,,,,,,,,false,false,false,false,true,false,0,,,,,,,,,,,,,,,false,false,false,false,true,true,19,2026-08-04T21:46:39+00:00,97.03587,0.5799998763,-0.0000001237,0x88e7cd2213f6ef67868cb5741594515623257dce2957d1ff630bb10066ef9aa2,2026-08-04T21:49:59+00:00,297.03587,2.96413,0.58,0,0x86e5d483f233df0ac768caa5265fd716899a858c84baf159ce1b7c44c9b143ac,0.57,0.58,0.01,true,true,true,true
H2-v1-EVENT-M5,H2-v1,sharp:0086,sharp,86,1595176,0x89ae4bd727cfb265d512f605df0827d6f1d9dc263e2ea669e93063365977ef67,mlb-pit-mil-2026-08-04,Milwaukee Brewers,Pittsburgh Pirates,2026-08-04T23:40:00+00:00,2026-08-04T22:00:02.809990+00:00,5997.19001,true,-1,,,,,,,,,,,,,,,,,,,,463,0.5714285714285714,0.5819070904645476,-0.0104785190359762,-1,2026-08-04T21:45:01.964130+00:00,900.84586,3,true,betfair+matchbook+smarkets,betfair+matchbook+smarkets,false,0.57177955457525345,0.5714285714285714,0.5685785536159602,6.80999,12.80999,sharp:0086,2026-08-04T22:00:02.809990+00:00,0,0.5714285714285714,-0.0104785190359762,-1,3,false,sharp:0085,900.84586,sharp:0087,2698.89965,,,,,true,2026-08-04T21:59:12+00:00,50.80999,0.57,0x8c52f1fa17f2e360ea4004b3a36e44a59bf5385887ce891cf4a4238f80a726af,false,true,true,true,0.0014285714285714,,,true,false,0,,,,,,,,,,,,,,,false,false,false,false,true,true,2,2026-08-04T22:00:14+00:00,11.19001,0.57,0,0x9ccb760e49d1bbaf1dfe1eee717c32e49dd4194fe4789314daee9f73ba4177cd,2026-08-04T22:00:20+00:00,17.19001,12.80999,0.5699999966,-0.0000000034,0xcd2bced00eec9bd80c10517000d74d751d2cc1a537672b2a162b5acf30bafc8c,0.5699999966,0.57,0.0000000034,false,true,true,true,true,true,3,2026-08-04T22:00:14+00:00,11.19001,0.57,0,0x9ccb760e49d1bbaf1dfe1eee717c32e49dd4194fe4789314daee9f73ba4177cd,2026-08-04T22:00:53+00:00,50.19001,9.80999,0.5699998233,-0.0000001767,0x148af66d9a3283007d794ed5acc37283f6e612be7828a4ad523b337b83ff5252,0.5699998233,0.57,0.0000001767,false,true,true,true,true,true,6,2026-08-04T22:00:14+00:00,11.19001,0.57,0,0x9ccb760e49d1bbaf1dfe1eee717c32e49dd4194fe4789314daee9f73ba4177cd,2026-08-04T22:03:47+00:00,224.19001,75.80999,0.5699999926,-0.0000000074,0xfb2acf8c0bd96ddb19b5793cd8958330d1b5db0f3fb24380b14cf2e69625a6d5,0.5699998233,0.57,0.0000001767,false,false,false,false
H2-v1-EVENT-M5,H2-v1,sharp:0087,sharp,87,1595176,0x89ae4bd727cfb265d512f605df0827d6f1d9dc263e2ea669e93063365977ef67,mlb-pit-mil-2026-08-04,Milwaukee Brewers,Pittsburgh Pirates,2026-08-04T23:40:00+00:00,2026-08-04T22:45:01.709640+00:00,3298.29036,true,-1,,,,,,,,,,,,,,,,,,,,467,0.57,0.5714285714285714,-0.0014285714285714,-1,2026-08-04T22:00:02.809990+00:00,2698.89965,3,true,betfair+matchbook+smarkets,betfair+matchbook+smarkets,false,0.5693069306930693,0.5714285714285714,0.57,10.20964,11.70964,sharp:0087,2026-08-04T22:45:01.709640+00:00,0,0.57,-0.0014285714285714,-1,3,false,sharp:0086,2698.89965,sharp:0088,900.345729,,,,,true,2026-08-04T22:43:00+00:00,121.70964,0.5699999559,0xaea18dc98f4d926e49a8ae07a31403ba7e2380d2544a06c6f5cfed4f8940100f,false,false,true,true,0.0000000441,,,true,false,0,,,,,,,,,,,,,,,false,false,false,false,true,false,0,,,,,,,,,,,,,,,false,false,false,false,true,false,0,,,,,,,,,,,,,,,false,false,false,false,true,true,1,2026-08-04T22:49:33+00:00,271.29036,0.57,0.0000000441,0x66477ccf03c9c01e6462d42301abc6add06d2c114238734b7a36f17061e62390,2026-08-04T22:49:33+00:00,271.29036,28.70964,0.57,0.0000000441,0x66477ccf03c9c01e6462d42301abc6add06d2c114238734b7a36f17061e62390,0.57,0.57,0,false,false,true,true
H2-v1-EVENT-M5,H2-v1,sharp:0088,sharp,88,1595176,0x89ae4bd727cfb265d512f605df0827d6f1d9dc263e2ea669e93063365977ef67,mlb-pit-mil-2026-08-04,Milwaukee Brewers,Pittsburgh Pirates,2026-08-04T23:40:00+00:00,2026-08-04T23:00:02.055369+00:00,2397.944631,true,0,,,,,,,,,,,,,,,,,,,,469,0.57,0.57,0,0,2026-08-04T22:45:01.709640+00:00,900.345729,3,true,betfair+matchbook+smarkets,betfair+matchbook+smarkets,false,0.5693069306930693,0.5714285714285714,0.57,4.055369,14.055369,sharp:0088,2026-08-04T23:00:02.055369+00:00,0,0.57,0,0,3,false,sharp:0087,900.345729,,,,,,,true,2026-08-04T22:58:53+00:00,69.055369,0.5699999059,0x2f82595bfb16acd1fc45a73010bc0fe1ca01481dbe548e4c72caad5c80bcdc1c,false,false,true,true,0.0000000941,,,true,false,0,,,,,,,,,,,,,,,false,false,false,false,true,false,0,,,,,,,,,,,,,,,false,false,false,false,true,false,0,,,,,,,,,,,,,,,false,false,false,false,true,true,6,2026-08-04T23:02:00+00:00,117.944631,0.57,0.0000000941,0x99c89dae33ca0ad0367fb50dd072e4472f4248ba80f1712a1b7a0fc502ddfec1,2026-08-04T23:04:41+00:00,278.944631,21.055369,0.5699999941,0.0000000882,0xc4882643c1ae32d2cbc32f9cbff51b65dfeaa629bd170c5844baf181f3332c83,0.5699999555,0.57,0.0000000445,false,false,true,true
H2-v1-EVENT-M5,H2-v1,sharp:0089,sharp,89,1595178,0xb7cbbb1ae06d551cc95a17840350dda741d6f88aa5005d1a5a4e49f5de800980,mlb-min-kc-2026-08-04,Kansas City Royals,Minnesota Twins,2026-08-04T23:41:00+00:00,2026-08-04T12:53:01.230532+00:00,38878.769468,false,,,,,,,,,,,,,,,,,,,,,417,0.4292803970223325,,,,,,3,true,betfair+matchbook+smarkets,,,0.4292803970223325,0.4292803970223325,0.4335839598997493,17.730532,18.230532,sharp:0089,2026-08-04T12:53:01.230532+00:00,0,0.4292803970223325,,,3,,,,sharp:0090,18420.761847,,,,,true,2026-08-04T12:52:30+00:00,31.230532,0.42,0xa19325d1b8c160e1f819a3aec5b56ef0aaba5e65622ee4c8d0e14cac8aa9e2cf,false,true,true,true,0.0092803970223325,,,true,false,0,,,,,,,,,,,,,,,false,false,false,false,true,false,0,,,,,,,,,,,,,,,false,false,false,false,true,false,0,,,,,,,,,,,,,,,false,false,false,false,true,false,0,,,,,,,,,,,,,,,false,false,false,false
H2-v1-EVENT-M5,H2-v1,sharp:0090,sharp,90,1595178,0xb7cbbb1ae06d551cc95a17840350dda741d6f88aa5005d1a5a4e49f5de800980,mlb-min-kc-2026-08-04,Kansas City Royals,Minnesota Twins,2026-08-04T23:41:00+00:00,2026-08-04T18:00:01.992379+00:00,20458.007621,true,-1,,,,,,,,,,,,,,,,,,,,439,0.425061425061425,0.4292803970223325,-0.0042189719609075,-1,2026-08-04T12:53:01.230532+00:00,18420.761847,3,true,betfair+matchbook+smarkets,betfair+matchbook+smarkets,false,0.4236453201970444,0.425061425061425,0.42643391521197016,9.992379,15.992379,sharp:0090,2026-08-04T18:00:01.992379+00:00,0,0.425061425061425,-0.0042189719609075,-1,3,false,sharp:0089,18420.761847,sharp:0091,2700.25185,,,,,true,2026-08-04T17:08:30+00:00,3091.992379,0.42,0x09ee68e4805575445d2f43f7a929b5788b78bf860305281449ffab0fffb9050c,false,false,false,false,0.005061425061425,,,true,false,0,,,,,,,,,,,,,,,false,false,false,false,true,false,0,,,,,,,,,,,,,,,false,false,false,false,true,false,0,,,,,,,,,,,,,,,false,false,false,false,true,false,0,,,,,,,,,,,,,,,false,false,false,false
H2-v1-EVENT-M5,H2-v1,sharp:0091,sharp,91,1595178,0xb7cbbb1ae06d551cc95a17840350dda741d6f88aa5005d1a5a4e49f5de800980,mlb-min-kc-2026-08-04,Kansas City Royals,Minnesota Twins,2026-08-04T23:41:00+00:00,2026-08-04T18:45:02.244229+00:00,17757.755771,true,-1,,,,,,,,,,,,,,,,,,,,443,0.4236453201970444,0.425061425061425,-0.0014161048643806,-1,2026-08-04T18:00:01.992379+00:00,2700.25185,3,true,betfair+matchbook+smarkets,betfair+matchbook+smarkets,false,0.4236453201970444,0.4236453201970444,0.42643391521197016,13.244229,18.244229,sharp:0091,2026-08-04T18:45:02.244229+00:00,0,0.4236453201970444,-0.0014161048643806,-1,3,false,sharp:0090,2700.25185,sharp:0092,900.187795,,,,,true,2026-08-04T18:38:41+00:00,381.244229,0.4200000012,0x0223d2fb7ddf145929a61977a11523ff42cbb034604e256aca464554d84645f8,false,false,false,true,0.0036453189970444,,,true,false,0,,,,,,,,,,,,,,,false,false,false,false,true,false,0,,,,,,,,,,,,,,,false,false,false,false,true,false,0,,,,,,,,,,,,,,,false,false,false,false,true,true,3,2026-08-04T18:47:53+00:00,170.755771,0.42,-0.0000000012,0x6ad483418e89d7ecfb298ac8f9de44ad735b3321bb392eeaf4a6d1718c61793e,2026-08-04T18:49:27+00:00,264.755771,35.244229,0.42,-0.0000000012,0x2f3267c405d81d3628ad5bfa08815a61735fa517dd5a89e1d63e11d0462c841e,0.42,0.42,0,false,false,false,true
H2-v1-EVENT-M5,H2-v1,sharp:0092,sharp,92,1595178,0xb7cbbb1ae06d551cc95a17840350dda741d6f88aa5005d1a5a4e49f5de800980,mlb-min-kc-2026-08-04,Kansas City Royals,Minnesota Twins,2026-08-04T23:41:00+00:00,2026-08-04T19:00:02.432024+00:00,16857.567976,true,0,,,,,,,,,,,,,,,,,,,,445,0.4236453201970444,0.4236453201970444,0,0,2026-08-04T18:45:02.244229+00:00,900.187795,3,true,betfair+matchbook+smarkets,betfair+matchbook+smarkets,false,0.4236453201970444,0.4236453201970444,0.42643391521197016,17.432024,18.432024,sharp:0092,2026-08-04T19:00:02.432024+00:00,0,0.4236453201970444,0,0,3,false,sharp:0091,900.187795,sharp:0093,2699.509084,,,,,true,2026-08-04T18:56:18+00:00,224.432024,0.4299999632,0x24dff63e6d98c63cb5ed2300033effd41d86abc9be0aa37bd786ef153d6af98d,false,false,true,true,-0.0063546430029556,,,true,false,0,,,,,,,,,,,,,,,false,false,false,false,true,false,0,,,,,,,,,,,,,,,false,false,false,false,true,false,0,,,,,,,,,,,,,,,false,false,false,false,true,false,0,,,,,,,,,,,,,,,false,false,false,false
H2-v1-EVENT-M5,H2-v1,sharp:0093,sharp,93,1595178,0xb7cbbb1ae06d551cc95a17840350dda741d6f88aa5005d1a5a4e49f5de800980,mlb-min-kc-2026-08-04,Kansas City Royals,Minnesota Twins,2026-08-04T23:41:00+00:00,2026-08-04T19:45:01.941108+00:00,14158.058892,true,1,,,,,,,,,,,,,,,,,,,,449,0.425061425061425,0.4236453201970444,0.0014161048643806,1,2026-08-04T19:00:02.432024+00:00,2699.509084,3,true,betfair+matchbook+smarkets,betfair+matchbook+smarkets,false,0.425061425061425,0.425061425061425,0.4235588972431078,8.441108,9.941108,sharp:0093,2026-08-04T19:45:01.941108+00:00,0,0.425061425061425,0.0014161048643806,1,3,false,sharp:0092,2699.509084,sharp:0094,900.446254,,,,,true,2026-08-04T19:43:54+00:00,67.941108,0.43,0x43b3c01b6e253101466ff168cfd1734e79da710493b78c627a86350ac67fa0ea,false,false,true,true,-0.004938574938575,,,true,false,0,,,,,,,,,,,,,,,false,false,false,false,true,true,1,2026-08-04T19:45:14+00:00,12.058892,0.43,0,0xc70f1e45c3c0eb5ec0ae7c03790d8fdb02ab4608171a59237f7a7d223501a6ae,2026-08-04T19:45:14+00:00,12.058892,17.941108,0.43,0,0xc70f1e45c3c0eb5ec0ae7c03790d8fdb02ab4608171a59237f7a7d223501a6ae,0.43,0.43,0,false,false,true,true,true,true,1,2026-08-04T19:45:14+00:00,12.058892,0.43,0,0xc70f1e45c3c0eb5ec0ae7c03790d8fdb02ab4608171a59237f7a7d223501a6ae,2026-08-04T19:45:14+00:00,12.058892,47.941108,0.43,0,0xc70f1e45c3c0eb5ec0ae7c03790d8fdb02ab4608171a59237f7a7d223501a6ae,0.43,0.43,0,false,false,false,true,true,true,2,2026-08-04T19:45:14+00:00,12.058892,0.43,0,0xc70f1e45c3c0eb5ec0ae7c03790d8fdb02ab4608171a59237f7a7d223501a6ae,2026-08-04T19:47:27+00:00,145.058892,154.941108,0.4300000002,0.0000000002,0x4e8748840eac26d22c6567a60b15b287f3d9d96207ef43fbbda4917813830ce0,0.43,0.4300000002,0.0000000002,false,false,false,false
H2-v1-EVENT-M5,H2-v1,sharp:0094,sharp,94,1595178,0xb7cbbb1ae06d551cc95a17840350dda741d6f88aa5005d1a5a4e49f5de800980,mlb-min-kc-2026-08-04,Kansas City Royals,Minnesota Twins,2026-08-04T23:41:00+00:00,2026-08-04T20:00:02.387362+00:00,13257.612638,true,0,,,,,,,,,,,,,,,,,,,,451,0.425061425061425,0.425061425061425,0,0,2026-08-04T19:45:01.941108+00:00,900.446254,3,true,betfair+matchbook+smarkets,betfair+matchbook+smarkets,false,0.425061425061425,0.425061425061425,0.4235588972431078,13.387362,22.387362,sharp:0094,2026-08-04T20:00:02.387362+00:00,0,0.425061425061425,0,0,3,false,sharp:0093,900.446254,sharp:0095,2700.116294,,,,,true,2026-08-04T19:47:27+00:00,755.387362,0.4300000002,0x4e8748840eac26d22c6567a60b15b287f3d9d96207ef43fbbda4917813830ce0,false,false,false,false,-0.004938575138575,,,true,false,0,,,,,,,,,,,,,,,false,false,false,false,true,false,0,,,,,,,,,,,,,,,false,false,false,false,true,false,0,,,,,,,,,,,,,,,false,false,false,false,true,true,3,2026-08-04T20:02:23+00:00,140.612638,0.4399999974,0.0099999972,0x55b37aef446985dbf96e8202a45479d06c6685fc00de5416b8ade841665f3dff,2026-08-04T20:03:39+00:00,216.612638,83.387362,0.4399998064,0.0099998062,0x8fd912a6892696974af3eb8e4ca93fb43907a1c0a4f8f0038d0175a8b2ea7631,0.43,0.4399999974,0.0099999974,false,false,false,false
H2-v1-EVENT-M5,H2-v1,sharp:0095,sharp,95,1595178,0xb7cbbb1ae06d551cc95a17840350dda741d6f88aa5005d1a5a4e49f5de800980,mlb-min-kc-2026-08-04,Kansas City Royals,Minnesota Twins,2026-08-04T23:41:00+00:00,2026-08-04T20:45:02.503656+00:00,10557.496344,true,0,,,,,,,,,,,,,,,,,,,,455,0.425061425061425,0.425061425061425,0,0,2026-08-04T20:00:02.387362+00:00,2700.116294,3,true,betfair+matchbook+smarkets,betfair+matchbook+smarkets,false,0.425061425061425,0.425061425061425,0.4235588972431078,9.003656,17.503656,sharp:0095,2026-08-04T20:45:02.503656+00:00,0,0.425061425061425,0,0,3,false,sharp:0094,2700.116294,sharp:0096,899.67557,,,,,true,2026-08-04T20:43:54+00:00,68.503656,0.43,0x8749314cccf2487e7818788f835f69d631d823b48d3244ee84cca9fcb1d57355,false,false,true,true,-0.004938574938575,,,true,false,0,,,,,,,,,,,,,,,false,false,false,false,true,false,0,,,,,,,,,,,,,,,false,false,false,false,true,false,0,,,,,,,,,,,,,,,false,false,false,false,true,true,1,2026-08-04T20:48:42+00:00,219.496344,0.4300000034,0.0000000034,0x1a4b0724c083ff73b039193ded357d5d42196bded10717079014aed52250b41d,2026-08-04T20:48:42+00:00,219.496344,80.503656,0.4300000034,0.0000000034,0x1a4b0724c083ff73b039193ded357d5d42196bded10717079014aed52250b41d,0.4300000034,0.4300000034,0,false,false,false,false
H2-v1-EVENT-M5,H2-v1,sharp:0096,sharp,96,1595178,0xb7cbbb1ae06d551cc95a17840350dda741d6f88aa5005d1a5a4e49f5de800980,mlb-min-kc-2026-08-04,Kansas City Royals,Minnesota Twins,2026-08-04T23:41:00+00:00,2026-08-04T21:00:02.179226+00:00,9657.820774,true,0,,,,,,,,,,,,,,,,,,,,457,0.425061425061425,0.425061425061425,0,0,2026-08-04T20:45:02.503656+00:00,899.67557,3,true,betfair+matchbook+smarkets,betfair+matchbook+smarkets,false,0.425061425061425,0.425061425061425,0.4235588972431078,7.179226,14.179226,sharp:0096,2026-08-04T21:00:02.179226+00:00,0,0.425061425061425,0,0,3,false,sharp:0095,899.67557,sharp:0097,2699.784904,,,,,true,2026-08-04T20:59:30+00:00,32.179226,0.43,0xd773604b456e8f9e833a77004a87d9369a487f0059607dc424617ba1627b681d,false,true,true,true,-0.004938574938575,,,true,false,0,,,,,,,,,,,,,,,false,false,false,false,true,false,0,,,,,,,,,,,,,,,false,false,false,false,true,false,0,,,,,,,,,,,,,,,false,false,false,false,true,true,1,2026-08-04T21:03:38+00:00,215.820774,0.4300000777,0.0000000777,0xf0c20b09ac133580cdeb409324fdbe2b64c566b65c3a5f64c88dc3c74a206031,2026-08-04T21:03:38+00:00,215.820774,84.179226,0.4300000777,0.0000000777,0xf0c20b09ac133580cdeb409324fdbe2b64c566b65c3a5f64c88dc3c74a206031,0.4300000777,0.4300000777,0,false,false,false,false
H2-v1-EVENT-M5,H2-v1,sharp:0097,sharp,97,1595178,0xb7cbbb1ae06d551cc95a17840350dda741d6f88aa5005d1a5a4e49f5de800980,mlb-min-kc-2026-08-04,Kansas City Royals,Minnesota Twins,2026-08-04T23:41:00+00:00,2026-08-04T21:45:01.964130+00:00,6958.03587,true,0,,,,,,,,,,,,,,,,,,,,461,0.425061425061425,0.425061425061425,0,0,2026-08-04T21:00:02.179226+00:00,2699.784904,3,true,betfair+matchbook+smarkets,betfair+matchbook+smarkets,false,0.425061425061425,0.4229828850855746,0.42643391521197016,6.46413,7.96413,sharp:0097,2026-08-04T21:45:01.964130+00:00,0,0.425061425061425,0,0,3,false,sharp:0096,2699.784904,sharp:0098,900.84586,,,,,true,2026-08-04T21:44:15+00:00,46.96413,0.43,0x5b32e68f3920284330a3ab7943bbbd208a8b6d892235780d9ceed4873779dbe6,false,true,true,true,-0.004938574938575,,,true,false,0,,,,,,,,,,,,,,,false,false,false,false,true,false,0,,,,,,,,,,,,,,,false,false,false,false,true,false,0,,,,,,,,,,,,,,,false,false,false,false,true,true,2,2026-08-04T21:47:02+00:00,120.03587,0.430000002,0.000000002,0x9cb874a7d5771164effd74a708c0638d8749cdb6017e9dc38a38dd96c77da7ee,2026-08-04T21:49:03+00:00,241.03587,58.96413,0.4399999975,0.0099999975,0xe0376d27ff0bf5ff36d1201387803553a04b4d469a09399e1f6db974c88d6b94,0.430000002,0.4399999975,0.0099999955,false,false,false,true
H2-v1-EVENT-M5,H2-v1,sharp:0098,sharp,98,1595178,0xb7cbbb1ae06d551cc95a17840350dda741d6f88aa5005d1a5a4e49f5de800980,mlb-min-kc-2026-08-04,Kansas City Royals,Minnesota Twins,2026-08-04T23:41:00+00:00,2026-08-04T22:00:02.809990+00:00,6057.19001,true,0,,,,,,,,,,,,,,,,,,,,463,0.425061425061425,0.425061425061425,0,0,2026-08-04T21:45:01.964130+00:00,900.84586,3,true,betfair+matchbook+smarkets,betfair+matchbook+smarkets,false,0.425061425061425,0.425061425061425,0.42643391521197016,6.80999,12.80999,sharp:0098,2026-08-04T22:00:02.809990+00:00,0,0.425061425061425,0,0,3,false,sharp:0097,900.84586,sharp:0099,2698.89965,,,,,true,2026-08-04T21:58:45+00:00,77.80999,0.4399999894,0xeb191a3f2895b1d9a97c7fe22bd129d23bc44e149a5d1bf7eb79b644e98a65e0,false,false,true,true,-0.014938564338575,,,true,false,0,,,,,,,,,,,,,,,false,false,false,false,true,false,0,,,,,,,,,,,,,,,false,false,false,false,true,false,0,,,,,,,,,,,,,,,false,false,false,false,true,true,3,2026-08-04T22:01:42+00:00,99.19001,0.43,-0.0099999894,0x44284935ec22c2d0837c89765be8d23487ca23c1810f1fcb545341eb58613266,2026-08-04T22:04:56+00:00,293.19001,6.80999,0.44,0.0000000106,0xfb0f0148f484d758bbcdfc6a8a0a66a9d3f0de4a22b3fa9e9c3f14078b52b051,0.43,0.44,0.01,false,true,true,true
H2-v1-EVENT-M5,H2-v1,sharp:0099,sharp,99,1595178,0xb7cbbb1ae06d551cc95a17840350dda741d6f88aa5005d1a5a4e49f5de800980,mlb-min-kc-2026-08-04,Kansas City Royals,Minnesota Twins,2026-08-04T23:41:00+00:00,2026-08-04T22:45:01.709640+00:00,3358.29036,true,0,,,,,,,,,,,,,,,,,,,,467,0.425061425061425,0.425061425061425,0,0,2026-08-04T22:00:02.809990+00:00,2698.89965,3,true,betfair+matchbook+smarkets,betfair+matchbook+smarkets,false,0.425061425061425,0.425061425061425,0.42643391521197016,10.20964,11.70964,sharp:0099,2026-08-04T22:45:01.709640+00:00,0,0.425061425061425,0,0,3,false,sharp:0098,2698.89965,sharp:0100,900.345729,,,,,true,2026-08-04T22:43:20+00:00,101.70964,0.4200000001,0xf5970a248e457884deeec667db8a89666f5a7f0d1d86c9cc60d89a62e571b4e4,false,false,true,true,0.005061424961425,,,true,false,0,,,,,,,,,,,,,,,false,false,false,false,true,false,0,,,,,,,,,,,,,,,false,false,false,false,true,false,0,,,,,,,,,,,,,,,false,false,false,false,true,false,0,,,,,,,,,,,,,,,false,false,false,false
H2-v1-EVENT-M5,H2-v1,sharp:0100,sharp,100,1595178,0xb7cbbb1ae06d551cc95a17840350dda741d6f88aa5005d1a5a4e49f5de800980,mlb-min-kc-2026-08-04,Kansas City Royals,Minnesota Twins,2026-08-04T23:41:00+00:00,2026-08-04T23:00:02.055369+00:00,2457.944631,true,0,,,,,,,,,,,,,,,,,,,,469,0.425061425061425,0.425061425061425,0,0,2026-08-04T22:45:01.709640+00:00,900.345729,3,true,betfair+matchbook+smarkets,betfair+matchbook+smarkets,false,0.425061425061425,0.4222222222222223,0.42643391521197016,4.055369,14.055369,sharp:0100,2026-08-04T23:00:02.055369+00:00,0,0.425061425061425,0,0,3,false,sharp:0099,900.345729,,,,,,,true,2026-08-04T22:57:24+00:00,158.055369,0.42,0x83e5b8f2ba5e4b9c181e007b50a86a1710169c222855292397bb8c29c525b3b8,false,false,true,true,0.005061425061425,,,true,false,0,,,,,,,,,,,,,,,false,false,false,false,true,false,0,,,,,,,,,,,,,,,false,false,false,false,true,false,0,,,,,,,,,,,,,,,false,false,false,false,true,true,1,2026-08-04T23:01:05+00:00,62.944631,0.4200000012,0.0000000012,0x40ad864e8e187e19403276952c2da1c6c276c53698da41a8ae5f2e706ccceec1,2026-08-04T23:01:05+00:00,62.944631,237.055369,0.4200000012,0.0000000012,0x40ad864e8e187e19403276952c2da1c6c276c53698da41a8ae5f2e706ccceec1,0.4200000012,0.4200000012,0,false,false,false,false
H2-v1-EVENT-M5,H2-v1,rn1:0027,rn1,27,1615001,0x7e80d3794e50e7fb8626efb9a7826fd6deedd621f48e609a04f453235d6b7e60,mlb-det-sea-2026-08-05,Seattle Mariners,Detroit Tigers,2026-08-05T01:41:00+00:00,2026-08-04T06:07:57+00:00,70383,true,1,3229957,Seattle Mariners,home,BUY,0.54,0.54,110.02,59.4108,110.02,59.4108,0xa3882b1900d8124342e983d8b588e9e65df6852d739b8deda972844f6ca856cb,da317fad176169f354ac71db2d272fe05104e204ae3431f81c51b42135d686d2,1615001:2026-08-04T06:07:57+00:00,1,1,110.02,59.4108,1,1,,,,,,,,,,,,,,,,,,,,,,,,,,,,sharp:0101,24304.230532,,,rn1:0028,23,true,2026-08-04T03:39:17+00:00,8920,0.55,0x212222c94252c393d2e8a0537d3df1353b382b304b4dc40ea98c0cef1b37faff,false,false,false,false,,-0.01,,true,false,0,,,,,,,,,,,,,,,false,false,false,false,true,true,1,2026-08-04T06:08:20+00:00,23,0.54,-0.01,0xa313f8f94a95585149a3b20c572923e0ab8982926a6c959487bf22fcc6452890,2026-08-04T06:08:20+00:00,23,7,0.54,-0.01,0xa313f8f94a95585149a3b20c572923e0ab8982926a6c959487bf22fcc6452890,0.54,0.54,0,false,true,true,true,true,true,2,2026-08-04T06:08:20+00:00,23,0.54,-0.01,0xa313f8f94a95585149a3b20c572923e0ab8982926a6c959487bf22fcc6452890,2026-08-04T06:08:32+00:00,35,25,0.5499999859,-0.0000000141,0x87717a3b89d657d47805a718e986b2d957149fff62d98be7cf825c6ae30a5523,0.54,0.5499999859,0.0099999859,false,false,true,true,true,true,3,2026-08-04T06:08:20+00:00,23,0.54,-0.01,0xa313f8f94a95585149a3b20c572923e0ab8982926a6c959487bf22fcc6452890,2026-08-04T06:09:09+00:00,72,228,0.55,0,0x65d5cd92068feac578295918a61a20190c3a93cfcc2db89603c30d36022a5ae7,0.54,0.55,0.01,false,false,false,false
H2-v1-EVENT-M5,H2-v1,rn1:0028,rn1,28,1615001,0x7e80d3794e50e7fb8626efb9a7826fd6deedd621f48e609a04f453235d6b7e60,mlb-det-sea-2026-08-05,Seattle Mariners,Detroit Tigers,2026-08-05T01:41:00+00:00,2026-08-04T06:08:20+00:00,70360,true,1,3229957,Seattle Mariners,home,BUY,0.54,0.54,4.01,2.1654,4.01,2.1654,0xa313f8f94a95585149a3b20c572923e0ab8982926a6c959487bf22fcc6452890,183b768b4518ead3b9e729eb8d8b01bed3ba1c287a71a9389e448bcf887453a5,1615001:2026-08-04T06:08:20+00:00,1,1,4.01,2.1654,1,1,,,,,,,,,,,,,,,,,,,,,,,,,,,,sharp:0101,24281.230532,rn1:0027,23,,,true,2026-08-04T06:07:57+00:00,23,0.54,0xa3882b1900d8124342e983d8b588e9e65df6852d739b8deda972844f6ca856cb,true,true,true,true,,0,,true,false,0,,,,,,,,,,,,,,,false,false,false,false,true,true,1,2026-08-04T06:08:32+00:00,12,0.5499999859,0.0099999859,0x87717a3b89d657d47805a718e986b2d957149fff62d98be7cf825c6ae30a5523,2026-08-04T06:08:32+00:00,12,18,0.5499999859,0.0099999859,0x87717a3b89d657d47805a718e986b2d957149fff62d98be7cf825c6ae30a5523,0.5499999859,0.5499999859,0,false,false,true,true,true,true,2,2026-08-04T06:08:32+00:00,12,0.5499999859,0.0099999859,0x87717a3b89d657d47805a718e986b2d957149fff62d98be7cf825c6ae30a5523,2026-08-04T06:09:09+00:00,49,11,0.55,0.01,0x65d5cd92068feac578295918a61a20190c3a93cfcc2db89603c30d36022a5ae7,0.5499999859,0.55,0.0000000141,false,true,true,true,true,true,2,2026-08-04T06:08:32+00:00,12,0.5499999859,0.0099999859,0x87717a3b89d657d47805a718e986b2d957149fff62d98be7cf825c6ae30a5523,2026-08-04T06:09:09+00:00,49,251,0.55,0.01,0x65d5cd92068feac578295918a61a20190c3a93cfcc2db89603c30d36022a5ae7,0.5499999859,0.55,0.0000000141,false,false,false,false
H2-v1-EVENT-M5,H2-v1,sharp:0101,sharp,101,1615001,0x7e80d3794e50e7fb8626efb9a7826fd6deedd621f48e609a04f453235d6b7e60,mlb-det-sea-2026-08-05,Seattle Mariners,Detroit Tigers,2026-08-05T01:41:00+00:00,2026-08-04T12:53:01.230532+00:00,46078.769468,false,,,,,,,,,,,,,,,,,,,,,417,0.5614035087719298,,,,,,3,true,betfair+matchbook+smarkets,,,0.5614035087719298,0.56,0.5620253164556962,17.730532,18.230532,sharp:0101,2026-08-04T12:53:01.230532+00:00,0,0.5614035087719298,,,3,,,,sharp:0102,18420.761847,rn1:0028,24281.230532,,,true,2026-08-04T09:21:03+00:00,12718.230532,0.6,0x4a74ac8a257e107b07ddb08a605e2e506ced9ff66e258f76838b3e050ac79ad3,false,false,false,false,-0.0385964912280702,,,true,false,0,,,,,,,,,,,,,,,false,false,false,false,true,false,0,,,,,,,,,,,,,,,false,false,false,false,true,false,0,,,,,,,,,,,,,,,false,false,false,false,true,false,0,,,,,,,,,,,,,,,false,false,false,false
H2-v1-EVENT-M5,H2-v1,sharp:0102,sharp,102,1615001,0x7e80d3794e50e7fb8626efb9a7826fd6deedd621f48e609a04f453235d6b7e60,mlb-det-sea-2026-08-05,Seattle Mariners,Detroit Tigers,2026-08-05T01:41:00+00:00,2026-08-04T18:00:01.992379+00:00,27658.007621,true,-1,,,,,,,,,,,,,,,,,,,,439,0.53,0.5614035087719298,-0.0314035087719298,-1,2026-08-04T12:53:01.230532+00:00,18420.761847,3,true,betfair+matchbook+smarkets,betfair+matchbook+smarkets,false,0.53,0.53,0.5292620865139949,9.992379,15.992379,sharp:0102,2026-08-04T18:00:01.992379+00:00,0,0.53,-0.0314035087719298,-1,3,false,sharp:0101,18420.761847,sharp:0103,2700.25185,rn1:0028,42701.992379,,,true,2026-08-04T17:27:50+00:00,1931.992379,0.5543368932,0xeba3279c58ceebf934a34c282f379f135939909fb486498d7918bd3578ae447d,false,false,false,false,-0.0243368932,,,true,false,0,,,,,,,,,,,,,,,false,false,false,false,true,false,0,,,,,,,,,,,,,,,false,false,false,false,true,false,0,,,,,,,,,,,,,,,false,false,false,false,true,true,2,2026-08-04T18:02:59+00:00,177.007621,0.57,0.0156631068,0xf842d635bec5edb308545e2858fc441c40f8a0c79dad1a1635e909ee51b4d92a,2026-08-04T18:03:38+00:00,216.007621,83.992379,0.57,0.0156631068,0xe5703499c5d071f938d3b937c270c1f9a00b4f1d9e57d25ec37ab5c246c614ea,0.57,0.57,0,false,false,false,false
H2-v1-EVENT-M5,H2-v1,sharp:0103,sharp,103,1615001,0x7e80d3794e50e7fb8626efb9a7826fd6deedd621f48e609a04f453235d6b7e60,mlb-det-sea-2026-08-05,Seattle Mariners,Detroit Tigers,2026-08-05T01:41:00+00:00,2026-08-04T18:45:02.244229+00:00,24957.755771,true,-1,,,,,,,,,,,,,,,,,,,,443,0.525,0.53,-0.005,-1,2026-08-04T18:00:01.992379+00:00,2700.25185,3,true,betfair+matchbook+smarkets,betfair+matchbook+smarkets,false,0.525,0.525,0.5292620865139949,13.244229,18.244229,sharp:0103,2026-08-04T18:45:02.244229+00:00,0,0.525,-0.005,-1,3,false,sharp:0102,2700.25185,sharp:0104,900.187795,rn1:0028,45402.244229,,,true,2026-08-04T18:03:38+00:00,2484.244229,0.57,0xe5703499c5d071f938d3b937c270c1f9a00b4f1d9e57d25ec37ab5c246c614ea,false,false,false,false,-0.045,,,true,false,0,,,,,,,,,,,,,,,false,false,false,false,true,false,0,,,,,,,,,,,,,,,false,false,false,false,true,false,0,,,,,,,,,,,,,,,false,false,false,false,true,false,0,,,,,,,,,,,,,,,false,false,false,false
H2-v1-EVENT-M5,H2-v1,sharp:0104,sharp,104,1615001,0x7e80d3794e50e7fb8626efb9a7826fd6deedd621f48e609a04f453235d6b7e60,mlb-det-sea-2026-08-05,Seattle Mariners,Detroit Tigers,2026-08-05T01:41:00+00:00,2026-08-04T19:00:02.432024+00:00,24057.567976,true,0,,,,,,,,,,,,,,,,,,,,445,0.525,0.525,0,0,2026-08-04T18:45:02.244229+00:00,900.187795,3,true,betfair+matchbook+smarkets,betfair+matchbook+smarkets,false,0.525,0.525,0.5292620865139949,17.432024,18.432024,sharp:0104,2026-08-04T19:00:02.432024+00:00,0,0.525,0,0,3,false,sharp:0103,900.187795,sharp:0105,2699.509084,rn1:0028,46302.432024,,,true,2026-08-04T18:03:38+00:00,3384.432024,0.57,0xe5703499c5d071f938d3b937c270c1f9a00b4f1d9e57d25ec37ab5c246c614ea,false,false,false,false,-0.045,,,true,false,0,,,,,,,,,,,,,,,false,false,false,false,true,false,0,,,,,,,,,,,,,,,false,false,false,false,true,false,0,,,,,,,,,,,,,,,false,false,false,false,true,false,0,,,,,,,,,,,,,,,false,false,false,false
H2-v1-EVENT-M5,H2-v1,sharp:0105,sharp,105,1615001,0x7e80d3794e50e7fb8626efb9a7826fd6deedd621f48e609a04f453235d6b7e60,mlb-det-sea-2026-08-05,Seattle Mariners,Detroit Tigers,2026-08-05T01:41:00+00:00,2026-08-04T19:45:01.941108+00:00,21358.058892,true,1,,,,,,,,,,,,,,,,,,,,449,0.5289672544080604,0.525,0.0039672544080604,1,2026-08-04T19:00:02.432024+00:00,2699.509084,3,true,betfair+matchbook+smarkets,betfair+matchbook+smarkets,false,0.5263157894736843,0.5289672544080604,0.5292620865139949,8.441108,9.941108,sharp:0105,2026-08-04T19:45:01.941108+00:00,0,0.5289672544080604,0.0039672544080604,1,3,false,sharp:0104,2699.509084,sharp:0106,900.446254,rn1:0028,49001.941108,,,true,2026-08-04T18:03:38+00:00,6083.941108,0.57,0xe5703499c5d071f938d3b937c270c1f9a00b4f1d9e57d25ec37ab5c246c614ea,false,false,false,false,-0.0410327455919396,,,true,false,0,,,,,,,,,,,,,,,false,false,false,false,true,false,0,,,,,,,,,,,,,,,false,false,false,false,true,false,0,,,,,,,,,,,,,,,false,false,false,false,true,false,0,,,,,,,,,,,,,,,false,false,false,false
H2-v1-EVENT-M5,H2-v1,sharp:0106,sharp,106,1615001,0x7e80d3794e50e7fb8626efb9a7826fd6deedd621f48e609a04f453235d6b7e60,mlb-det-sea-2026-08-05,Seattle Mariners,Detroit Tigers,2026-08-05T01:41:00+00:00,2026-08-04T20:00:02.387362+00:00,20457.612638,true,0,,,,,,,,,,,,,,,,,,,,451,0.5289672544080604,0.5289672544080604,0,0,2026-08-04T19:45:01.941108+00:00,900.446254,3,true,betfair+matchbook+smarkets,betfair+matchbook+smarkets,false,0.5263157894736843,0.5289672544080604,0.5292620865139949,13.387362,22.387362,sharp:0106,2026-08-04T20:00:02.387362+00:00,0,0.5289672544080604,0,0,3,false,sharp:0105,900.446254,sharp:0107,2700.116294,rn1:0028,49902.387362,,,true,2026-08-04T18:03:38+00:00,6984.387362,0.57,0xe5703499c5d071f938d3b937c270c1f9a00b4f1d9e57d25ec37ab5c246c614ea,false,false,false,false,-0.0410327455919396,,,true,false,0,,,,,,,,,,,,,,,false,false,false,false,true,false,0,,,,,,,,,,,,,,,false,false,false,false,true,false,0,,,,,,,,,,,,,,,false,false,false,false,true,false,0,,,,,,,,,,,,,,,false,false,false,false
H2-v1-EVENT-M5,H2-v1,sharp:0107,sharp,107,1615001,0x7e80d3794e50e7fb8626efb9a7826fd6deedd621f48e609a04f453235d6b7e60,mlb-det-sea-2026-08-05,Seattle Mariners,Detroit Tigers,2026-08-05T01:41:00+00:00,2026-08-04T20:45:02.503656+00:00,17757.496344,true,-1,,,,,,,,,,,,,,,,,,,,455,0.5276381909547738,0.5289672544080604,-0.0013290634532866,-1,2026-08-04T20:00:02.387362+00:00,2700.116294,3,true,betfair+matchbook+smarkets,betfair+matchbook+smarkets,false,0.5276381909547738,0.5276381909547738,0.5292620865139949,9.003656,17.503656,sharp:0107,2026-08-04T20:45:02.503656+00:00,0,0.5276381909547738,-0.0013290634532866,-1,3,false,sharp:0106,2700.116294,sharp:0108,899.67557,rn1:0028,52602.503656,,,true,2026-08-04T18:03:38+00:00,9684.503656,0.57,0xe5703499c5d071f938d3b937c270c1f9a00b4f1d9e57d25ec37ab5c246c614ea,false,false,false,false,-0.0423618090452262,,,true,false,0,,,,,,,,,,,,,,,false,false,false,false,true,false,0,,,,,,,,,,,,,,,false,false,false,false,true,false,0,,,,,,,,,,,,,,,false,false,false,false,true,false,0,,,,,,,,,,,,,,,false,false,false,false
H2-v1-EVENT-M5,H2-v1,sharp:0108,sharp,108,1615001,0x7e80d3794e50e7fb8626efb9a7826fd6deedd621f48e609a04f453235d6b7e60,mlb-det-sea-2026-08-05,Seattle Mariners,Detroit Tigers,2026-08-05T01:41:00+00:00,2026-08-04T21:00:02.179226+00:00,16857.820774,true,0,,,,,,,,,,,,,,,,,,,,457,0.5276381909547738,0.5276381909547738,0,0,2026-08-04T20:45:02.503656+00:00,899.67557,3,true,betfair+matchbook+smarkets,betfair+matchbook+smarkets,false,0.5276381909547738,0.5276381909547738,0.5292620865139949,7.179226,14.179226,sharp:0108,2026-08-04T21:00:02.179226+00:00,0,0.5276381909547738,0,0,3,false,sharp:0107,899.67557,sharp:0109,2699.784904,rn1:0028,53502.179226,,,true,2026-08-04T18:03:38+00:00,10584.179226,0.57,0xe5703499c5d071f938d3b937c270c1f9a00b4f1d9e57d25ec37ab5c246c614ea,false,false,false,false,-0.0423618090452262,,,true,false,0,,,,,,,,,,,,,,,false,false,false,false,true,false,0,,,,,,,,,,,,,,,false,false,false,false,true,false,0,,,,,,,,,,,,,,,false,false,false,false,true,false,0,,,,,,,,,,,,,,,false,false,false,false
H2-v1-EVENT-M5,H2-v1,sharp:0109,sharp,109,1615001,0x7e80d3794e50e7fb8626efb9a7826fd6deedd621f48e609a04f453235d6b7e60,mlb-det-sea-2026-08-05,Seattle Mariners,Detroit Tigers,2026-08-05T01:41:00+00:00,2026-08-04T21:45:01.964130+00:00,14158.03587,true,1,,,,,,,,,,,,,,,,,,,,461,0.5363408521303258,0.5276381909547738,0.008702661175552,1,2026-08-04T21:00:02.179226+00:00,2699.784904,3,true,betfair+matchbook+smarkets,betfair+matchbook+smarkets,false,0.5363408521303258,0.5349999999999999,0.539440203562341,6.46413,7.96413,sharp:0109,2026-08-04T21:45:01.964130+00:00,0,0.5363408521303258,0.008702661175552,1,3,false,sharp:0108,2699.784904,sharp:0110,900.84586,rn1:0028,56201.96413,,,true,2026-08-04T18:03:38+00:00,13283.96413,0.57,0xe5703499c5d071f938d3b937c270c1f9a00b4f1d9e57d25ec37ab5c246c614ea,false,false,false,false,-0.0336591478696742,,,true,false,0,,,,,,,,,,,,,,,false,false,false,false,true,false,0,,,,,,,,,,,,,,,false,false,false,false,true,false,0,,,,,,,,,,,,,,,false,false,false,false,true,false,0,,,,,,,,,,,,,,,false,false,false,false
H2-v1-EVENT-M5,H2-v1,sharp:0110,sharp,110,1615001,0x7e80d3794e50e7fb8626efb9a7826fd6deedd621f48e609a04f453235d6b7e60,mlb-det-sea-2026-08-05,Seattle Mariners,Detroit Tigers,2026-08-05T01:41:00+00:00,2026-08-04T22:00:02.809990+00:00,13257.19001,true,-1,,,,,,,,,,,,,,,,,,,,463,0.531328320802005,0.5363408521303258,-0.0050125313283208,-1,2026-08-04T21:45:01.964130+00:00,900.84586,3,true,betfair+matchbook+smarkets,betfair+matchbook+smarkets,false,0.53499084369277305,0.531328320802005,0.5282051282051282,6.80999,12.80999,sharp:0110,2026-08-04T22:00:02.809990+00:00,0,0.531328320802005,-0.0050125313283208,-1,3,false,sharp:0109,900.84586,sharp:0111,2698.89965,rn1:0028,57102.80999,,,true,2026-08-04T18:03:38+00:00,14184.80999,0.57,0xe5703499c5d071f938d3b937c270c1f9a00b4f1d9e57d25ec37ab5c246c614ea,false,false,false,false,-0.038671679197995,,,true,false,0,,,,,,,,,,,,,,,false,false,false,false,true,false,0,,,,,,,,,,,,,,,false,false,false,false,true,false,0,,,,,,,,,,,,,,,false,false,false,false,true,false,0,,,,,,,,,,,,,,,false,false,false,false
H2-v1-EVENT-M5,H2-v1,sharp:0111,sharp,111,1615001,0x7e80d3794e50e7fb8626efb9a7826fd6deedd621f48e609a04f453235d6b7e60,mlb-det-sea-2026-08-05,Seattle Mariners,Detroit Tigers,2026-08-05T01:41:00+00:00,2026-08-04T22:45:01.709640+00:00,10558.29036,true,1,,,,,,,,,,,,,,,,,,,,467,0.5349999999999999,0.531328320802005,0.0036716791979949,1,2026-08-04T22:00:02.809990+00:00,2698.89965,3,true,betfair+matchbook+smarkets,betfair+matchbook+smarkets,false,0.5349999999999999,0.5349999999999999,0.5316455696202531,10.20964,11.70964,sharp:0111,2026-08-04T22:45:01.709640+00:00,0,0.5349999999999999,0.0036716791979949,1,3,false,sharp:0110,2698.89965,sharp:0112,900.345729,rn1:0028,59801.70964,,,true,2026-08-04T18:03:38+00:00,16883.70964,0.57,0xe5703499c5d071f938d3b937c270c1f9a00b4f1d9e57d25ec37ab5c246c614ea,false,false,false,false,-0.0350000000000001,,,true,false,0,,,,,,,,,,,,,,,false,false,false,false,true,false,0,,,,,,,,,,,,,,,false,false,false,false,true,false,0,,,,,,,,,,,,,,,false,false,false,false,true,false,0,,,,,,,,,,,,,,,false,false,false,false
H2-v1-EVENT-M5,H2-v1,sharp:0112,sharp,112,1615001,0x7e80d3794e50e7fb8626efb9a7826fd6deedd621f48e609a04f453235d6b7e60,mlb-det-sea-2026-08-05,Seattle Mariners,Detroit Tigers,2026-08-05T01:41:00+00:00,2026-08-04T23:00:02.055369+00:00,9657.944631,true,-1,,,,,,,,,,,,,,,,,,,,469,0.531328320802005,0.5349999999999999,-0.0036716791979949,-1,2026-08-04T22:45:01.709640+00:00,900.345729,3,true,betfair+matchbook+smarkets,betfair+matchbook+smarkets,false,0.531328320802005,0.531328320802005,0.5316455696202531,4.055369,14.055369,sharp:0112,2026-08-04T23:00:02.055369+00:00,0,0.531328320802005,-0.0036716791979949,-1,3,false,sharp:0111,900.345729,,,rn1:0028,60702.055369,,,true,2026-08-04T18:03:38+00:00,17784.055369,0.57,0xe5703499c5d071f938d3b937c270c1f9a00b4f1d9e57d25ec37ab5c246c614ea,false,false,false,false,-0.038671679197995,,,true,false,0,,,,,,,,,,,,,,,false,false,false,false,true,false,0,,,,,,,,,,,,,,,false,false,false,false,true,false,0,,,,,,,,,,,,,,,false,false,false,false,true,false,0,,,,,,,,,,,,,,,false,false,false,false
H2-v1-EVENT-M5,H2-v1,sharp:0113,sharp,113,1614998,0x76daa37c1941c4bd4c5906e3471f879f662bf5da5f40a29ee0bb33322b9a2dcc,mlb-sd-ari-2026-08-05,Arizona Diamondbacks,San Diego Padres,2026-08-05T01:41:00+00:00,2026-08-04T12:53:01.230532+00:00,46078.769468,false,,,,,,,,,,,,,,,,,,,,,417,0.5477386934673367,,,,,,3,true,betfair+matchbook+smarkets,,,0.5477386934673367,0.5477386934673367,0.5491183879093199,17.730532,18.230532,sharp:0113,2026-08-04T12:53:01.230532+00:00,0,0.5477386934673367,,,3,,,,sharp:0114,18420.761847,,,,,false,,,,,false,false,false,false,,,,true,false,0,,,,,,,,,,,,,,,false,false,false,false,true,false,0,,,,,,,,,,,,,,,false,false,false,false,true,false,0,,,,,,,,,,,,,,,false,false,false,false,true,false,0,,,,,,,,,,,,,,,false,false,false,false
H2-v1-EVENT-M5,H2-v1,sharp:0114,sharp,114,1614998,0x76daa37c1941c4bd4c5906e3471f879f662bf5da5f40a29ee0bb33322b9a2dcc,mlb-sd-ari-2026-08-05,Arizona Diamondbacks,San Diego Padres,2026-08-05T01:41:00+00:00,2026-08-04T18:00:01.992379+00:00,27658.007621,true,-1,,,,,,,,,,,,,,,,,,,,439,0.5239294710327457,0.5477386934673367,-0.023809222434591,-1,2026-08-04T12:53:01.230532+00:00,18420.761847,3,true,betfair+matchbook+smarkets,betfair+matchbook+smarkets,false,0.5239294710327457,0.5263157894736843,0.5204081632653061,9.992379,15.992379,sharp:0114,2026-08-04T18:00:01.992379+00:00,0,0.5239294710327457,-0.023809222434591,-1,3,false,sharp:0113,18420.761847,sharp:0115,2700.25185,,,,,false,,,,,false,false,false,false,,,,true,false,0,,,,,,,,,,,,,,,false,false,false,false,true,false,0,,,,,,,,,,,,,,,false,false,false,false,true,false,0,,,,,,,,,,,,,,,false,false,false,false,true,false,0,,,,,,,,,,,,,,,false,false,false,false
H2-v1-EVENT-M5,H2-v1,sharp:0115,sharp,115,1614998,0x76daa37c1941c4bd4c5906e3471f879f662bf5da5f40a29ee0bb33322b9a2dcc,mlb-sd-ari-2026-08-05,Arizona Diamondbacks,San Diego Padres,2026-08-05T01:41:00+00:00,2026-08-04T18:45:02.244229+00:00,24957.755771,true,1,,,,,,,,,,,,,,,,,,,,443,0.5263157894736843,0.5239294710327457,0.0023863184409386,1,2026-08-04T18:00:01.992379+00:00,2700.25185,3,true,betfair+matchbook+smarkets,betfair+matchbook+smarkets,false,0.5263157894736843,0.5263157894736843,0.5241730279898218,13.244229,18.244229,sharp:0115,2026-08-04T18:45:02.244229+00:00,0,0.5263157894736843,0.0023863184409386,1,3,false,sharp:0114,2700.25185,sharp:0116,900.187795,,,,,true,2026-08-04T18:27:56+00:00,1026.244229,0.51,0x8f88a1189bf1599b949e354c4aa7ddc0ff6d79d3f92b52f0bc97c463b5f8a08d,false,false,false,false,0.0163157894736843,,,true,false,0,,,,,,,,,,,,,,,false,false,false,false,true,false,0,,,,,,,,,,,,,,,false,false,false,false,true,false,0,,,,,,,,,,,,,,,false,false,false,false,true,true,1,2026-08-04T18:49:24+00:00,261.755771,0.51,0,0xc268b084cb613d4930fd55c3687b0f2261068e59fc6247e9d19e15c7d4c2a3b7,2026-08-04T18:49:24+00:00,261.755771,38.244229,0.51,0,0xc268b084cb613d4930fd55c3687b0f2261068e59fc6247e9d19e15c7d4c2a3b7,0.51,0.51,0,false,false,false,true
H2-v1-EVENT-M5,H2-v1,sharp:0116,sharp,116,1614998,0x76daa37c1941c4bd4c5906e3471f879f662bf5da5f40a29ee0bb33322b9a2dcc,mlb-sd-ari-2026-08-05,Arizona Diamondbacks,San Diego Padres,2026-08-05T01:41:00+00:00,2026-08-04T19:00:02.432024+00:00,24057.567976,true,0,,,,,,,,,,,,,,,,,,,,445,0.5263157894736843,0.5263157894736843,0,0,2026-08-04T18:45:02.244229+00:00,900.187795,3,true,betfair+matchbook+smarkets,betfair+matchbook+smarkets,false,0.5263157894736843,0.5263157894736843,0.5228426395939086,17.432024,18.432024,sharp:0116,2026-08-04T19:00:02.432024+00:00,0,0.5263157894736843,0,0,3,false,sharp:0115,900.187795,sharp:0117,2699.509084,,,,,true,2026-08-04T18:49:24+00:00,638.432024,0.51,0xc268b084cb613d4930fd55c3687b0f2261068e59fc6247e9d19e15c7d4c2a3b7,false,false,false,false,0.0163157894736843,,,true,false,0,,,,,,,,,,,,,,,false,false,false,false,true,false,0,,,,,,,,,,,,,,,false,false,false,false,true,false,0,,,,,,,,,,,,,,,false,false,false,false,true,false,0,,,,,,,,,,,,,,,false,false,false,false
H2-v1-EVENT-M5,H2-v1,sharp:0117,sharp,117,1614998,0x76daa37c1941c4bd4c5906e3471f879f662bf5da5f40a29ee0bb33322b9a2dcc,mlb-sd-ari-2026-08-05,Arizona Diamondbacks,San Diego Padres,2026-08-05T01:41:00+00:00,2026-08-04T19:45:01.941108+00:00,21358.058892,true,0,,,,,,,,,,,,,,,,,,,,449,0.5263157894736843,0.5263157894736843,0,0,2026-08-04T19:00:02.432024+00:00,2699.509084,3,true,betfair+matchbook+smarkets,betfair+matchbook+smarkets,false,0.5263157894736843,0.5263157894736843,0.5241730279898218,8.441108,9.941108,sharp:0117,2026-08-04T19:45:01.941108+00:00,0,0.5263157894736843,0,0,3,false,sharp:0116,2699.509084,sharp:0118,900.446254,,,,,true,2026-08-04T18:49:24+00:00,3337.941108,0.51,0xc268b084cb613d4930fd55c3687b0f2261068e59fc6247e9d19e15c7d4c2a3b7,false,false,false,false,0.0163157894736843,,,true,false,0,,,,,,,,,,,,,,,false,false,false,false,true,false,0,,,,,,,,,,,,,,,false,false,false,false,true,false,0,,,,,,,,,,,,,,,false,false,false,false,true,false,0,,,,,,,,,,,,,,,false,false,false,false
H2-v1-EVENT-M5,H2-v1,sharp:0118,sharp,118,1614998,0x76daa37c1941c4bd4c5906e3471f879f662bf5da5f40a29ee0bb33322b9a2dcc,mlb-sd-ari-2026-08-05,Arizona Diamondbacks,San Diego Padres,2026-08-05T01:41:00+00:00,2026-08-04T20:00:02.387362+00:00,20457.612638,true,0,,,,,,,,,,,,,,,,,,,,451,0.5263157894736843,0.5263157894736843,0,0,2026-08-04T19:45:01.941108+00:00,900.446254,3,true,betfair+matchbook+smarkets,betfair+matchbook+smarkets,false,0.5263157894736843,0.5263157894736843,0.5241730279898218,13.387362,22.387362,sharp:0118,2026-08-04T20:00:02.387362+00:00,0,0.5263157894736843,0,0,3,false,sharp:0117,900.446254,sharp:0119,2700.116294,,,,,true,2026-08-04T18:49:24+00:00,4238.387362,0.51,0xc268b084cb613d4930fd55c3687b0f2261068e59fc6247e9d19e15c7d4c2a3b7,false,false,false,false,0.0163157894736843,,,true,false,0,,,,,,,,,,,,,,,false,false,false,false,true,false,0,,,,,,,,,,,,,,,false,false,false,false,true,false,0,,,,,,,,,,,,,,,false,false,false,false,true,false,0,,,,,,,,,,,,,,,false,false,false,false
H2-v1-EVENT-M5,H2-v1,sharp:0119,sharp,119,1614998,0x76daa37c1941c4bd4c5906e3471f879f662bf5da5f40a29ee0bb33322b9a2dcc,mlb-sd-ari-2026-08-05,Arizona Diamondbacks,San Diego Padres,2026-08-05T01:41:00+00:00,2026-08-04T20:45:02.503656+00:00,17757.496344,true,-1,,,,,,,,,,,,,,,,,,,,455,0.525,0.5263157894736843,-0.0013157894736843,-1,2026-08-04T20:00:02.387362+00:00,2700.116294,3,true,betfair+matchbook+smarkets,betfair+matchbook+smarkets,false,0.525,0.525,0.5204081632653061,9.003656,17.503656,sharp:0119,2026-08-04T20:45:02.503656+00:00,0,0.525,-0.0013157894736843,-1,3,false,sharp:0118,2700.116294,sharp:0120,899.67557,,,,,true,2026-08-04T18:49:24+00:00,6938.503656,0.51,0xc268b084cb613d4930fd55c3687b0f2261068e59fc6247e9d19e15c7d4c2a3b7,false,false,false,false,0.015,,,true,false,0,,,,,,,,,,,,,,,false,false,false,false,true,false,0,,,,,,,,,,,,,,,false,false,false,false,true,false,0,,,,,,,,,,,,,,,false,false,false,false,true,false,0,,,,,,,,,,,,,,,false,false,false,false
H2-v1-EVENT-M5,H2-v1,sharp:0120,sharp,120,1614998,0x76daa37c1941c4bd4c5906e3471f879f662bf5da5f40a29ee0bb33322b9a2dcc,mlb-sd-ari-2026-08-05,Arizona Diamondbacks,San Diego Padres,2026-08-05T01:41:00+00:00,2026-08-04T21:00:02.179226+00:00,16857.820774,true,0,,,,,,,,,,,,,,,,,,,,457,0.525,0.525,0,0,2026-08-04T20:45:02.503656+00:00,899.67557,3,true,betfair+matchbook+smarkets,betfair+matchbook+smarkets,false,0.525,0.525,0.5204081632653061,7.179226,14.179226,sharp:0120,2026-08-04T21:00:02.179226+00:00,0,0.525,0,0,3,false,sharp:0119,899.67557,sharp:0121,2699.784904,,,,,true,2026-08-04T18:49:24+00:00,7838.179226,0.51,0xc268b084cb613d4930fd55c3687b0f2261068e59fc6247e9d19e15c7d4c2a3b7,false,false,false,false,0.015,,,true,false,0,,,,,,,,,,,,,,,false,false,false,false,true,false,0,,,,,,,,,,,,,,,false,false,false,false,true,false,0,,,,,,,,,,,,,,,false,false,false,false,true,false,0,,,,,,,,,,,,,,,false,false,false,false
H2-v1-EVENT-M5,H2-v1,sharp:0121,sharp,121,1614998,0x76daa37c1941c4bd4c5906e3471f879f662bf5da5f40a29ee0bb33322b9a2dcc,mlb-sd-ari-2026-08-05,Arizona Diamondbacks,San Diego Padres,2026-08-05T01:41:00+00:00,2026-08-04T21:45:01.964130+00:00,14158.03587,true,-1,,,,,,,,,,,,,,,,,,,,461,0.5166240409207161,0.525,-0.0083759590792839,-1,2026-08-04T21:00:02.179226+00:00,2699.784904,3,true,betfair+matchbook+smarkets,betfair+matchbook+smarkets,false,0.5175879396984925,0.5162907268170427,0.5166240409207161,6.46413,7.96413,sharp:0121,2026-08-04T21:45:01.964130+00:00,0,0.5166240409207161,-0.0083759590792839,-1,3,false,sharp:0120,2699.784904,sharp:0122,900.84586,,,,,true,2026-08-04T18:49:24+00:00,10537.96413,0.51,0xc268b084cb613d4930fd55c3687b0f2261068e59fc6247e9d19e15c7d4c2a3b7,false,false,false,false,0.0066240409207161,,,true,false,0,,,,,,,,,,,,,,,false,false,false,false,true,false,0,,,,,,,,,,,,,,,false,false,false,false,true,false,0,,,,,,,,,,,,,,,false,false,false,false,true,false,0,,,,,,,,,,,,,,,false,false,false,false
H2-v1-EVENT-M5,H2-v1,sharp:0122,sharp,122,1614998,0x76daa37c1941c4bd4c5906e3471f879f662bf5da5f40a29ee0bb33322b9a2dcc,mlb-sd-ari-2026-08-05,Arizona Diamondbacks,San Diego Padres,2026-08-05T01:41:00+00:00,2026-08-04T22:00:02.809990+00:00,13257.19001,true,1,,,,,,,,,,,,,,,,,,,,463,0.5213032581453634,0.5166240409207161,0.0046792172246473,1,2026-08-04T21:45:01.964130+00:00,900.84586,3,true,betfair+matchbook+smarkets,betfair+matchbook+smarkets,false,0.5226130653266332,0.5213032581453634,0.5190839694656489,6.80999,12.80999,sharp:0122,2026-08-04T22:00:02.809990+00:00,0,0.5213032581453634,0.0046792172246473,1,3,false,sharp:0121,900.84586,sharp:0123,2698.89965,,,,,true,2026-08-04T18:49:24+00:00,11438.80999,0.51,0xc268b084cb613d4930fd55c3687b0f2261068e59fc6247e9d19e15c7d4c2a3b7,false,false,false,false,0.0113032581453634,,,true,false,0,,,,,,,,,,,,,,,false,false,false,false,true,false,0,,,,,,,,,,,,,,,false,false,false,false,true,false,0,,,,,,,,,,,,,,,false,false,false,false,true,false,0,,,,,,,,,,,,,,,false,false,false,false
H2-v1-EVENT-M5,H2-v1,sharp:0123,sharp,123,1614998,0x76daa37c1941c4bd4c5906e3471f879f662bf5da5f40a29ee0bb33322b9a2dcc,mlb-sd-ari-2026-08-05,Arizona Diamondbacks,San Diego Padres,2026-08-05T01:41:00+00:00,2026-08-04T22:45:01.709640+00:00,10558.29036,true,1,,,,,,,,,,,,,,,,,,,,467,0.5226130653266332,0.5213032581453634,0.0013098071812698,1,2026-08-04T22:00:02.809990+00:00,2698.89965,3,true,betfair+matchbook+smarkets,betfair+matchbook+smarkets,false,0.5226130653266332,0.5226130653266332,0.5228426395939086,10.20964,11.70964,sharp:0123,2026-08-04T22:45:01.709640+00:00,0,0.5226130653266332,0.0013098071812698,1,3,false,sharp:0122,2698.89965,sharp:0124,900.345729,,,,,true,2026-08-04T18:49:24+00:00,14137.70964,0.51,0xc268b084cb613d4930fd55c3687b0f2261068e59fc6247e9d19e15c7d4c2a3b7,false,false,false,false,0.0126130653266332,,,true,false,0,,,,,,,,,,,,,,,false,false,false,false,true,false,0,,,,,,,,,,,,,,,false,false,false,false,true,false,0,,,,,,,,,,,,,,,false,false,false,false,true,false,0,,,,,,,,,,,,,,,false,false,false,false
H2-v1-EVENT-M5,H2-v1,sharp:0124,sharp,124,1614998,0x76daa37c1941c4bd4c5906e3471f879f662bf5da5f40a29ee0bb33322b9a2dcc,mlb-sd-ari-2026-08-05,Arizona Diamondbacks,San Diego Padres,2026-08-05T01:41:00+00:00,2026-08-04T23:00:02.055369+00:00,9657.944631,true,1,,,,,,,,,,,,,,,,,,,,469,0.5241730279898218,0.5226130653266332,0.0015599626631886,1,2026-08-04T22:45:01.709640+00:00,900.345729,3,true,betfair+matchbook+smarkets,betfair+matchbook+smarkets,false,0.5239294710327457,0.5263157894736843,0.5241730279898218,4.055369,14.055369,sharp:0124,2026-08-04T23:00:02.055369+00:00,0,0.5241730279898218,0.0015599626631886,1,3,false,sharp:0123,900.345729,,,,,,,true,2026-08-04T18:49:24+00:00,15038.055369,0.51,0xc268b084cb613d4930fd55c3687b0f2261068e59fc6247e9d19e15c7d4c2a3b7,false,false,false,false,0.0141730279898218,,,true,false,0,,,,,,,,,,,,,,,false,false,false,false,true,false,0,,,,,,,,,,,,,,,false,false,false,false,true,false,0,,,,,,,,,,,,,,,false,false,false,false,true,false,0,,,,,,,,,,,,,,,false,false,false,false
H2-v1-EVENT-M5,H2-v1,sharp:0125,sharp,125,1614971,0x83175ebfdbce08270cc11b4f741f364f158ba707af2d1d46ed44657f0e60befd,mlb-tor-hou-2026-08-05,Houston Astros,Toronto Blue Jays,2026-08-05T18:10:03+00:00,2026-08-04T18:45:02.244229+00:00,84300.755771,false,,,,,,,,,,,,,,,,,,,,,443,0.49175824175824173,,,,,,1,false,smarkets,,,,,0.49175824175824173,18.244229,18.244229,sharp:0125,2026-08-04T18:45:02.244229+00:00,0,0.49175824175824173,,,1,,,,sharp:0126,900.187795,,,,,true,2026-08-04T18:18:11+00:00,1611.244229,0.5200000247,0xd319977d2074cf0b53110f76b901637bc038a86db9534d59e6f071754d484215,false,false,false,false,-0.02824178294175827,,,true,false,0,,,,,,,,,,,,,,,false,false,false,false,true,false,0,,,,,,,,,,,,,,,false,false,false,false,true,false,0,,,,,,,,,,,,,,,false,false,false,false,true,false,0,,,,,,,,,,,,,,,false,false,false,false
H2-v1-EVENT-M5,H2-v1,sharp:0126,sharp,126,1614971,0x83175ebfdbce08270cc11b4f741f364f158ba707af2d1d46ed44657f0e60befd,mlb-tor-hou-2026-08-05,Houston Astros,Toronto Blue Jays,2026-08-05T18:10:03+00:00,2026-08-04T19:00:02.432024+00:00,83400.567976,true,0,,,,,,,,,,,,,,,,,,,,445,0.49175824175824173,0.49175824175824173,0,0,2026-08-04T18:45:02.244229+00:00,900.187795,1,false,smarkets,smarkets,false,,,0.49175824175824173,3.432024,3.432024,sharp:0126,2026-08-04T19:00:02.432024+00:00,0,0.49175824175824173,0,0,1,false,sharp:0125,900.187795,sharp:0127,2699.509084,,,,,true,2026-08-04T18:18:11+00:00,2511.432024,0.5200000247,0xd319977d2074cf0b53110f76b901637bc038a86db9534d59e6f071754d484215,false,false,false,false,-0.02824178294175827,,,true,false,0,,,,,,,,,,,,,,,false,false,false,false,true,false,0,,,,,,,,,,,,,,,false,false,false,false,true,false,0,,,,,,,,,,,,,,,false,false,false,false,true,false,0,,,,,,,,,,,,,,,false,false,false,false
H2-v1-EVENT-M5,H2-v1,sharp:0127,sharp,127,1614971,0x83175ebfdbce08270cc11b4f741f364f158ba707af2d1d46ed44657f0e60befd,mlb-tor-hou-2026-08-05,Houston Astros,Toronto Blue Jays,2026-08-05T18:10:03+00:00,2026-08-04T19:45:01.941108+00:00,80701.058892,true,0,,,,,,,,,,,,,,,,,,,,449,0.49175824175824173,0.49175824175824173,0,0,2026-08-04T19:00:02.432024+00:00,2699.509084,1,false,smarkets,smarkets,false,,,0.49175824175824173,9.941108,9.941108,sharp:0127,2026-08-04T19:45:01.941108+00:00,0,0.49175824175824173,0,0,1,false,sharp:0126,2699.509084,sharp:0128,900.446254,,,,,true,2026-08-04T18:18:11+00:00,5210.941108,0.5200000247,0xd319977d2074cf0b53110f76b901637bc038a86db9534d59e6f071754d484215,false,false,false,false,-0.02824178294175827,,,true,false,0,,,,,,,,,,,,,,,false,false,false,false,true,false,0,,,,,,,,,,,,,,,false,false,false,false,true,false,0,,,,,,,,,,,,,,,false,false,false,false,true,false,0,,,,,,,,,,,,,,,false,false,false,false
H2-v1-EVENT-M5,H2-v1,sharp:0128,sharp,128,1614971,0x83175ebfdbce08270cc11b4f741f364f158ba707af2d1d46ed44657f0e60befd,mlb-tor-hou-2026-08-05,Houston Astros,Toronto Blue Jays,2026-08-05T18:10:03+00:00,2026-08-04T20:00:02.387362+00:00,79800.612638,true,0,,,,,,,,,,,,,,,,,,,,451,0.49175824175824173,0.49175824175824173,0,0,2026-08-04T19:45:01.941108+00:00,900.446254,1,false,smarkets,smarkets,false,,,0.49175824175824173,22.387362,22.387362,sharp:0128,2026-08-04T20:00:02.387362+00:00,0,0.49175824175824173,0,0,1,false,sharp:0127,900.446254,sharp:0129,2700.116294,,,,,true,2026-08-04T18:18:11+00:00,6111.387362,0.5200000247,0xd319977d2074cf0b53110f76b901637bc038a86db9534d59e6f071754d484215,false,false,false,false,-0.02824178294175827,,,true,false,0,,,,,,,,,,,,,,,false,false,false,false,true,false,0,,,,,,,,,,,,,,,false,false,false,false,true,false,0,,,,,,,,,,,,,,,false,false,false,false,true,false,0,,,,,,,,,,,,,,,false,false,false,false
H2-v1-EVENT-M5,H2-v1,sharp:0129,sharp,129,1614971,0x83175ebfdbce08270cc11b4f741f364f158ba707af2d1d46ed44657f0e60befd,mlb-tor-hou-2026-08-05,Houston Astros,Toronto Blue Jays,2026-08-05T18:10:03+00:00,2026-08-04T20:45:02.503656+00:00,77100.496344,true,1,,,,,,,,,,,,,,,,,,,,455,0.5139832078034325,0.49175824175824173,0.02222496604519077,1,2026-08-04T20:00:02.387362+00:00,2700.116294,2,true,matchbook+smarkets,smarkets,true,,0.5224719101123595,0.5054945054945055,13.503656,17.503656,sharp:0129,2026-08-04T20:45:02.503656+00:00,0,0.5139832078034325,0.02222496604519077,1,2,true,sharp:0128,2700.116294,sharp:0130,899.67557,,,,,true,2026-08-04T18:18:11+00:00,8811.503656,0.5200000247,0xd319977d2074cf0b53110f76b901637bc038a86db9534d59e6f071754d484215,false,false,false,false,-0.0060168168965675,,,true,false,0,,,,,,,,,,,,,,,false,false,false,false,true,false,0,,,,,,,,,,,,,,,false,false,false,false,true,false,0,,,,,,,,,,,,,,,false,false,false,false,true,false,0,,,,,,,,,,,,,,,false,false,false,false
H2-v1-EVENT-M5,H2-v1,sharp:0130,sharp,130,1614971,0x83175ebfdbce08270cc11b4f741f364f158ba707af2d1d46ed44657f0e60befd,mlb-tor-hou-2026-08-05,Houston Astros,Toronto Blue Jays,2026-08-05T18:10:03+00:00,2026-08-04T21:00:02.179226+00:00,76200.820774,true,0,,,,,,,,,,,,,,,,,,,,457,0.5139832078034325,0.5139832078034325,0,0,2026-08-04T20:45:02.503656+00:00,899.67557,2,true,matchbook+smarkets,matchbook+smarkets,false,,0.5224719101123595,0.5054945054945055,10.679226,14.179226,sharp:0130,2026-08-04T21:00:02.179226+00:00,0,0.5139832078034325,0,0,2,false,sharp:0129,899.67557,sharp:0131,2699.784904,,,,,true,2026-08-04T18:18:11+00:00,9711.179226,0.5200000247,0xd319977d2074cf0b53110f76b901637bc038a86db9534d59e6f071754d484215,false,false,false,false,-0.0060168168965675,,,true,false,0,,,,,,,,,,,,,,,false,false,false,false,true,false,0,,,,,,,,,,,,,,,false,false,false,false,true,false,0,,,,,,,,,,,,,,,false,false,false,false,true,false,0,,,,,,,,,,,,,,,false,false,false,false
H2-v1-EVENT-M5,H2-v1,sharp:0131,sharp,131,1614971,0x83175ebfdbce08270cc11b4f741f364f158ba707af2d1d46ed44657f0e60befd,mlb-tor-hou-2026-08-05,Houston Astros,Toronto Blue Jays,2026-08-05T18:10:03+00:00,2026-08-04T21:45:01.964130+00:00,73501.03587,true,-1,,,,,,,,,,,,,,,,,,,,461,0.5110805860805861,0.5139832078034325,-0.0029026217228464,-1,2026-08-04T21:00:02.179226+00:00,2699.784904,2,true,matchbook+smarkets,matchbook+smarkets,false,,0.5166666666666667,0.5054945054945055,6.96413,7.96413,sharp:0131,2026-08-04T21:45:01.964130+00:00,0,0.5110805860805861,-0.0029026217228464,-1,2,false,sharp:0130,2699.784904,sharp:0132,900.84586,,,,,true,2026-08-04T18:18:11+00:00,12410.96413,0.5200000247,0xd319977d2074cf0b53110f76b901637bc038a86db9534d59e6f071754d484215,false,false,false,false,-0.0089194386194139,,,true,false,0,,,,,,,,,,,,,,,false,false,false,false,true,false,0,,,,,,,,,,,,,,,false,false,false,false,true,false,0,,,,,,,,,,,,,,,false,false,false,false,true,false,0,,,,,,,,,,,,,,,false,false,false,false
H2-v1-EVENT-M5,H2-v1,sharp:0132,sharp,132,1614971,0x83175ebfdbce08270cc11b4f741f364f158ba707af2d1d46ed44657f0e60befd,mlb-tor-hou-2026-08-05,Houston Astros,Toronto Blue Jays,2026-08-05T18:10:03+00:00,2026-08-04T22:00:02.809990+00:00,72600.19001,true,0,,,,,,,,,,,,,,,,,,,,463,0.5110805860805861,0.5110805860805861,0,0,2026-08-04T21:45:01.964130+00:00,900.84586,2,true,matchbook+smarkets,matchbook+smarkets,false,,0.5166666666666667,0.5054945054945055,11.80999,12.80999,sharp:0132,2026-08-04T22:00:02.809990+00:00,0,0.5110805860805861,0,0,2,false,sharp:0131,900.84586,sharp:0133,2698.89965,,,,,true,2026-08-04T18:18:11+00:00,13311.80999,0.5200000247,0xd319977d2074cf0b53110f76b901637bc038a86db9534d59e6f071754d484215,false,false,false,false,-0.0089194386194139,,,true,false,0,,,,,,,,,,,,,,,false,false,false,false,true,false,0,,,,,,,,,,,,,,,false,false,false,false,true,false,0,,,,,,,,,,,,,,,false,false,false,false,true,false,0,,,,,,,,,,,,,,,false,false,false,false
H2-v1-EVENT-M5,H2-v1,sharp:0133,sharp,133,1614971,0x83175ebfdbce08270cc11b4f741f364f158ba707af2d1d46ed44657f0e60befd,mlb-tor-hou-2026-08-05,Houston Astros,Toronto Blue Jays,2026-08-05T18:10:03+00:00,2026-08-04T22:45:01.709640+00:00,69901.29036,true,1,,,,,,,,,,,,,,,,,,,,467,0.5422343324250681,0.5110805860805861,0.031153746344482,1,2026-08-04T22:00:02.809990+00:00,2698.89965,1,false,smarkets,matchbook+smarkets,true,,,0.5422343324250681,11.70964,11.70964,sharp:0133,2026-08-04T22:45:01.709640+00:00,0,0.5422343324250681,0.031153746344482,1,1,true,sharp:0132,2698.89965,sharp:0134,900.345729,,,,,true,2026-08-04T22:43:42+00:00,79.70964,0.56,0x039ea1129e9a7c94d4b714c3e055868bbd8e6cc086a7e6566ad782057b04178c,false,false,true,true,-0.0177656675749319,,,true,false,0,,,,,,,,,,,,,,,false,false,false,false,true,false,0,,,,,,,,,,,,,,,false,false,false,false,true,false,0,,,,,,,,,,,,,,,false,false,false,false,true,false,0,,,,,,,,,,,,,,,false,false,false,false
H2-v1-EVENT-M5,H2-v1,sharp:0134,sharp,134,1614971,0x83175ebfdbce08270cc11b4f741f364f158ba707af2d1d46ed44657f0e60befd,mlb-tor-hou-2026-08-05,Houston Astros,Toronto Blue Jays,2026-08-05T18:10:03+00:00,2026-08-04T23:00:02.055369+00:00,69000.944631,true,1,,,,,,,,,,,,,,,,,,,,469,0.55498275302482515,0.5422343324250681,0.01274842059975705,1,2026-08-04T22:45:01.709640+00:00,900.345729,2,true,matchbook+smarkets,smarkets,true,,0.5595567867036012,0.5504087193460491,4.055369,4.055369,sharp:0134,2026-08-04T23:00:02.055369+00:00,0,0.55498275302482515,0.01274842059975705,1,2,true,sharp:0133,900.345729,sharp:0135,20699.861933,,,,,true,2026-08-04T22:55:03+00:00,299.055369,0.57,0xc1d5a157b81a2551e842880fd139c58638f22508e9f2f050d0e74436e6c43450,false,false,true,true,-0.01501724697517485,,,true,false,0,,,,,,,,,,,,,,,false,false,false,false,true,false,0,,,,,,,,,,,,,,,false,false,false,false,true,false,0,,,,,,,,,,,,,,,false,false,false,false,true,false,0,,,,,,,,,,,,,,,false,false,false,false
H2-v1-EVENT-M5,H2-v1,sharp:0135,sharp,135,1614971,0x83175ebfdbce08270cc11b4f741f364f158ba707af2d1d46ed44657f0e60befd,mlb-tor-hou-2026-08-05,Houston Astros,Toronto Blue Jays,2026-08-05T18:10:03+00:00,2026-08-05T04:45:01.917302+00:00,48301.082698,true,1,,,,,,,,,,,,,,,,,,,,502,0.60432477058393925,0.55498275302482515,0.0493420175591141,1,2026-08-04T23:00:02.055369+00:00,20699.861933,2,true,matchbook+smarkets,matchbook+smarkets,false,,0.6112469437652811,0.5974025974025974,13.917302,23.917302,sharp:0135,2026-08-05T04:45:01.917302+00:00,0,0.60432477058393925,0.0493420175591141,1,2,false,sharp:0134,20699.861933,sharp:0136,47711.633981,,,,,true,2026-08-05T04:39:15+00:00,346.917302,0.6129837209,0xde0dce91a3f356791940cd2fc79e5ae4b2092264a3eef47a71bf2871e558c80c,false,false,false,true,-0.00865895031606075,,,true,false,0,,,,,,,,,,,,,,,false,false,false,false,true,false,0,,,,,,,,,,,,,,,false,false,false,false,true,false,0,,,,,,,,,,,,,,,false,false,false,false,true,false,0,,,,,,,,,,,,,,,false,false,false,false
H2-v1-EVENT-M5,H2-v1,sharp:0136,sharp,136,1614971,0x83175ebfdbce08270cc11b4f741f364f158ba707af2d1d46ed44657f0e60befd,mlb-tor-hou-2026-08-05,Houston Astros,Toronto Blue Jays,2026-08-05T18:10:03+00:00,2026-08-05T18:00:13.551283+00:00,589.448717,true,1,,,,,,,,,,,,,,,,,,,,556,0.6732891832229579,0.60432477058393925,0.06896441263901865,1,2026-08-05T04:45:01.917302+00:00,47711.633981,3,true,betfair+matchbook+smarkets,matchbook+smarkets,true,0.6732891832229579,0.6732891832229579,0.6726457399103138,11.051283,22.551283,sharp:0136,2026-08-05T18:00:13.551283+00:00,0,0.6732891832229579,0.06896441263901865,1,3,true,sharp:0135,47711.633981,,,,,,,true,2026-08-05T18:00:08+00:00,5.551283,0.66,0xedc8a0c66407de52aa268395082d562c4e78369f6f9a6388543a5e7e34ddb8c0,true,true,true,true,0.0132891832229579,,,true,true,1,2026-08-05T18:00:23+00:00,9.448717,0.67,0.01,0x6c5b5fcde45f26aa1be31fa46abab82bcc6b858353502417a3bcf1bee6d0c73e,2026-08-05T18:00:23+00:00,9.448717,0.551283,0.67,0.01,0x6c5b5fcde45f26aa1be31fa46abab82bcc6b858353502417a3bcf1bee6d0c73e,0.67,0.67,0,true,true,true,true,true,true,1,2026-08-05T18:00:23+00:00,9.448717,0.67,0.01,0x6c5b5fcde45f26aa1be31fa46abab82bcc6b858353502417a3bcf1bee6d0c73e,2026-08-05T18:00:23+00:00,9.448717,20.551283,0.67,0.01,0x6c5b5fcde45f26aa1be31fa46abab82bcc6b858353502417a3bcf1bee6d0c73e,0.67,0.67,0,false,false,true,true,true,true,2,2026-08-05T18:00:23+00:00,9.448717,0.67,0.01,0x6c5b5fcde45f26aa1be31fa46abab82bcc6b858353502417a3bcf1bee6d0c73e,2026-08-05T18:00:48+00:00,34.448717,25.551283,0.67,0.01,0xde377d23d680755c5f121e379825e57149d1c9fffc540858726dc14bb6098095,0.67,0.67,0,false,false,true,true,true,true,8,2026-08-05T18:00:23+00:00,9.448717,0.67,0.01,0x6c5b5fcde45f26aa1be31fa46abab82bcc6b858353502417a3bcf1bee6d0c73e,2026-08-05T18:05:06+00:00,292.448717,7.551283,0.66,0,0x86a54b002b39abda18beb5c734d9946bd1444ba022d66ebc77b1298101771a8e,0.66,0.67,0.01,false,true,true,true
H2-v1-EVENT-M5,H2-v1,sharp:0137,sharp,137,1614975,0xb3ffa74d46d4f6329a448d7bd7cfe55cc6e1c1f55b828c8bed6b02f13195d114,mlb-lad-chc-2026-08-05,Chicago Cubs,Los Angeles Dodgers,2026-08-05T18:21:00+00:00,2026-08-04T19:45:01.941108+00:00,81358.058892,false,,,,,,,,,,,,,,,,,,,,,449,0.5315068493150684,,,,,,1,false,smarkets,,,,,0.5315068493150684,9.941108,9.941108,sharp:0137,2026-08-04T19:45:01.941108+00:00,0,0.5315068493150684,,,1,,,,sharp:0138,900.446254,,,rn1:0029,81301.058892,true,2026-08-04T14:56:56+00:00,17285.941108,0.4900000013,0xe7672e724f5bbf18bc0bf27805ecdbd07e7b79d493041083734a0b63661d7647,false,false,false,false,0.0415068480150684,,,true,false,0,,,,,,,,,,,,,,,false,false,false,false,true,false,0,,,,,,,,,,,,,,,false,false,false,false,true,false,0,,,,,,,,,,,,,,,false,false,false,false,true,false,0,,,,,,,,,,,,,,,false,false,false,false
H2-v1-EVENT-M5,H2-v1,sharp:0138,sharp,138,1614975,0xb3ffa74d46d4f6329a448d7bd7cfe55cc6e1c1f55b828c8bed6b02f13195d114,mlb-lad-chc-2026-08-05,Chicago Cubs,Los Angeles Dodgers,2026-08-05T18:21:00+00:00,2026-08-04T20:00:02.387362+00:00,80457.612638,true,0,,,,,,,,,,,,,,,,,,,,451,0.5315068493150684,0.5315068493150684,0,0,2026-08-04T19:45:01.941108+00:00,900.446254,1,false,smarkets,smarkets,false,,,0.5315068493150684,22.387362,22.387362,sharp:0138,2026-08-04T20:00:02.387362+00:00,0,0.5315068493150684,0,0,1,false,sharp:0137,900.446254,sharp:0139,2700.116294,,,rn1:0029,80400.612638,true,2026-08-04T14:56:56+00:00,18186.387362,0.4900000013,0xe7672e724f5bbf18bc0bf27805ecdbd07e7b79d493041083734a0b63661d7647,false,false,false,false,0.0415068480150684,,,true,false,0,,,,,,,,,,,,,,,false,false,false,false,true,false,0,,,,,,,,,,,,,,,false,false,false,false,true,false,0,,,,,,,,,,,,,,,false,false,false,false,true,false,0,,,,,,,,,,,,,,,false,false,false,false
H2-v1-EVENT-M5,H2-v1,sharp:0139,sharp,139,1614975,0xb3ffa74d46d4f6329a448d7bd7cfe55cc6e1c1f55b828c8bed6b02f13195d114,mlb-lad-chc-2026-08-05,Chicago Cubs,Los Angeles Dodgers,2026-08-05T18:21:00+00:00,2026-08-04T20:45:02.503656+00:00,77757.496344,true,0,,,,,,,,,,,,,,,,,,,,455,0.5315068493150684,0.5315068493150684,0,0,2026-08-04T20:00:02.387362+00:00,2700.116294,1,false,smarkets,smarkets,false,,,0.5315068493150684,17.503656,17.503656,sharp:0139,2026-08-04T20:45:02.503656+00:00,0,0.5315068493150684,0,0,1,false,sharp:0138,2700.116294,sharp:0140,899.67557,,,rn1:0029,77700.496344,true,2026-08-04T14:56:56+00:00,20886.503656,0.4900000013,0xe7672e724f5bbf18bc0bf27805ecdbd07e7b79d493041083734a0b63661d7647,false,false,false,false,0.0415068480150684,,,true,false,0,,,,,,,,,,,,,,,false,false,false,false,true,false,0,,,,,,,,,,,,,,,false,false,false,false,true,false,0,,,,,,,,,,,,,,,false,false,false,false,true,false,0,,,,,,,,,,,,,,,false,false,false,false
H2-v1-EVENT-M5,H2-v1,sharp:0140,sharp,140,1614975,0xb3ffa74d46d4f6329a448d7bd7cfe55cc6e1c1f55b828c8bed6b02f13195d114,mlb-lad-chc-2026-08-05,Chicago Cubs,Los Angeles Dodgers,2026-08-05T18:21:00+00:00,2026-08-04T21:00:02.179226+00:00,76857.820774,true,0,,,,,,,,,,,,,,,,,,,,457,0.5315068493150684,0.5315068493150684,0,0,2026-08-04T20:45:02.503656+00:00,899.67557,1,false,smarkets,smarkets,false,,,0.5315068493150684,14.179226,14.179226,sharp:0140,2026-08-04T21:00:02.179226+00:00,0,0.5315068493150684,0,0,1,false,sharp:0139,899.67557,sharp:0141,2699.784904,,,rn1:0029,76800.820774,true,2026-08-04T14:56:56+00:00,21786.179226,0.4900000013,0xe7672e724f5bbf18bc0bf27805ecdbd07e7b79d493041083734a0b63661d7647,false,false,false,false,0.0415068480150684,,,true,false,0,,,,,,,,,,,,,,,false,false,false,false,true,false,0,,,,,,,,,,,,,,,false,false,false,false,true,false,0,,,,,,,,,,,,,,,false,false,false,false,true,false,0,,,,,,,,,,,,,,,false,false,false,false
H2-v1-EVENT-M5,H2-v1,sharp:0141,sharp,141,1614975,0xb3ffa74d46d4f6329a448d7bd7cfe55cc6e1c1f55b828c8bed6b02f13195d114,mlb-lad-chc-2026-08-05,Chicago Cubs,Los Angeles Dodgers,2026-08-05T18:21:00+00:00,2026-08-04T21:45:01.964130+00:00,74158.03587,true,-1,,,,,,,,,,,,,,,,,,,,461,0.52846528906431385,0.5315068493150684,-0.00304156025075455,-1,2026-08-04T21:00:02.179226+00:00,2699.784904,2,true,matchbook+smarkets,smarkets,true,,0.5254237288135593,0.5315068493150684,6.96413,7.96413,sharp:0141,2026-08-04T21:45:01.964130+00:00,0,0.52846528906431385,-0.00304156025075455,-1,2,true,sharp:0140,2699.784904,sharp:0142,900.84586,,,rn1:0029,74101.03587,true,2026-08-04T14:56:56+00:00,24485.96413,0.4900000013,0xe7672e724f5bbf18bc0bf27805ecdbd07e7b79d493041083734a0b63661d7647,false,false,false,false,0.03846528776431385,,,true,false,0,,,,,,,,,,,,,,,false,false,false,false,true,false,0,,,,,,,,,,,,,,,false,false,false,false,true,false,0,,,,,,,,,,,,,,,false,false,false,false,true,false,0,,,,,,,,,,,,,,,false,false,false,false
H2-v1-EVENT-M5,H2-v1,sharp:0142,sharp,142,1614975,0xb3ffa74d46d4f6329a448d7bd7cfe55cc6e1c1f55b828c8bed6b02f13195d114,mlb-lad-chc-2026-08-05,Chicago Cubs,Los Angeles Dodgers,2026-08-05T18:21:00+00:00,2026-08-04T22:00:02.809990+00:00,73257.19001,true,0,,,,,,,,,,,,,,,,,,,,463,0.52846528906431385,0.52846528906431385,0,0,2026-08-04T21:45:01.964130+00:00,900.84586,2,true,matchbook+smarkets,matchbook+smarkets,false,,0.5254237288135593,0.5315068493150684,11.80999,12.80999,sharp:0142,2026-08-04T22:00:02.809990+00:00,0,0.52846528906431385,0,0,2,false,sharp:0141,900.84586,sharp:0143,2698.89965,,,rn1:0029,73200.19001,true,2026-08-04T14:56:56+00:00,25386.80999,0.4900000013,0xe7672e724f5bbf18bc0bf27805ecdbd07e7b79d493041083734a0b63661d7647,false,false,false,false,0.03846528776431385,,,true,false,0,,,,,,,,,,,,,,,false,false,false,false,true,false,0,,,,,,,,,,,,,,,false,false,false,false,true,false,0,,,,,,,,,,,,,,,false,false,false,false,true,false,0,,,,,,,,,,,,,,,false,false,false,false
H2-v1-EVENT-M5,H2-v1,sharp:0143,sharp,143,1614975,0xb3ffa74d46d4f6329a448d7bd7cfe55cc6e1c1f55b828c8bed6b02f13195d114,mlb-lad-chc-2026-08-05,Chicago Cubs,Los Angeles Dodgers,2026-08-05T18:21:00+00:00,2026-08-04T22:45:01.709640+00:00,70558.29036,true,-1,,,,,,,,,,,,,,,,,,,,467,0.52772525564344975,0.52846528906431385,-0.0007400334208641,-1,2026-08-04T22:00:02.809990+00:00,2698.89965,2,true,matchbook+smarkets,matchbook+smarkets,false,,0.5239436619718311,0.5315068493150684,11.20964,11.70964,sharp:0143,2026-08-04T22:45:01.709640+00:00,0,0.52772525564344975,-0.0007400334208641,-1,2,false,sharp:0142,2698.89965,sharp:0144,900.345729,,,rn1:0029,70501.29036,true,2026-08-04T22:32:44+00:00,737.70964,0.52,0xfa46df9f61803a200f5f1c9c259dd1789a9c73b705dc8b565bdd053734e5140e,false,false,false,false,0.00772525564344975,,,true,false,0,,,,,,,,,,,,,,,false,false,false,false,true,false,0,,,,,,,,,,,,,,,false,false,false,false,true,false,0,,,,,,,,,,,,,,,false,false,false,false,true,false,0,,,,,,,,,,,,,,,false,false,false,false
H2-v1-EVENT-M5,H2-v1,sharp:0144,sharp,144,1614975,0xb3ffa74d46d4f6329a448d7bd7cfe55cc6e1c1f55b828c8bed6b02f13195d114,mlb-lad-chc-2026-08-05,Chicago Cubs,Los Angeles Dodgers,2026-08-05T18:21:00+00:00,2026-08-04T23:00:02.055369+00:00,69657.944631,true,0,,,,,,,,,,,,,,,,,,,,469,0.52772525564344975,0.52772525564344975,0,0,2026-08-04T22:45:01.709640+00:00,900.345729,2,true,matchbook+smarkets,matchbook+smarkets,false,,0.5239436619718311,0.5315068493150684,4.055369,4.055369,sharp:0144,2026-08-04T23:00:02.055369+00:00,0,0.52772525564344975,0,0,2,false,sharp:0143,900.345729,sharp:0145,20699.861933,,,rn1:0029,69600.944631,true,2026-08-04T22:32:44+00:00,1638.055369,0.52,0xfa46df9f61803a200f5f1c9c259dd1789a9c73b705dc8b565bdd053734e5140e,false,false,false,false,0.00772525564344975,,,true,false,0,,,,,,,,,,,,,,,false,false,false,false,true,false,0,,,,,,,,,,,,,,,false,false,false,false,true,false,0,,,,,,,,,,,,,,,false,false,false,false,true,false,0,,,,,,,,,,,,,,,false,false,false,false
H2-v1-EVENT-M5,H2-v1,sharp:0145,sharp,145,1614975,0xb3ffa74d46d4f6329a448d7bd7cfe55cc6e1c1f55b828c8bed6b02f13195d114,mlb-lad-chc-2026-08-05,Chicago Cubs,Los Angeles Dodgers,2026-08-05T18:21:00+00:00,2026-08-05T04:45:01.917302+00:00,48958.082698,true,1,,,,,,,,,,,,,,,,,,,,502,0.52984747916960875,0.52772525564344975,0.002122223526159,1,2026-08-04T23:00:02.055369+00:00,20699.861933,2,true,matchbook+smarkets,matchbook+smarkets,false,,0.5309278350515463,0.5287671232876712,13.917302,23.917302,sharp:0145,2026-08-05T04:45:01.917302+00:00,0,0.52984747916960875,0.002122223526159,1,2,false,sharp:0144,20699.861933,sharp:0146,47711.633981,,,rn1:0029,48901.082698,true,2026-08-05T04:40:50+00:00,251.917302,0.5399999906,0xfc64e901751a799998e467d1642be3aafa8a9006c2da75fc712fecb932fe8a38,false,false,true,true,-0.01015251143039125,,,true,false,0,,,,,,,,,,,,,,,false,false,false,false,true,false,0,,,,,,,,,,,,,,,false,false,false,false,true,false,0,,,,,,,,,,,,,,,false,false,false,false,true,false,0,,,,,,,,,,,,,,,false,false,false,false
H2-v1-EVENT-M5,H2-v1,sharp:0146,sharp,146,1614975,0xb3ffa74d46d4f6329a448d7bd7cfe55cc6e1c1f55b828c8bed6b02f13195d114,mlb-lad-chc-2026-08-05,Chicago Cubs,Los Angeles Dodgers,2026-08-05T18:21:00+00:00,2026-08-05T18:00:13.551283+00:00,1246.448717,true,-1,,,,,,,,,,,,,,,,,,,,556,0.525,0.52984747916960875,-0.00484747916960875,-1,2026-08-05T04:45:01.917302+00:00,47711.633981,3,true,betfair+matchbook+smarkets,matchbook+smarkets,true,0.525,0.525,0.5204081632653061,11.051283,22.551283,sharp:0146,2026-08-05T18:00:13.551283+00:00,0,0.525,-0.00484747916960875,-1,3,true,sharp:0145,47711.633981,,,,,rn1:0029,1189.448717,true,2026-08-05T18:00:09+00:00,4.551283,0.52,0xe4e36a6b278773c010a88dc94d03113531dc87af45051ea11c723f6cb90f7fc6,true,true,true,true,0.005,,,true,false,0,,,,,,,,,,,,,,,false,false,false,false,true,true,2,2026-08-05T18:00:27+00:00,13.448717,0.52,0,0xdc08709372cb308452683696abb3b1ce84fb25bd33bf31651191395c09aa8189,2026-08-05T18:00:29+00:00,15.448717,14.551283,0.52,0,0x8a7ff9268eee50e6beca31d043df2d1f1f8ceb88bc6839368cb688fec5c30ba2,0.52,0.52,0,false,true,true,true,true,true,4,2026-08-05T18:00:27+00:00,13.448717,0.52,0,0xdc08709372cb308452683696abb3b1ce84fb25bd33bf31651191395c09aa8189,2026-08-05T18:00:57+00:00,43.448717,16.551283,0.52,0,0x8f816cda5e9df896c673875a092757304c761903254afed7aaf4cd85be6dd27c,0.52,0.52,0,false,false,true,true,true,true,32,2026-08-05T18:00:27+00:00,13.448717,0.52,0,0xdc08709372cb308452683696abb3b1ce84fb25bd33bf31651191395c09aa8189,2026-08-05T18:04:57+00:00,283.448717,16.551283,0.5299999899,0.0099999899,0xe7a330811b5f775505f60fee5d7d2cc00f41a0fc6ab9096d2ce34f6e092ce764,0.52,0.53,0.01,false,false,true,true
H2-v1-EVENT-M5,H2-v1,rn1:0029,rn1,29,1614975,0xb3ffa74d46d4f6329a448d7bd7cfe55cc6e1c1f55b828c8bed6b02f13195d114,mlb-lad-chc-2026-08-05,Chicago Cubs,Los Angeles Dodgers,2026-08-05T18:21:00+00:00,2026-08-05T18:20:03+00:00,57,true,1,3229905,Chicago Cubs,home,BUY,0.51,0.51,1968,1003.68,1968,1003.68,0xcc38a531d4c9d075f505fe232eda7a9ecd3d70c8aed4a24e3a0cf8e300d11258,aae47cec0cadae45d4d25a36cf156a7978704876577fef569716ac345407053e,1614975:2026-08-05T18:20:03+00:00,1,1,1968,1003.68,1,1,,,,,,,,,,,,,,,,,,sharp:0146,2026-08-05T18:00:13.551283+00:00,1189.448717,0.525,-0.00484747916960875,-1,3,true,sharp:0146,1189.448717,,,,,,,true,2026-08-05T18:20:00+00:00,3,0.5200000178,0xd5041a9a8b8f214791fb64df6f3d580216b1f4c8dc0328a11a91d281209100c6,true,true,true,true,0.0049999822,-0.0100000178,false,true,true,3,2026-08-05T18:20:05+00:00,2,0.52,-0.0000000178,0x141d2f8df5d3ab39e870dff4b5ab8cca93e08c3c380a12524c461c8c5bd6ced8,2026-08-05T18:20:11+00:00,8,2,0.53,0.0099999822,0x73f1a7773ed05dc78ca22ee1d872d72275d3c9ee355139c897171828eceedb35,0.52,0.53,0.01,true,true,true,true,true,true,4,2026-08-05T18:20:05+00:00,2,0.52,-0.0000000178,0x141d2f8df5d3ab39e870dff4b5ab8cca93e08c3c380a12524c461c8c5bd6ced8,2026-08-05T18:20:23+00:00,20,10,0.5200000178,0,0xa98ff1565d76e1e6a12b7a5e300e03594b36bea649088c42d1083237c47fdbac,0.52,0.53,0.01,false,true,true,true,false,false,0,,,,,,,,,,,,,,,false,false,false,false,false,false,0,,,,,,,,,,,,,,,false,false,false,false
H2-v1-EVENT-M5,H2-v1,sharp:0147,sharp,147,1614979,0xbdc3c22670dd289f732ffccc83cb0cc1036b2389bbd76cb378bae46db03e1ed8,mlb-sf-tex-2026-08-05,Texas Rangers,San Francisco Giants,2026-08-05T18:36:00+00:00,2026-08-04T21:45:01.964130+00:00,75058.03587,false,,,,,,,,,,,,,,,,,,,,,461,0.6181818181818182,,,,,,1,false,smarkets,,,,,0.6181818181818182,5.96413,5.96413,sharp:0147,2026-08-04T21:45:01.964130+00:00,0,0.6181818181818182,,,1,,,,sharp:0148,900.84586,,,rn1:0030,75001.03587,true,2026-08-04T21:02:21+00:00,2560.96413,0.61,0x34ca16a7a0ef045f7508b67bb29226ee3b000ad2553b98217dd3d4675d8e4787,false,false,false,false,0.0081818181818182,,,true,false,0,,,,,,,,,,,,,,,false,false,false,false,true,false,0,,,,,,,,,,,,,,,false,false,false,false,true,false,0,,,,,,,,,,,,,,,false,false,false,false,true,true,1,2026-08-04T21:48:32+00:00,210.03587,0.6299999958,0.0199999958,0xd06899c8757699e762aba0c6ec30798bd6e1335c2ebaa799622e09e93a72850f,2026-08-04T21:48:32+00:00,210.03587,89.96413,0.6299999958,0.0199999958,0xd06899c8757699e762aba0c6ec30798bd6e1335c2ebaa799622e09e93a72850f,0.6299999958,0.6299999958,0,false,false,false,false
H2-v1-EVENT-M5,H2-v1,sharp:0148,sharp,148,1614979,0xbdc3c22670dd289f732ffccc83cb0cc1036b2389bbd76cb378bae46db03e1ed8,mlb-sf-tex-2026-08-05,Texas Rangers,San Francisco Giants,2026-08-05T18:36:00+00:00,2026-08-04T22:00:02.809990+00:00,74157.19001,true,0,,,,,,,,,,,,,,,,,,,,463,0.6181818181818182,0.6181818181818182,0,0,2026-08-04T21:45:01.964130+00:00,900.84586,1,false,smarkets,smarkets,false,,,0.6181818181818182,10.80999,10.80999,sharp:0148,2026-08-04T22:00:02.809990+00:00,0,0.6181818181818182,0,0,1,false,sharp:0147,900.84586,sharp:0149,2698.89965,,,rn1:0030,74100.19001,true,2026-08-04T21:48:32+00:00,690.80999,0.6299999958,0xd06899c8757699e762aba0c6ec30798bd6e1335c2ebaa799622e09e93a72850f,false,false,false,false,-0.0118181776181818,,,true,false,0,,,,,,,,,,,,,,,false,false,false,false,true,false,0,,,,,,,,,,,,,,,false,false,false,false,true,false,0,,,,,,,,,,,,,,,false,false,false,false,true,false,0,,,,,,,,,,,,,,,false,false,false,false
H2-v1-EVENT-M5,H2-v1,sharp:0149,sharp,149,1614979,0xbdc3c22670dd289f732ffccc83cb0cc1036b2389bbd76cb378bae46db03e1ed8,mlb-sf-tex-2026-08-05,Texas Rangers,San Francisco Giants,2026-08-05T18:36:00+00:00,2026-08-04T22:45:01.709640+00:00,71458.29036,true,-1,,,,,,,,,,,,,,,,,,,,467,0.61719901719901725,0.6181818181818182,-0.00098280098280095,-1,2026-08-04T22:00:02.809990+00:00,2698.89965,2,true,matchbook+smarkets,smarkets,true,,0.6162162162162163,0.6181818181818182,11.20964,11.70964,sharp:0149,2026-08-04T22:45:01.709640+00:00,0,0.61719901719901725,-0.00098280098280095,-1,2,true,sharp:0148,2698.89965,sharp:0150,900.345729,,,rn1:0030,71401.29036,true,2026-08-04T21:48:32+00:00,3389.70964,0.6299999958,0xd06899c8757699e762aba0c6ec30798bd6e1335c2ebaa799622e09e93a72850f,false,false,false,false,-0.01280097860098275,,,true,false,0,,,,,,,,,,,,,,,false,false,false,false,true,false,0,,,,,,,,,,,,,,,false,false,false,false,true,false,0,,,,,,,,,,,,,,,false,false,false,false,true,false,0,,,,,,,,,,,,,,,false,false,false,false
H2-v1-EVENT-M5,H2-v1,sharp:0150,sharp,150,1614979,0xbdc3c22670dd289f732ffccc83cb0cc1036b2389bbd76cb378bae46db03e1ed8,mlb-sf-tex-2026-08-05,Texas Rangers,San Francisco Giants,2026-08-05T18:36:00+00:00,2026-08-04T23:00:02.055369+00:00,70557.944631,true,0,,,,,,,,,,,,,,,,,,,,469,0.61719901719901725,0.61719901719901725,0,0,2026-08-04T22:45:01.709640+00:00,900.345729,2,true,matchbook+smarkets,matchbook+smarkets,false,,0.6162162162162163,0.6181818181818182,4.055369,4.055369,sharp:0150,2026-08-04T23:00:02.055369+00:00,0,0.61719901719901725,0,0,2,false,sharp:0149,900.345729,sharp:0151,20699.861933,,,rn1:0030,70500.944631,true,2026-08-04T21:48:32+00:00,4290.055369,0.6299999958,0xd06899c8757699e762aba0c6ec30798bd6e1335c2ebaa799622e09e93a72850f,false,false,false,false,-0.01280097860098275,,,true,false,0,,,,,,,,,,,,,,,false,false,false,false,true,false,0,,,,,,,,,,,,,,,false,false,false,false,true,false,0,,,,,,,,,,,,,,,false,false,false,false,true,false,0,,,,,,,,,,,,,,,false,false,false,false
H2-v1-EVENT-M5,H2-v1,sharp:0151,sharp,151,1614979,0xbdc3c22670dd289f732ffccc83cb0cc1036b2389bbd76cb378bae46db03e1ed8,mlb-sf-tex-2026-08-05,Texas Rangers,San Francisco Giants,2026-08-05T18:36:00+00:00,2026-08-05T04:45:01.917302+00:00,49858.082698,true,1,,,,,,,,,,,,,,,,,,,,502,0.61764593520782395,0.61719901719901725,0.0004469180088067,1,2026-08-04T23:00:02.055369+00:00,20699.861933,2,true,matchbook+smarkets,matchbook+smarkets,false,,0.625916870415648,0.6093749999999999,13.917302,23.917302,sharp:0151,2026-08-05T04:45:01.917302+00:00,0,0.61764593520782395,0.0004469180088067,1,2,false,sharp:0150,20699.861933,sharp:0152,47711.633981,,,rn1:0030,49801.082698,true,2026-08-05T02:03:53+00:00,9668.917302,0.610000014,0xd4fb07478c32ea6a057e0c5bb9c90bbd382659337de1e55fa7b1793978ffad83,false,false,false,false,0.00764592120782395,,,true,false,0,,,,,,,,,,,,,,,false,false,false,false,true,false,0,,,,,,,,,,,,,,,false,false,false,false,true,false,0,,,,,,,,,,,,,,,false,false,false,false,true,false,0,,,,,,,,,,,,,,,false,false,false,false
H2-v1-EVENT-M5,H2-v1,sharp:0152,sharp,152,1614979,0xbdc3c22670dd289f732ffccc83cb0cc1036b2389bbd76cb378bae46db03e1ed8,mlb-sf-tex-2026-08-05,Texas Rangers,San Francisco Giants,2026-08-05T18:36:00+00:00,2026-08-05T18:00:13.551283+00:00,2146.448717,true,-1,,,,,,,,,,,,,,,,,,,,556,0.5922330097087379,0.61764593520782395,-0.02541292549908605,-1,2026-08-05T04:45:01.917302+00:00,47711.633981,3,true,betfair+matchbook+smarkets,matchbook+smarkets,true,0.5922330097087379,0.5922330097087379,0.5911330049261084,11.051283,22.551283,sharp:0152,2026-08-05T18:00:13.551283+00:00,0,0.5922330097087379,-0.02541292549908605,-1,3,true,sharp:0151,47711.633981,,,,,rn1:0030,2089.448717,true,2026-08-05T17:57:54+00:00,139.551283,0.59,0xa6e198a002c647764d1f13a8516d1532af9dd3c5f4e66a24f6fe421c7200d9ae,false,false,true,true,0.0022330097087379,,,true,true,1,2026-08-05T18:00:14+00:00,0.448717,0.6,0.01,0x6ac0e34842e1eb35aae038510935263a1ad333b57cda07dc5a68afa8ac36e0d4,2026-08-05T18:00:14+00:00,0.448717,9.551283,0.6,0.01,0x6ac0e34842e1eb35aae038510935263a1ad333b57cda07dc5a68afa8ac36e0d4,0.6,0.6,0,false,true,true,true,true,true,1,2026-08-05T18:00:14+00:00,0.448717,0.6,0.01,0x6ac0e34842e1eb35aae038510935263a1ad333b57cda07dc5a68afa8ac36e0d4,2026-08-05T18:00:14+00:00,0.448717,29.551283,0.6,0.01,0x6ac0e34842e1eb35aae038510935263a1ad333b57cda07dc5a68afa8ac36e0d4,0.6,0.6,0,false,false,true,true,true,true,1,2026-08-05T18:00:14+00:00,0.448717,0.6,0.01,0x6ac0e34842e1eb35aae038510935263a1ad333b57cda07dc5a68afa8ac36e0d4,2026-08-05T18:00:14+00:00,0.448717,59.551283,0.6,0.01,0x6ac0e34842e1eb35aae038510935263a1ad333b57cda07dc5a68afa8ac36e0d4,0.6,0.6,0,false,false,false,true,true,true,3,2026-08-05T18:00:14+00:00,0.448717,0.6,0.01,0x6ac0e34842e1eb35aae038510935263a1ad333b57cda07dc5a68afa8ac36e0d4,2026-08-05T18:05:08+00:00,294.448717,5.551283,0.6,0.01,0xcbfeeead7b3646b23bebd3b6c6014195eec182bbb797b22f883f3e70e7bcd9b7,0.6,0.6,0,false,true,true,true
H2-v1-EVENT-M5,H2-v1,rn1:0030,rn1,30,1614979,0xbdc3c22670dd289f732ffccc83cb0cc1036b2389bbd76cb378bae46db03e1ed8,mlb-sf-tex-2026-08-05,Texas Rangers,San Francisco Giants,2026-08-05T18:36:00+00:00,2026-08-05T18:35:03+00:00,57,true,1,3229913,Texas Rangers,home,BUY,0.59,0.59,121.95,71.9505,121.95,71.9505,0x74115b024a1048d6a13da18eb963a5830e1bf6591403c77660476c570cb82280,edb23ac10fa63e8d775c3f610e2f69fa612b599fcf406c137f0a5c51d66e3d6e,1614979:2026-08-05T18:35:03+00:00,1,1,121.95,71.9505,1,1,,,,,,,,,,,,,,,,,,sharp:0152,2026-08-05T18:00:13.551283+00:00,2089.448717,0.5922330097087379,-0.02541292549908605,-1,3,true,sharp:0152,2089.448717,,,,,rn1:0032,2,true,2026-08-05T18:34:56+00:00,7,0.59,0x23b3d59f8d8a3bd54568235c192fb5d80d863ba6c9bd9e377e03f8f336dde92f,true,true,true,true,0.0022330097087379,0,false,true,true,4,2026-08-05T18:35:05+00:00,2,0.59,0,0x277f9f82344b16ae8fd5e6283c76840cf84fcc16510dcf29ceea97b2f62ba86d,2026-08-05T18:35:05+00:00,2,8,0.59,0,0xed52d0a1dc5b1477dd07a188cfcf207af5c04858035d2c09b0275f773cb9010b,0.59,0.6,0.01,false,true,true,true,true,true,5,2026-08-05T18:35:05+00:00,2,0.59,0,0x277f9f82344b16ae8fd5e6283c76840cf84fcc16510dcf29ceea97b2f62ba86d,2026-08-05T18:35:27+00:00,24,6,0.59,0,0x8ad070d219ef505212ff33c2ae194224017b6d9341bd2e514c917b20701d06ca,0.59,0.6,0.01,false,true,true,true,false,false,0,,,,,,,,,,,,,,,false,false,false,false,false,false,0,,,,,,,,,,,,,,,false,false,false,false
H2-v1-EVENT-M5,H2-v1,rn1:0031,rn1,31,1614979,0xbdc3c22670dd289f732ffccc83cb0cc1036b2389bbd76cb378bae46db03e1ed8,mlb-sf-tex-2026-08-05,Texas Rangers,San Francisco Giants,2026-08-05T18:36:00+00:00,2026-08-05T18:35:05+00:00,55,true,1,3229913,Texas Rangers,home,BUY,0.59,0.59,48.78,28.7802,48.78,28.7802,0xed52d0a1dc5b1477dd07a188cfcf207af5c04858035d2c09b0275f773cb9010b,3df90e0d0dab434af97e17448d42d2a2afe856af50c8ab1e7fddbe717b58717c,1614979:2026-08-05T18:35:05+00:00,4,4,156.873335,92.871934,1,1,,,,,,,,,,,,,,,,,,sharp:0152,2026-08-05T18:00:13.551283+00:00,2091.448717,0.5922330097087379,-0.02541292549908605,-1,3,true,sharp:0152,2091.448717,,,rn1:0030,2,rn1:0035,22,true,2026-08-05T18:35:03+00:00,2,0.59,0x74115b024a1048d6a13da18eb963a5830e1bf6591403c77660476c570cb82280,true,true,true,true,0.0022330097087379,0,false,true,false,0,,,,,,,,,,,,,,,false,false,false,false,true,true,1,2026-08-05T18:35:27+00:00,22,0.59,0,0x8ad070d219ef505212ff33c2ae194224017b6d9341bd2e514c917b20701d06ca,2026-08-05T18:35:27+00:00,22,8,0.59,0,0x8ad070d219ef505212ff33c2ae194224017b6d9341bd2e514c917b20701d06ca,0.59,0.59,0,false,true,true,true,false,false,0,,,,,,,,,,,,,,,false,false,false,false,false,false,0,,,,,,,,,,,,,,,false,false,false,false
H2-v1-EVENT-M5,H2-v1,rn1:0032,rn1,32,1614979,0xbdc3c22670dd289f732ffccc83cb0cc1036b2389bbd76cb378bae46db03e1ed8,mlb-sf-tex-2026-08-05,Texas Rangers,San Francisco Giants,2026-08-05T18:36:00+00:00,2026-08-05T18:35:05+00:00,55,true,1,3229913,Texas Rangers,home,BUY,0.59,0.59,36.59,21.5881,36.59,21.5881,0x277f9f82344b16ae8fd5e6283c76840cf84fcc16510dcf29ceea97b2f62ba86d,5e862a0a5bb6a87968e97808cdf70ec6c051aae43cb1b648d7dd5d92a31741bd,1614979:2026-08-05T18:35:05+00:00,4,1,156.873335,92.871934,1,1,,,,,,,,,,,,,,,,,,sharp:0152,2026-08-05T18:00:13.551283+00:00,2091.448717,0.5922330097087379,-0.02541292549908605,-1,3,true,sharp:0152,2091.448717,,,rn1:0030,2,rn1:0035,22,true,2026-08-05T18:35:03+00:00,2,0.59,0x74115b024a1048d6a13da18eb963a5830e1bf6591403c77660476c570cb82280,true,true,true,true,0.0022330097087379,0,false,true,false,0,,,,,,,,,,,,,,,false,false,false,false,true,true,1,2026-08-05T18:35:27+00:00,22,0.59,0,0x8ad070d219ef505212ff33c2ae194224017b6d9341bd2e514c917b20701d06ca,2026-08-05T18:35:27+00:00,22,8,0.59,0,0x8ad070d219ef505212ff33c2ae194224017b6d9341bd2e514c917b20701d06ca,0.59,0.59,0,false,true,true,true,false,false,0,,,,,,,,,,,,,,,false,false,false,false,false,false,0,,,,,,,,,,,,,,,false,false,false,false
H2-v1-EVENT-M5,H2-v1,rn1:0033,rn1,33,1614979,0xbdc3c22670dd289f732ffccc83cb0cc1036b2389bbd76cb378bae46db03e1ed8,mlb-sf-tex-2026-08-05,Texas Rangers,San Francisco Giants,2026-08-05T18:36:00+00:00,2026-08-05T18:35:05+00:00,55,true,1,3229913,Texas Rangers,home,BUY,0.59,0.59,73.17,43.1703,73.17,43.1703,0xe2e6382e2e3b30b22bf5e59c80a2238b02e0e532867172150313f40c853d93b7,92eab81e5390b71415fad6ea4fb4bf29e0adb5c5269830601ae5a27170b9668c,1614979:2026-08-05T18:35:05+00:00,4,3,156.873335,92.871934,1,1,,,,,,,,,,,,,,,,,,sharp:0152,2026-08-05T18:00:13.551283+00:00,2091.448717,0.5922330097087379,-0.02541292549908605,-1,3,true,sharp:0152,2091.448717,,,rn1:0030,2,rn1:0035,22,true,2026-08-05T18:35:03+00:00,2,0.59,0x74115b024a1048d6a13da18eb963a5830e1bf6591403c77660476c570cb82280,true,true,true,true,0.0022330097087379,0,false,true,false,0,,,,,,,,,,,,,,,false,false,false,false,true,true,1,2026-08-05T18:35:27+00:00,22,0.59,0,0x8ad070d219ef505212ff33c2ae194224017b6d9341bd2e514c917b20701d06ca,2026-08-05T18:35:27+00:00,22,8,0.59,0,0x8ad070d219ef505212ff33c2ae194224017b6d9341bd2e514c917b20701d06ca,0.59,0.59,0,false,true,true,true,false,false,0,,,,,,,,,,,,,,,false,false,false,false,false,false,0,,,,,,,,,,,,,,,false,false,false,false
H2-v1-EVENT-M5,H2-v1,rn1:0034,rn1,34,1614979,0xbdc3c22670dd289f732ffccc83cb0cc1036b2389bbd76cb378bae46db03e1ed8,mlb-sf-tex-2026-08-05,Texas Rangers,San Francisco Giants,2026-08-05T18:36:00+00:00,2026-08-05T18:35:05+00:00,55,true,-1,3229912,San Francisco Giants,away,BUY,0.4,0.6,1.666665,0.666666,-1.666665,-0.666666,0x498707919e0cab01147911b13c99c13c465727b675820abae6b3dd91dfa57fbd,a76a27dd8e7a251914780126451a29e482a05c49f875d5ae6d693365daba7e7c,1614979:2026-08-05T18:35:05+00:00,4,2,156.873335,92.871934,1,1,,,,,,,,,,,,,,,,,,sharp:0152,2026-08-05T18:00:13.551283+00:00,2091.448717,0.5922330097087379,-0.02541292549908605,-1,3,true,sharp:0152,2091.448717,,,rn1:0030,2,rn1:0035,22,true,2026-08-05T18:35:03+00:00,2,0.59,0x74115b024a1048d6a13da18eb963a5830e1bf6591403c77660476c570cb82280,true,true,true,true,0.0022330097087379,0.01,true,true,false,0,,,,,,,,,,,,,,,false,false,false,false,true,true,1,2026-08-05T18:35:27+00:00,22,0.59,0,0x8ad070d219ef505212ff33c2ae194224017b6d9341bd2e514c917b20701d06ca,2026-08-05T18:35:27+00:00,22,8,0.59,0,0x8ad070d219ef505212ff33c2ae194224017b6d9341bd2e514c917b20701d06ca,0.59,0.59,0,false,true,true,true,false,false,0,,,,,,,,,,,,,,,false,false,false,false,false,false,0,,,,,,,,,,,,,,,false,false,false,false
H2-v1-EVENT-M5,H2-v1,rn1:0035,rn1,35,1614979,0xbdc3c22670dd289f732ffccc83cb0cc1036b2389bbd76cb378bae46db03e1ed8,mlb-sf-tex-2026-08-05,Texas Rangers,San Francisco Giants,2026-08-05T18:36:00+00:00,2026-08-05T18:35:27+00:00,33,true,1,3229913,Texas Rangers,home,BUY,0.59,0.59,125.55,74.0745,125.55,74.0745,0x8ad070d219ef505212ff33c2ae194224017b6d9341bd2e514c917b20701d06ca,ed213e9c078be8b5f98eff63f7ad9effbd4ae3d07955fc55b7a2c4ea482ccbce,1614979:2026-08-05T18:35:27+00:00,1,1,125.55,74.0745,1,1,,,,,,,,,,,,,,,,,,sharp:0152,2026-08-05T18:00:13.551283+00:00,2113.448717,0.5922330097087379,-0.02541292549908605,-1,3,true,sharp:0152,2113.448717,,,rn1:0031,22,rn1:0036,9,true,2026-08-05T18:35:05+00:00,22,0.59,0xed52d0a1dc5b1477dd07a188cfcf207af5c04858035d2c09b0275f773cb9010b,true,true,true,true,0.0022330097087379,0,false,true,true,1,2026-08-05T18:35:36+00:00,9,0.59,0,0x08ddce798b161207db021e6faa70e17b5e6bbb1af9297e959477b501c7d092f9,2026-08-05T18:35:36+00:00,9,1,0.59,0,0x08ddce798b161207db021e6faa70e17b5e6bbb1af9297e959477b501c7d092f9,0.59,0.59,0,true,true,true,true,true,true,5,2026-08-05T18:35:36+00:00,9,0.59,0,0x08ddce798b161207db021e6faa70e17b5e6bbb1af9297e959477b501c7d092f9,2026-08-05T18:35:54+00:00,27,3,0.5999999666,0.0099999666,0x177147cb88273bba5b55bd01795adf429a6a0a4867430237855488709d4348d2,0.59,0.6,0.01,true,true,true,true,false,false,0,,,,,,,,,,,,,,,false,false,false,false,false,false,0,,,,,,,,,,,,,,,false,false,false,false
H2-v1-EVENT-M5,H2-v1,rn1:0036,rn1,36,1614979,0xbdc3c22670dd289f732ffccc83cb0cc1036b2389bbd76cb378bae46db03e1ed8,mlb-sf-tex-2026-08-05,Texas Rangers,San Francisco Giants,2026-08-05T18:36:00+00:00,2026-08-05T18:35:36+00:00,24,true,1,3229913,Texas Rangers,home,BUY,0.59,0.59,291,171.69,291,171.69,0x08ddce798b161207db021e6faa70e17b5e6bbb1af9297e959477b501c7d092f9,a65c18b3018fe2e3bc4d8d970b7ef62981726435a671626f74e5a95bb0250a66,1614979:2026-08-05T18:35:36+00:00,1,1,291,171.69,1,1,,,,,,,,,,,,,,,,,,sharp:0152,2026-08-05T18:00:13.551283+00:00,2122.448717,0.5922330097087379,-0.02541292549908605,-1,3,true,sharp:0152,2122.448717,,,rn1:0035,9,rn1:0037,2,true,2026-08-05T18:35:27+00:00,9,0.59,0x8ad070d219ef505212ff33c2ae194224017b6d9341bd2e514c917b20701d06ca,true,true,true,true,0.0022330097087379,0,false,true,true,2,2026-08-05T18:35:38+00:00,2,0.59,0,0x5704a1b073ec3d87e220c3160536227a355f99640233db9cff67174fcbb68e20,2026-08-05T18:35:41+00:00,5,5,0.6,0.01,0xb5e4cbe9407a9264009dec20b8cf3d57479f8e686ba6ba2a22d1e202843ad5b5,0.59,0.6,0.01,true,true,true,true,false,false,0,,,,,,,,,,,,,,,false,false,false,false,false,false,0,,,,,,,,,,,,,,,false,false,false,false,false,false,0,,,,,,,,,,,,,,,false,false,false,false
H2-v1-EVENT-M5,H2-v1,rn1:0037,rn1,37,1614979,0xbdc3c22670dd289f732ffccc83cb0cc1036b2389bbd76cb378bae46db03e1ed8,mlb-sf-tex-2026-08-05,Texas Rangers,San Francisco Giants,2026-08-05T18:36:00+00:00,2026-08-05T18:35:38+00:00,22,true,1,3229913,Texas Rangers,home,BUY,0.59,0.59,73.17,43.1703,73.17,43.1703,0x5704a1b073ec3d87e220c3160536227a355f99640233db9cff67174fcbb68e20,932422eae7584d4340bfca68ba34978f45dc21bfd339639237308aa3a99e4060,1614979:2026-08-05T18:35:38+00:00,1,1,73.17,43.1703,1,1,,,,,,,,,,,,,,,,,,sharp:0152,2026-08-05T18:00:13.551283+00:00,2124.448717,0.5922330097087379,-0.02541292549908605,-1,3,true,sharp:0152,2124.448717,,,rn1:0036,2,rn1:0038,3,true,2026-08-05T18:35:36+00:00,2,0.59,0x08ddce798b161207db021e6faa70e17b5e6bbb1af9297e959477b501c7d092f9,true,true,true,true,0.0022330097087379,0,false,true,true,1,2026-08-05T18:35:41+00:00,3,0.6,0.01,0xb5e4cbe9407a9264009dec20b8cf3d57479f8e686ba6ba2a22d1e202843ad5b5,2026-08-05T18:35:41+00:00,3,7,0.6,0.01,0xb5e4cbe9407a9264009dec20b8cf3d57479f8e686ba6ba2a22d1e202843ad5b5,0.6,0.6,0,false,true,true,true,false,false,0,,,,,,,,,,,,,,,false,false,false,false,false,false,0,,,,,,,,,,,,,,,false,false,false,false,false,false,0,,,,,,,,,,,,,,,false,false,false,false
H2-v1-EVENT-M5,H2-v1,rn1:0038,rn1,38,1614979,0xbdc3c22670dd289f732ffccc83cb0cc1036b2389bbd76cb378bae46db03e1ed8,mlb-sf-tex-2026-08-05,Texas Rangers,San Francisco Giants,2026-08-05T18:36:00+00:00,2026-08-05T18:35:41+00:00,19,true,-1,3229912,San Francisco Giants,away,BUY,0.4,0.6,4.916665,1.966666,-4.916665,-1.966666,0xb5e4cbe9407a9264009dec20b8cf3d57479f8e686ba6ba2a22d1e202843ad5b5,1277a13cb3d11645a2ece6ec5e226a1aa3e744174a68491b873f0640e3389efe,1614979:2026-08-05T18:35:41+00:00,1,1,-4.916665,-1.966666,-1,1,,,,,,,,,,,,,,,,,,sharp:0152,2026-08-05T18:00:13.551283+00:00,2127.448717,0.5922330097087379,-0.02541292549908605,-1,3,true,sharp:0152,2127.448717,,,rn1:0037,3,rn1:0039,9,true,2026-08-05T18:35:38+00:00,3,0.59,0x5704a1b073ec3d87e220c3160536227a355f99640233db9cff67174fcbb68e20,true,true,true,true,0.0022330097087379,0.01,true,true,true,1,2026-08-05T18:35:50+00:00,9,0.6,0.01,0x29be82cb8c400bc9cbc8f661b69af314f7281898e0074b342e9186c49a13adf7,2026-08-05T18:35:50+00:00,9,1,0.6,0.01,0x29be82cb8c400bc9cbc8f661b69af314f7281898e0074b342e9186c49a13adf7,0.6,0.6,0,true,true,true,true,false,false,0,,,,,,,,,,,,,,,false,false,false,false,false,false,0,,,,,,,,,,,,,,,false,false,false,false,false,false,0,,,,,,,,,,,,,,,false,false,false,false
H2-v1-EVENT-M5,H2-v1,rn1:0039,rn1,39,1614979,0xbdc3c22670dd289f732ffccc83cb0cc1036b2389bbd76cb378bae46db03e1ed8,mlb-sf-tex-2026-08-05,Texas Rangers,San Francisco Giants,2026-08-05T18:36:00+00:00,2026-08-05T18:35:50+00:00,10,true,-1,3229912,San Francisco Giants,away,BUY,0.4,0.6,1.666665,0.666666,-1.666665,-0.666666,0x29be82cb8c400bc9cbc8f661b69af314f7281898e0074b342e9186c49a13adf7,1879bf174c53b8304c5c133c6d288433d76197692896a13dad122c71e8c1a0de,1614979:2026-08-05T18:35:50+00:00,1,1,-1.666665,-0.666666,-1,1,,,,,,,,,,,,,,,,,,sharp:0152,2026-08-05T18:00:13.551283+00:00,2136.448717,0.5922330097087379,-0.02541292549908605,-1,3,true,sharp:0152,2136.448717,,,rn1:0038,9,rn1:0040,4,true,2026-08-05T18:35:41+00:00,9,0.6,0xb5e4cbe9407a9264009dec20b8cf3d57479f8e686ba6ba2a22d1e202843ad5b5,true,true,true,true,-0.0077669902912621,0,true,false,false,0,,,,,,,,,,,,,,,false,false,false,false,false,false,0,,,,,,,,,,,,,,,false,false,false,false,false,false,0,,,,,,,,,,,,,,,false,false,false,false,false,false,0,,,,,,,,,,,,,,,false,false,false,false
H2-v1-EVENT-M5,H2-v1,rn1:0040,rn1,40,1614979,0xbdc3c22670dd289f732ffccc83cb0cc1036b2389bbd76cb378bae46db03e1ed8,mlb-sf-tex-2026-08-05,Texas Rangers,San Francisco Giants,2026-08-05T18:36:00+00:00,2026-08-05T18:35:54+00:00,6,true,-1,3229912,San Francisco Giants,away,BUY,0.4,0.6,5.983332,2.3933328,-5.983332,-2.3933328,0x177147cb88273bba5b55bd01795adf429a6a0a4867430237855488709d4348d2,15b2c21c2c76c8f84a3dbec99f3ec3e998a4e16d3aab38dfa7b848cacd9e7722,1614979:2026-08-05T18:35:54+00:00,1,1,-5.983332,-2.3933328,-1,1,,,,,,,,,,,,,,,,,,sharp:0152,2026-08-05T18:00:13.551283+00:00,2140.448717,0.5922330097087379,-0.02541292549908605,-1,3,true,sharp:0152,2140.448717,,,rn1:0039,4,,,true,2026-08-05T18:35:50+00:00,4,0.6,0x29be82cb8c400bc9cbc8f661b69af314f7281898e0074b342e9186c49a13adf7,true,true,true,true,-0.0077669902912621,0,true,false,false,0,,,,,,,,,,,,,,,false,false,false,false,false,false,0,,,,,,,,,,,,,,,false,false,false,false,false,false,0,,,,,,,,,,,,,,,false,false,false,false,false,false,0,,,,,,,,,,,,,,,false,false,false,false
H2-v1-EVENT-M5,H2-v1,sharp:0153,sharp,153,1614976,0x34aae0d3ca8f99d1ecee2e60f748f6e39a9447040bcd7db0ef2dbdfa5f9309f6,mlb-tb-col-2026-08-05,Colorado Rockies,Tampa Bay Rays,2026-08-05T19:11:00+00:00,2026-08-04T18:45:02.244229+00:00,87957.755771,false,,,,,,,,,,,,,,,,,,,,,443,0.424731182795699,,,,,,1,false,smarkets,,,,,0.424731182795699,18.244229,18.244229,sharp:0153,2026-08-04T18:45:02.244229+00:00,0,0.424731182795699,,,1,,,,sharp:0154,900.187795,,,rn1:0042,87903.755771,true,2026-08-04T10:54:26+00:00,28236.244229,0.44,0x4d4292022f4be37d7099b6874495eb93621d2f226fb26c430c8f1923a5bf35ed,false,false,false,false,-0.015268817204301,,,true,false,0,,,,,,,,,,,,,,,false,false,false,false,true,false,0,,,,,,,,,,,,,,,false,false,false,false,true,false,0,,,,,,,,,,,,,,,false,false,false,false,true,false,0,,,,,,,,,,,,,,,false,false,false,false
H2-v1-EVENT-M5,H2-v1,sharp:0154,sharp,154,1614976,0x34aae0d3ca8f99d1ecee2e60f748f6e39a9447040bcd7db0ef2dbdfa5f9309f6,mlb-tb-col-2026-08-05,Colorado Rockies,Tampa Bay Rays,2026-08-05T19:11:00+00:00,2026-08-04T19:00:02.432024+00:00,87057.567976,true,0,,,,,,,,,,,,,,,,,,,,445,0.424731182795699,0.424731182795699,0,0,2026-08-04T18:45:02.244229+00:00,900.187795,1,false,smarkets,smarkets,false,,,0.424731182795699,3.432024,3.432024,sharp:0154,2026-08-04T19:00:02.432024+00:00,0,0.424731182795699,0,0,1,false,sharp:0153,900.187795,sharp:0155,2699.509084,,,rn1:0042,87003.567976,true,2026-08-04T10:54:26+00:00,29136.432024,0.44,0x4d4292022f4be37d7099b6874495eb93621d2f226fb26c430c8f1923a5bf35ed,false,false,false,false,-0.015268817204301,,,true,false,0,,,,,,,,,,,,,,,false,false,false,false,true,false,0,,,,,,,,,,,,,,,false,false,false,false,true,false,0,,,,,,,,,,,,,,,false,false,false,false,true,false,0,,,,,,,,,,,,,,,false,false,false,false
H2-v1-EVENT-M5,H2-v1,sharp:0155,sharp,155,1614976,0x34aae0d3ca8f99d1ecee2e60f748f6e39a9447040bcd7db0ef2dbdfa5f9309f6,mlb-tb-col-2026-08-05,Colorado Rockies,Tampa Bay Rays,2026-08-05T19:11:00+00:00,2026-08-04T19:45:01.941108+00:00,84358.058892,true,0,,,,,,,,,,,,,,,,,,,,449,0.424731182795699,0.424731182795699,0,0,2026-08-04T19:00:02.432024+00:00,2699.509084,1,false,smarkets,smarkets,false,,,0.424731182795699,9.941108,9.941108,sharp:0155,2026-08-04T19:45:01.941108+00:00,0,0.424731182795699,0,0,1,false,sharp:0154,2699.509084,sharp:0156,900.446254,,,rn1:0042,84304.058892,true,2026-08-04T10:54:26+00:00,31835.941108,0.44,0x4d4292022f4be37d7099b6874495eb93621d2f226fb26c430c8f1923a5bf35ed,false,false,false,false,-0.015268817204301,,,true,false,0,,,,,,,,,,,,,,,false,false,false,false,true,false,0,,,,,,,,,,,,,,,false,false,false,false,true,false,0,,,,,,,,,,,,,,,false,false,false,false,true,false,0,,,,,,,,,,,,,,,false,false,false,false
H2-v1-EVENT-M5,H2-v1,sharp:0156,sharp,156,1614976,0x34aae0d3ca8f99d1ecee2e60f748f6e39a9447040bcd7db0ef2dbdfa5f9309f6,mlb-tb-col-2026-08-05,Colorado Rockies,Tampa Bay Rays,2026-08-05T19:11:00+00:00,2026-08-04T20:00:02.387362+00:00,83457.612638,true,0,,,,,,,,,,,,,,,,,,,,451,0.424731182795699,0.424731182795699,0,0,2026-08-04T19:45:01.941108+00:00,900.446254,1,false,smarkets,smarkets,false,,,0.424731182795699,22.387362,22.387362,sharp:0156,2026-08-04T20:00:02.387362+00:00,0,0.424731182795699,0,0,1,false,sharp:0155,900.446254,sharp:0157,2700.116294,,,rn1:0042,83403.612638,true,2026-08-04T10:54:26+00:00,32736.387362,0.44,0x4d4292022f4be37d7099b6874495eb93621d2f226fb26c430c8f1923a5bf35ed,false,false,false,false,-0.015268817204301,,,true,false,0,,,,,,,,,,,,,,,false,false,false,false,true,false,0,,,,,,,,,,,,,,,false,false,false,false,true,false,0,,,,,,,,,,,,,,,false,false,false,false,true,false,0,,,,,,,,,,,,,,,false,false,false,false
H2-v1-EVENT-M5,H2-v1,sharp:0157,sharp,157,1614976,0x34aae0d3ca8f99d1ecee2e60f748f6e39a9447040bcd7db0ef2dbdfa5f9309f6,mlb-tb-col-2026-08-05,Colorado Rockies,Tampa Bay Rays,2026-08-05T19:11:00+00:00,2026-08-04T20:45:02.503656+00:00,80757.496344,true,0,,,,,,,,,,,,,,,,,,,,455,0.424731182795699,0.424731182795699,0,0,2026-08-04T20:00:02.387362+00:00,2700.116294,1,false,smarkets,smarkets,false,,,0.424731182795699,17.503656,17.503656,sharp:0157,2026-08-04T20:45:02.503656+00:00,0,0.424731182795699,0,0,1,false,sharp:0156,2700.116294,sharp:0158,899.67557,,,rn1:0042,80703.496344,true,2026-08-04T10:54:26+00:00,35436.503656,0.44,0x4d4292022f4be37d7099b6874495eb93621d2f226fb26c430c8f1923a5bf35ed,false,false,false,false,-0.015268817204301,,,true,false,0,,,,,,,,,,,,,,,false,false,false,false,true,false,0,,,,,,,,,,,,,,,false,false,false,false,true,false,0,,,,,,,,,,,,,,,false,false,false,false,true,false,0,,,,,,,,,,,,,,,false,false,false,false
H2-v1-EVENT-M5,H2-v1,sharp:0158,sharp,158,1614976,0x34aae0d3ca8f99d1ecee2e60f748f6e39a9447040bcd7db0ef2dbdfa5f9309f6,mlb-tb-col-2026-08-05,Colorado Rockies,Tampa Bay Rays,2026-08-05T19:11:00+00:00,2026-08-04T21:00:02.179226+00:00,79857.820774,true,-1,,,,,,,,,,,,,,,,,,,,457,0.422392691668852215,0.424731182795699,-0.002338491126846785,-1,2026-08-04T20:45:02.503656+00:00,899.67557,2,true,matchbook+smarkets,smarkets,true,,0.42005420054200543,0.424731182795699,10.679226,14.179226,sharp:0158,2026-08-04T21:00:02.179226+00:00,0,0.422392691668852215,-0.002338491126846785,-1,2,true,sharp:0157,899.67557,sharp:0159,2699.784904,,,rn1:0042,79803.820774,true,2026-08-04T10:54:26+00:00,36336.179226,0.44,0x4d4292022f4be37d7099b6874495eb93621d2f226fb26c430c8f1923a5bf35ed,false,false,false,false,-0.017607308331147785,,,true,false,0,,,,,,,,,,,,,,,false,false,false,false,true,false,0,,,,,,,,,,,,,,,false,false,false,false,true,false,0,,,,,,,,,,,,,,,false,false,false,false,true,false,0,,,,,,,,,,,,,,,false,false,false,false
H2-v1-EVENT-M5,H2-v1,sharp:0159,sharp,159,1614976,0x34aae0d3ca8f99d1ecee2e60f748f6e39a9447040bcd7db0ef2dbdfa5f9309f6,mlb-tb-col-2026-08-05,Colorado Rockies,Tampa Bay Rays,2026-08-05T19:11:00+00:00,2026-08-04T21:45:01.964130+00:00,77158.03587,true,0,,,,,,,,,,,,,,,,,,,,461,0.422392691668852215,0.422392691668852215,0,0,2026-08-04T21:00:02.179226+00:00,2699.784904,2,true,matchbook+smarkets,matchbook+smarkets,false,,0.42005420054200543,0.424731182795699,6.96413,7.96413,sharp:0159,2026-08-04T21:45:01.964130+00:00,0,0.422392691668852215,0,0,2,false,sharp:0158,2699.784904,sharp:0160,900.84586,,,rn1:0042,77104.03587,true,2026-08-04T10:54:26+00:00,39035.96413,0.44,0x4d4292022f4be37d7099b6874495eb93621d2f226fb26c430c8f1923a5bf35ed,false,false,false,false,-0.017607308331147785,,,true,false,0,,,,,,,,,,,,,,,false,false,false,false,true,false,0,,,,,,,,,,,,,,,false,false,false,false,true,false,0,,,,,,,,,,,,,,,false,false,false,false,true,false,0,,,,,,,,,,,,,,,false,false,false,false
H2-v1-EVENT-M5,H2-v1,sharp:0160,sharp,160,1614976,0x34aae0d3ca8f99d1ecee2e60f748f6e39a9447040bcd7db0ef2dbdfa5f9309f6,mlb-tb-col-2026-08-05,Colorado Rockies,Tampa Bay Rays,2026-08-05T19:11:00+00:00,2026-08-04T22:00:02.809990+00:00,76257.19001,true,0,,,,,,,,,,,,,,,,,,,,463,0.422392691668852215,0.422392691668852215,0,0,2026-08-04T21:45:01.964130+00:00,900.84586,2,true,matchbook+smarkets,matchbook+smarkets,false,,0.42005420054200543,0.424731182795699,11.80999,12.80999,sharp:0160,2026-08-04T22:00:02.809990+00:00,0,0.422392691668852215,0,0,2,false,sharp:0159,900.84586,sharp:0161,2698.89965,,,rn1:0042,76203.19001,true,2026-08-04T10:54:26+00:00,39936.80999,0.44,0x4d4292022f4be37d7099b6874495eb93621d2f226fb26c430c8f1923a5bf35ed,false,false,false,false,-0.017607308331147785,,,true,false,0,,,,,,,,,,,,,,,false,false,false,false,true,false,0,,,,,,,,,,,,,,,false,false,false,false,true,false,0,,,,,,,,,,,,,,,false,false,false,false,true,false,0,,,,,,,,,,,,,,,false,false,false,false
H2-v1-EVENT-M5,H2-v1,sharp:0161,sharp,161,1614976,0x34aae0d3ca8f99d1ecee2e60f748f6e39a9447040bcd7db0ef2dbdfa5f9309f6,mlb-tb-col-2026-08-05,Colorado Rockies,Tampa Bay Rays,2026-08-05T19:11:00+00:00,2026-08-04T22:45:01.709640+00:00,73558.29036,true,-1,,,,,,,,,,,,,,,,,,,,467,0.42081245788286312,0.422392691668852215,-0.001580233785989095,-1,2026-08-04T22:00:02.809990+00:00,2698.89965,2,true,matchbook+smarkets,matchbook+smarkets,false,,0.41689373297002724,0.424731182795699,11.20964,11.70964,sharp:0161,2026-08-04T22:45:01.709640+00:00,0,0.42081245788286312,-0.001580233785989095,-1,2,false,sharp:0160,2698.89965,sharp:0162,900.345729,,,rn1:0042,73504.29036,true,2026-08-04T10:54:26+00:00,42635.70964,0.44,0x4d4292022f4be37d7099b6874495eb93621d2f226fb26c430c8f1923a5bf35ed,false,false,false,false,-0.01918754211713688,,,true,false,0,,,,,,,,,,,,,,,false,false,false,false,true,false,0,,,,,,,,,,,,,,,false,false,false,false,true,false,0,,,,,,,,,,,,,,,false,false,false,false,true,false,0,,,,,,,,,,,,,,,false,false,false,false
H2-v1-EVENT-M5,H2-v1,sharp:0162,sharp,162,1614976,0x34aae0d3ca8f99d1ecee2e60f748f6e39a9447040bcd7db0ef2dbdfa5f9309f6,mlb-tb-col-2026-08-05,Colorado Rockies,Tampa Bay Rays,2026-08-05T19:11:00+00:00,2026-08-04T23:00:02.055369+00:00,72657.944631,true,0,,,,,,,,,,,,,,,,,,,,469,0.42081245788286312,0.42081245788286312,0,0,2026-08-04T22:45:01.709640+00:00,900.345729,2,true,matchbook+smarkets,matchbook+smarkets,false,,0.41689373297002724,0.424731182795699,4.055369,4.055369,sharp:0162,2026-08-04T23:00:02.055369+00:00,0,0.42081245788286312,0,0,2,false,sharp:0161,900.345729,sharp:0163,20699.861933,,,rn1:0042,72603.944631,true,2026-08-04T10:54:26+00:00,43536.055369,0.44,0x4d4292022f4be37d7099b6874495eb93621d2f226fb26c430c8f1923a5bf35ed,false,false,false,false,-0.01918754211713688,,,true,false,0,,,,,,,,,,,,,,,false,false,false,false,true,false,0,,,,,,,,,,,,,,,false,false,false,false,true,false,0,,,,,,,,,,,,,,,false,false,false,false,true,false,0,,,,,,,,,,,,,,,false,false,false,false
H2-v1-EVENT-M5,H2-v1,sharp:0163,sharp,163,1614976,0x34aae0d3ca8f99d1ecee2e60f748f6e39a9447040bcd7db0ef2dbdfa5f9309f6,mlb-tb-col-2026-08-05,Colorado Rockies,Tampa Bay Rays,2026-08-05T19:11:00+00:00,2026-08-05T04:45:01.917302+00:00,51958.082698,true,-1,,,,,,,,,,,,,,,,,,,,502,0.408007188756577825,0.42081245788286312,-0.012805269126285295,-1,2026-08-04T23:00:02.055369+00:00,20699.861933,2,true,matchbook+smarkets,matchbook+smarkets,false,,0.4039408866995074,0.41207349081364825,13.917302,23.917302,sharp:0163,2026-08-05T04:45:01.917302+00:00,0,0.408007188756577825,-0.012805269126285295,-1,2,false,sharp:0162,20699.861933,sharp:0164,47711.633981,,,rn1:0042,51904.082698,true,2026-08-05T04:35:14+00:00,587.917302,0.400000024,0x10a3bf1acda160e3bebc056b30d9145e49ad557632e71dee6f6a87e037c6de24,false,false,false,true,0.008007164756577825,,,true,false,0,,,,,,,,,,,,,,,false,false,false,false,true,false,0,,,,,,,,,,,,,,,false,false,false,false,true,false,0,,,,,,,,,,,,,,,false,false,false,false,true,false,0,,,,,,,,,,,,,,,false,false,false,false
H2-v1-EVENT-M5,H2-v1,sharp:0164,sharp,164,1614976,0x34aae0d3ca8f99d1ecee2e60f748f6e39a9447040bcd7db0ef2dbdfa5f9309f6,mlb-tb-col-2026-08-05,Colorado Rockies,Tampa Bay Rays,2026-08-05T19:11:00+00:00,2026-08-05T18:00:13.551283+00:00,4246.448717,true,-1,,,,,,,,,,,,,,,,,,,,556,0.4077669902912622,0.408007188756577825,-0.000240198465315625,-1,2026-08-05T04:45:01.917302+00:00,47711.633981,3,true,betfair+matchbook+smarkets,matchbook+smarkets,true,0.4077669902912622,0.40632603406326034,0.40942928039702237,11.051283,22.551283,sharp:0164,2026-08-05T18:00:13.551283+00:00,0,0.4077669902912622,-0.000240198465315625,-1,3,true,sharp:0163,47711.633981,sharp:0165,2688.434843,,,rn1:0042,4192.448717,true,2026-08-05T17:53:20+00:00,413.551283,0.41,0xfe1592b67109303ff24c5550152c3312f6cdc0db042908ec4f049b585c5281b0,false,false,false,true,-0.0022330097087378,,,true,false,0,,,,,,,,,,,,,,,false,false,false,false,true,true,2,2026-08-05T18:00:33+00:00,19.448717,0.4100000009,0.0000000009,0x585650e94fca58d6279760a4f623b967b023179ea9418c182293c72cffc9d860,2026-08-05T18:00:38+00:00,24.448717,5.551283,0.4199999832,0.0099999832,0x0f88d4a40772f7e6e914279a88a3f6a990fe5a6bb005196bedbba236f1534532,0.4100000009,0.4199999832,0.0099999823,false,true,true,true,true,true,2,2026-08-05T18:00:33+00:00,19.448717,0.4100000009,0.0000000009,0x585650e94fca58d6279760a4f623b967b023179ea9418c182293c72cffc9d860,2026-08-05T18:00:38+00:00,24.448717,35.551283,0.4199999832,0.0099999832,0x0f88d4a40772f7e6e914279a88a3f6a990fe5a6bb005196bedbba236f1534532,0.4100000009,0.4199999832,0.0099999823,false,false,false,true,true,true,7,2026-08-05T18:00:33+00:00,19.448717,0.4100000009,0.0000000009,0x585650e94fca58d6279760a4f623b967b023179ea9418c182293c72cffc9d860,2026-08-05T18:04:26+00:00,252.448717,47.551283,0.4100000004,0.0000000004,0x6fbdccd1c565e9b3a64e6926d1d0439164d441104622ee04585c82934f8a2251,0.4100000001,0.4199999953,0.0099999952,false,false,false,true
H2-v1-EVENT-M5,H2-v1,sharp:0165,sharp,165,1614976,0x34aae0d3ca8f99d1ecee2e60f748f6e39a9447040bcd7db0ef2dbdfa5f9309f6,mlb-tb-col-2026-08-05,Colorado Rockies,Tampa Bay Rays,2026-08-05T19:11:00+00:00,2026-08-05T18:45:01.986126+00:00,1558.013874,true,1,,,,,,,,,,,,,,,,,,,,560,0.41047415583644887,0.4077669902912622,0.00270716554518667,1,2026-08-05T18:00:13.551283+00:00,2688.434843,3,true,betfair+matchbook+smarkets,betfair+matchbook+smarkets,false,0.41047415583644887,0.41119221411192214,0.4088669950738916,4.986126,5.986126,sharp:0165,2026-08-05T18:45:01.986126+00:00,0,0.41047415583644887,0.00270716554518667,1,3,false,sharp:0164,2688.434843,sharp:0166,900.370858,,,rn1:0042,1504.013874,true,2026-08-05T18:44:32+00:00,29.986126,0.42,0x725db4354bbc0712fe5adf8c261d310a457d14bf18795b3947a613e33fe75fc3,true,true,true,true,-0.00952584416355113,,,true,true,3,2026-08-05T18:45:02+00:00,0.013874,0.4100000246,-0.0099999754,0x52ac0a8f5aa31dde940cff336259426e85c008c443fb3b780266cab1bf30b2a5,2026-08-05T18:45:11+00:00,9.013874,0.986126,0.41,-0.01,0xcf9115997227377cb749a0d95130857a5727d3e44704a76199d22e738143de6b,0.41,0.42,0.01,true,true,true,true,true,true,4,2026-08-05T18:45:02+00:00,0.013874,0.4100000246,-0.0099999754,0x52ac0a8f5aa31dde940cff336259426e85c008c443fb3b780266cab1bf30b2a5,2026-08-05T18:45:27+00:00,25.013874,4.986126,0.4100000053,-0.0099999947,0x834a434e3c57fc94396ce6c4b086db0761312c653b500b6c76d6a0b81535dd5a,0.41,0.42,0.01,true,true,true,true,true,true,5,2026-08-05T18:45:02+00:00,0.013874,0.4100000246,-0.0099999754,0x52ac0a8f5aa31dde940cff336259426e85c008c443fb3b780266cab1bf30b2a5,2026-08-05T18:45:36+00:00,34.013874,25.986126,0.41,-0.01,0xea65f770f0faab68d68ed7283ebe331fd4e654d0938671ae17dbea7d9d697534,0.41,0.42,0.01,false,false,true,true,true,true,6,2026-08-05T18:45:02+00:00,0.013874,0.4100000246,-0.0099999754,0x52ac0a8f5aa31dde940cff336259426e85c008c443fb3b780266cab1bf30b2a5,2026-08-05T18:46:39+00:00,97.013874,202.986126,0.4100000106,-0.0099999894,0x7c5676d750993d19db69d5dc5807daf1dba455f3fc0b81755dac98f2f87cfbd2,0.41,0.42,0.01,false,false,false,false
H2-v1-EVENT-M5,H2-v1,sharp:0166,sharp,166,1614976,0x34aae0d3ca8f99d1ecee2e60f748f6e39a9447040bcd7db0ef2dbdfa5f9309f6,mlb-tb-col-2026-08-05,Colorado Rockies,Tampa Bay Rays,2026-08-05T19:11:00+00:00,2026-08-05T19:00:02.356984+00:00,657.643016,true,1,,,,,,,,,,,,,,,,,,,,562,0.4132029339853301,0.41047415583644887,0.00272877814888123,1,2026-08-05T18:45:01.986126+00:00,900.370858,3,true,betfair+matchbook+smarkets,betfair+matchbook+smarkets,false,0.4132029339853301,0.4132029339853301,0.4088669950738916,14.856984,20.356984,sharp:0166,2026-08-05T19:00:02.356984+00:00,0,0.4132029339853301,0.00272877814888123,1,3,false,sharp:0165,900.370858,,,,,rn1:0042,603.643016,true,2026-08-05T18:59:56+00:00,6.356984,0.41,0xf490d1a36a56878f8747cd1f9338aca6b404a38b7eda2c9f4762e3ecf2f65745,true,true,true,true,0.0032029339853301,,,true,false,0,,,,,,,,,,,,,,,false,false,false,false,true,true,2,2026-08-05T19:00:18+00:00,15.643016,0.42,0.01,0xfcf3b40ff0b714030dfb222d6c772bd4d47291e2d54169270a9a205053b6cf24,2026-08-05T19:00:20+00:00,17.643016,12.356984,0.42,0.01,0x653a629647d79b5eddc470bea70177bc3034b490d60ac3e083757fe1a07dc0d7,0.42,0.42,0,false,true,true,true,true,true,2,2026-08-05T19:00:18+00:00,15.643016,0.42,0.01,0xfcf3b40ff0b714030dfb222d6c772bd4d47291e2d54169270a9a205053b6cf24,2026-08-05T19:00:20+00:00,17.643016,42.356984,0.42,0.01,0x653a629647d79b5eddc470bea70177bc3034b490d60ac3e083757fe1a07dc0d7,0.42,0.42,0,false,false,false,true,true,true,7,2026-08-05T19:00:18+00:00,15.643016,0.42,0.01,0xfcf3b40ff0b714030dfb222d6c772bd4d47291e2d54169270a9a205053b6cf24,2026-08-05T19:04:54+00:00,291.643016,8.356984,0.4199999706,0.0099999706,0xb88f5bdfb4b3ac63f2991bb4985b3c47271d8ab6649469408d84938ad5f2bea4,0.4100000002,0.42,0.0099999998,false,true,true,true
H2-v1-EVENT-M5,H2-v1,rn1:0041,rn1,41,1614976,0x34aae0d3ca8f99d1ecee2e60f748f6e39a9447040bcd7db0ef2dbdfa5f9309f6,mlb-tb-col-2026-08-05,Colorado Rockies,Tampa Bay Rays,2026-08-05T19:11:00+00:00,2026-08-05T19:10:06+00:00,54,true,-1,3229906,Tampa Bay Rays,away,BUY,0.58,0.42,455,263.9,-455,-263.9,0x5000268e7b79eca12e6a7d5ad90258eb10d6ccd772b670d4c4d94a98a66246d1,040ef6370ffbb7454c0f2dca31e81c841372742bb90dbd319819b43d5d1a1e86,1614976:2026-08-05T19:10:06+00:00,4,2,-5790,-3359.55,-1,1,,,,,,,,,,,,,,,,,,sharp:0166,2026-08-05T19:00:02.356984+00:00,603.643016,0.4132029339853301,0.00272877814888123,1,3,false,sharp:0166,603.643016,,,,,,,true,2026-08-05T19:09:47+00:00,19,0.42,0x61a9f1b330e7b24b3c704dd7a869870cda267e7031438a14bc827c8584634c23,true,true,true,true,-0.0067970660146699,0,false,true,true,9,2026-08-05T19:10:08+00:00,2,0.4100001534,-0.0099998466,0xef8ced1937dc2991616bd050d0edcd0bc195c20960cdb18c7f35493d3ade3442,2026-08-05T19:10:11+00:00,5,5,0.4100000683,-0.0099999317,0xb3558d040a2eebf228d199f5e2d31ed8b9a03f55cf3409670ba06b48ae0fafff,0.41,0.42,0.01,true,true,true,true,true,true,11,2026-08-05T19:10:08+00:00,2,0.4100001534,-0.0099998466,0xef8ced1937dc2991616bd050d0edcd0bc195c20960cdb18c7f35493d3ade3442,2026-08-05T19:10:30+00:00,24,6,0.41,-0.01,0x69a2de9e61228d5d07f535ba96a4d9bbc1f10685f05aa583c7a7341149a3e968,0.41,0.42,0.01,false,true,true,true,false,false,0,,,,,,,,,,,,,,,false,false,false,false,false,false,0,,,,,,,,,,,,,,,false,false,false,false
H2-v1-EVENT-M5,H2-v1,rn1:0042,rn1,42,1614976,0x34aae0d3ca8f99d1ecee2e60f748f6e39a9447040bcd7db0ef2dbdfa5f9309f6,mlb-tb-col-2026-08-05,Colorado Rockies,Tampa Bay Rays,2026-08-05T19:11:00+00:00,2026-08-05T19:10:06+00:00,54,true,-1,3229906,Tampa Bay Rays,away,BUY,0.58,0.42,1520,881.6,-1520,-881.6,0x31bb6ed5d38c11b73cb5d86a8f14239199b220d9289ff0f733a49f9934ebe66f,6c7db1e1532d22da170cf0799d905a855ac260afa41132b3604ce3f3df0db195,1614976:2026-08-05T19:10:06+00:00,4,1,-5790,-3359.55,-1,1,,,,,,,,,,,,,,,,,,sharp:0166,2026-08-05T19:00:02.356984+00:00,603.643016,0.4132029339853301,0.00272877814888123,1,3,false,sharp:0166,603.643016,,,,,,,true,2026-08-05T19:09:47+00:00,19,0.42,0x61a9f1b330e7b24b3c704dd7a869870cda267e7031438a14bc827c8584634c23,true,true,true,true,-0.0067970660146699,0,false,true,true,9,2026-08-05T19:10:08+00:00,2,0.4100001534,-0.0099998466,0xef8ced1937dc2991616bd050d0edcd0bc195c20960cdb18c7f35493d3ade3442,2026-08-05T19:10:11+00:00,5,5,0.4100000683,-0.0099999317,0xb3558d040a2eebf228d199f5e2d31ed8b9a03f55cf3409670ba06b48ae0fafff,0.41,0.42,0.01,true,true,true,true,true,true,11,2026-08-05T19:10:08+00:00,2,0.4100001534,-0.0099998466,0xef8ced1937dc2991616bd050d0edcd0bc195c20960cdb18c7f35493d3ade3442,2026-08-05T19:10:30+00:00,24,6,0.41,-0.01,0x69a2de9e61228d5d07f535ba96a4d9bbc1f10685f05aa583c7a7341149a3e968,0.41,0.42,0.01,false,true,true,true,false,false,0,,,,,,,,,,,,,,,false,false,false,false,false,false,0,,,,,,,,,,,,,,,false,false,false,false
H2-v1-EVENT-M5,H2-v1,rn1:0043,rn1,43,1614976,0x34aae0d3ca8f99d1ecee2e60f748f6e39a9447040bcd7db0ef2dbdfa5f9309f6,mlb-tb-col-2026-08-05,Colorado Rockies,Tampa Bay Rays,2026-08-05T19:11:00+00:00,2026-08-05T19:10:06+00:00,54,true,-1,3229906,Tampa Bay Rays,away,BUY,0.59,0.41,1975,1165.25,-1975,-1165.25,0x89ddced6756b6f3e2558ab13b5f8ed7e126c8be1533a3147065ac2bbde308dce,d429550bedb384b35aef40f29beab85dff097bd8b17ad23911fd84b19e544bec,1614976:2026-08-05T19:10:06+00:00,4,3,-5790,-3359.55,-1,1,,,,,,,,,,,,,,,,,,sharp:0166,2026-08-05T19:00:02.356984+00:00,603.643016,0.4132029339853301,0.00272877814888123,1,3,false,sharp:0166,603.643016,,,,,,,true,2026-08-05T19:09:47+00:00,19,0.42,0x61a9f1b330e7b24b3c704dd7a869870cda267e7031438a14bc827c8584634c23,true,true,true,true,-0.0067970660146699,-0.01,false,true,true,9,2026-08-05T19:10:08+00:00,2,0.4100001534,-0.0099998466,0xef8ced1937dc2991616bd050d0edcd0bc195c20960cdb18c7f35493d3ade3442,2026-08-05T19:10:11+00:00,5,5,0.4100000683,-0.0099999317,0xb3558d040a2eebf228d199f5e2d31ed8b9a03f55cf3409670ba06b48ae0fafff,0.41,0.42,0.01,true,true,true,true,true,true,11,2026-08-05T19:10:08+00:00,2,0.4100001534,-0.0099998466,0xef8ced1937dc2991616bd050d0edcd0bc195c20960cdb18c7f35493d3ade3442,2026-08-05T19:10:30+00:00,24,6,0.41,-0.01,0x69a2de9e61228d5d07f535ba96a4d9bbc1f10685f05aa583c7a7341149a3e968,0.41,0.42,0.01,false,true,true,true,false,false,0,,,,,,,,,,,,,,,false,false,false,false,false,false,0,,,,,,,,,,,,,,,false,false,false,false
H2-v1-EVENT-M5,H2-v1,rn1:0044,rn1,44,1614976,0x34aae0d3ca8f99d1ecee2e60f748f6e39a9447040bcd7db0ef2dbdfa5f9309f6,mlb-tb-col-2026-08-05,Colorado Rockies,Tampa Bay Rays,2026-08-05T19:11:00+00:00,2026-08-05T19:10:06+00:00,54,true,-1,3229906,Tampa Bay Rays,away,BUY,0.57,0.43,1840,1048.8,-1840,-1048.8,0xae60b74e4ad80e4241892754f4e387864e5e30d776a0594fa0f2942c5211a059,f1e43359e8ba14f849c2de513bd8778399003a078fcbbede272e8b6e27088518,1614976:2026-08-05T19:10:06+00:00,4,4,-5790,-3359.55,-1,1,,,,,,,,,,,,,,,,,,sharp:0166,2026-08-05T19:00:02.356984+00:00,603.643016,0.4132029339853301,0.00272877814888123,1,3,false,sharp:0166,603.643016,,,,,,,true,2026-08-05T19:09:47+00:00,19,0.42,0x61a9f1b330e7b24b3c704dd7a869870cda267e7031438a14bc827c8584634c23,true,true,true,true,-0.0067970660146699,0.01,false,true,true,9,2026-08-05T19:10:08+00:00,2,0.4100001534,-0.0099998466,0xef8ced1937dc2991616bd050d0edcd0bc195c20960cdb18c7f35493d3ade3442,2026-08-05T19:10:11+00:00,5,5,0.4100000683,-0.0099999317,0xb3558d040a2eebf228d199f5e2d31ed8b9a03f55cf3409670ba06b48ae0fafff,0.41,0.42,0.01,true,true,true,true,true,true,11,2026-08-05T19:10:08+00:00,2,0.4100001534,-0.0099998466,0xef8ced1937dc2991616bd050d0edcd0bc195c20960cdb18c7f35493d3ade3442,2026-08-05T19:10:30+00:00,24,6,0.41,-0.01,0x69a2de9e61228d5d07f535ba96a4d9bbc1f10685f05aa583c7a7341149a3e968,0.41,0.42,0.01,false,true,true,true,false,false,0,,,,,,,,,,,,,,,false,false,false,false,false,false,0,,,,,,,,,,,,,,,false,false,false,false
H2-v1-EVENT-M5,H2-v1,sharp:0167,sharp,167,1614981,0x48cd516b8e121227e822eef65706ac231431ccb2695a61bf5528ec653af43f0b,mlb-laa-bal-2026-08-05,Baltimore Orioles,Los Angeles Angels,2026-08-05T22:36:00+00:00,2026-08-04T18:45:02.244229+00:00,100257.755771,false,,,,,,,,,,,,,,,,,,,,,443,0.5504087193460491,,,,,,1,false,smarkets,,,,,0.5504087193460491,18.244229,18.244229,sharp:0167,2026-08-04T18:45:02.244229+00:00,0,0.5504087193460491,,,1,,,,sharp:0168,900.187795,,,rn1:0045,100200.755771,true,2026-08-04T13:57:47+00:00,17235.244229,0.58,0xe68fe3c76b026f3e8056cde072dadbca6a7bef750b8ec0bf8d586c49bd6fe0a5,false,false,false,false,-0.0295912806539509,,,true,false,0,,,,,,,,,,,,,,,false,false,false,false,true,false,0,,,,,,,,,,,,,,,false,false,false,false,true,false,0,,,,,,,,,,,,,,,false,false,false,false,true,false,0,,,,,,,,,,,,,,,false,false,false,false
H2-v1-EVENT-M5,H2-v1,sharp:0168,sharp,168,1614981,0x48cd516b8e121227e822eef65706ac231431ccb2695a61bf5528ec653af43f0b,mlb-laa-bal-2026-08-05,Baltimore Orioles,Los Angeles Angels,2026-08-05T22:36:00+00:00,2026-08-04T19:00:02.432024+00:00,99357.567976,true,0,,,,,,,,,,,,,,,,,,,,445,0.5504087193460491,0.5504087193460491,0,0,2026-08-04T18:45:02.244229+00:00,900.187795,1,false,smarkets,smarkets,false,,,0.5504087193460491,3.432024,3.432024,sharp:0168,2026-08-04T19:00:02.432024+00:00,0,0.5504087193460491,0,0,1,false,sharp:0167,900.187795,sharp:0169,2699.509084,,,rn1:0045,99300.567976,true,2026-08-04T13:57:47+00:00,18135.432024,0.58,0xe68fe3c76b026f3e8056cde072dadbca6a7bef750b8ec0bf8d586c49bd6fe0a5,false,false,false,false,-0.0295912806539509,,,true,false,0,,,,,,,,,,,,,,,false,false,false,false,true,false,0,,,,,,,,,,,,,,,false,false,false,false,true,false,0,,,,,,,,,,,,,,,false,false,false,false,true,false,0,,,,,,,,,,,,,,,false,false,false,false
H2-v1-EVENT-M5,H2-v1,sharp:0169,sharp,169,1614981,0x48cd516b8e121227e822eef65706ac231431ccb2695a61bf5528ec653af43f0b,mlb-laa-bal-2026-08-05,Baltimore Orioles,Los Angeles Angels,2026-08-05T22:36:00+00:00,2026-08-04T19:45:01.941108+00:00,96658.058892,true,0,,,,,,,,,,,,,,,,,,,,449,0.5504087193460491,0.5504087193460491,0,0,2026-08-04T19:00:02.432024+00:00,2699.509084,1,false,smarkets,smarkets,false,,,0.5504087193460491,9.941108,9.941108,sharp:0169,2026-08-04T19:45:01.941108+00:00,0,0.5504087193460491,0,0,1,false,sharp:0168,2699.509084,sharp:0170,900.446254,,,rn1:0045,96601.058892,true,2026-08-04T13:57:47+00:00,20834.941108,0.58,0xe68fe3c76b026f3e8056cde072dadbca6a7bef750b8ec0bf8d586c49bd6fe0a5,false,false,false,false,-0.0295912806539509,,,true,false,0,,,,,,,,,,,,,,,false,false,false,false,true,false,0,,,,,,,,,,,,,,,false,false,false,false,true,false,0,,,,,,,,,,,,,,,false,false,false,false,true,false,0,,,,,,,,,,,,,,,false,false,false,false
H2-v1-EVENT-M5,H2-v1,sharp:0170,sharp,170,1614981,0x48cd516b8e121227e822eef65706ac231431ccb2695a61bf5528ec653af43f0b,mlb-laa-bal-2026-08-05,Baltimore Orioles,Los Angeles Angels,2026-08-05T22:36:00+00:00,2026-08-04T20:00:02.387362+00:00,95757.612638,true,0,,,,,,,,,,,,,,,,,,,,451,0.5504087193460491,0.5504087193460491,0,0,2026-08-04T19:45:01.941108+00:00,900.446254,1,false,smarkets,smarkets,false,,,0.5504087193460491,22.387362,22.387362,sharp:0170,2026-08-04T20:00:02.387362+00:00,0,0.5504087193460491,0,0,1,false,sharp:0169,900.446254,sharp:0171,2700.116294,,,rn1:0045,95700.612638,true,2026-08-04T13:57:47+00:00,21735.387362,0.58,0xe68fe3c76b026f3e8056cde072dadbca6a7bef750b8ec0bf8d586c49bd6fe0a5,false,false,false,false,-0.0295912806539509,,,true,false,0,,,,,,,,,,,,,,,false,false,false,false,true,false,0,,,,,,,,,,,,,,,false,false,false,false,true,false,0,,,,,,,,,,,,,,,false,false,false,false,true,false,0,,,,,,,,,,,,,,,false,false,false,false
H2-v1-EVENT-M5,H2-v1,sharp:0171,sharp,171,1614981,0x48cd516b8e121227e822eef65706ac231431ccb2695a61bf5528ec653af43f0b,mlb-laa-bal-2026-08-05,Baltimore Orioles,Los Angeles Angels,2026-08-05T22:36:00+00:00,2026-08-04T20:45:02.503656+00:00,93057.496344,true,1,,,,,,,,,,,,,,,,,,,,455,0.555858310626703,0.5504087193460491,0.0054495912806539,1,2026-08-04T20:00:02.387362+00:00,2700.116294,1,false,smarkets,smarkets,false,,,0.555858310626703,17.503656,17.503656,sharp:0171,2026-08-04T20:45:02.503656+00:00,0,0.555858310626703,0.0054495912806539,1,1,false,sharp:0170,2700.116294,sharp:0172,899.67557,,,rn1:0045,93000.496344,true,2026-08-04T13:57:47+00:00,24435.503656,0.58,0xe68fe3c76b026f3e8056cde072dadbca6a7bef750b8ec0bf8d586c49bd6fe0a5,false,false,false,false,-0.024141689373297,,,true,false,0,,,,,,,,,,,,,,,false,false,false,false,true,false,0,,,,,,,,,,,,,,,false,false,false,false,true,false,0,,,,,,,,,,,,,,,false,false,false,false,true,false,0,,,,,,,,,,,,,,,false,false,false,false
H2-v1-EVENT-M5,H2-v1,sharp:0172,sharp,172,1614981,0x48cd516b8e121227e822eef65706ac231431ccb2695a61bf5528ec653af43f0b,mlb-laa-bal-2026-08-05,Baltimore Orioles,Los Angeles Angels,2026-08-05T22:36:00+00:00,2026-08-04T21:00:02.179226+00:00,92157.820774,true,0,,,,,,,,,,,,,,,,,,,,457,0.555858310626703,0.555858310626703,0,0,2026-08-04T20:45:02.503656+00:00,899.67557,1,false,smarkets,smarkets,false,,,0.555858310626703,14.179226,14.179226,sharp:0172,2026-08-04T21:00:02.179226+00:00,0,0.555858310626703,0,0,1,false,sharp:0171,899.67557,sharp:0173,2699.784904,,,rn1:0045,92100.820774,true,2026-08-04T13:57:47+00:00,25335.179226,0.58,0xe68fe3c76b026f3e8056cde072dadbca6a7bef750b8ec0bf8d586c49bd6fe0a5,false,false,false,false,-0.024141689373297,,,true,false,0,,,,,,,,,,,,,,,false,false,false,false,true,false,0,,,,,,,,,,,,,,,false,false,false,false,true,false,0,,,,,,,,,,,,,,,false,false,false,false,true,false,0,,,,,,,,,,,,,,,false,false,false,false
H2-v1-EVENT-M5,H2-v1,sharp:0173,sharp,173,1614981,0x48cd516b8e121227e822eef65706ac231431ccb2695a61bf5528ec653af43f0b,mlb-laa-bal-2026-08-05,Baltimore Orioles,Los Angeles Angels,2026-08-05T22:36:00+00:00,2026-08-04T21:45:01.964130+00:00,89458.03587,true,0,,,,,,,,,,,,,,,,,,,,461,0.555858310626703,0.555858310626703,0,0,2026-08-04T21:00:02.179226+00:00,2699.784904,1,false,smarkets,smarkets,false,,,0.555858310626703,5.96413,5.96413,sharp:0173,2026-08-04T21:45:01.964130+00:00,0,0.555858310626703,0,0,1,false,sharp:0172,2699.784904,sharp:0174,900.84586,,,rn1:0045,89401.03587,true,2026-08-04T13:57:47+00:00,28034.96413,0.58,0xe68fe3c76b026f3e8056cde072dadbca6a7bef750b8ec0bf8d586c49bd6fe0a5,false,false,false,false,-0.024141689373297,,,true,false,0,,,,,,,,,,,,,,,false,false,false,false,true,false,0,,,,,,,,,,,,,,,false,false,false,false,true,false,0,,,,,,,,,,,,,,,false,false,false,false,true,false,0,,,,,,,,,,,,,,,false,false,false,false
H2-v1-EVENT-M5,H2-v1,sharp:0174,sharp,174,1614981,0x48cd516b8e121227e822eef65706ac231431ccb2695a61bf5528ec653af43f0b,mlb-laa-bal-2026-08-05,Baltimore Orioles,Los Angeles Angels,2026-08-05T22:36:00+00:00,2026-08-04T22:00:02.809990+00:00,88557.19001,true,0,,,,,,,,,,,,,,,,,,,,463,0.555858310626703,0.555858310626703,0,0,2026-08-04T21:45:01.964130+00:00,900.84586,1,false,smarkets,smarkets,false,,,0.555858310626703,10.80999,10.80999,sharp:0174,2026-08-04T22:00:02.809990+00:00,0,0.555858310626703,0,0,1,false,sharp:0173,900.84586,sharp:0175,2698.89965,,,rn1:0045,88500.19001,true,2026-08-04T13:57:47+00:00,28935.80999,0.58,0xe68fe3c76b026f3e8056cde072dadbca6a7bef750b8ec0bf8d586c49bd6fe0a5,false,false,false,false,-0.024141689373297,,,true,false,0,,,,,,,,,,,,,,,false,false,false,false,true,false,0,,,,,,,,,,,,,,,false,false,false,false,true,false,0,,,,,,,,,,,,,,,false,false,false,false,true,false,0,,,,,,,,,,,,,,,false,false,false,false
H2-v1-EVENT-M5,H2-v1,sharp:0175,sharp,175,1614981,0x48cd516b8e121227e822eef65706ac231431ccb2695a61bf5528ec653af43f0b,mlb-laa-bal-2026-08-05,Baltimore Orioles,Los Angeles Angels,2026-08-05T22:36:00+00:00,2026-08-04T22:45:01.709640+00:00,85858.29036,true,1,,,,,,,,,,,,,,,,,,,,467,0.5596971111144565,0.555858310626703,0.0038388004877535,1,2026-08-04T22:00:02.809990+00:00,2698.89965,2,true,matchbook+smarkets,smarkets,true,,0.56353591160221,0.555858310626703,11.20964,11.70964,sharp:0175,2026-08-04T22:45:01.709640+00:00,0,0.5596971111144565,0.0038388004877535,1,2,true,sharp:0174,2698.89965,sharp:0176,900.345729,,,rn1:0045,85801.29036,true,2026-08-04T22:43:08+00:00,113.70964,0.5799999988,0xba776ff91ff52b1321d897f481b15f948c052870e5220cd6bb4134b6bd606fb8,false,false,true,true,-0.0203028876855435,,,true,false,0,,,,,,,,,,,,,,,false,false,false,false,true,false,0,,,,,,,,,,,,,,,false,false,false,false,true,false,0,,,,,,,,,,,,,,,false,false,false,false,true,false,0,,,,,,,,,,,,,,,false,false,false,false
H2-v1-EVENT-M5,H2-v1,sharp:0176,sharp,176,1614981,0x48cd516b8e121227e822eef65706ac231431ccb2695a61bf5528ec653af43f0b,mlb-laa-bal-2026-08-05,Baltimore Orioles,Los Angeles Angels,2026-08-05T22:36:00+00:00,2026-08-04T23:00:02.055369+00:00,84957.944631,true,1,,,,,,,,,,,,,,,,,,,,469,0.56208216077783235,0.5596971111144565,0.00238504966337585,1,2026-08-04T22:45:01.709640+00:00,900.345729,2,true,matchbook+smarkets,matchbook+smarkets,false,,0.5683060109289617,0.555858310626703,4.055369,4.055369,sharp:0176,2026-08-04T23:00:02.055369+00:00,0,0.56208216077783235,0.00238504966337585,1,2,false,sharp:0175,900.345729,sharp:0177,20699.861933,,,rn1:0045,84900.944631,true,2026-08-04T22:43:08+00:00,1014.055369,0.5799999988,0xba776ff91ff52b1321d897f481b15f948c052870e5220cd6bb4134b6bd606fb8,false,false,false,false,-0.01791783802216765,,,true,false,0,,,,,,,,,,,,,,,false,false,false,false,true,false,0,,,,,,,,,,,,,,,false,false,false,false,true,false,0,,,,,,,,,,,,,,,false,false,false,false,true,false,0,,,,,,,,,,,,,,,false,false,false,false
H2-v1-EVENT-M5,H2-v1,sharp:0177,sharp,177,1614981,0x48cd516b8e121227e822eef65706ac231431ccb2695a61bf5528ec653af43f0b,mlb-laa-bal-2026-08-05,Baltimore Orioles,Los Angeles Angels,2026-08-05T22:36:00+00:00,2026-08-05T04:45:01.917302+00:00,64258.082698,true,-1,,,,,,,,,,,,,,,,,,,,502,0.55756619563726165,0.56208216077783235,-0.0045159651405707,-1,2026-08-04T23:00:02.055369+00:00,20699.861933,2,true,matchbook+smarkets,matchbook+smarkets,false,,0.5583756345177665,0.5567567567567568,13.917302,23.917302,sharp:0177,2026-08-05T04:45:01.917302+00:00,0,0.55756619563726165,-0.0045159651405707,-1,2,false,sharp:0176,20699.861933,sharp:0178,47711.633981,,,rn1:0045,64201.082698,true,2026-08-05T03:29:38+00:00,4523.917302,0.5599999705,0x7d139165ff2756e5543e7be9feb59596fd617f629c6654273faf85981a9c6637,false,false,false,false,-0.00243377486273835,,,true,false,0,,,,,,,,,,,,,,,false,false,false,false,true,false,0,,,,,,,,,,,,,,,false,false,false,false,true,false,0,,,,,,,,,,,,,,,false,false,false,false,true,false,0,,,,,,,,,,,,,,,false,false,false,false
H2-v1-EVENT-M5,H2-v1,sharp:0178,sharp,178,1614981,0x48cd516b8e121227e822eef65706ac231431ccb2695a61bf5528ec653af43f0b,mlb-laa-bal-2026-08-05,Baltimore Orioles,Los Angeles Angels,2026-08-05T22:36:00+00:00,2026-08-05T18:00:13.551283+00:00,16546.448717,true,-1,,,,,,,,,,,,,,,,,,,,556,0.531328320802005,0.55756619563726165,-0.02623787483525665,-1,2026-08-05T04:45:01.917302+00:00,47711.633981,3,true,betfair+matchbook+smarkets,matchbook+smarkets,true,0.531328320802005,0.53,0.5329949238578681,11.051283,22.551283,sharp:0178,2026-08-05T18:00:13.551283+00:00,0,0.531328320802005,-0.02623787483525665,-1,3,true,sharp:0177,47711.633981,sharp:0179,2688.434843,,,rn1:0045,16489.448717,true,2026-08-05T17:51:02+00:00,551.551283,0.529999965,0xd83436c89e89419b95f0161155d105c1d9a94e4771cba5d2bc438f3ae9f50acc,false,false,false,true,0.001328355802005,,,true,false,0,,,,,,,,,,,,,,,false,false,false,false,true,false,0,,,,,,,,,,,,,,,false,false,false,false,true,false,0,,,,,,,,,,,,,,,false,false,false,false,true,false,0,,,,,,,,,,,,,,,false,false,false,false
H2-v1-EVENT-M5,H2-v1,sharp:0179,sharp,179,1614981,0x48cd516b8e121227e822eef65706ac231431ccb2695a61bf5528ec653af43f0b,mlb-laa-bal-2026-08-05,Baltimore Orioles,Los Angeles Angels,2026-08-05T22:36:00+00:00,2026-08-05T18:45:01.986126+00:00,13858.013874,true,0,,,,,,,,,,,,,,,,,,,,560,0.531328320802005,0.531328320802005,0,0,2026-08-05T18:00:13.551283+00:00,2688.434843,3,true,betfair+matchbook+smarkets,betfair+matchbook+smarkets,false,0.531328320802005,0.53,0.5329949238578681,4.986126,5.986126,sharp:0179,2026-08-05T18:45:01.986126+00:00,0,0.531328320802005,0,0,3,false,sharp:0178,2688.434843,sharp:0180,900.370858,,,rn1:0045,13801.013874,true,2026-08-05T18:24:35+00:00,1226.986126,0.5299999988,0x2e09765e46753e45ea26552a38f7cda7fe597518639c0d94ae9d0a4553a0b11f,false,false,false,false,0.001328322002005,,,true,false,0,,,,,,,,,,,,,,,false,false,false,false,true,false,0,,,,,,,,,,,,,,,false,false,false,false,true,false,0,,,,,,,,,,,,,,,false,false,false,false,true,false,0,,,,,,,,,,,,,,,false,false,false,false
H2-v1-EVENT-M5,H2-v1,sharp:0180,sharp,180,1614981,0x48cd516b8e121227e822eef65706ac231431ccb2695a61bf5528ec653af43f0b,mlb-laa-bal-2026-08-05,Baltimore Orioles,Los Angeles Angels,2026-08-05T22:36:00+00:00,2026-08-05T19:00:02.356984+00:00,12957.643016,true,0,,,,,,,,,,,,,,,,,,,,562,0.531328320802005,0.531328320802005,0,0,2026-08-05T18:45:01.986126+00:00,900.370858,3,true,betfair+matchbook+smarkets,betfair+matchbook+smarkets,false,0.531328320802005,0.53,0.5329949238578681,14.856984,20.356984,sharp:0180,2026-08-05T19:00:02.356984+00:00,0,0.531328320802005,0,0,3,false,sharp:0179,900.370858,sharp:0181,2699.99338,,,rn1:0045,12900.643016,true,2026-08-05T18:24:35+00:00,2127.356984,0.5299999988,0x2e09765e46753e45ea26552a38f7cda7fe597518639c0d94ae9d0a4553a0b11f,false,false,false,false,0.001328322002005,,,true,false,0,,,,,,,,,,,,,,,false,false,false,false,true,false,0,,,,,,,,,,,,,,,false,false,false,false,true,false,0,,,,,,,,,,,,,,,false,false,false,false,true,false,0,,,,,,,,,,,,,,,false,false,false,false
H2-v1-EVENT-M5,H2-v1,sharp:0181,sharp,181,1614981,0x48cd516b8e121227e822eef65706ac231431ccb2695a61bf5528ec653af43f0b,mlb-laa-bal-2026-08-05,Baltimore Orioles,Los Angeles Angels,2026-08-05T22:36:00+00:00,2026-08-05T19:45:02.350364+00:00,10257.649636,true,1,,,,,,,,,,,,,,,,,,,,566,0.5440806045340051,0.531328320802005,0.0127522837320001,1,2026-08-05T19:00:02.356984+00:00,2699.99338,3,true,betfair+matchbook+smarkets,betfair+matchbook+smarkets,false,0.5429647274847707,0.5472636815920399,0.5440806045340051,14.350364,19.350364,sharp:0181,2026-08-05T19:45:02.350364+00:00,0,0.5440806045340051,0.0127522837320001,1,3,false,sharp:0180,2699.99338,sharp:0182,900.423629,,,rn1:0045,10200.649636,true,2026-08-05T19:44:51+00:00,11.350364,0.55,0x531c0169e1fbc197728853aa2d07ada829d60de40458436a9b209e2b7369b42a,true,true,true,true,-0.0059193954659949,,,true,true,1,2026-08-05T19:45:06+00:00,3.649636,0.55,0,0x3024cd93a89188f3fdbc32403f173bc172069bdbb3a7c36ca6cde25309303347,2026-08-05T19:45:06+00:00,3.649636,6.350364,0.55,0,0x3024cd93a89188f3fdbc32403f173bc172069bdbb3a7c36ca6cde25309303347,0.55,0.55,0,false,true,true,true,true,true,1,2026-08-05T19:45:06+00:00,3.649636,0.55,0,0x3024cd93a89188f3fdbc32403f173bc172069bdbb3a7c36ca6cde25309303347,2026-08-05T19:45:06+00:00,3.649636,26.350364,0.55,0,0x3024cd93a89188f3fdbc32403f173bc172069bdbb3a7c36ca6cde25309303347,0.55,0.55,0,false,false,true,true,true,true,6,2026-08-05T19:45:06+00:00,3.649636,0.55,0,0x3024cd93a89188f3fdbc32403f173bc172069bdbb3a7c36ca6cde25309303347,2026-08-05T19:45:59+00:00,56.649636,3.350364,0.5599999993,0.0099999993,0xe8bea2a9fbfc06b3f411ec2d5fc7a11971ee25b34fb925702a6bc1c699bd619d,0.55,0.5599999993,0.0099999993,true,true,true,true,true,true,9,2026-08-05T19:45:06+00:00,3.649636,0.55,0,0x3024cd93a89188f3fdbc32403f173bc172069bdbb3a7c36ca6cde25309303347,2026-08-05T19:47:27+00:00,144.649636,155.350364,0.5599999776,0.0099999776,0x70043aaaf0c3f219534f826ffe04b96bf40d2f7f06b73b801682e5906aeec2f6,0.55,0.56,0.01,false,false,false,false
H2-v1-EVENT-M5,H2-v1,sharp:0182,sharp,182,1614981,0x48cd516b8e121227e822eef65706ac231431ccb2695a61bf5528ec653af43f0b,mlb-laa-bal-2026-08-05,Baltimore Orioles,Los Angeles Angels,2026-08-05T22:36:00+00:00,2026-08-05T20:00:02.773993+00:00,9357.226007,true,1,,,,,,,,,,,,,,,,,,,,568,0.55403503573941705,0.5440806045340051,0.00995443120541195,1,2026-08-05T19:45:02.350364+00:00,900.423629,3,true,betfair+matchbook+smarkets,betfair+matchbook+smarkets,false,0.55403503573941705,0.5544554455445545,0.5518987341772151,10.773993,11.773993,sharp:0182,2026-08-05T20:00:02.773993+00:00,0,0.55403503573941705,0.00995443120541195,1,3,false,sharp:0181,900.423629,,,,,rn1:0045,9300.226007,true,2026-08-05T19:56:36+00:00,206.773993,0.5500000894,0xc6ec7ee1b3248347cc74f6ac017b454e289a0fd52210a398caa6c9748d262684,false,false,true,true,0.00403494633941705,,,true,false,0,,,,,,,,,,,,,,,false,false,false,false,true,false,0,,,,,,,,,,,,,,,false,false,false,false,true,false,0,,,,,,,,,,,,,,,false,false,false,false,true,false,0,,,,,,,,,,,,,,,false,false,false,false
H2-v1-EVENT-M5,H2-v1,rn1:0045,rn1,45,1614981,0x48cd516b8e121227e822eef65706ac231431ccb2695a61bf5528ec653af43f0b,mlb-laa-bal-2026-08-05,Baltimore Orioles,Los Angeles Angels,2026-08-05T22:36:00+00:00,2026-08-05T22:35:03+00:00,57,true,-1,3229916,Los Angeles Angels,away,BUY,0.43,0.57,1371,589.53,-1371,-589.53,0xd92c2e3ffc171b7c422b30148451431bf1e6eabc47f2199b735fbe91411f8873,716736001fa9387eb805c75c848edc72cd3a6dad64f4a63433b3ef3f826566b3,1614981:2026-08-05T22:35:03+00:00,1,1,-1371,-589.53,-1,1,,,,,,,,,,,,,,,,,,sharp:0182,2026-08-05T20:00:02.773993+00:00,9300.226007,0.55403503573941705,0.00995443120541195,1,3,false,sharp:0182,9300.226007,,,,,rn1:0046,18,true,2026-08-05T22:34:51+00:00,12,0.5699999059,0x3a6358d2291a20e809b674e20592cb692a75f481b19bb1d7cfeab86a815a6ea7,true,true,true,true,-0.01596487016058295,0.0000000941,false,true,true,1,2026-08-05T22:35:06+00:00,3,0.5600000893,-0.0099998166,0x3cfdc12d79e4f060b67106d3c9fdfd24c5d0a3396777c15a091299dd3ce60f95,2026-08-05T22:35:06+00:00,3,7,0.5600000893,-0.0099998166,0x3cfdc12d79e4f060b67106d3c9fdfd24c5d0a3396777c15a091299dd3ce60f95,0.5600000893,0.5600000893,0,false,true,true,true,true,true,3,2026-08-05T22:35:06+00:00,3,0.5600000893,-0.0099998166,0x3cfdc12d79e4f060b67106d3c9fdfd24c5d0a3396777c15a091299dd3ce60f95,2026-08-05T22:35:32+00:00,29,1,0.5600001936,-0.0099997123,0x8e96c27576674b82a14d658cb648998c79e20d8d500e3d9610afef90b184cf4f,0.5600000893,0.5699999952,0.0099999059,true,true,true,true,false,false,0,,,,,,,,,,,,,,,false,false,false,false,false,false,0,,,,,,,,,,,,,,,false,false,false,false
H2-v1-EVENT-M5,H2-v1,rn1:0046,rn1,46,1614981,0x48cd516b8e121227e822eef65706ac231431ccb2695a61bf5528ec653af43f0b,mlb-laa-bal-2026-08-05,Baltimore Orioles,Los Angeles Angels,2026-08-05T22:36:00+00:00,2026-08-05T22:35:21+00:00,39,true,-1,3229916,Los Angeles Angels,away,BUY,0.43,0.57,21.05263,9.0526309,-21.05263,-9.0526309,0x78892eefe95b09d0949ca20be9b1d5fc6ab02d431ecfb63c4459f3bc67bbf1a6,4e8943ce49b61dfd5313f6805d27dff2bab485efd029544e1b4c98b8f33abf86,1614981:2026-08-05T22:35:21+00:00,1,1,-21.05263,-9.0526309,-1,1,,,,,,,,,,,,,,,,,,sharp:0182,2026-08-05T20:00:02.773993+00:00,9318.226007,0.55403503573941705,0.00995443120541195,1,3,false,sharp:0182,9318.226007,,,rn1:0045,18,,,true,2026-08-05T22:35:06+00:00,15,0.5600000893,0x3cfdc12d79e4f060b67106d3c9fdfd24c5d0a3396777c15a091299dd3ce60f95,true,true,true,true,-0.00596505356058295,0.0099999107,false,true,false,0,,,,,,,,,,,,,,,false,false,false,false,true,true,2,2026-08-05T22:35:32+00:00,11,0.5600001936,0.0000001043,0x8e96c27576674b82a14d658cb648998c79e20d8d500e3d9610afef90b184cf4f,2026-08-05T22:35:44+00:00,23,7,0.5600000573,-0.000000032,0xdd4035d78647b9e55e1edd5bdd1ee5804b8c4c1ec15bb50c40e227327f74943c,0.5600000573,0.5600001936,0.0000001363,false,true,true,true,false,false,0,,,,,,,,,,,,,,,false,false,false,false,false,false,0,,,,,,,,,,,,,,,false,false,false,false
H2-v1-EVENT-M5,H2-v1,sharp:0183,sharp,183,1614983,0x31adeb60257394cd5b4656841e37063fa5f0dba7796097490351b834cc0407a8,mlb-oak-cin-2026-08-05,Cincinnati Reds,Athletics,2026-08-05T22:40:37+00:00,2026-08-04T20:45:02.503656+00:00,93334.496344,false,,,,,,,,,,,,,,,,,,,,,455,0.5714285714285714,,,,,,1,false,smarkets,,,,,0.5714285714285714,17.503656,17.503656,sharp:0183,2026-08-04T20:45:02.503656+00:00,0,0.5714285714285714,,,1,,,,sharp:0184,899.67557,,,,,true,2026-08-03T14:46:05+00:00,107937.503656,0.5400000711,0x3203b28337c0aed58ca6a824de035969d621b5684e8a8361071a349c176f480e,false,false,false,false,0.0314285003285714,,,true,false,0,,,,,,,,,,,,,,,false,false,false,false,true,false,0,,,,,,,,,,,,,,,false,false,false,false,true,false,0,,,,,,,,,,,,,,,false,false,false,false,true,false,0,,,,,,,,,,,,,,,false,false,false,false
H2-v1-EVENT-M5,H2-v1,sharp:0184,sharp,184,1614983,0x31adeb60257394cd5b4656841e37063fa5f0dba7796097490351b834cc0407a8,mlb-oak-cin-2026-08-05,Cincinnati Reds,Athletics,2026-08-05T22:40:37+00:00,2026-08-04T21:00:02.179226+00:00,92434.820774,true,0,,,,,,,,,,,,,,,,,,,,457,0.5714285714285714,0.5714285714285714,0,0,2026-08-04T20:45:02.503656+00:00,899.67557,1,false,smarkets,smarkets,false,,,0.5714285714285714,14.179226,14.179226,sharp:0184,2026-08-04T21:00:02.179226+00:00,0,0.5714285714285714,0,0,1,false,sharp:0183,899.67557,sharp:0185,2699.784904,,,,,true,2026-08-03T14:46:05+00:00,108837.179226,0.5400000711,0x3203b28337c0aed58ca6a824de035969d621b5684e8a8361071a349c176f480e,false,false,false,false,0.0314285003285714,,,true,false,0,,,,,,,,,,,,,,,false,false,false,false,true,false,0,,,,,,,,,,,,,,,false,false,false,false,true,false,0,,,,,,,,,,,,,,,false,false,false,false,true,false,0,,,,,,,,,,,,,,,false,false,false,false
H2-v1-EVENT-M5,H2-v1,sharp:0185,sharp,185,1614983,0x31adeb60257394cd5b4656841e37063fa5f0dba7796097490351b834cc0407a8,mlb-oak-cin-2026-08-05,Cincinnati Reds,Athletics,2026-08-05T22:40:37+00:00,2026-08-04T21:45:01.964130+00:00,89735.03587,true,-1,,,,,,,,,,,,,,,,,,,,461,0.5691056910569106,0.5714285714285714,-0.0023228803716608,-1,2026-08-04T21:00:02.179226+00:00,2699.784904,1,false,smarkets,smarkets,false,,,0.5691056910569106,5.96413,5.96413,sharp:0185,2026-08-04T21:45:01.964130+00:00,0,0.5691056910569106,-0.0023228803716608,-1,1,false,sharp:0184,2699.784904,sharp:0186,900.84586,,,,,true,2026-08-03T14:46:05+00:00,111536.96413,0.5400000711,0x3203b28337c0aed58ca6a824de035969d621b5684e8a8361071a349c176f480e,false,false,false,false,0.0291056199569106,,,true,false,0,,,,,,,,,,,,,,,false,false,false,false,true,false,0,,,,,,,,,,,,,,,false,false,false,false,true,false,0,,,,,,,,,,,,,,,false,false,false,false,true,false,0,,,,,,,,,,,,,,,false,false,false,false
H2-v1-EVENT-M5,H2-v1,sharp:0186,sharp,186,1614983,0x31adeb60257394cd5b4656841e37063fa5f0dba7796097490351b834cc0407a8,mlb-oak-cin-2026-08-05,Cincinnati Reds,Athletics,2026-08-05T22:40:37+00:00,2026-08-04T22:00:02.809990+00:00,88834.19001,true,0,,,,,,,,,,,,,,,,,,,,463,0.5691056910569106,0.5691056910569106,0,0,2026-08-04T21:45:01.964130+00:00,900.84586,1,false,smarkets,smarkets,false,,,0.5691056910569106,10.80999,10.80999,sharp:0186,2026-08-04T22:00:02.809990+00:00,0,0.5691056910569106,0,0,1,false,sharp:0185,900.84586,sharp:0187,2698.89965,,,,,true,2026-08-03T14:46:05+00:00,112437.80999,0.5400000711,0x3203b28337c0aed58ca6a824de035969d621b5684e8a8361071a349c176f480e,false,false,false,false,0.0291056199569106,,,true,false,0,,,,,,,,,,,,,,,false,false,false,false,true,false,0,,,,,,,,,,,,,,,false,false,false,false,true,false,0,,,,,,,,,,,,,,,false,false,false,false,true,false,0,,,,,,,,,,,,,,,false,false,false,false
H2-v1-EVENT-M5,H2-v1,sharp:0187,sharp,187,1614983,0x31adeb60257394cd5b4656841e37063fa5f0dba7796097490351b834cc0407a8,mlb-oak-cin-2026-08-05,Cincinnati Reds,Athletics,2026-08-05T22:40:37+00:00,2026-08-04T22:45:01.709640+00:00,86135.29036,true,-1,,,,,,,,,,,,,,,,,,,,467,0.56466489034638245,0.5691056910569106,-0.00444080071052815,-1,2026-08-04T22:00:02.809990+00:00,2698.89965,2,true,matchbook+smarkets,smarkets,true,,0.5602240896358543,0.5691056910569106,11.20964,11.70964,sharp:0187,2026-08-04T22:45:01.709640+00:00,0,0.56466489034638245,-0.00444080071052815,-1,2,true,sharp:0186,2698.89965,sharp:0188,900.345729,,,,,true,2026-08-03T14:46:05+00:00,115136.70964,0.5400000711,0x3203b28337c0aed58ca6a824de035969d621b5684e8a8361071a349c176f480e,false,false,false,false,0.02466481924638245,,,true,false,0,,,,,,,,,,,,,,,false,false,false,false,true,false,0,,,,,,,,,,,,,,,false,false,false,false,true,false,0,,,,,,,,,,,,,,,false,false,false,false,true,true,2,2026-08-04T22:46:08+00:00,66.29036,0.5500000045,0.0099999334,0x501ed9411d6eac6d43fef80a0be050a12c9ec3f12f14490bde0cbfb268fa368b,2026-08-04T22:46:15+00:00,73.29036,226.70964,0.55,0.0099999289,0x0f970e49688786c0617c88b07826e2e3edbbfa489c9b61e9c5f7f29c2705ff6f,0.55,0.5500000045,0.0000000045,false,false,false,false
H2-v1-EVENT-M5,H2-v1,sharp:0188,sharp,188,1614983,0x31adeb60257394cd5b4656841e37063fa5f0dba7796097490351b834cc0407a8,mlb-oak-cin-2026-08-05,Cincinnati Reds,Athletics,2026-08-05T22:40:37+00:00,2026-08-04T23:00:02.055369+00:00,85234.944631,true,-1,,,,,,,,,,,,,,,,,,,,469,0.554295167198393,0.56466489034638245,-0.01036972314798945,-1,2026-08-04T22:45:01.709640+00:00,900.345729,2,true,matchbook+smarkets,matchbook+smarkets,false,,0.5494505494505494,0.5591397849462366,4.055369,4.055369,sharp:0188,2026-08-04T23:00:02.055369+00:00,0,0.554295167198393,-0.01036972314798945,-1,2,false,sharp:0187,900.345729,sharp:0189,20699.861933,,,,,true,2026-08-04T22:46:15+00:00,827.055369,0.55,0x0f970e49688786c0617c88b07826e2e3edbbfa489c9b61e9c5f7f29c2705ff6f,false,false,false,false,0.004295167198393,,,true,false,0,,,,,,,,,,,,,,,false,false,false,false,true,false,0,,,,,,,,,,,,,,,false,false,false,false,true,false,0,,,,,,,,,,,,,,,false,false,false,false,true,false,0,,,,,,,,,,,,,,,false,false,false,false
H2-v1-EVENT-M5,H2-v1,sharp:0189,sharp,189,1614983,0x31adeb60257394cd5b4656841e37063fa5f0dba7796097490351b834cc0407a8,mlb-oak-cin-2026-08-05,Cincinnati Reds,Athletics,2026-08-05T22:40:37+00:00,2026-08-05T04:45:01.917302+00:00,64535.082698,true,1,,,,,,,,,,,,,,,,,,,,502,0.5561090450032413,0.554295167198393,0.0018138778048483,1,2026-08-04T23:00:02.055369+00:00,20699.861933,2,true,matchbook+smarkets,matchbook+smarkets,false,,0.5569620253164557,0.5552560646900269,13.917302,23.917302,sharp:0189,2026-08-05T04:45:01.917302+00:00,0,0.5561090450032413,0.0018138778048483,1,2,false,sharp:0188,20699.861933,sharp:0190,47711.633981,,,,,true,2026-08-05T02:05:11+00:00,9590.917302,0.5500000203,0x34ebc706d7ed77302c33d08f81ba9fd42bfc26d05bd11303b2c3df62ded01f24,false,false,false,false,0.0061090247032413,,,true,false,0,,,,,,,,,,,,,,,false,false,false,false,true,false,0,,,,,,,,,,,,,,,false,false,false,false,true,false,0,,,,,,,,,,,,,,,false,false,false,false,true,true,1,2026-08-05T04:47:47+00:00,165.082698,0.56,0.0099999797,0x569ab67553a24307b7d14e55beee416c5935669f621e897e16f1b135ad25cc6d,2026-08-05T04:47:47+00:00,165.082698,134.917302,0.56,0.0099999797,0x569ab67553a24307b7d14e55beee416c5935669f621e897e16f1b135ad25cc6d,0.56,0.56,0,false,false,false,false
H2-v1-EVENT-M5,H2-v1,sharp:0190,sharp,190,1614983,0x31adeb60257394cd5b4656841e37063fa5f0dba7796097490351b834cc0407a8,mlb-oak-cin-2026-08-05,Cincinnati Reds,Athletics,2026-08-05T22:40:37+00:00,2026-08-05T18:00:13.551283+00:00,16823.448717,true,1,,,,,,,,,,,,,,,,,,,,556,0.5853658536585367,0.5561090450032413,0.0292568086552954,1,2026-08-05T04:45:01.917302+00:00,47711.633981,3,true,betfair+matchbook+smarkets,matchbook+smarkets,true,0.5833333333333334,0.5853658536585367,0.5891089108910892,11.051283,22.551283,sharp:0190,2026-08-05T18:00:13.551283+00:00,0,0.5853658536585367,0.0292568086552954,1,3,true,sharp:0189,47711.633981,sharp:0191,2688.434843,,,,,true,2026-08-05T17:40:47+00:00,1166.551283,0.5900000782,0x8edc2b58d6ff9040b6e2f4397c2b420541b5fc0c90536b0aaa4efeb8ad635313,false,false,false,false,-0.0046342245414633,,,true,false,0,,,,,,,,,,,,,,,false,false,false,false,true,false,0,,,,,,,,,,,,,,,false,false,false,false,true,false,0,,,,,,,,,,,,,,,false,false,false,false,true,false,0,,,,,,,,,,,,,,,false,false,false,false
H2-v1-EVENT-M5,H2-v1,sharp:0191,sharp,191,1614983,0x31adeb60257394cd5b4656841e37063fa5f0dba7796097490351b834cc0407a8,mlb-oak-cin-2026-08-05,Cincinnati Reds,Athletics,2026-08-05T22:40:37+00:00,2026-08-05T18:45:01.986126+00:00,14135.013874,true,0,,,,,,,,,,,,,,,,,,,,560,0.5853658536585367,0.5853658536585367,0,0,2026-08-05T18:00:13.551283+00:00,2688.434843,3,true,betfair+matchbook+smarkets,betfair+matchbook+smarkets,false,0.5853658536585367,0.5853658536585367,0.585,4.986126,5.986126,sharp:0191,2026-08-05T18:45:01.986126+00:00,0,0.5853658536585367,0,0,3,false,sharp:0190,2688.434843,sharp:0192,900.370858,,,,,true,2026-08-05T18:28:36+00:00,985.986126,0.5999999625,0xc54814b43ad607b139e90aa6dff8c12fe563d3916c7f11b3e075dbd6ebe8234d,false,false,false,false,-0.0146341088414633,,,true,false,0,,,,,,,,,,,,,,,false,false,false,false,true,false,0,,,,,,,,,,,,,,,false,false,false,false,true,false,0,,,,,,,,,,,,,,,false,false,false,false,true,false,0,,,,,,,,,,,,,,,false,false,false,false
H2-v1-EVENT-M5,H2-v1,sharp:0192,sharp,192,1614983,0x31adeb60257394cd5b4656841e37063fa5f0dba7796097490351b834cc0407a8,mlb-oak-cin-2026-08-05,Cincinnati Reds,Athletics,2026-08-05T22:40:37+00:00,2026-08-05T19:00:02.356984+00:00,13234.643016,true,0,,,,,,,,,,,,,,,,,,,,562,0.5853658536585367,0.5853658536585367,0,0,2026-08-05T18:45:01.986126+00:00,900.370858,3,true,betfair+matchbook+smarkets,betfair+matchbook+smarkets,false,0.5853658536585367,0.5853658536585367,0.585,14.856984,20.356984,sharp:0192,2026-08-05T19:00:02.356984+00:00,0,0.5853658536585367,0,0,3,false,sharp:0191,900.370858,sharp:0193,2699.99338,,,,,true,2026-08-05T18:57:08+00:00,174.356984,0.6,0x164efa1eb5fe433fc018e2e29087d4628e1d8c628f47f4e8304758d6840c5f41,false,false,true,true,-0.0146341463414633,,,true,false,0,,,,,,,,,,,,,,,false,false,false,false,true,false,0,,,,,,,,,,,,,,,false,false,false,false,true,false,0,,,,,,,,,,,,,,,false,false,false,false,true,true,1,2026-08-05T19:03:38+00:00,215.643016,0.5900001763,-0.0099998237,0x24fb9d9f64863cc8324a115bfdbbd42d50bc82e8bf162fcc5d58b7424bace551,2026-08-05T19:03:38+00:00,215.643016,84.356984,0.5900001763,-0.0099998237,0x24fb9d9f64863cc8324a115bfdbbd42d50bc82e8bf162fcc5d58b7424bace551,0.5900001763,0.5900001763,0,false,false,false,false
H2-v1-EVENT-M5,H2-v1,sharp:0193,sharp,193,1614983,0x31adeb60257394cd5b4656841e37063fa5f0dba7796097490351b834cc0407a8,mlb-oak-cin-2026-08-05,Cincinnati Reds,Athletics,2026-08-05T22:40:37+00:00,2026-08-05T19:45:02.350364+00:00,10534.649636,true,1,,,,,,,,,,,,,,,,,,,,566,0.5888077858880778,0.5853658536585367,0.0034419322295411,1,2026-08-05T19:00:02.356984+00:00,2699.99338,3,true,betfair+matchbook+smarkets,betfair+matchbook+smarkets,false,0.5895258441635511,0.5888077858880778,0.5870646766169154,14.350364,19.350364,sharp:0193,2026-08-05T19:45:02.350364+00:00,0,0.5888077858880778,0.0034419322295411,1,3,false,sharp:0192,2699.99338,sharp:0194,900.423629,,,,,true,2026-08-05T19:35:44+00:00,558.350364,0.6,0xb3bb45f2edc28119187616aa8ffbdcdf3f031efa39de7195bfa474985956667a,false,false,false,true,-0.0111922141119222,,,true,false,0,,,,,,,,,,,,,,,false,false,false,false,true,false,0,,,,,,,,,,,,,,,false,false,false,false,true,false,0,,,,,,,,,,,,,,,false,false,false,false,true,false,0,,,,,,,,,,,,,,,false,false,false,false
H2-v1-EVENT-M5,H2-v1,sharp:0194,sharp,194,1614983,0x31adeb60257394cd5b4656841e37063fa5f0dba7796097490351b834cc0407a8,mlb-oak-cin-2026-08-05,Cincinnati Reds,Athletics,2026-08-05T22:40:37+00:00,2026-08-05T20:00:02.773993+00:00,9634.226007,true,1,,,,,,,,,,,,,,,,,,,,568,0.5905707196029777,0.5888077858880778,0.0017629337148999,1,2026-08-05T19:45:02.350364+00:00,900.423629,3,true,betfair+matchbook+smarkets,betfair+matchbook+smarkets,false,0.5902439024390244,0.5922330097087379,0.5905707196029777,10.773993,11.773993,sharp:0194,2026-08-05T20:00:02.773993+00:00,0,0.5905707196029777,0.0017629337148999,1,3,false,sharp:0193,900.423629,,,,,,,true,2026-08-05T19:35:44+00:00,1458.773993,0.6,0xb3bb45f2edc28119187616aa8ffbdcdf3f031efa39de7195bfa474985956667a,false,false,false,false,-0.0094292803970223,,,true,false,0,,,,,,,,,,,,,,,false,false,false,false,true,false,0,,,,,,,,,,,,,,,false,false,false,false,true,false,0,,,,,,,,,,,,,,,false,false,false,false,true,false,0,,,,,,,,,,,,,,,false,false,false,false
H2-v1-EVENT-M5,H2-v1,sharp:0195,sharp,195,1614985,0xea15cab9ea12ef28d076215969375a7be059f78c948a34bb5ea38d4ff2d2cb7c,mlb-nym-cle-2026-08-05,Cleveland Guardians,New York Mets,2026-08-05T22:41:42+00:00,2026-08-04T18:45:02.244229+00:00,100599.755771,false,,,,,,,,,,,,,,,,,,,,,443,0.4807692307692309,,,,,,1,false,smarkets,,,,,0.4807692307692309,18.244229,18.244229,sharp:0195,2026-08-04T18:45:02.244229+00:00,0,0.4807692307692309,,,1,,,,sharp:0196,900.187795,,,rn1:0047,100503.755771,true,2026-08-04T18:28:38+00:00,984.244229,0.5100000569,0xdcc3fe4c5ffa02c79023f8c1b10cbde72f3e8537ab6ee9f1cdf2ff324dd9a873,false,false,false,false,-0.0292308261307691,,,true,false,0,,,,,,,,,,,,,,,false,false,false,false,true,false,0,,,,,,,,,,,,,,,false,false,false,false,true,false,0,,,,,,,,,,,,,,,false,false,false,false,true,false,0,,,,,,,,,,,,,,,false,false,false,false
H2-v1-EVENT-M5,H2-v1,sharp:0196,sharp,196,1614985,0xea15cab9ea12ef28d076215969375a7be059f78c948a34bb5ea38d4ff2d2cb7c,mlb-nym-cle-2026-08-05,Cleveland Guardians,New York Mets,2026-08-05T22:41:42+00:00,2026-08-04T19:00:02.432024+00:00,99699.567976,true,0,,,,,,,,,,,,,,,,,,,,445,0.4807692307692309,0.4807692307692309,0,0,2026-08-04T18:45:02.244229+00:00,900.187795,1,false,smarkets,smarkets,false,,,0.4807692307692309,3.432024,3.432024,sharp:0196,2026-08-04T19:00:02.432024+00:00,0,0.4807692307692309,0,0,1,false,sharp:0195,900.187795,sharp:0197,2699.509084,,,rn1:0047,99603.567976,true,2026-08-04T18:28:38+00:00,1884.432024,0.5100000569,0xdcc3fe4c5ffa02c79023f8c1b10cbde72f3e8537ab6ee9f1cdf2ff324dd9a873,false,false,false,false,-0.0292308261307691,,,true,false,0,,,,,,,,,,,,,,,false,false,false,false,true,false,0,,,,,,,,,,,,,,,false,false,false,false,true,false,0,,,,,,,,,,,,,,,false,false,false,false,true,false,0,,,,,,,,,,,,,,,false,false,false,false
H2-v1-EVENT-M5,H2-v1,sharp:0197,sharp,197,1614985,0xea15cab9ea12ef28d076215969375a7be059f78c948a34bb5ea38d4ff2d2cb7c,mlb-nym-cle-2026-08-05,Cleveland Guardians,New York Mets,2026-08-05T22:41:42+00:00,2026-08-04T19:45:01.941108+00:00,97000.058892,true,0,,,,,,,,,,,,,,,,,,,,449,0.4807692307692309,0.4807692307692309,0,0,2026-08-04T19:00:02.432024+00:00,2699.509084,1,false,smarkets,smarkets,false,,,0.4807692307692309,9.941108,9.941108,sharp:0197,2026-08-04T19:45:01.941108+00:00,0,0.4807692307692309,0,0,1,false,sharp:0196,2699.509084,sharp:0198,900.446254,,,rn1:0047,96904.058892,true,2026-08-04T18:28:38+00:00,4583.941108,0.5100000569,0xdcc3fe4c5ffa02c79023f8c1b10cbde72f3e8537ab6ee9f1cdf2ff324dd9a873,false,false,false,false,-0.0292308261307691,,,true,false,0,,,,,,,,,,,,,,,false,false,false,false,true,false,0,,,,,,,,,,,,,,,false,false,false,false,true,false,0,,,,,,,,,,,,,,,false,false,false,false,true,false,0,,,,,,,,,,,,,,,false,false,false,false
H2-v1-EVENT-M5,H2-v1,sharp:0198,sharp,198,1614985,0xea15cab9ea12ef28d076215969375a7be059f78c948a34bb5ea38d4ff2d2cb7c,mlb-nym-cle-2026-08-05,Cleveland Guardians,New York Mets,2026-08-05T22:41:42+00:00,2026-08-04T20:00:02.387362+00:00,96099.612638,true,0,,,,,,,,,,,,,,,,,,,,451,0.4807692307692309,0.4807692307692309,0,0,2026-08-04T19:45:01.941108+00:00,900.446254,1,false,smarkets,smarkets,false,,,0.4807692307692309,22.387362,22.387362,sharp:0198,2026-08-04T20:00:02.387362+00:00,0,0.4807692307692309,0,0,1,false,sharp:0197,900.446254,sharp:0199,2700.116294,,,rn1:0047,96003.612638,true,2026-08-04T18:28:38+00:00,5484.387362,0.5100000569,0xdcc3fe4c5ffa02c79023f8c1b10cbde72f3e8537ab6ee9f1cdf2ff324dd9a873,false,false,false,false,-0.0292308261307691,,,true,false,0,,,,,,,,,,,,,,,false,false,false,false,true,false,0,,,,,,,,,,,,,,,false,false,false,false,true,false,0,,,,,,,,,,,,,,,false,false,false,false,true,false,0,,,,,,,,,,,,,,,false,false,false,false
H2-v1-EVENT-M5,H2-v1,sharp:0199,sharp,199,1614985,0xea15cab9ea12ef28d076215969375a7be059f78c948a34bb5ea38d4ff2d2cb7c,mlb-nym-cle-2026-08-05,Cleveland Guardians,New York Mets,2026-08-05T22:41:42+00:00,2026-08-04T20:45:02.503656+00:00,93399.496344,true,-1,,,,,,,,,,,,,,,,,,,,455,0.47802197802197804,0.4807692307692309,-0.00274725274725286,-1,2026-08-04T20:00:02.387362+00:00,2700.116294,1,false,smarkets,smarkets,false,,,0.47802197802197804,17.503656,17.503656,sharp:0199,2026-08-04T20:45:02.503656+00:00,0,0.47802197802197804,-0.00274725274725286,-1,1,false,sharp:0198,2700.116294,sharp:0200,899.67557,,,rn1:0047,93303.496344,true,2026-08-04T18:28:38+00:00,8184.503656,0.5100000569,0xdcc3fe4c5ffa02c79023f8c1b10cbde72f3e8537ab6ee9f1cdf2ff324dd9a873,false,false,false,false,-0.03197807887802196,,,true,false,0,,,,,,,,,,,,,,,false,false,false,false,true,false,0,,,,,,,,,,,,,,,false,false,false,false,true,false,0,,,,,,,,,,,,,,,false,false,false,false,true,false,0,,,,,,,,,,,,,,,false,false,false,false
H2-v1-EVENT-M5,H2-v1,sharp:0200,sharp,200,1614985,0xea15cab9ea12ef28d076215969375a7be059f78c948a34bb5ea38d4ff2d2cb7c,mlb-nym-cle-2026-08-05,Cleveland Guardians,New York Mets,2026-08-05T22:41:42+00:00,2026-08-04T21:00:02.179226+00:00,92499.820774,true,-1,,,,,,,,,,,,,,,,,,,,457,0.4725274725274725,0.47802197802197804,-0.00549450549450554,-1,2026-08-04T20:45:02.503656+00:00,899.67557,1,false,smarkets,smarkets,false,,,0.4725274725274725,14.179226,14.179226,sharp:0200,2026-08-04T21:00:02.179226+00:00,0,0.4725274725274725,-0.00549450549450554,-1,1,false,sharp:0199,899.67557,sharp:0201,2699.784904,,,rn1:0047,92403.820774,true,2026-08-04T18:28:38+00:00,9084.179226,0.5100000569,0xdcc3fe4c5ffa02c79023f8c1b10cbde72f3e8537ab6ee9f1cdf2ff324dd9a873,false,false,false,false,-0.0374725843725275,,,true,false,0,,,,,,,,,,,,,,,false,false,false,false,true,false,0,,,,,,,,,,,,,,,false,false,false,false,true,false,0,,,,,,,,,,,,,,,false,false,false,false,true,false,0,,,,,,,,,,,,,,,false,false,false,false
H2-v1-EVENT-M5,H2-v1,sharp:0201,sharp,201,1614985,0xea15cab9ea12ef28d076215969375a7be059f78c948a34bb5ea38d4ff2d2cb7c,mlb-nym-cle-2026-08-05,Cleveland Guardians,New York Mets,2026-08-05T22:41:42+00:00,2026-08-04T21:45:01.964130+00:00,89800.03587,true,0,,,,,,,,,,,,,,,,,,,,461,0.4725274725274725,0.4725274725274725,0,0,2026-08-04T21:00:02.179226+00:00,2699.784904,1,false,smarkets,smarkets,false,,,0.4725274725274725,5.96413,5.96413,sharp:0201,2026-08-04T21:45:01.964130+00:00,0,0.4725274725274725,0,0,1,false,sharp:0200,2699.784904,sharp:0202,900.84586,,,rn1:0047,89704.03587,true,2026-08-04T18:28:38+00:00,11783.96413,0.5100000569,0xdcc3fe4c5ffa02c79023f8c1b10cbde72f3e8537ab6ee9f1cdf2ff324dd9a873,false,false,false,false,-0.0374725843725275,,,true,false,0,,,,,,,,,,,,,,,false,false,false,false,true,false,0,,,,,,,,,,,,,,,false,false,false,false,true,false,0,,,,,,,,,,,,,,,false,false,false,false,true,false,0,,,,,,,,,,,,,,,false,false,false,false
H2-v1-EVENT-M5,H2-v1,sharp:0202,sharp,202,1614985,0xea15cab9ea12ef28d076215969375a7be059f78c948a34bb5ea38d4ff2d2cb7c,mlb-nym-cle-2026-08-05,Cleveland Guardians,New York Mets,2026-08-05T22:41:42+00:00,2026-08-04T22:00:02.809990+00:00,88899.19001,true,0,,,,,,,,,,,,,,,,,,,,463,0.4725274725274725,0.4725274725274725,0,0,2026-08-04T21:45:01.964130+00:00,900.84586,1,false,smarkets,smarkets,false,,,0.4725274725274725,10.80999,10.80999,sharp:0202,2026-08-04T22:00:02.809990+00:00,0,0.4725274725274725,0,0,1,false,sharp:0201,900.84586,sharp:0203,2698.89965,,,rn1:0047,88803.19001,true,2026-08-04T18:28:38+00:00,12684.80999,0.5100000569,0xdcc3fe4c5ffa02c79023f8c1b10cbde72f3e8537ab6ee9f1cdf2ff324dd9a873,false,false,false,false,-0.0374725843725275,,,true,false,0,,,,,,,,,,,,,,,false,false,false,false,true,false,0,,,,,,,,,,,,,,,false,false,false,false,true,false,0,,,,,,,,,,,,,,,false,false,false,false,true,false,0,,,,,,,,,,,,,,,false,false,false,false
H2-v1-EVENT-M5,H2-v1,sharp:0203,sharp,203,1614985,0xea15cab9ea12ef28d076215969375a7be059f78c948a34bb5ea38d4ff2d2cb7c,mlb-nym-cle-2026-08-05,Cleveland Guardians,New York Mets,2026-08-05T22:41:42+00:00,2026-08-04T22:45:01.709640+00:00,86200.29036,true,1,,,,,,,,,,,,,,,,,,,,467,0.48489010989010995,0.4725274725274725,0.01236263736263745,1,2026-08-04T22:00:02.809990+00:00,2698.89965,2,true,matchbook+smarkets,smarkets,true,,0.489010989010989,0.4807692307692309,11.20964,11.70964,sharp:0203,2026-08-04T22:45:01.709640+00:00,0,0.48489010989010995,0.01236263736263745,1,2,true,sharp:0202,2698.89965,sharp:0204,900.345729,,,rn1:0047,86104.29036,true,2026-08-04T18:28:38+00:00,15383.70964,0.5100000569,0xdcc3fe4c5ffa02c79023f8c1b10cbde72f3e8537ab6ee9f1cdf2ff324dd9a873,false,false,false,false,-0.02510994700989005,,,true,false,0,,,,,,,,,,,,,,,false,false,false,false,true,true,1,2026-08-04T22:45:20+00:00,18.29036,0.4899999966,-0.0200000603,0x76f0154d307c96a4256ddb87d7ee9a43f39d004dbfcaa896f3c9566fec1e6947,2026-08-04T22:45:20+00:00,18.29036,11.70964,0.4899999966,-0.0200000603,0x76f0154d307c96a4256ddb87d7ee9a43f39d004dbfcaa896f3c9566fec1e6947,0.4899999966,0.4899999966,0,false,true,true,true,true,true,1,2026-08-04T22:45:20+00:00,18.29036,0.4899999966,-0.0200000603,0x76f0154d307c96a4256ddb87d7ee9a43f39d004dbfcaa896f3c9566fec1e6947,2026-08-04T22:45:20+00:00,18.29036,41.70964,0.4899999966,-0.0200000603,0x76f0154d307c96a4256ddb87d7ee9a43f39d004dbfcaa896f3c9566fec1e6947,0.4899999966,0.4899999966,0,false,false,false,true,true,true,1,2026-08-04T22:45:20+00:00,18.29036,0.4899999966,-0.0200000603,0x76f0154d307c96a4256ddb87d7ee9a43f39d004dbfcaa896f3c9566fec1e6947,2026-08-04T22:45:20+00:00,18.29036,281.70964,0.4899999966,-0.0200000603,0x76f0154d307c96a4256ddb87d7ee9a43f39d004dbfcaa896f3c9566fec1e6947,0.4899999966,0.4899999966,0,false,false,false,false
H2-v1-EVENT-M5,H2-v1,sharp:0204,sharp,204,1614985,0xea15cab9ea12ef28d076215969375a7be059f78c948a34bb5ea38d4ff2d2cb7c,mlb-nym-cle-2026-08-05,Cleveland Guardians,New York Mets,2026-08-05T22:41:42+00:00,2026-08-04T23:00:02.055369+00:00,85299.944631,true,-1,,,,,,,,,,,,,,,,,,,,469,0.48205128205128212,0.48489010989010995,-0.00283882783882783,-1,2026-08-04T22:45:01.709640+00:00,900.345729,2,true,matchbook+smarkets,matchbook+smarkets,false,,0.48333333333333334,0.4807692307692309,4.055369,4.055369,sharp:0204,2026-08-04T23:00:02.055369+00:00,0,0.48205128205128212,-0.00283882783882783,-1,2,false,sharp:0203,900.345729,sharp:0205,20699.861933,,,rn1:0047,85203.944631,true,2026-08-04T22:59:36+00:00,26.055369,0.4899999977,0xaef1ca219f0ba6bff0b47573aa8704aca666a285ef46c7a30ef84996bb750473,true,true,true,true,-0.00794871564871788,,,true,false,0,,,,,,,,,,,,,,,false,false,false,false,true,false,0,,,,,,,,,,,,,,,false,false,false,false,true,false,0,,,,,,,,,,,,,,,false,false,false,false,true,false,0,,,,,,,,,,,,,,,false,false,false,false
H2-v1-EVENT-M5,H2-v1,sharp:0205,sharp,205,1614985,0xea15cab9ea12ef28d076215969375a7be059f78c948a34bb5ea38d4ff2d2cb7c,mlb-nym-cle-2026-08-05,Cleveland Guardians,New York Mets,2026-08-05T22:41:42+00:00,2026-08-05T04:45:01.917302+00:00,64600.082698,true,1,,,,,,,,,,,,,,,,,,,,502,0.489351940763502165,0.48205128205128212,0.007300658712220045,1,2026-08-04T23:00:02.055369+00:00,20699.861933,2,true,matchbook+smarkets,matchbook+smarkets,false,,0.48818897637795283,0.4905149051490515,13.917302,23.917302,sharp:0205,2026-08-05T04:45:01.917302+00:00,0,0.489351940763502165,0.007300658712220045,1,2,false,sharp:0204,20699.861933,sharp:0206,47711.633981,,,rn1:0047,64504.082698,true,2026-08-05T03:54:38+00:00,3023.917302,0.4899999682,0x8cf2a5ac9a912965823e6924bdd6aa48898da0a35750ff2b579f5b0b57887a1a,false,false,false,false,-0.000648027436497835,,,true,false,0,,,,,,,,,,,,,,,false,false,false,false,true,false,0,,,,,,,,,,,,,,,false,false,false,false,true,false,0,,,,,,,,,,,,,,,false,false,false,false,true,true,6,2026-08-05T04:46:29+00:00,87.082698,0.49,0.0000000318,0x23dea5ce4b1448ad6bed0d9c6056fe9283d8a9ba9ca7ed4e2ee391c7fae30dee,2026-08-05T04:47:35+00:00,153.082698,146.917302,0.5,0.0100000318,0x5d0742f7c677dbb583a65b38186a8e3e90ad6eb8fe57d1fe6cfe9c7421d89294,0.49,0.5,0.01,false,false,false,false
H2-v1-EVENT-M5,H2-v1,sharp:0206,sharp,206,1614985,0xea15cab9ea12ef28d076215969375a7be059f78c948a34bb5ea38d4ff2d2cb7c,mlb-nym-cle-2026-08-05,Cleveland Guardians,New York Mets,2026-08-05T22:41:42+00:00,2026-08-05T18:00:13.551283+00:00,16888.448717,true,1,,,,,,,,,,,,,,,,,,,,556,0.5138539042821159,0.489351940763502165,0.024501963518613735,1,2026-08-05T04:45:01.917302+00:00,47711.633981,3,true,betfair+matchbook+smarkets,matchbook+smarkets,true,0.5138539042821159,0.5138539042821159,0.5102040816326531,11.051283,22.551283,sharp:0206,2026-08-05T18:00:13.551283+00:00,0,0.5138539042821159,0.024501963518613735,1,3,true,sharp:0205,47711.633981,sharp:0207,2688.434843,,,rn1:0047,16792.448717,true,2026-08-05T17:53:02+00:00,431.551283,0.5100001715,0x6e7f9dabfaadcc129554b0652c5b62580542ea3b74e84782e5cbd3f408318fc1,false,false,false,true,0.0038537327821159,,,true,false,0,,,,,,,,,,,,,,,false,false,false,false,true,false,0,,,,,,,,,,,,,,,false,false,false,false,true,false,0,,,,,,,,,,,,,,,false,false,false,false,true,true,1,2026-08-05T18:04:45+00:00,271.448717,0.5199999998,0.0099998283,0xc410eeb76ec8998f6de48f01e101334042d39766294e100fee20186bcae4ef48,2026-08-05T18:04:45+00:00,271.448717,28.551283,0.5199999998,0.0099998283,0xc410eeb76ec8998f6de48f01e101334042d39766294e100fee20186bcae4ef48,0.5199999998,0.5199999998,0,false,false,true,true
H2-v1-EVENT-M5,H2-v1,sharp:0207,sharp,207,1614985,0xea15cab9ea12ef28d076215969375a7be059f78c948a34bb5ea38d4ff2d2cb7c,mlb-nym-cle-2026-08-05,Cleveland Guardians,New York Mets,2026-08-05T22:41:42+00:00,2026-08-05T18:45:01.986126+00:00,14200.013874,true,-1,,,,,,,,,,,,,,,,,,,,560,0.5125628140703519,0.5138539042821159,-0.001291090211764,-1,2026-08-05T18:00:13.551283+00:00,2688.434843,3,true,betfair+matchbook+smarkets,betfair+matchbook+smarkets,false,0.5125628140703519,0.5125628140703519,0.5102040816326531,4.986126,5.986126,sharp:0207,2026-08-05T18:45:01.986126+00:00,0,0.5125628140703519,-0.001291090211764,-1,3,false,sharp:0206,2688.434843,sharp:0208,900.370858,,,rn1:0047,14104.013874,true,2026-08-05T18:39:53+00:00,308.986126,0.519999999,0x31ad1260fd03085b092d6d90ec552c8f87ba9edf3cd1c0d55bdcac1981ee2977,false,false,false,true,-0.0074371849296481,,,true,false,0,,,,,,,,,,,,,,,false,false,false,false,true,false,0,,,,,,,,,,,,,,,false,false,false,false,true,false,0,,,,,,,,,,,,,,,false,false,false,false,true,false,0,,,,,,,,,,,,,,,false,false,false,false
H2-v1-EVENT-M5,H2-v1,sharp:0208,sharp,208,1614985,0xea15cab9ea12ef28d076215969375a7be059f78c948a34bb5ea38d4ff2d2cb7c,mlb-nym-cle-2026-08-05,Cleveland Guardians,New York Mets,2026-08-05T22:41:42+00:00,2026-08-05T19:00:02.356984+00:00,13299.643016,true,0,,,,,,,,,,,,,,,,,,,,562,0.5125628140703519,0.5125628140703519,0,0,2026-08-05T18:45:01.986126+00:00,900.370858,3,true,betfair+matchbook+smarkets,betfair+matchbook+smarkets,false,0.5125628140703519,0.5125628140703519,0.5102040816326531,14.856984,20.356984,sharp:0208,2026-08-05T19:00:02.356984+00:00,0,0.5125628140703519,0,0,3,false,sharp:0207,900.370858,sharp:0209,2699.99338,,,rn1:0047,13203.643016,true,2026-08-05T18:54:21+00:00,341.356984,0.52,0xd3cb8f354dcde54c709eb8758319e5948149350c0598bb80aaa745d8b69b3589,false,false,false,true,-0.0074371859296481,,,true,false,0,,,,,,,,,,,,,,,false,false,false,false,true,false,0,,,,,,,,,,,,,,,false,false,false,false,true,false,0,,,,,,,,,,,,,,,false,false,false,false,true,false,0,,,,,,,,,,,,,,,false,false,false,false
H2-v1-EVENT-M5,H2-v1,sharp:0209,sharp,209,1614985,0xea15cab9ea12ef28d076215969375a7be059f78c948a34bb5ea38d4ff2d2cb7c,mlb-nym-cle-2026-08-05,Cleveland Guardians,New York Mets,2026-08-05T22:41:42+00:00,2026-08-05T19:45:02.350364+00:00,10599.649636,true,-1,,,,,,,,,,,,,,,,,,,,566,0.5102040816326531,0.5125628140703519,-0.0023587324376988,-1,2026-08-05T19:00:02.356984+00:00,2699.99338,3,true,betfair+matchbook+smarkets,betfair+matchbook+smarkets,false,0.5088161209068011,0.5112781954887219,0.5102040816326531,14.350364,19.350364,sharp:0209,2026-08-05T19:45:02.350364+00:00,0,0.5102040816326531,-0.0023587324376988,-1,3,false,sharp:0208,2699.99338,sharp:0210,900.423629,,,rn1:0047,10503.649636,true,2026-08-05T19:35:03+00:00,599.350364,0.5100000178,0x8a955694b59d7bef9d64415c23dc982b1fc78b2c41eac48d7cf61c4e605c5d85,false,false,false,true,0.0002040638326531,,,true,false,0,,,,,,,,,,,,,,,false,false,false,false,true,false,0,,,,,,,,,,,,,,,false,false,false,false,true,true,1,2026-08-05T19:45:42+00:00,39.649636,0.52,0.0099999822,0xb948582cc3906238d6b636647db96ca9ea11260fddda28f6e33ec277c4535e04,2026-08-05T19:45:42+00:00,39.649636,20.350364,0.52,0.0099999822,0xb948582cc3906238d6b636647db96ca9ea11260fddda28f6e33ec277c4535e04,0.52,0.52,0,false,false,true,true,true,true,1,2026-08-05T19:45:42+00:00,39.649636,0.52,0.0099999822,0xb948582cc3906238d6b636647db96ca9ea11260fddda28f6e33ec277c4535e04,2026-08-05T19:45:42+00:00,39.649636,260.350364,0.52,0.0099999822,0xb948582cc3906238d6b636647db96ca9ea11260fddda28f6e33ec277c4535e04,0.52,0.52,0,false,false,false,false
H2-v1-EVENT-M5,H2-v1,sharp:0210,sharp,210,1614985,0xea15cab9ea12ef28d076215969375a7be059f78c948a34bb5ea38d4ff2d2cb7c,mlb-nym-cle-2026-08-05,Cleveland Guardians,New York Mets,2026-08-05T22:41:42+00:00,2026-08-05T20:00:02.773993+00:00,9699.226007,true,0,,,,,,,,,,,,,,,,,,,,568,0.5102040816326531,0.5102040816326531,0,0,2026-08-05T19:45:02.350364+00:00,900.423629,3,true,betfair+matchbook+smarkets,betfair+matchbook+smarkets,false,0.5088161209068011,0.5112781954887219,0.5102040816326531,10.773993,11.773993,sharp:0210,2026-08-05T20:00:02.773993+00:00,0,0.5102040816326531,0,0,3,false,sharp:0209,900.423629,,,,,rn1:0047,9603.226007,true,2026-08-05T19:54:53+00:00,309.773993,0.52,0x7fb2aacd1a0c2440cc292aebe225f01419e1e6a6a1e87940d5feff7bd242e392,false,false,false,true,-0.0097959183673469,,,true,false,0,,,,,,,,,,,,,,,false,false,false,false,true,false,0,,,,,,,,,,,,,,,false,false,false,false,true,false,0,,,,,,,,,,,,,,,false,false,false,false,true,true,2,2026-08-05T20:01:09+00:00,66.226007,0.5100000049,-0.0099999951,0x8f031cac9cb316826016cab6c15b0a29acfa7c6890a91f6a19d07e98d108a7c0,2026-08-05T20:03:50+00:00,227.226007,72.773993,0.52,0,0xf47a1e3bfaacae2f44db3470111ec085a9ee34c2f65202a44ad96482996e0a8c,0.5100000049,0.52,0.0099999951,false,false,false,false
H2-v1-EVENT-M5,H2-v1,rn1:0047,rn1,47,1614985,0xea15cab9ea12ef28d076215969375a7be059f78c948a34bb5ea38d4ff2d2cb7c,mlb-nym-cle-2026-08-05,Cleveland Guardians,New York Mets,2026-08-05T22:41:42+00:00,2026-08-05T22:40:06+00:00,96,true,-1,3229924,New York Mets,away,BUY,0.49,0.51,0.647057,0.31705793,-0.647057,-0.31705793,0x9ce980c75b06062b201183db80394966258915a31bc9aaa9cdcc60474b4390fb,8753ddc079a574f63e6869bbefe869e8594040c6b695c73f2acbfdc12a7e4d06,1614985:2026-08-05T22:40:06+00:00,1,1,-0.647057,-0.31705793,-1,1,,,,,,,,,,,,,,,,,,sharp:0210,2026-08-05T20:00:02.773993+00:00,9603.226007,0.5102040816326531,0,0,3,false,sharp:0210,9603.226007,,,,,rn1:0048,5,true,2026-08-05T22:40:05+00:00,1,0.49,0xdeb5c3db32c43f976e316beffd640580989e8cfcdf8757b8908259e40f46e969,true,true,true,true,0.0202040816326531,0.02,,true,true,2,2026-08-05T22:40:09+00:00,3,0.5,0.01,0x61dbb61c68b8d4f8e4ad4cc16eaeb78291a9b674e6bfe76b36f6d4506176165d,2026-08-05T22:40:11+00:00,5,5,0.5099999796,0.0199999796,0xddf137a693c5e8cdd829e668fbc570c5b0cc83034f39443137a511132729b346,0.5,0.5099999796,0.0099999796,true,true,true,true,true,true,5,2026-08-05T22:40:09+00:00,3,0.5,0.01,0x61dbb61c68b8d4f8e4ad4cc16eaeb78291a9b674e6bfe76b36f6d4506176165d,2026-08-05T22:40:36+00:00,30,0,0.5,0.01,0x00687e89b6b34474bf4927416a30aa7c99ffe1719faa3a78bb32e4d2d6f449e0,0.5,0.5099999796,0.0099999796,true,true,true,true,true,true,7,2026-08-05T22:40:09+00:00,3,0.5,0.01,0x61dbb61c68b8d4f8e4ad4cc16eaeb78291a9b674e6bfe76b36f6d4506176165d,2026-08-05T22:41:06+00:00,60,0,0.5,0.01,0xcfe06c54435bcf4928ab1d5e03f6e486621b4ed3f97f50bc44c0335d1f51a13c,0.5,0.5099999796,0.0099999796,true,true,true,true,false,false,0,,,,,,,,,,,,,,,false,false,false,false
H2-v1-EVENT-M5,H2-v1,rn1:0048,rn1,48,1614985,0xea15cab9ea12ef28d076215969375a7be059f78c948a34bb5ea38d4ff2d2cb7c,mlb-nym-cle-2026-08-05,Cleveland Guardians,New York Mets,2026-08-05T22:41:42+00:00,2026-08-05T22:40:11+00:00,91,true,-1,3229924,New York Mets,away,BUY,0.49,0.51,9.80392,4.8039208,-9.80392,-4.8039208,0xddf137a693c5e8cdd829e668fbc570c5b0cc83034f39443137a511132729b346,c7d8757d22d17e16ec064efaf88b116f0d6b08c9d54145bd730cbdb4b9ae7b2c,1614985:2026-08-05T22:40:11+00:00,1,1,-9.80392,-4.8039208,-1,1,,,,,,,,,,,,,,,,,,sharp:0210,2026-08-05T20:00:02.773993+00:00,9608.226007,0.5102040816326531,0,0,3,false,sharp:0210,9608.226007,,,rn1:0047,5,rn1:0049,9,true,2026-08-05T22:40:09+00:00,2,0.5,0x61dbb61c68b8d4f8e4ad4cc16eaeb78291a9b674e6bfe76b36f6d4506176165d,true,true,true,true,0.0102040816326531,0.01,,true,true,2,2026-08-05T22:40:17+00:00,6,0.5,0,0xb53ebbf521121a0ba3469bfe0f4fe1bfcc1283dd83bd4996b776a3e69b8b07f4,2026-08-05T22:40:20+00:00,9,1,0.5099998076,0.0099998076,0x3ec9b327c2eb6fcf783295f757184409d9c0906826ebec3890598d9c169dcd6f,0.5,0.5099998076,0.0099998076,true,true,true,true,true,true,3,2026-08-05T22:40:17+00:00,6,0.5,0,0xb53ebbf521121a0ba3469bfe0f4fe1bfcc1283dd83bd4996b776a3e69b8b07f4,2026-08-05T22:40:36+00:00,25,5,0.5,0,0x00687e89b6b34474bf4927416a30aa7c99ffe1719faa3a78bb32e4d2d6f449e0,0.5,0.5099998076,0.0099998076,true,true,true,true,true,true,5,2026-08-05T22:40:17+00:00,6,0.5,0,0xb53ebbf521121a0ba3469bfe0f4fe1bfcc1283dd83bd4996b776a3e69b8b07f4,2026-08-05T22:41:06+00:00,55,5,0.5,0,0xcfe06c54435bcf4928ab1d5e03f6e486621b4ed3f97f50bc44c0335d1f51a13c,0.5,0.5099998076,0.0099998076,true,true,true,true,false,false,0,,,,,,,,,,,,,,,false,false,false,false
H2-v1-EVENT-M5,H2-v1,rn1:0049,rn1,49,1614985,0xea15cab9ea12ef28d076215969375a7be059f78c948a34bb5ea38d4ff2d2cb7c,mlb-nym-cle-2026-08-05,Cleveland Guardians,New York Mets,2026-08-05T22:41:42+00:00,2026-08-05T22:40:20+00:00,82,true,-1,3229924,New York Mets,away,BUY,0.49,0.51,2.235293,1.09529357,-2.235293,-1.09529357,0x3ec9b327c2eb6fcf783295f757184409d9c0906826ebec3890598d9c169dcd6f,62a0c9cb948bb395ff9ae19663dbae2c987f5aabca0ebd955702bed5466c2546,1614985:2026-08-05T22:40:20+00:00,1,1,-2.235293,-1.09529357,-1,1,,,,,,,,,,,,,,,,,,sharp:0210,2026-08-05T20:00:02.773993+00:00,9617.226007,0.5102040816326531,0,0,3,false,sharp:0210,9617.226007,,,rn1:0048,9,,,true,2026-08-05T22:40:17+00:00,3,0.5,0xb53ebbf521121a0ba3469bfe0f4fe1bfcc1283dd83bd4996b776a3e69b8b07f4,true,true,true,true,0.0102040816326531,0.01,,true,false,0,,,,,,,,,,,,,,,false,false,false,false,true,true,1,2026-08-05T22:40:36+00:00,16,0.5,0,0x00687e89b6b34474bf4927416a30aa7c99ffe1719faa3a78bb32e4d2d6f449e0,2026-08-05T22:40:36+00:00,16,14,0.5,0,0x00687e89b6b34474bf4927416a30aa7c99ffe1719faa3a78bb32e4d2d6f449e0,0.5,0.5,0,false,true,true,true,true,true,3,2026-08-05T22:40:36+00:00,16,0.5,0,0x00687e89b6b34474bf4927416a30aa7c99ffe1719faa3a78bb32e4d2d6f449e0,2026-08-05T22:41:06+00:00,46,14,0.5,0,0xcfe06c54435bcf4928ab1d5e03f6e486621b4ed3f97f50bc44c0335d1f51a13c,0.5,0.5,0,false,true,true,true,false,false,0,,,,,,,,,,,,,,,false,false,false,false
H2-v1-EVENT-M5,H2-v1,sharp:0211,sharp,211,1614987,0xb689520c8ea8f583f21327df7d9e45896be56072ea2c3fdf6e75ccdd84b2e5e0,mlb-wsh-phi-2026-08-05,Philadelphia Phillies,Washington Nationals,2026-08-05T23:05:00+00:00,2026-08-04T18:45:02.244229+00:00,101997.755771,false,,,,,,,,,,,,,,,,,,,,,443,0.5904255319148937,,,,,,1,false,smarkets,,,,,0.5904255319148937,18.244229,18.244229,sharp:0211,2026-08-04T18:45:02.244229+00:00,0,0.5904255319148937,,,1,,,,sharp:0212,900.187795,,,rn1:0050,100517.755771,true,2026-08-04T17:28:59+00:00,4563.244229,0.58,0xffb61101cf0d0918917a3190f5281d907c88cb285a846a98a66cd46a1731f99d,false,false,false,false,0.0104255319148937,,,true,false,0,,,,,,,,,,,,,,,false,false,false,false,true,false,0,,,,,,,,,,,,,,,false,false,false,false,true,false,0,,,,,,,,,,,,,,,false,false,false,false,true,false,0,,,,,,,,,,,,,,,false,false,false,false
H2-v1-EVENT-M5,H2-v1,sharp:0212,sharp,212,1614987,0xb689520c8ea8f583f21327df7d9e45896be56072ea2c3fdf6e75ccdd84b2e5e0,mlb-wsh-phi-2026-08-05,Philadelphia Phillies,Washington Nationals,2026-08-05T23:05:00+00:00,2026-08-04T19:00:02.432024+00:00,101097.567976,true,0,,,,,,,,,,,,,,,,,,,,445,0.5904255319148937,0.5904255319148937,0,0,2026-08-04T18:45:02.244229+00:00,900.187795,1,false,smarkets,smarkets,false,,,0.5904255319148937,3.432024,3.432024,sharp:0212,2026-08-04T19:00:02.432024+00:00,0,0.5904255319148937,0,0,1,false,sharp:0211,900.187795,sharp:0213,2699.509084,,,rn1:0050,99617.567976,true,2026-08-04T17:28:59+00:00,5463.432024,0.58,0xffb61101cf0d0918917a3190f5281d907c88cb285a846a98a66cd46a1731f99d,false,false,false,false,0.0104255319148937,,,true,false,0,,,,,,,,,,,,,,,false,false,false,false,true,false,0,,,,,,,,,,,,,,,false,false,false,false,true,false,0,,,,,,,,,,,,,,,false,false,false,false,true,false,0,,,,,,,,,,,,,,,false,false,false,false
H2-v1-EVENT-M5,H2-v1,sharp:0213,sharp,213,1614987,0xb689520c8ea8f583f21327df7d9e45896be56072ea2c3fdf6e75ccdd84b2e5e0,mlb-wsh-phi-2026-08-05,Philadelphia Phillies,Washington Nationals,2026-08-05T23:05:00+00:00,2026-08-04T19:45:01.941108+00:00,98398.058892,true,0,,,,,,,,,,,,,,,,,,,,449,0.5904255319148937,0.5904255319148937,0,0,2026-08-04T19:00:02.432024+00:00,2699.509084,1,false,smarkets,smarkets,false,,,0.5904255319148937,9.941108,9.941108,sharp:0213,2026-08-04T19:45:01.941108+00:00,0,0.5904255319148937,0,0,1,false,sharp:0212,2699.509084,sharp:0214,900.446254,,,rn1:0050,96918.058892,true,2026-08-04T17:28:59+00:00,8162.941108,0.58,0xffb61101cf0d0918917a3190f5281d907c88cb285a846a98a66cd46a1731f99d,false,false,false,false,0.0104255319148937,,,true,false,0,,,,,,,,,,,,,,,false,false,false,false,true,false,0,,,,,,,,,,,,,,,false,false,false,false,true,false,0,,,,,,,,,,,,,,,false,false,false,false,true,false,0,,,,,,,,,,,,,,,false,false,false,false
H2-v1-EVENT-M5,H2-v1,sharp:0214,sharp,214,1614987,0xb689520c8ea8f583f21327df7d9e45896be56072ea2c3fdf6e75ccdd84b2e5e0,mlb-wsh-phi-2026-08-05,Philadelphia Phillies,Washington Nationals,2026-08-05T23:05:00+00:00,2026-08-04T20:00:02.387362+00:00,97497.612638,true,0,,,,,,,,,,,,,,,,,,,,451,0.5904255319148937,0.5904255319148937,0,0,2026-08-04T19:45:01.941108+00:00,900.446254,1,false,smarkets,smarkets,false,,,0.5904255319148937,22.387362,22.387362,sharp:0214,2026-08-04T20:00:02.387362+00:00,0,0.5904255319148937,0,0,1,false,sharp:0213,900.446254,sharp:0215,2700.116294,,,rn1:0050,96017.612638,true,2026-08-04T19:56:45+00:00,197.387362,0.5800000391,0x86a5cd2ddb039cd90b85c510c7360747458b434951de85bc59832d43ab0962de,false,false,true,true,0.0104254928148937,,,true,false,0,,,,,,,,,,,,,,,false,false,false,false,true,false,0,,,,,,,,,,,,,,,false,false,false,false,true,false,0,,,,,,,,,,,,,,,false,false,false,false,true,false,0,,,,,,,,,,,,,,,false,false,false,false
H2-v1-EVENT-M5,H2-v1,sharp:0215,sharp,215,1614987,0xb689520c8ea8f583f21327df7d9e45896be56072ea2c3fdf6e75ccdd84b2e5e0,mlb-wsh-phi-2026-08-05,Philadelphia Phillies,Washington Nationals,2026-08-05T23:05:00+00:00,2026-08-04T20:45:02.503656+00:00,94797.496344,true,-1,,,,,,,,,,,,,,,,,,,,455,0.5866666666666667,0.5904255319148937,-0.003758865248227,-1,2026-08-04T20:00:02.387362+00:00,2700.116294,1,false,smarkets,smarkets,false,,,0.5866666666666667,17.503656,17.503656,sharp:0215,2026-08-04T20:45:02.503656+00:00,0,0.5866666666666667,-0.003758865248227,-1,1,false,sharp:0214,2700.116294,sharp:0216,899.67557,,,rn1:0050,93317.496344,true,2026-08-04T19:56:45+00:00,2897.503656,0.5800000391,0x86a5cd2ddb039cd90b85c510c7360747458b434951de85bc59832d43ab0962de,false,false,false,false,0.0066666275666667,,,true,false,0,,,,,,,,,,,,,,,false,false,false,false,true,false,0,,,,,,,,,,,,,,,false,false,false,false,true,false,0,,,,,,,,,,,,,,,false,false,false,false,true,false,0,,,,,,,,,,,,,,,false,false,false,false
H2-v1-EVENT-M5,H2-v1,sharp:0216,sharp,216,1614987,0xb689520c8ea8f583f21327df7d9e45896be56072ea2c3fdf6e75ccdd84b2e5e0,mlb-wsh-phi-2026-08-05,Philadelphia Phillies,Washington Nationals,2026-08-05T23:05:00+00:00,2026-08-04T21:00:02.179226+00:00,93897.820774,true,0,,,,,,,,,,,,,,,,,,,,457,0.5866666666666667,0.5866666666666667,0,0,2026-08-04T20:45:02.503656+00:00,899.67557,1,false,smarkets,smarkets,false,,,0.5866666666666667,14.179226,14.179226,sharp:0216,2026-08-04T21:00:02.179226+00:00,0,0.5866666666666667,0,0,1,false,sharp:0215,899.67557,sharp:0217,2699.784904,,,rn1:0050,92417.820774,true,2026-08-04T19:56:45+00:00,3797.179226,0.5800000391,0x86a5cd2ddb039cd90b85c510c7360747458b434951de85bc59832d43ab0962de,false,false,false,false,0.0066666275666667,,,true,false,0,,,,,,,,,,,,,,,false,false,false,false,true,false,0,,,,,,,,,,,,,,,false,false,false,false,true,false,0,,,,,,,,,,,,,,,false,false,false,false,true,false,0,,,,,,,,,,,,,,,false,false,false,false
H2-v1-EVENT-M5,H2-v1,sharp:0217,sharp,217,1614987,0xb689520c8ea8f583f21327df7d9e45896be56072ea2c3fdf6e75ccdd84b2e5e0,mlb-wsh-phi-2026-08-05,Philadelphia Phillies,Washington Nationals,2026-08-05T23:05:00+00:00,2026-08-04T21:45:01.964130+00:00,91198.03587,true,0,,,,,,,,,,,,,,,,,,,,461,0.5866666666666667,0.5866666666666667,0,0,2026-08-04T21:00:02.179226+00:00,2699.784904,1,false,smarkets,smarkets,false,,,0.5866666666666667,5.96413,5.96413,sharp:0217,2026-08-04T21:45:01.964130+00:00,0,0.5866666666666667,0,0,1,false,sharp:0216,2699.784904,sharp:0218,900.84586,,,rn1:0050,89718.03587,true,2026-08-04T19:56:45+00:00,6496.96413,0.5800000391,0x86a5cd2ddb039cd90b85c510c7360747458b434951de85bc59832d43ab0962de,false,false,false,false,0.0066666275666667,,,true,false,0,,,,,,,,,,,,,,,false,false,false,false,true,false,0,,,,,,,,,,,,,,,false,false,false,false,true,false,0,,,,,,,,,,,,,,,false,false,false,false,true,false,0,,,,,,,,,,,,,,,false,false,false,false
H2-v1-EVENT-M5,H2-v1,sharp:0218,sharp,218,1614987,0xb689520c8ea8f583f21327df7d9e45896be56072ea2c3fdf6e75ccdd84b2e5e0,mlb-wsh-phi-2026-08-05,Philadelphia Phillies,Washington Nationals,2026-08-05T23:05:00+00:00,2026-08-04T22:00:02.809990+00:00,90297.19001,true,0,,,,,,,,,,,,,,,,,,,,463,0.5866666666666667,0.5866666666666667,0,0,2026-08-04T21:45:01.964130+00:00,900.84586,1,false,smarkets,smarkets,false,,,0.5866666666666667,10.80999,10.80999,sharp:0218,2026-08-04T22:00:02.809990+00:00,0,0.5866666666666667,0,0,1,false,sharp:0217,900.84586,sharp:0219,2698.89965,,,rn1:0050,88817.19001,true,2026-08-04T19:56:45+00:00,7397.80999,0.5800000391,0x86a5cd2ddb039cd90b85c510c7360747458b434951de85bc59832d43ab0962de,false,false,false,false,0.0066666275666667,,,true,false,0,,,,,,,,,,,,,,,false,false,false,false,true,false,0,,,,,,,,,,,,,,,false,false,false,false,true,false,0,,,,,,,,,,,,,,,false,false,false,false,true,false,0,,,,,,,,,,,,,,,false,false,false,false
H2-v1-EVENT-M5,H2-v1,sharp:0219,sharp,219,1614987,0xb689520c8ea8f583f21327df7d9e45896be56072ea2c3fdf6e75ccdd84b2e5e0,mlb-wsh-phi-2026-08-05,Philadelphia Phillies,Washington Nationals,2026-08-05T23:05:00+00:00,2026-08-04T22:45:01.709640+00:00,87598.29036,true,-1,,,,,,,,,,,,,,,,,,,,467,0.5837442922374429,0.5866666666666667,-0.0029223744292238,-1,2026-08-04T22:00:02.809990+00:00,2698.89965,2,true,matchbook+smarkets,smarkets,true,,0.5808219178082191,0.5866666666666667,11.20964,11.70964,sharp:0219,2026-08-04T22:45:01.709640+00:00,0,0.5837442922374429,-0.0029223744292238,-1,2,true,sharp:0218,2698.89965,sharp:0220,900.345729,,,rn1:0050,86118.29036,true,2026-08-04T19:56:45+00:00,10096.70964,0.5800000391,0x86a5cd2ddb039cd90b85c510c7360747458b434951de85bc59832d43ab0962de,false,false,false,false,0.0037442531374429,,,true,false,0,,,,,,,,,,,,,,,false,false,false,false,true,false,0,,,,,,,,,,,,,,,false,false,false,false,true,false,0,,,,,,,,,,,,,,,false,false,false,false,true,false,0,,,,,,,,,,,,,,,false,false,false,false
H2-v1-EVENT-M5,H2-v1,sharp:0220,sharp,220,1614987,0xb689520c8ea8f583f21327df7d9e45896be56072ea2c3fdf6e75ccdd84b2e5e0,mlb-wsh-phi-2026-08-05,Philadelphia Phillies,Washington Nationals,2026-08-05T23:05:00+00:00,2026-08-04T23:00:02.055369+00:00,86697.944631,true,-1,,,,,,,,,,,,,,,,,,,,469,0.5829508196721312,0.5837442922374429,-0.0007934725653117,-1,2026-08-04T22:45:01.709640+00:00,900.345729,2,true,matchbook+smarkets,matchbook+smarkets,false,,0.5792349726775957,0.5866666666666667,4.055369,4.055369,sharp:0220,2026-08-04T23:00:02.055369+00:00,0,0.5829508196721312,-0.0007934725653117,-1,2,false,sharp:0219,900.345729,sharp:0221,20699.861933,,,rn1:0050,85217.944631,true,2026-08-04T19:56:45+00:00,10997.055369,0.5800000391,0x86a5cd2ddb039cd90b85c510c7360747458b434951de85bc59832d43ab0962de,false,false,false,false,0.0029507805721312,,,true,false,0,,,,,,,,,,,,,,,false,false,false,false,true,false,0,,,,,,,,,,,,,,,false,false,false,false,true,false,0,,,,,,,,,,,,,,,false,false,false,false,true,false,0,,,,,,,,,,,,,,,false,false,false,false
H2-v1-EVENT-M5,H2-v1,sharp:0221,sharp,221,1614987,0xb689520c8ea8f583f21327df7d9e45896be56072ea2c3fdf6e75ccdd84b2e5e0,mlb-wsh-phi-2026-08-05,Philadelphia Phillies,Washington Nationals,2026-08-05T23:05:00+00:00,2026-08-05T04:45:01.917302+00:00,65998.082698,true,1,,,,,,,,,,,,,,,,,,,,502,0.60375270385834295,0.5829508196721312,0.02080188418621175,1,2026-08-04T23:00:02.055369+00:00,20699.861933,2,true,matchbook+smarkets,matchbook+smarkets,false,,0.6116504854368933,0.5958549222797926,13.917302,23.917302,sharp:0221,2026-08-05T04:45:01.917302+00:00,0,0.60375270385834295,0.02080188418621175,1,2,false,sharp:0220,20699.861933,sharp:0222,47711.633981,,,rn1:0050,64518.082698,true,2026-08-05T03:41:56+00:00,3785.917302,0.6199999982,0x31797ff387466ae4222e8c0c2a3503147865f0e2862233474e3945399f5ecf25,false,false,false,false,-0.01624729434165705,,,true,false,0,,,,,,,,,,,,,,,false,false,false,false,true,false,0,,,,,,,,,,,,,,,false,false,false,false,true,false,0,,,,,,,,,,,,,,,false,false,false,false,true,false,0,,,,,,,,,,,,,,,false,false,false,false
H2-v1-EVENT-M5,H2-v1,sharp:0222,sharp,222,1614987,0xb689520c8ea8f583f21327df7d9e45896be56072ea2c3fdf6e75ccdd84b2e5e0,mlb-wsh-phi-2026-08-05,Philadelphia Phillies,Washington Nationals,2026-08-05T23:05:00+00:00,2026-08-05T18:00:13.551283+00:00,18286.448717,true,1,,,,,,,,,,,,,,,,,,,,556,0.6420323325635103,0.60375270385834295,0.03827962870516735,1,2026-08-05T04:45:01.917302+00:00,47711.633981,3,true,betfair+matchbook+smarkets,matchbook+smarkets,true,0.6420323325635103,0.6420323325635103,0.6401869158878505,11.051283,22.551283,sharp:0222,2026-08-05T18:00:13.551283+00:00,0,0.6420323325635103,0.03827962870516735,1,3,true,sharp:0221,47711.633981,sharp:0223,2688.434843,,,rn1:0050,16806.448717,true,2026-08-05T17:55:42+00:00,271.551283,0.64,0x7715c1e2994a42614c85ec62a2e4316196ff789cd7d7736dcbbe38e00bc5cf96,false,false,true,true,0.0020323325635103,,,true,false,0,,,,,,,,,,,,,,,false,false,false,false,true,false,0,,,,,,,,,,,,,,,false,false,false,false,true,false,0,,,,,,,,,,,,,,,false,false,false,false,true,false,0,,,,,,,,,,,,,,,false,false,false,false
H2-v1-EVENT-M5,H2-v1,sharp:0223,sharp,223,1614987,0xb689520c8ea8f583f21327df7d9e45896be56072ea2c3fdf6e75ccdd84b2e5e0,mlb-wsh-phi-2026-08-05,Philadelphia Phillies,Washington Nationals,2026-08-05T23:05:00+00:00,2026-08-05T18:45:01.986126+00:00,15598.013874,true,0,,,,,,,,,,,,,,,,,,,,560,0.6420323325635103,0.6420323325635103,0,0,2026-08-05T18:00:13.551283+00:00,2688.434843,3,true,betfair+matchbook+smarkets,betfair+matchbook+smarkets,false,0.6420323325635103,0.6420323325635103,0.6401869158878505,4.986126,5.986126,sharp:0223,2026-08-05T18:45:01.986126+00:00,0,0.6420323325635103,0,0,3,false,sharp:0222,2688.434843,sharp:0224,900.370858,,,rn1:0050,14118.013874,true,2026-08-05T18:44:39+00:00,22.986126,0.64,0x2e91409519634cc0e075c351bf4b01b31068faabd66d4491a72cc7eeb17c9702,true,true,true,true,0.0020323325635103,,,true,false,0,,,,,,,,,,,,,,,false,false,false,false,true,false,0,,,,,,,,,,,,,,,false,false,false,false,true,false,0,,,,,,,,,,,,,,,false,false,false,false,true,true,1,2026-08-05T18:49:11+00:00,249.013874,0.63,-0.01,0xab0cb8f299849dfe8f8bf02a891b9f8fdc387ae8d6925ba2d173274c80a22228,2026-08-05T18:49:11+00:00,249.013874,50.986126,0.63,-0.01,0xab0cb8f299849dfe8f8bf02a891b9f8fdc387ae8d6925ba2d173274c80a22228,0.63,0.63,0,false,false,false,true
H2-v1-EVENT-M5,H2-v1,sharp:0224,sharp,224,1614987,0xb689520c8ea8f583f21327df7d9e45896be56072ea2c3fdf6e75ccdd84b2e5e0,mlb-wsh-phi-2026-08-05,Philadelphia Phillies,Washington Nationals,2026-08-05T23:05:00+00:00,2026-08-05T19:00:02.356984+00:00,14697.643016,true,0,,,,,,,,,,,,,,,,,,,,562,0.6420323325635103,0.6420323325635103,0,0,2026-08-05T18:45:01.986126+00:00,900.370858,3,true,betfair+matchbook+smarkets,betfair+matchbook+smarkets,false,0.6420323325635103,0.6420323325635103,0.6431924882629109,14.856984,20.356984,sharp:0224,2026-08-05T19:00:02.356984+00:00,0,0.6420323325635103,0,0,3,false,sharp:0223,900.370858,sharp:0225,2699.99338,,,rn1:0050,13217.643016,true,2026-08-05T18:49:11+00:00,651.356984,0.63,0xab0cb8f299849dfe8f8bf02a891b9f8fdc387ae8d6925ba2d173274c80a22228,false,false,false,false,0.0120323325635103,,,true,false,0,,,,,,,,,,,,,,,false,false,false,false,true,false,0,,,,,,,,,,,,,,,false,false,false,false,true,false,0,,,,,,,,,,,,,,,false,false,false,false,true,false,0,,,,,,,,,,,,,,,false,false,false,false
H2-v1-EVENT-M5,H2-v1,sharp:0225,sharp,225,1614987,0xb689520c8ea8f583f21327df7d9e45896be56072ea2c3fdf6e75ccdd84b2e5e0,mlb-wsh-phi-2026-08-05,Philadelphia Phillies,Washington Nationals,2026-08-05T23:05:00+00:00,2026-08-05T19:45:02.350364+00:00,11997.649636,true,0,,,,,,,,,,,,,,,,,,,,566,0.6420323325635103,0.6420323325635103,0,0,2026-08-05T19:00:02.356984+00:00,2699.99338,3,true,betfair+matchbook+smarkets,betfair+matchbook+smarkets,false,0.6420323325635103,0.6420323325635103,0.6416861826697892,14.350364,19.350364,sharp:0225,2026-08-05T19:45:02.350364+00:00,0,0.6420323325635103,0,0,3,false,sharp:0224,2699.99338,sharp:0226,900.423629,,,rn1:0050,10517.649636,true,2026-08-05T19:44:29+00:00,33.350364,0.64,0x188b0f7ac3675bf13947089c1e900ac39e3aa1a05551bef25d04f1939a9989f6,false,true,true,true,0.0020323325635103,,,true,false,0,,,,,,,,,,,,,,,false,false,false,false,true,false,0,,,,,,,,,,,,,,,false,false,false,false,true,true,1,2026-08-05T19:46:00+00:00,57.649636,0.6492445795,0.0092445795,0xc2cfe255be841b4bab7ab3ebe972ec1694b702c607e5f2c0cc7cdf68ffcc4ea1,2026-08-05T19:46:00+00:00,57.649636,2.350364,0.6492445795,0.0092445795,0xc2cfe255be841b4bab7ab3ebe972ec1694b702c607e5f2c0cc7cdf68ffcc4ea1,0.6492445795,0.6492445795,0,true,true,true,true,true,true,2,2026-08-05T19:46:00+00:00,57.649636,0.6492445795,0.0092445795,0xc2cfe255be841b4bab7ab3ebe972ec1694b702c607e5f2c0cc7cdf68ffcc4ea1,2026-08-05T19:48:44+00:00,221.649636,78.350364,0.6499999997,0.0099999997,0x6315f00cac6a5f23a3364fe6e89ebf9724afebc68d579e593f77b6b59fc22500,0.6492445795,0.6499999997,0.0007554202,false,false,false,false
H2-v1-EVENT-M5,H2-v1,sharp:0226,sharp,226,1614987,0xb689520c8ea8f583f21327df7d9e45896be56072ea2c3fdf6e75ccdd84b2e5e0,mlb-wsh-phi-2026-08-05,Philadelphia Phillies,Washington Nationals,2026-08-05T23:05:00+00:00,2026-08-05T20:00:02.773993+00:00,11097.226007,true,0,,,,,,,,,,,,,,,,,,,,568,0.6420323325635103,0.6420323325635103,0,0,2026-08-05T19:45:02.350364+00:00,900.423629,3,true,betfair+matchbook+smarkets,betfair+matchbook+smarkets,false,0.6420323325635103,0.6420323325635103,0.6416861826697892,10.773993,11.773993,sharp:0226,2026-08-05T20:00:02.773993+00:00,0,0.6420323325635103,0,0,3,false,sharp:0225,900.423629,sharp:0227,9899.950899,,,rn1:0050,9617.226007,true,2026-08-05T19:58:44+00:00,78.773993,0.6400000676,0xbe14621e9efbe9524e20459dc4281450b3ecb78f49abc12907ce2ff18e421ebc,false,false,true,true,0.0020322649635103,,,true,false,0,,,,,,,,,,,,,,,false,false,false,false,true,false,0,,,,,,,,,,,,,,,false,false,false,false,true,false,0,,,,,,,,,,,,,,,false,false,false,false,true,false,0,,,,,,,,,,,,,,,false,false,false,false
H2-v1-EVENT-M5,H2-v1,rn1:0050,rn1,50,1614987,0xb689520c8ea8f583f21327df7d9e45896be56072ea2c3fdf6e75ccdd84b2e5e0,mlb-wsh-phi-2026-08-05,Philadelphia Phillies,Washington Nationals,2026-08-05T23:05:00+00:00,2026-08-05T22:40:20+00:00,1480,true,-1,3229928,Washington Nationals,away,BUY,0.35,0.65,7.25,2.5375,-7.25,-2.5375,0x4a4b22281764aa215e1b2a204e36a516b44eddc39fce216052196c95f26cd75f,594fad756ef8d281fb340c21f798c76a8a3a8847c2fb1410be7420635a3108f0,1614987:2026-08-05T22:40:20+00:00,1,1,-7.25,-2.5375,-1,1,,,,,,,,,,,,,,,,,,sharp:0226,2026-08-05T20:00:02.773993+00:00,9617.226007,0.6420323325635103,0,0,3,false,sharp:0226,9617.226007,sharp:0227,282.724892,,,rn1:0051,37,true,2026-08-05T22:39:35+00:00,45,0.65,0xcf30aca9bcf33e1e1be30a70ff0f9d00a5b9d8a58a755b3c231d107e2c5736a7,false,true,true,true,-0.0079676674364897,0,,true,false,0,,,,,,,,,,,,,,,false,false,false,false,true,true,1,2026-08-05T22:40:38+00:00,18,0.64,-0.01,0xe08dab849f876221d36baaf009b1823995fec419630859c27dc745f368c91326,2026-08-05T22:40:38+00:00,18,12,0.64,-0.01,0xe08dab849f876221d36baaf009b1823995fec419630859c27dc745f368c91326,0.64,0.64,0,false,true,true,true,true,true,5,2026-08-05T22:40:38+00:00,18,0.64,-0.01,0xe08dab849f876221d36baaf009b1823995fec419630859c27dc745f368c91326,2026-08-05T22:41:08+00:00,48,12,0.6400001234,-0.0099998766,0xa95499ddd253636a01856487d102611897c41fb167ff43997bbfa2e4de9a51de,0.64,0.65,0.01,false,true,true,true,true,true,6,2026-08-05T22:40:38+00:00,18,0.64,-0.01,0xe08dab849f876221d36baaf009b1823995fec419630859c27dc745f368c91326,2026-08-05T22:43:26+00:00,186,114,0.6499999935,-0.0000000065,0xb08388334c5f920531d20bffbfcfcd2ef3731c5f5264c77e7b19edf39cbe6813,0.64,0.65,0.01,false,false,false,false
H2-v1-EVENT-M5,H2-v1,rn1:0051,rn1,51,1614987,0xb689520c8ea8f583f21327df7d9e45896be56072ea2c3fdf6e75ccdd84b2e5e0,mlb-wsh-phi-2026-08-05,Philadelphia Phillies,Washington Nationals,2026-08-05T23:05:00+00:00,2026-08-05T22:40:57+00:00,1443,true,-1,3229928,Washington Nationals,away,BUY,0.35,0.65,23.98,8.393,-23.98,-8.393,0xadf6f205090685be2b681c45872316b665f91009ca8281457775024e9748a5ae,a0d5f8132694ea6597f4d75fcfc449fc8e30592ac573d7bb102b855e2f2facec,1614987:2026-08-05T22:40:57+00:00,1,1,-23.98,-8.393,-1,1,,,,,,,,,,,,,,,,,,sharp:0226,2026-08-05T20:00:02.773993+00:00,9654.226007,0.6420323325635103,0,0,3,false,sharp:0226,9654.226007,sharp:0227,245.724892,rn1:0050,37,rn1:0052,3,true,2026-08-05T22:40:38+00:00,19,0.64,0xe08dab849f876221d36baaf009b1823995fec419630859c27dc745f368c91326,true,true,true,true,0.0020323325635103,0.01,,true,true,2,2026-08-05T22:41:00+00:00,3,0.6499999675,0.0099999675,0xd0455beb20a60c5e7c9d33537e5dbb046819a6089e7b4bb9fb3db3642e06a41c,2026-08-05T22:41:03+00:00,6,4,0.6400001234,0.0000001234,0x65fb064e85194f825a4261f960da4fadd8b34b1bc32410b6b938da6494f89232,0.6400001234,0.6499999675,0.0099998441,true,true,true,true,true,true,3,2026-08-05T22:41:00+00:00,3,0.6499999675,0.0099999675,0xd0455beb20a60c5e7c9d33537e5dbb046819a6089e7b4bb9fb3db3642e06a41c,2026-08-05T22:41:08+00:00,11,19,0.6400001234,0.0000001234,0xa95499ddd253636a01856487d102611897c41fb167ff43997bbfa2e4de9a51de,0.6400001234,0.6499999675,0.0099998441,false,false,true,true,true,true,3,2026-08-05T22:41:00+00:00,3,0.6499999675,0.0099999675,0xd0455beb20a60c5e7c9d33537e5dbb046819a6089e7b4bb9fb3db3642e06a41c,2026-08-05T22:41:08+00:00,11,49,0.6400001234,0.0000001234,0xa95499ddd253636a01856487d102611897c41fb167ff43997bbfa2e4de9a51de,0.6400001234,0.6499999675,0.0099998441,false,false,false,true,true,true,5,2026-08-05T22:41:00+00:00,3,0.6499999675,0.0099999675,0xd0455beb20a60c5e7c9d33537e5dbb046819a6089e7b4bb9fb3db3642e06a41c,2026-08-05T22:45:23+00:00,266,34,0.6400000294,0.0000000294,0xa75f419bcadc2986c0ba3f58be22322063de2ff4a217f193d3890c4606ecdb7b,0.6400000294,0.6499999935,0.0099999641,false,false,false,true
H2-v1-EVENT-M5,H2-v1,rn1:0052,rn1,52,1614987,0xb689520c8ea8f583f21327df7d9e45896be56072ea2c3fdf6e75ccdd84b2e5e0,mlb-wsh-phi-2026-08-05,Philadelphia Phillies,Washington Nationals,2026-08-05T23:05:00+00:00,2026-08-05T22:41:00+00:00,1440,true,-1,3229928,Washington Nationals,away,BUY,0.35,0.65,7.692305,2.69230675,-7.692305,-2.69230675,0xd0455beb20a60c5e7c9d33537e5dbb046819a6089e7b4bb9fb3db3642e06a41c,a9bd9e5dfece1b6011ef2a154b91091f5a269a5af6d58e20c14192065b181e66,1614987:2026-08-05T22:41:00+00:00,1,1,-7.692305,-2.69230675,-1,1,,,,,,,,,,,,,,,,,,sharp:0226,2026-08-05T20:00:02.773993+00:00,9657.226007,0.6420323325635103,0,0,3,false,sharp:0226,9657.226007,sharp:0227,242.724892,rn1:0051,3,rn1:0053,146,true,2026-08-05T22:40:57+00:00,3,0.65,0xadf6f205090685be2b681c45872316b665f91009ca8281457775024e9748a5ae,true,true,true,true,-0.0079676674364897,0,,true,true,2,2026-08-05T22:41:03+00:00,3,0.6400001234,-0.0099998766,0x65fb064e85194f825a4261f960da4fadd8b34b1bc32410b6b938da6494f89232,2026-08-05T22:41:08+00:00,8,2,0.6400001234,-0.0099998766,0xa95499ddd253636a01856487d102611897c41fb167ff43997bbfa2e4de9a51de,0.6400001234,0.6400001234,0,true,true,true,true,true,true,2,2026-08-05T22:41:03+00:00,3,0.6400001234,-0.0099998766,0x65fb064e85194f825a4261f960da4fadd8b34b1bc32410b6b938da6494f89232,2026-08-05T22:41:08+00:00,8,22,0.6400001234,-0.0099998766,0xa95499ddd253636a01856487d102611897c41fb167ff43997bbfa2e4de9a51de,0.6400001234,0.6400001234,0,false,false,true,true,true,true,2,2026-08-05T22:41:03+00:00,3,0.6400001234,-0.0099998766,0x65fb064e85194f825a4261f960da4fadd8b34b1bc32410b6b938da6494f89232,2026-08-05T22:41:08+00:00,8,52,0.6400001234,-0.0099998766,0xa95499ddd253636a01856487d102611897c41fb167ff43997bbfa2e4de9a51de,0.6400001234,0.6400001234,0,false,false,false,true,true,true,4,2026-08-05T22:41:03+00:00,3,0.6400001234,-0.0099998766,0x65fb064e85194f825a4261f960da4fadd8b34b1bc32410b6b938da6494f89232,2026-08-05T22:45:23+00:00,263,37,0.6400000294,-0.0099999706,0xa75f419bcadc2986c0ba3f58be22322063de2ff4a217f193d3890c4606ecdb7b,0.6400000294,0.6499999935,0.0099999641,false,false,false,true
H2-v1-EVENT-M5,H2-v1,rn1:0053,rn1,53,1614987,0xb689520c8ea8f583f21327df7d9e45896be56072ea2c3fdf6e75ccdd84b2e5e0,mlb-wsh-phi-2026-08-05,Philadelphia Phillies,Washington Nationals,2026-08-05T23:05:00+00:00,2026-08-05T22:43:26+00:00,1294,true,-1,3229928,Washington Nationals,away,BUY,0.35,0.65,15.384614,5.3846149,-15.384614,-5.3846149,0xb08388334c5f920531d20bffbfcfcd2ef3731c5f5264c77e7b19edf39cbe6813,c066417ce42d3720df8813a1670aedd51655748ed8286a4e130339b58c720af8,1614987:2026-08-05T22:43:26+00:00,1,1,-15.384614,-5.3846149,-1,1,,,,,,,,,,,,,,,,,,sharp:0226,2026-08-05T20:00:02.773993+00:00,9803.226007,0.6420323325635103,0,0,3,false,sharp:0226,9803.226007,sharp:0227,96.724892,rn1:0052,146,rn1:0054,366,true,2026-08-05T22:41:08+00:00,138,0.6400001234,0xa95499ddd253636a01856487d102611897c41fb167ff43997bbfa2e4de9a51de,false,false,true,true,0.0020322091635103,0.0099998766,,true,false,0,,,,,,,,,,,,,,,false,false,false,false,true,false,0,,,,,,,,,,,,,,,false,false,false,false,true,false,0,,,,,,,,,,,,,,,false,false,false,false,true,true,1,2026-08-05T22:45:23+00:00,117,0.6400000294,-0.000000094,0xa75f419bcadc2986c0ba3f58be22322063de2ff4a217f193d3890c4606ecdb7b,2026-08-05T22:45:23+00:00,117,183,0.6400000294,-0.000000094,0xa75f419bcadc2986c0ba3f58be22322063de2ff4a217f193d3890c4606ecdb7b,0.6400000294,0.6400000294,0,false,false,false,false
H2-v1-EVENT-M5,H2-v1,sharp:0227,sharp,227,1614987,0xb689520c8ea8f583f21327df7d9e45896be56072ea2c3fdf6e75ccdd84b2e5e0,mlb-wsh-phi-2026-08-05,Philadelphia Phillies,Washington Nationals,2026-08-05T23:05:00+00:00,2026-08-05T22:45:02.724892+00:00,1197.275108,true,1,,,,,,,,,,,,,,,,,,,,657,0.6529680365296804,0.6420323325635103,0.0109357039661701,1,2026-08-05T20:00:02.773993+00:00,9899.950899,3,true,betfair+matchbook+smarkets,betfair+matchbook+smarkets,false,0.6529680365296804,0.654462242562929,0.6496519721577726,6.724892,15.724892,sharp:0227,2026-08-05T22:45:02.724892+00:00,0,0.6529680365296804,0.0109357039661701,1,3,false,sharp:0226,9899.950899,sharp:0228,899.893303,rn1:0053,96.724892,rn1:0054,269.275108,true,2026-08-05T22:43:26+00:00,96.724892,0.6499999935,0xb08388334c5f920531d20bffbfcfcd2ef3731c5f5264c77e7b19edf39cbe6813,false,false,true,true,0.0029680430296804,,,true,false,0,,,,,,,,,,,,,,,false,false,false,false,true,true,1,2026-08-05T22:45:23+00:00,20.275108,0.6400000294,-0.0099999641,0xa75f419bcadc2986c0ba3f58be22322063de2ff4a217f193d3890c4606ecdb7b,2026-08-05T22:45:23+00:00,20.275108,9.724892,0.6400000294,-0.0099999641,0xa75f419bcadc2986c0ba3f58be22322063de2ff4a217f193d3890c4606ecdb7b,0.6400000294,0.6400000294,0,false,true,true,true,true,true,1,2026-08-05T22:45:23+00:00,20.275108,0.6400000294,-0.0099999641,0xa75f419bcadc2986c0ba3f58be22322063de2ff4a217f193d3890c4606ecdb7b,2026-08-05T22:45:23+00:00,20.275108,39.724892,0.6400000294,-0.0099999641,0xa75f419bcadc2986c0ba3f58be22322063de2ff4a217f193d3890c4606ecdb7b,0.6400000294,0.6400000294,0,false,false,false,true,true,true,4,2026-08-05T22:45:23+00:00,20.275108,0.6400000294,-0.0099999641,0xa75f419bcadc2986c0ba3f58be22322063de2ff4a217f193d3890c4606ecdb7b,2026-08-05T22:49:48+00:00,285.275108,14.724892,0.65,0.0000000065,0x20d3da0bbd5df8febecf03cb7dd5059f05bef71ff4f6981368ba1923168e77ff,0.64,0.65,0.01,false,true,true,true
H2-v1-EVENT-M5,H2-v1,rn1:0054,rn1,54,1614987,0xb689520c8ea8f583f21327df7d9e45896be56072ea2c3fdf6e75ccdd84b2e5e0,mlb-wsh-phi-2026-08-05,Philadelphia Phillies,Washington Nationals,2026-08-05T23:05:00+00:00,2026-08-05T22:49:32+00:00,928,true,-1,3229928,Washington Nationals,away,BUY,0.35,0.65,3.815382,1.3353837,-3.815382,-1.3353837,0xb63a3cb9c2faafee8918ac9abb62a4d799770293c4af5c3069ff9604c34e81df,9bc00db55691ca14c75212b8952ecd6dc6ca60a4741351d3b74908ab591a8ad0,1614987:2026-08-05T22:49:32+00:00,1,1,-3.815382,-1.3353837,-1,1,,,,,,,,,,,,,,,,,,sharp:0227,2026-08-05T22:45:02.724892+00:00,269.275108,0.6529680365296804,0.0109357039661701,1,3,false,sharp:0227,269.275108,sharp:0228,630.618195,rn1:0053,366,rn1:0055,16,true,2026-08-05T22:49:29+00:00,3,0.64,0xbbd15c40e8320285bf416397dee8a2e73eb6b853c505a727eba739fc7b171a9f,true,true,true,true,0.0129680365296804,0.01,false,true,false,0,,,,,,,,,,,,,,,false,false,false,false,true,true,1,2026-08-05T22:49:48+00:00,16,0.65,0.01,0x20d3da0bbd5df8febecf03cb7dd5059f05bef71ff4f6981368ba1923168e77ff,2026-08-05T22:49:48+00:00,16,14,0.65,0.01,0x20d3da0bbd5df8febecf03cb7dd5059f05bef71ff4f6981368ba1923168e77ff,0.65,0.65,0,false,true,true,true,true,true,1,2026-08-05T22:49:48+00:00,16,0.65,0.01,0x20d3da0bbd5df8febecf03cb7dd5059f05bef71ff4f6981368ba1923168e77ff,2026-08-05T22:49:48+00:00,16,44,0.65,0.01,0x20d3da0bbd5df8febecf03cb7dd5059f05bef71ff4f6981368ba1923168e77ff,0.65,0.65,0,false,false,false,true,true,true,3,2026-08-05T22:49:48+00:00,16,0.65,0.01,0x20d3da0bbd5df8febecf03cb7dd5059f05bef71ff4f6981368ba1923168e77ff,2026-08-05T22:51:33+00:00,121,179,0.6499999025,0.0099999025,0x58cf8a8cde92ef627cde0bce5711906339936987aed67ce803dc2fda29de5b8c,0.6400000624,0.65,0.0099999376,false,false,false,false
H2-v1-EVENT-M5,H2-v1,rn1:0055,rn1,55,1614987,0xb689520c8ea8f583f21327df7d9e45896be56072ea2c3fdf6e75ccdd84b2e5e0,mlb-wsh-phi-2026-08-05,Philadelphia Phillies,Washington Nationals,2026-08-05T23:05:00+00:00,2026-08-05T22:49:48+00:00,912,true,-1,3229928,Washington Nationals,away,BUY,0.35,0.65,57.01,19.9535,-57.01,-19.9535,0x20d3da0bbd5df8febecf03cb7dd5059f05bef71ff4f6981368ba1923168e77ff,da2a801ff8d7d2a1363c82784b05cc3a713a09fb6c2f11b4f2022ae3c6a16fbd,1614987:2026-08-05T22:49:48+00:00,1,1,-57.01,-19.9535,-1,1,,,,,,,,,,,,,,,,,,sharp:0227,2026-08-05T22:45:02.724892+00:00,285.275108,0.6529680365296804,0.0109357039661701,1,3,false,sharp:0227,285.275108,sharp:0228,614.618195,rn1:0054,16,,,true,2026-08-05T22:49:32+00:00,16,0.6499999214,0xb63a3cb9c2faafee8918ac9abb62a4d799770293c4af5c3069ff9604c34e81df,true,true,true,true,0.0029681151296804,0.0000000786,false,true,false,0,,,,,,,,,,,,,,,false,false,false,false,true,false,0,,,,,,,,,,,,,,,false,false,false,false,true,false,0,,,,,,,,,,,,,,,false,false,false,false,true,true,2,2026-08-05T22:51:24+00:00,96,0.6400000624,-0.009999859,0xbb8a06c54661b83ccaafd7ae81009d1726de16ca9ddd0a24d239b3f6fc5ae1a7,2026-08-05T22:51:33+00:00,105,195,0.6499999025,-0.0000000189,0x58cf8a8cde92ef627cde0bce5711906339936987aed67ce803dc2fda29de5b8c,0.6400000624,0.6499999025,0.0099998401,false,false,false,false
H2-v1-EVENT-M5,H2-v1,sharp:0228,sharp,228,1614987,0xb689520c8ea8f583f21327df7d9e45896be56072ea2c3fdf6e75ccdd84b2e5e0,mlb-wsh-phi-2026-08-05,Philadelphia Phillies,Washington Nationals,2026-08-05T23:05:00+00:00,2026-08-05T23:00:02.618195+00:00,297.381805,true,-1,,,,,,,,,,,,,,,,,,,,674,0.6433566433566432,0.6529680365296804,-0.0096113931730372,-1,2026-08-05T22:45:02.724892+00:00,899.893303,3,true,betfair+matchbook+smarkets,betfair+matchbook+smarkets,false,0.6466512702078522,0.6433566433566432,0.64,8.118195,19.618195,sharp:0228,2026-08-05T23:00:02.618195+00:00,0,0.6433566433566432,-0.0096113931730372,-1,3,false,sharp:0227,899.893303,,,rn1:0055,614.618195,,,true,2026-08-05T22:58:15+00:00,107.618195,0.6499999999,0xbed394edbf8852a5d350b8f6e41e611d1ab4c44bd3d5cd7c46549a8e117214e4,false,false,true,true,-0.0066433565433568,,,true,false,0,,,,,,,,,,,,,,,false,false,false,false,true,false,0,,,,,,,,,,,,,,,false,false,false,false,true,false,0,,,,,,,,,,,,,,,false,false,false,false,false,false,0,,,,,,,,,,,,,,,false,false,false,false
H2-v1-EVENT-M5,H2-v1,sharp:0229,sharp,229,1614992,0x71cc5dd0766e0306f331cb61a56419ca1aa24e65c9a5b3abdd79172aa1123a9e,mlb-cws-bos-2026-08-05,Boston Red Sox,Chicago White Sox,2026-08-05T23:11:00+00:00,2026-08-04T18:45:02.244229+00:00,102357.755771,false,,,,,,,,,,,,,,,,,,,,,443,0.5164835164835164,,,,,,1,false,smarkets,,,,,0.5164835164835164,18.244229,18.244229,sharp:0229,2026-08-04T18:45:02.244229+00:00,0,0.5164835164835164,,,1,,,,sharp:0230,900.187795,,,rn1:0056,102300.755771,true,2026-08-04T18:44:14+00:00,48.244229,0.5500000005,0xbe297601b1fd17bf4dbafb9c55e2a842009cce7b286e097e050d8ad9acb18a14,false,true,true,true,-0.0335164840164836,,,true,false,0,,,,,,,,,,,,,,,false,false,false,false,true,false,0,,,,,,,,,,,,,,,false,false,false,false,true,false,0,,,,,,,,,,,,,,,false,false,false,false,true,true,2,2026-08-04T18:48:26+00:00,203.755771,0.5403997877,-0.0096002128,0xf2c3bb40d5ff3f2f5b97139936c67568c68eda74283e02e2c4a98d733c656318,2026-08-04T18:49:41+00:00,278.755771,21.244229,0.5400000736,-0.0099999269,0x70924fc99bf34bd1ef4c847544f9d79d68461450ae378fc1d7cfe2530ea3fa4c,0.5400000736,0.5403997877,0.0003997141,false,false,true,true
H2-v1-EVENT-M5,H2-v1,sharp:0230,sharp,230,1614992,0x71cc5dd0766e0306f331cb61a56419ca1aa24e65c9a5b3abdd79172aa1123a9e,mlb-cws-bos-2026-08-05,Boston Red Sox,Chicago White Sox,2026-08-05T23:11:00+00:00,2026-08-04T19:00:02.432024+00:00,101457.567976,true,0,,,,,,,,,,,,,,,,,,,,445,0.5164835164835164,0.5164835164835164,0,0,2026-08-04T18:45:02.244229+00:00,900.187795,1,false,smarkets,smarkets,false,,,0.5164835164835164,3.432024,3.432024,sharp:0230,2026-08-04T19:00:02.432024+00:00,0,0.5164835164835164,0,0,1,false,sharp:0229,900.187795,sharp:0231,2699.509084,,,rn1:0056,101400.567976,true,2026-08-04T18:49:41+00:00,621.432024,0.5400000736,0x70924fc99bf34bd1ef4c847544f9d79d68461450ae378fc1d7cfe2530ea3fa4c,false,false,false,false,-0.0235165571164836,,,true,false,0,,,,,,,,,,,,,,,false,false,false,false,true,false,0,,,,,,,,,,,,,,,false,false,false,false,true,false,0,,,,,,,,,,,,,,,false,false,false,false,true,false,0,,,,,,,,,,,,,,,false,false,false,false
H2-v1-EVENT-M5,H2-v1,sharp:0231,sharp,231,1614992,0x71cc5dd0766e0306f331cb61a56419ca1aa24e65c9a5b3abdd79172aa1123a9e,mlb-cws-bos-2026-08-05,Boston Red Sox,Chicago White Sox,2026-08-05T23:11:00+00:00,2026-08-04T19:45:01.941108+00:00,98758.058892,true,0,,,,,,,,,,,,,,,,,,,,449,0.5164835164835164,0.5164835164835164,0,0,2026-08-04T19:00:02.432024+00:00,2699.509084,1,false,smarkets,smarkets,false,,,0.5164835164835164,9.941108,9.941108,sharp:0231,2026-08-04T19:45:01.941108+00:00,0,0.5164835164835164,0,0,1,false,sharp:0230,2699.509084,sharp:0232,900.446254,,,rn1:0056,98701.058892,true,2026-08-04T18:49:41+00:00,3320.941108,0.5400000736,0x70924fc99bf34bd1ef4c847544f9d79d68461450ae378fc1d7cfe2530ea3fa4c,false,false,false,false,-0.0235165571164836,,,true,false,0,,,,,,,,,,,,,,,false,false,false,false,true,false,0,,,,,,,,,,,,,,,false,false,false,false,true,false,0,,,,,,,,,,,,,,,false,false,false,false,true,false,0,,,,,,,,,,,,,,,false,false,false,false
H2-v1-EVENT-M5,H2-v1,sharp:0232,sharp,232,1614992,0x71cc5dd0766e0306f331cb61a56419ca1aa24e65c9a5b3abdd79172aa1123a9e,mlb-cws-bos-2026-08-05,Boston Red Sox,Chicago White Sox,2026-08-05T23:11:00+00:00,2026-08-04T20:00:02.387362+00:00,97857.612638,true,0,,,,,,,,,,,,,,,,,,,,451,0.5164835164835164,0.5164835164835164,0,0,2026-08-04T19:45:01.941108+00:00,900.446254,1,false,smarkets,smarkets,false,,,0.5164835164835164,22.387362,22.387362,sharp:0232,2026-08-04T20:00:02.387362+00:00,0,0.5164835164835164,0,0,1,false,sharp:0231,900.446254,sharp:0233,2700.116294,,,rn1:0056,97800.612638,true,2026-08-04T18:49:41+00:00,4221.387362,0.5400000736,0x70924fc99bf34bd1ef4c847544f9d79d68461450ae378fc1d7cfe2530ea3fa4c,false,false,false,false,-0.0235165571164836,,,true,false,0,,,,,,,,,,,,,,,false,false,false,false,true,false,0,,,,,,,,,,,,,,,false,false,false,false,true,false,0,,,,,,,,,,,,,,,false,false,false,false,true,false,0,,,,,,,,,,,,,,,false,false,false,false
H2-v1-EVENT-M5,H2-v1,sharp:0233,sharp,233,1614992,0x71cc5dd0766e0306f331cb61a56419ca1aa24e65c9a5b3abdd79172aa1123a9e,mlb-cws-bos-2026-08-05,Boston Red Sox,Chicago White Sox,2026-08-05T23:11:00+00:00,2026-08-04T20:45:02.503656+00:00,95157.496344,true,1,,,,,,,,,,,,,,,,,,,,455,0.5327868852459016,0.5164835164835164,0.0163033687623852,1,2026-08-04T20:00:02.387362+00:00,2700.116294,1,false,smarkets,smarkets,false,,,0.5327868852459016,17.503656,17.503656,sharp:0233,2026-08-04T20:45:02.503656+00:00,0,0.5327868852459016,0.0163033687623852,1,1,false,sharp:0232,2700.116294,sharp:0234,899.67557,,,rn1:0056,95100.496344,true,2026-08-04T18:49:41+00:00,6921.503656,0.5400000736,0x70924fc99bf34bd1ef4c847544f9d79d68461450ae378fc1d7cfe2530ea3fa4c,false,false,false,false,-0.0072131883540984,,,true,false,0,,,,,,,,,,,,,,,false,false,false,false,true,false,0,,,,,,,,,,,,,,,false,false,false,false,true,false,0,,,,,,,,,,,,,,,false,false,false,false,true,false,0,,,,,,,,,,,,,,,false,false,false,false
H2-v1-EVENT-M5,H2-v1,sharp:0234,sharp,234,1614992,0x71cc5dd0766e0306f331cb61a56419ca1aa24e65c9a5b3abdd79172aa1123a9e,mlb-cws-bos-2026-08-05,Boston Red Sox,Chicago White Sox,2026-08-05T23:11:00+00:00,2026-08-04T21:00:02.179226+00:00,94257.820774,true,0,,,,,,,,,,,,,,,,,,,,457,0.5327868852459016,0.5327868852459016,0,0,2026-08-04T20:45:02.503656+00:00,899.67557,1,false,smarkets,smarkets,false,,,0.5327868852459016,14.179226,14.179226,sharp:0234,2026-08-04T21:00:02.179226+00:00,0,0.5327868852459016,0,0,1,false,sharp:0233,899.67557,sharp:0235,2699.784904,,,rn1:0056,94200.820774,true,2026-08-04T18:49:41+00:00,7821.179226,0.5400000736,0x70924fc99bf34bd1ef4c847544f9d79d68461450ae378fc1d7cfe2530ea3fa4c,false,false,false,false,-0.0072131883540984,,,true,false,0,,,,,,,,,,,,,,,false,false,false,false,true,false,0,,,,,,,,,,,,,,,false,false,false,false,true,false,0,,,,,,,,,,,,,,,false,false,false,false,true,false,0,,,,,,,,,,,,,,,false,false,false,false
H2-v1-EVENT-M5,H2-v1,sharp:0235,sharp,235,1614992,0x71cc5dd0766e0306f331cb61a56419ca1aa24e65c9a5b3abdd79172aa1123a9e,mlb-cws-bos-2026-08-05,Boston Red Sox,Chicago White Sox,2026-08-05T23:11:00+00:00,2026-08-04T21:45:01.964130+00:00,91558.03587,true,0,,,,,,,,,,,,,,,,,,,,461,0.5327868852459016,0.5327868852459016,0,0,2026-08-04T21:00:02.179226+00:00,2699.784904,1,false,smarkets,smarkets,false,,,0.5327868852459016,5.96413,5.96413,sharp:0235,2026-08-04T21:45:01.964130+00:00,0,0.5327868852459016,0,0,1,false,sharp:0234,2699.784904,sharp:0236,900.84586,,,rn1:0056,91501.03587,true,2026-08-04T18:49:41+00:00,10520.96413,0.5400000736,0x70924fc99bf34bd1ef4c847544f9d79d68461450ae378fc1d7cfe2530ea3fa4c,false,false,false,false,-0.0072131883540984,,,true,false,0,,,,,,,,,,,,,,,false,false,false,false,true,false,0,,,,,,,,,,,,,,,false,false,false,false,true,false,0,,,,,,,,,,,,,,,false,false,false,false,true,true,1,2026-08-04T21:47:24+00:00,142.03587,0.55,0.0099999264,0x4b53c6c41ea60bedb551b8d8f55c2f997adec26c1454259f99afad6e2b20553b,2026-08-04T21:47:24+00:00,142.03587,157.96413,0.55,0.0099999264,0x4b53c6c41ea60bedb551b8d8f55c2f997adec26c1454259f99afad6e2b20553b,0.55,0.55,0,false,false,false,false
H2-v1-EVENT-M5,H2-v1,sharp:0236,sharp,236,1614992,0x71cc5dd0766e0306f331cb61a56419ca1aa24e65c9a5b3abdd79172aa1123a9e,mlb-cws-bos-2026-08-05,Boston Red Sox,Chicago White Sox,2026-08-05T23:11:00+00:00,2026-08-04T22:00:02.809990+00:00,90657.19001,true,0,,,,,,,,,,,,,,,,,,,,463,0.5327868852459016,0.5327868852459016,0,0,2026-08-04T21:45:01.964130+00:00,900.84586,1,false,smarkets,smarkets,false,,,0.5327868852459016,10.80999,10.80999,sharp:0236,2026-08-04T22:00:02.809990+00:00,0,0.5327868852459016,0,0,1,false,sharp:0235,900.84586,sharp:0237,2698.89965,,,rn1:0056,90600.19001,true,2026-08-04T21:47:24+00:00,758.80999,0.55,0x4b53c6c41ea60bedb551b8d8f55c2f997adec26c1454259f99afad6e2b20553b,false,false,false,false,-0.0172131147540984,,,true,false,0,,,,,,,,,,,,,,,false,false,false,false,true,false,0,,,,,,,,,,,,,,,false,false,false,false,true,false,0,,,,,,,,,,,,,,,false,false,false,false,true,false,0,,,,,,,,,,,,,,,false,false,false,false
H2-v1-EVENT-M5,H2-v1,sharp:0237,sharp,237,1614992,0x71cc5dd0766e0306f331cb61a56419ca1aa24e65c9a5b3abdd79172aa1123a9e,mlb-cws-bos-2026-08-05,Boston Red Sox,Chicago White Sox,2026-08-05T23:11:00+00:00,2026-08-04T22:45:01.709640+00:00,87958.29036,true,0,,,,,,,,,,,,,,,,,,,,467,0.5327868852459016,0.5327868852459016,0,0,2026-08-04T22:00:02.809990+00:00,2698.89965,1,false,smarkets,smarkets,false,,,0.5327868852459016,11.70964,11.70964,sharp:0237,2026-08-04T22:45:01.709640+00:00,0,0.5327868852459016,0,0,1,false,sharp:0236,2698.89965,sharp:0238,900.345729,,,rn1:0056,87901.29036,true,2026-08-04T21:47:24+00:00,3457.70964,0.55,0x4b53c6c41ea60bedb551b8d8f55c2f997adec26c1454259f99afad6e2b20553b,false,false,false,false,-0.0172131147540984,,,true,false,0,,,,,,,,,,,,,,,false,false,false,false,true,false,0,,,,,,,,,,,,,,,false,false,false,false,true,false,0,,,,,,,,,,,,,,,false,false,false,false,true,false,0,,,,,,,,,,,,,,,false,false,false,false
H2-v1-EVENT-M5,H2-v1,sharp:0238,sharp,238,1614992,0x71cc5dd0766e0306f331cb61a56419ca1aa24e65c9a5b3abdd79172aa1123a9e,mlb-cws-bos-2026-08-05,Boston Red Sox,Chicago White Sox,2026-08-05T23:11:00+00:00,2026-08-04T23:00:02.055369+00:00,87057.944631,true,-1,,,,,,,,,,,,,,,,,,,,469,0.5287671232876712,0.5327868852459016,-0.0040197619582304,-1,2026-08-04T22:45:01.709640+00:00,900.345729,1,false,smarkets,smarkets,false,,,0.5287671232876712,4.055369,4.055369,sharp:0238,2026-08-04T23:00:02.055369+00:00,0,0.5287671232876712,-0.0040197619582304,-1,1,false,sharp:0237,900.345729,sharp:0239,20699.861933,,,rn1:0056,87000.944631,true,2026-08-04T22:50:27+00:00,575.055369,0.53,0x4f9578fabf43d48567d17c921137e62390fdb1f574f4f2bde2ae787dbc7a6aa1,false,false,false,true,-0.0012328767123288,,,true,false,0,,,,,,,,,,,,,,,false,false,false,false,true,false,0,,,,,,,,,,,,,,,false,false,false,false,true,false,0,,,,,,,,,,,,,,,false,false,false,false,true,false,0,,,,,,,,,,,,,,,false,false,false,false
H2-v1-EVENT-M5,H2-v1,sharp:0239,sharp,239,1614992,0x71cc5dd0766e0306f331cb61a56419ca1aa24e65c9a5b3abdd79172aa1123a9e,mlb-cws-bos-2026-08-05,Boston Red Sox,Chicago White Sox,2026-08-05T23:11:00+00:00,2026-08-05T04:45:01.917302+00:00,66358.082698,true,-1,,,,,,,,,,,,,,,,,,,,502,0.5256829455739538,0.5287671232876712,-0.0030841777137174,-1,2026-08-04T23:00:02.055369+00:00,20699.861933,2,true,matchbook+smarkets,smarkets,true,,0.5282051282051282,0.5231607629427794,13.917302,23.917302,sharp:0239,2026-08-05T04:45:01.917302+00:00,0,0.5256829455739538,-0.0030841777137174,-1,2,true,sharp:0238,20699.861933,sharp:0240,47711.633981,,,rn1:0056,66301.082698,true,2026-08-05T04:39:56+00:00,305.917302,0.5320823741,0x7f42de8888e7861e62f3b38cf5a7de01c4212f7fdb2c3aa22d45bb494fe9db24,false,false,false,true,-0.0063994285260462,,,true,false,0,,,,,,,,,,,,,,,false,false,false,false,true,false,0,,,,,,,,,,,,,,,false,false,false,false,true,false,0,,,,,,,,,,,,,,,false,false,false,false,true,false,0,,,,,,,,,,,,,,,false,false,false,false
H2-v1-EVENT-M5,H2-v1,sharp:0240,sharp,240,1614992,0x71cc5dd0766e0306f331cb61a56419ca1aa24e65c9a5b3abdd79172aa1123a9e,mlb-cws-bos-2026-08-05,Boston Red Sox,Chicago White Sox,2026-08-05T23:11:00+00:00,2026-08-05T18:00:13.551283+00:00,18646.448717,true,1,,,,,,,,,,,,,,,,,,,,556,0.55,0.5256829455739538,0.0243170544260462,1,2026-08-05T04:45:01.917302+00:00,47711.633981,3,true,betfair+matchbook+smarkets,matchbook+smarkets,true,0.55,0.5522388059701492,0.5491183879093199,11.051283,22.551283,sharp:0240,2026-08-05T18:00:13.551283+00:00,0,0.55,0.0243170544260462,1,3,true,sharp:0239,47711.633981,sharp:0241,2688.434843,,,rn1:0056,18589.448717,true,2026-08-05T17:55:06+00:00,307.551283,0.5400000184,0xd9a4ad5e5bd85b9190547823448f018907a88a4c1c3f3238d5d099f7c96339d1,false,false,false,true,0.0099999816,,,true,false,0,,,,,,,,,,,,,,,false,false,false,false,true,false,0,,,,,,,,,,,,,,,false,false,false,false,true,false,0,,,,,,,,,,,,,,,false,false,false,false,true,false,0,,,,,,,,,,,,,,,false,false,false,false
H2-v1-EVENT-M5,H2-v1,sharp:0241,sharp,241,1614992,0x71cc5dd0766e0306f331cb61a56419ca1aa24e65c9a5b3abdd79172aa1123a9e,mlb-cws-bos-2026-08-05,Boston Red Sox,Chicago White Sox,2026-08-05T23:11:00+00:00,2026-08-05T18:45:01.986126+00:00,15958.013874,true,0,,,,,,,,,,,,,,,,,,,,560,0.55,0.55,0,0,2026-08-05T18:00:13.551283+00:00,2688.434843,3,true,betfair+matchbook+smarkets,betfair+matchbook+smarkets,false,0.55,0.5522388059701492,0.5491183879093199,4.986126,5.986126,sharp:0241,2026-08-05T18:45:01.986126+00:00,0,0.55,0,0,3,false,sharp:0240,2688.434843,sharp:0242,900.370858,,,rn1:0056,15901.013874,true,2026-08-05T18:40:03+00:00,298.986126,0.5499999928,0x30fca0eb3def1836dbf08f582c6424fc1b5fd820756929c4dff0e5bca5ef92a1,false,false,true,true,0.0000000072,,,true,false,0,,,,,,,,,,,,,,,false,false,false,false,true,false,0,,,,,,,,,,,,,,,false,false,false,false,true,false,0,,,,,,,,,,,,,,,false,false,false,false,true,true,1,2026-08-05T18:49:14+00:00,252.013874,0.5400000134,-0.0099999794,0x92cfeca868b7b76d6b33c3c1ddc4d23d1de5d266dcd038511b4d3ac3281bab98,2026-08-05T18:49:14+00:00,252.013874,47.986126,0.5400000134,-0.0099999794,0x92cfeca868b7b76d6b33c3c1ddc4d23d1de5d266dcd038511b4d3ac3281bab98,0.5400000134,0.5400000134,0,false,false,false,true
H2-v1-EVENT-M5,H2-v1,sharp:0242,sharp,242,1614992,0x71cc5dd0766e0306f331cb61a56419ca1aa24e65c9a5b3abdd79172aa1123a9e,mlb-cws-bos-2026-08-05,Boston Red Sox,Chicago White Sox,2026-08-05T23:11:00+00:00,2026-08-05T19:00:02.356984+00:00,15057.643016,true,1,,,,,,,,,,,,,,,,,,,,562,0.5511194029850746,0.55,0.0011194029850746,1,2026-08-05T18:45:01.986126+00:00,900.370858,3,true,betfair+matchbook+smarkets,betfair+matchbook+smarkets,false,0.5511194029850746,0.5522388059701492,0.5491183879093199,14.856984,20.356984,sharp:0242,2026-08-05T19:00:02.356984+00:00,0,0.5511194029850746,0.0011194029850746,1,3,false,sharp:0241,900.370858,sharp:0243,2699.99338,,,rn1:0056,15000.643016,true,2026-08-05T18:54:50+00:00,312.356984,0.5499999998,0xcc05a52c80e8e2076c0e82a1b4a6d7ddf8c9af764ea0351c456ad207f998bed4,false,false,false,true,0.0011194031850746,,,true,false,0,,,,,,,,,,,,,,,false,false,false,false,true,false,0,,,,,,,,,,,,,,,false,false,false,false,true,false,0,,,,,,,,,,,,,,,false,false,false,false,true,true,1,2026-08-05T19:01:47+00:00,104.643016,0.55,0.0000000002,0x12e6a86d9752233df8a3a0649aa3bf115e6c5cd918f3d67597d5020bfa23a8ac,2026-08-05T19:01:47+00:00,104.643016,195.356984,0.55,0.0000000002,0x12e6a86d9752233df8a3a0649aa3bf115e6c5cd918f3d67597d5020bfa23a8ac,0.55,0.55,0,false,false,false,false
H2-v1-EVENT-M5,H2-v1,sharp:0243,sharp,243,1614992,0x71cc5dd0766e0306f331cb61a56419ca1aa24e65c9a5b3abdd79172aa1123a9e,mlb-cws-bos-2026-08-05,Boston Red Sox,Chicago White Sox,2026-08-05T23:11:00+00:00,2026-08-05T19:45:02.350364+00:00,12357.649636,true,1,,,,,,,,,,,,,,,,,,,,566,0.5522388059701492,0.5511194029850746,0.0011194029850746,1,2026-08-05T19:00:02.356984+00:00,2699.99338,3,true,betfair+matchbook+smarkets,betfair+matchbook+smarkets,false,0.5522388059701492,0.5522388059701492,0.5491183879093199,14.350364,19.350364,sharp:0243,2026-08-05T19:45:02.350364+00:00,0,0.5522388059701492,0.0011194029850746,1,3,false,sharp:0242,2699.99338,sharp:0244,900.423629,,,rn1:0056,12300.649636,true,2026-08-05T19:43:39+00:00,83.350364,0.55,0xb4d87509cf86048472bdc00a29334ec7424b5b8bd61e3d7ef82ceb163c945e83,false,false,true,true,0.0022388059701492,,,true,false,0,,,,,,,,,,,,,,,false,false,false,false,true,false,0,,,,,,,,,,,,,,,false,false,false,false,true,false,0,,,,,,,,,,,,,,,false,false,false,false,true,true,8,2026-08-05T19:47:11+00:00,128.649636,0.55,0,0x70702a66cc66eb70f3006239cf2fab266cf8d86ef6e84b9f270e96320ad85f73,2026-08-05T19:48:44+00:00,221.649636,78.350364,0.55,0,0x5eb91262e71ce2d43093ee17c4d1f3dc2399365b23b3500d31d5c6aa76521403,0.54,0.55,0.01,false,false,false,false
H2-v1-EVENT-M5,H2-v1,sharp:0244,sharp,244,1614992,0x71cc5dd0766e0306f331cb61a56419ca1aa24e65c9a5b3abdd79172aa1123a9e,mlb-cws-bos-2026-08-05,Boston Red Sox,Chicago White Sox,2026-08-05T23:11:00+00:00,2026-08-05T20:00:02.773993+00:00,11457.226007,true,1,,,,,,,,,,,,,,,,,,,,568,0.5547236128042178,0.5522388059701492,0.0024848068340686,1,2026-08-05T19:45:02.350364+00:00,900.423629,3,true,betfair+matchbook+smarkets,betfair+matchbook+smarkets,false,0.5547236128042178,0.5558312655086849,0.5527638190954773,10.773993,11.773993,sharp:0244,2026-08-05T20:00:02.773993+00:00,0,0.5547236128042178,0.0024848068340686,1,3,false,sharp:0243,900.423629,sharp:0245,9899.950899,,,rn1:0056,11400.226007,true,2026-08-05T19:59:48+00:00,14.773993,0.5499999985,0xb64d7aebfd445eceab44f3f15f5dc34134649ff6209c3ee605b0b11051629cb9,true,true,true,true,0.0047236143042178,,,true,false,0,,,,,,,,,,,,,,,false,false,false,false,true,false,0,,,,,,,,,,,,,,,false,false,false,false,true,true,2,2026-08-05T20:00:57+00:00,54.226007,0.55,0.0000000015,0x35af285be75e50e0f522745675ab1f9b7a2a704eab6e6973fad48c7d7a22733b,2026-08-05T20:00:57+00:00,54.226007,5.773993,0.55,0.0000000015,0xaa65139fd6df4b420e221abdb75832945a8ca4f5539488d5741f67720c5d18d3,0.55,0.55,0,false,true,true,true,true,true,9,2026-08-05T20:00:57+00:00,54.226007,0.55,0.0000000015,0x35af285be75e50e0f522745675ab1f9b7a2a704eab6e6973fad48c7d7a22733b,2026-08-05T20:04:02+00:00,239.226007,60.773993,0.55,0.0000000015,0x04a725b985ad5c53c82722b59f63e870b768d8a9e758c7d624648bbdcbc110de,0.5499999988,0.55,0.0000000012,false,false,false,false
H2-v1-EVENT-M5,H2-v1,sharp:0245,sharp,245,1614992,0x71cc5dd0766e0306f331cb61a56419ca1aa24e65c9a5b3abdd79172aa1123a9e,mlb-cws-bos-2026-08-05,Boston Red Sox,Chicago White Sox,2026-08-05T23:11:00+00:00,2026-08-05T22:45:02.724892+00:00,1557.275108,true,1,,,,,,,,,,,,,,,,,,,,657,0.5714285714285714,0.5547236128042178,0.0167049586243536,1,2026-08-05T20:00:02.773993+00:00,9899.950899,3,true,betfair+matchbook+smarkets,betfair+matchbook+smarkets,false,0.5714285714285714,0.5714285714285714,0.57,6.724892,15.724892,sharp:0245,2026-08-05T22:45:02.724892+00:00,0,0.5714285714285714,0.0167049586243536,1,3,false,sharp:0244,9899.950899,sharp:0246,899.893303,,,rn1:0056,1500.275108,true,2026-08-05T22:44:36+00:00,26.724892,0.5699999966,0x30d25d960145b78731c9d0b9ff77b2b4ec1020cd512f7e38c6d0a65947b2c459,true,true,true,true,0.0014285748285714,,,true,false,0,,,,,,,,,,,,,,,false,false,false,false,true,false,0,,,,,,,,,,,,,,,false,false,false,false,true,false,0,,,,,,,,,,,,,,,false,false,false,false,true,true,9,2026-08-05T22:46:06+00:00,63.275108,0.5699999952,-0.0000000014,0x239cebf289e0ff3c3ee94e7bb13d3b3b287b65e274639b386f2d7bc9c7a1eb6f,2026-08-05T22:49:45+00:00,282.275108,17.724892,0.5699998233,-0.0000001733,0xad94263d6ed28e051eb1a77e02ee83576aff814a73d77bdc80925eee44e1b481,0.5600000293,0.57,0.0099999707,false,false,true,true
H2-v1-EVENT-M5,H2-v1,sharp:0246,sharp,246,1614992,0x71cc5dd0766e0306f331cb61a56419ca1aa24e65c9a5b3abdd79172aa1123a9e,mlb-cws-bos-2026-08-05,Boston Red Sox,Chicago White Sox,2026-08-05T23:11:00+00:00,2026-08-05T23:00:02.618195+00:00,657.381805,true,1,,,,,,,,,,,,,,,,,,,,674,0.5749385749385749,0.5714285714285714,0.0035100035100035,1,2026-08-05T22:45:02.724892+00:00,899.893303,3,true,betfair+matchbook+smarkets,betfair+matchbook+smarkets,false,0.5749385749385749,0.5735294117647058,0.575,8.118195,19.618195,sharp:0246,2026-08-05T23:00:02.618195+00:00,0,0.5749385749385749,0.0035100035100035,1,3,false,sharp:0245,899.893303,,,,,rn1:0056,600.381805,true,2026-08-05T22:59:56+00:00,6.618195,0.5700000037,0x12b7f1ec732176b16cb54bf85b837f8d38f349406720b5d4f231f654cd22e1d0,true,true,true,true,0.0049385712385749,,,true,true,2,2026-08-05T23:00:11+00:00,8.381805,0.58,0.0099999963,0x1d8c21fc306d1b1b3d67474245eb0077c495c79b1957fd25fd559928e7dec188,2026-08-05T23:00:11+00:00,8.381805,1.618195,0.57,-0.0000000037,0x6c6afecf24d365ca19d0c73cad2700a74ad7d4857d193f0392ba7cea32ae05aa,0.57,0.58,0.01,true,true,true,true,true,true,3,2026-08-05T23:00:11+00:00,8.381805,0.58,0.0099999963,0x1d8c21fc306d1b1b3d67474245eb0077c495c79b1957fd25fd559928e7dec188,2026-08-05T23:00:27+00:00,24.381805,5.618195,0.5799999983,0.0099999946,0x3b525f1571cc4ae0d54c5c0c20aa21b3ce259bdc6c33aa7b8405c2cabdabaef3,0.57,0.58,0.01,false,true,true,true,true,true,6,2026-08-05T23:00:11+00:00,8.381805,0.58,0.0099999963,0x1d8c21fc306d1b1b3d67474245eb0077c495c79b1957fd25fd559928e7dec188,2026-08-05T23:00:57+00:00,54.381805,5.618195,0.58,0.0099999963,0x8809352306ac8c27d4fe689b335ebf57296c56d215595f005aed0552ee113ecb,0.57,0.58,0.01,false,true,true,true,true,true,14,2026-08-05T23:00:11+00:00,8.381805,0.58,0.0099999963,0x1d8c21fc306d1b1b3d67474245eb0077c495c79b1957fd25fd559928e7dec188,2026-08-05T23:04:27+00:00,264.381805,35.618195,0.5799999993,0.0099999956,0xacfee0699406091d7910fd16bbc10b8b8fc13c560c4085a35e34bbe7ab699eb8,0.57,0.58,0.01,false,false,false,true
H2-v1-EVENT-M5,H2-v1,rn1:0056,rn1,56,1614992,0x71cc5dd0766e0306f331cb61a56419ca1aa24e65c9a5b3abdd79172aa1123a9e,mlb-cws-bos-2026-08-05,Boston Red Sox,Chicago White Sox,2026-08-05T23:11:00+00:00,2026-08-05T23:10:03+00:00,57,true,-1,3229938,Chicago White Sox,away,BUY,0.42,0.58,1990,835.8,-1990,-835.8,0xc1b3850a426d9528b2938cb7b5172453992976cb8c9de4104f50fda4f48e5cdb,66366205de78470ab722541a7ad1eafbc3e9cd0c90d396332d9d435b88fca114,1614992:2026-08-05T23:10:03+00:00,1,1,-1990,-835.8,-1,1,,,,,,,,,,,,,,,,,,sharp:0246,2026-08-05T23:00:02.618195+00:00,600.381805,0.5749385749385749,0.0035100035100035,1,3,false,sharp:0246,600.381805,,,,,,,true,2026-08-05T23:09:54+00:00,9,0.58,0xbcdec7dc5bd127ae5cded0d8bbbc9c317b8eb02943ff9d718fdbc959a7a6de97,true,true,true,true,-0.0050614250614251,0,false,true,true,2,2026-08-05T23:10:06+00:00,3,0.59,0.01,0x0a94a97d782d5038cea81cf4a6dc52c9220d189d756404c3799005ed9b07e128,2026-08-05T23:10:08+00:00,5,5,0.5800001066,0.0000001066,0x7ce1d5b557032a83bbca56a2643af5a1c01dff2d3cacb857e1b0937b542cfe24,0.5800001066,0.59,0.0099998934,true,true,true,true,true,true,6,2026-08-05T23:10:06+00:00,3,0.59,0.01,0x0a94a97d782d5038cea81cf4a6dc52c9220d189d756404c3799005ed9b07e128,2026-08-05T23:10:27+00:00,24,6,0.5800000546,0.0000000546,0x635baeb9d86a84779252a22097efde8d859abe36f4bfa01fcd43c88134a9c7e4,0.5800000168,0.59,0.0099999832,false,true,true,true,false,false,0,,,,,,,,,,,,,,,false,false,false,false,false,false,0,,,,,,,,,,,,,,,false,false,false,false
H2-v1-EVENT-M5,H2-v1,sharp:0247,sharp,247,1614991,0x10a3732cba02a69e466314f3a114684571613c1b4f36c3f3b7e9681ef5e87196,mlb-mia-atl-2026-08-05,Atlanta Braves,Miami Marlins,2026-08-05T23:16:00+00:00,2026-08-04T18:45:02.244229+00:00,102657.755771,false,,,,,,,,,,,,,,,,,,,,,443,0.5342465753424658,,,,,,1,false,smarkets,,,,,0.5342465753424658,18.244229,18.244229,sharp:0247,2026-08-04T18:45:02.244229+00:00,0,0.5342465753424658,,,1,,,,sharp:0248,900.187795,,,rn1:0057,102606.755771,true,2026-08-04T03:41:51+00:00,54191.244229,0.5457392571,0x0515ede0ffdbfa46b899370a096f3f713607794e53193ef882961467e661552d,false,false,false,false,-0.0114926817575342,,,true,false,0,,,,,,,,,,,,,,,false,false,false,false,true,false,0,,,,,,,,,,,,,,,false,false,false,false,true,false,0,,,,,,,,,,,,,,,false,false,false,false,true,false,0,,,,,,,,,,,,,,,false,false,false,false
H2-v1-EVENT-M5,H2-v1,sharp:0248,sharp,248,1614991,0x10a3732cba02a69e466314f3a114684571613c1b4f36c3f3b7e9681ef5e87196,mlb-mia-atl-2026-08-05,Atlanta Braves,Miami Marlins,2026-08-05T23:16:00+00:00,2026-08-04T19:00:02.432024+00:00,101757.567976,true,0,,,,,,,,,,,,,,,,,,,,445,0.5342465753424658,0.5342465753424658,0,0,2026-08-04T18:45:02.244229+00:00,900.187795,1,false,smarkets,smarkets,false,,,0.5342465753424658,3.432024,3.432024,sharp:0248,2026-08-04T19:00:02.432024+00:00,0,0.5342465753424658,0,0,1,false,sharp:0247,900.187795,sharp:0249,2699.509084,,,rn1:0057,101706.567976,true,2026-08-04T03:41:51+00:00,55091.432024,0.5457392571,0x0515ede0ffdbfa46b899370a096f3f713607794e53193ef882961467e661552d,false,false,false,false,-0.0114926817575342,,,true,false,0,,,,,,,,,,,,,,,false,false,false,false,true,false,0,,,,,,,,,,,,,,,false,false,false,false,true,false,0,,,,,,,,,,,,,,,false,false,false,false,true,false,0,,,,,,,,,,,,,,,false,false,false,false
H2-v1-EVENT-M5,H2-v1,sharp:0249,sharp,249,1614991,0x10a3732cba02a69e466314f3a114684571613c1b4f36c3f3b7e9681ef5e87196,mlb-mia-atl-2026-08-05,Atlanta Braves,Miami Marlins,2026-08-05T23:16:00+00:00,2026-08-04T19:45:01.941108+00:00,99058.058892,true,0,,,,,,,,,,,,,,,,,,,,449,0.5342465753424658,0.5342465753424658,0,0,2026-08-04T19:00:02.432024+00:00,2699.509084,1,false,smarkets,smarkets,false,,,0.5342465753424658,9.941108,9.941108,sharp:0249,2026-08-04T19:45:01.941108+00:00,0,0.5342465753424658,0,0,1,false,sharp:0248,2699.509084,sharp:0250,900.446254,,,rn1:0057,99007.058892,true,2026-08-04T03:41:51+00:00,57790.941108,0.5457392571,0x0515ede0ffdbfa46b899370a096f3f713607794e53193ef882961467e661552d,false,false,false,false,-0.0114926817575342,,,true,false,0,,,,,,,,,,,,,,,false,false,false,false,true,false,0,,,,,,,,,,,,,,,false,false,false,false,true,false,0,,,,,,,,,,,,,,,false,false,false,false,true,false,0,,,,,,,,,,,,,,,false,false,false,false
H2-v1-EVENT-M5,H2-v1,sharp:0250,sharp,250,1614991,0x10a3732cba02a69e466314f3a114684571613c1b4f36c3f3b7e9681ef5e87196,mlb-mia-atl-2026-08-05,Atlanta Braves,Miami Marlins,2026-08-05T23:16:00+00:00,2026-08-04T20:00:02.387362+00:00,98157.612638,true,0,,,,,,,,,,,,,,,,,,,,451,0.5342465753424658,0.5342465753424658,0,0,2026-08-04T19:45:01.941108+00:00,900.446254,1,false,smarkets,smarkets,false,,,0.5342465753424658,22.387362,22.387362,sharp:0250,2026-08-04T20:00:02.387362+00:00,0,0.5342465753424658,0,0,1,false,sharp:0249,900.446254,sharp:0251,2700.116294,,,rn1:0057,98106.612638,true,2026-08-04T03:41:51+00:00,58691.387362,0.5457392571,0x0515ede0ffdbfa46b899370a096f3f713607794e53193ef882961467e661552d,false,false,false,false,-0.0114926817575342,,,true,false,0,,,,,,,,,,,,,,,false,false,false,false,true,false,0,,,,,,,,,,,,,,,false,false,false,false,true,false,0,,,,,,,,,,,,,,,false,false,false,false,true,false,0,,,,,,,,,,,,,,,false,false,false,false
H2-v1-EVENT-M5,H2-v1,sharp:0251,sharp,251,1614991,0x10a3732cba02a69e466314f3a114684571613c1b4f36c3f3b7e9681ef5e87196,mlb-mia-atl-2026-08-05,Atlanta Braves,Miami Marlins,2026-08-05T23:16:00+00:00,2026-08-04T20:45:02.503656+00:00,95457.496344,true,1,,,,,,,,,,,,,,,,,,,,455,0.5382513661202185,0.5342465753424658,0.0040047907777527,1,2026-08-04T20:00:02.387362+00:00,2700.116294,1,false,smarkets,smarkets,false,,,0.5382513661202185,17.503656,17.503656,sharp:0251,2026-08-04T20:45:02.503656+00:00,0,0.5382513661202185,0.0040047907777527,1,1,false,sharp:0250,2700.116294,sharp:0252,899.67557,,,rn1:0057,95406.496344,true,2026-08-04T03:41:51+00:00,61391.503656,0.5457392571,0x0515ede0ffdbfa46b899370a096f3f713607794e53193ef882961467e661552d,false,false,false,false,-0.0074878909797815,,,true,false,0,,,,,,,,,,,,,,,false,false,false,false,true,false,0,,,,,,,,,,,,,,,false,false,false,false,true,false,0,,,,,,,,,,,,,,,false,false,false,false,true,true,1,2026-08-04T20:49:02+00:00,239.496344,0.5599999776,0.0142607205,0x7398abdc710f988838dfcca655cd96e4a6024816dd5721c42551e90dd13db1c2,2026-08-04T20:49:02+00:00,239.496344,60.503656,0.5599999776,0.0142607205,0x7398abdc710f988838dfcca655cd96e4a6024816dd5721c42551e90dd13db1c2,0.5599999776,0.5599999776,0,false,false,false,false
H2-v1-EVENT-M5,H2-v1,sharp:0252,sharp,252,1614991,0x10a3732cba02a69e466314f3a114684571613c1b4f36c3f3b7e9681ef5e87196,mlb-mia-atl-2026-08-05,Atlanta Braves,Miami Marlins,2026-08-05T23:16:00+00:00,2026-08-04T21:00:02.179226+00:00,94557.820774,true,0,,,,,,,,,,,,,,,,,,,,457,0.5382513661202185,0.5382513661202185,0,0,2026-08-04T20:45:02.503656+00:00,899.67557,1,false,smarkets,smarkets,false,,,0.5382513661202185,14.179226,14.179226,sharp:0252,2026-08-04T21:00:02.179226+00:00,0,0.5382513661202185,0,0,1,false,sharp:0251,899.67557,sharp:0253,2699.784904,,,rn1:0057,94506.820774,true,2026-08-04T20:49:02+00:00,660.179226,0.5599999776,0x7398abdc710f988838dfcca655cd96e4a6024816dd5721c42551e90dd13db1c2,false,false,false,false,-0.0217486114797815,,,true,false,0,,,,,,,,,,,,,,,false,false,false,false,true,false,0,,,,,,,,,,,,,,,false,false,false,false,true,false,0,,,,,,,,,,,,,,,false,false,false,false,true,false,0,,,,,,,,,,,,,,,false,false,false,false
H2-v1-EVENT-M5,H2-v1,sharp:0253,sharp,253,1614991,0x10a3732cba02a69e466314f3a114684571613c1b4f36c3f3b7e9681ef5e87196,mlb-mia-atl-2026-08-05,Atlanta Braves,Miami Marlins,2026-08-05T23:16:00+00:00,2026-08-04T21:45:01.964130+00:00,91858.03587,true,0,,,,,,,,,,,,,,,,,,,,461,0.5382513661202185,0.5382513661202185,0,0,2026-08-04T21:00:02.179226+00:00,2699.784904,1,false,smarkets,smarkets,false,,,0.5382513661202185,5.96413,5.96413,sharp:0253,2026-08-04T21:45:01.964130+00:00,0,0.5382513661202185,0,0,1,false,sharp:0252,2699.784904,sharp:0254,900.84586,,,rn1:0057,91807.03587,true,2026-08-04T20:49:02+00:00,3359.96413,0.5599999776,0x7398abdc710f988838dfcca655cd96e4a6024816dd5721c42551e90dd13db1c2,false,false,false,false,-0.0217486114797815,,,true,false,0,,,,,,,,,,,,,,,false,false,false,false,true,false,0,,,,,,,,,,,,,,,false,false,false,false,true,false,0,,,,,,,,,,,,,,,false,false,false,false,true,false,0,,,,,,,,,,,,,,,false,false,false,false
H2-v1-EVENT-M5,H2-v1,sharp:0254,sharp,254,1614991,0x10a3732cba02a69e466314f3a114684571613c1b4f36c3f3b7e9681ef5e87196,mlb-mia-atl-2026-08-05,Atlanta Braves,Miami Marlins,2026-08-05T23:16:00+00:00,2026-08-04T22:00:02.809990+00:00,90957.19001,true,0,,,,,,,,,,,,,,,,,,,,463,0.5382513661202185,0.5382513661202185,0,0,2026-08-04T21:45:01.964130+00:00,900.84586,1,false,smarkets,smarkets,false,,,0.5382513661202185,10.80999,10.80999,sharp:0254,2026-08-04T22:00:02.809990+00:00,0,0.5382513661202185,0,0,1,false,sharp:0253,900.84586,sharp:0255,2698.89965,,,rn1:0057,90906.19001,true,2026-08-04T20:49:02+00:00,4260.80999,0.5599999776,0x7398abdc710f988838dfcca655cd96e4a6024816dd5721c42551e90dd13db1c2,false,false,false,false,-0.0217486114797815,,,true,false,0,,,,,,,,,,,,,,,false,false,false,false,true,false,0,,,,,,,,,,,,,,,false,false,false,false,true,false,0,,,,,,,,,,,,,,,false,false,false,false,true,false,0,,,,,,,,,,,,,,,false,false,false,false
H2-v1-EVENT-M5,H2-v1,sharp:0255,sharp,255,1614991,0x10a3732cba02a69e466314f3a114684571613c1b4f36c3f3b7e9681ef5e87196,mlb-mia-atl-2026-08-05,Atlanta Braves,Miami Marlins,2026-08-05T23:16:00+00:00,2026-08-04T22:45:01.709640+00:00,88258.29036,true,0,,,,,,,,,,,,,,,,,,,,467,0.5382513661202185,0.5382513661202185,0,0,2026-08-04T22:00:02.809990+00:00,2698.89965,1,false,smarkets,smarkets,false,,,0.5382513661202185,11.70964,11.70964,sharp:0255,2026-08-04T22:45:01.709640+00:00,0,0.5382513661202185,0,0,1,false,sharp:0254,2698.89965,sharp:0256,900.345729,,,rn1:0057,88207.29036,true,2026-08-04T20:49:02+00:00,6959.70964,0.5599999776,0x7398abdc710f988838dfcca655cd96e4a6024816dd5721c42551e90dd13db1c2,false,false,false,false,-0.0217486114797815,,,true,false,0,,,,,,,,,,,,,,,false,false,false,false,true,false,0,,,,,,,,,,,,,,,false,false,false,false,true,false,0,,,,,,,,,,,,,,,false,false,false,false,true,false,0,,,,,,,,,,,,,,,false,false,false,false
H2-v1-EVENT-M5,H2-v1,sharp:0256,sharp,256,1614991,0x10a3732cba02a69e466314f3a114684571613c1b4f36c3f3b7e9681ef5e87196,mlb-mia-atl-2026-08-05,Atlanta Braves,Miami Marlins,2026-08-05T23:16:00+00:00,2026-08-04T23:00:02.055369+00:00,87357.944631,true,0,,,,,,,,,,,,,,,,,,,,469,0.5382513661202185,0.5382513661202185,0,0,2026-08-04T22:45:01.709640+00:00,900.345729,1,false,smarkets,smarkets,false,,,0.5382513661202185,4.055369,4.055369,sharp:0256,2026-08-04T23:00:02.055369+00:00,0,0.5382513661202185,0,0,1,false,sharp:0255,900.345729,sharp:0257,20699.861933,,,rn1:0057,87306.944631,true,2026-08-04T20:49:02+00:00,7860.055369,0.5599999776,0x7398abdc710f988838dfcca655cd96e4a6024816dd5721c42551e90dd13db1c2,false,false,false,false,-0.0217486114797815,,,true,false,0,,,,,,,,,,,,,,,false,false,false,false,true,false,0,,,,,,,,,,,,,,,false,false,false,false,true,false,0,,,,,,,,,,,,,,,false,false,false,false,true,false,0,,,,,,,,,,,,,,,false,false,false,false
H2-v1-EVENT-M5,H2-v1,sharp:0257,sharp,257,1614991,0x10a3732cba02a69e466314f3a114684571613c1b4f36c3f3b7e9681ef5e87196,mlb-mia-atl-2026-08-05,Atlanta Braves,Miami Marlins,2026-08-05T23:16:00+00:00,2026-08-05T04:45:01.917302+00:00,66658.082698,true,1,,,,,,,,,,,,,,,,,,,,502,0.53933316690244375,0.5382513661202185,0.00108180078222525,1,2026-08-04T23:00:02.055369+00:00,20699.861933,2,true,matchbook+smarkets,smarkets,true,,0.5431472081218274,0.5355191256830601,13.917302,23.917302,sharp:0257,2026-08-05T04:45:01.917302+00:00,0,0.53933316690244375,0.00108180078222525,1,2,true,sharp:0256,20699.861933,sharp:0258,47711.633981,,,rn1:0057,66607.082698,true,2026-08-05T02:44:23+00:00,7238.917302,0.5364,0x89e3429782910b7e0220de1a67154f8843b50a6b6a39ddd5128ba43358ad185e,false,false,false,false,0.00293316690244375,,,true,false,0,,,,,,,,,,,,,,,false,false,false,false,true,false,0,,,,,,,,,,,,,,,false,false,false,false,true,false,0,,,,,,,,,,,,,,,false,false,false,false,true,false,0,,,,,,,,,,,,,,,false,false,false,false
H2-v1-EVENT-M5,H2-v1,sharp:0258,sharp,258,1614991,0x10a3732cba02a69e466314f3a114684571613c1b4f36c3f3b7e9681ef5e87196,mlb-mia-atl-2026-08-05,Atlanta Braves,Miami Marlins,2026-08-05T23:16:00+00:00,2026-08-05T18:00:13.551283+00:00,18946.448717,true,-1,,,,,,,,,,,,,,,,,,,,556,0.5363408521303258,0.53933316690244375,-0.00299231477211795,-1,2026-08-05T04:45:01.917302+00:00,47711.633981,3,true,betfair+matchbook+smarkets,matchbook+smarkets,true,0.5363408521303258,0.5349999999999999,0.5380710659898477,11.051283,22.551283,sharp:0258,2026-08-05T18:00:13.551283+00:00,0,0.5363408521303258,-0.00299231477211795,-1,3,true,sharp:0257,47711.633981,sharp:0259,2688.434843,,,rn1:0057,18895.448717,true,2026-08-05T17:51:15+00:00,538.551283,0.5399999654,0x250723b316c0e872a08831f5ffa7fe14851291cad4474959b728293216746ae5,false,false,false,true,-0.0036591132696742,,,true,false,0,,,,,,,,,,,,,,,false,false,false,false,true,false,0,,,,,,,,,,,,,,,false,false,false,false,true,false,0,,,,,,,,,,,,,,,false,false,false,false,true,false,0,,,,,,,,,,,,,,,false,false,false,false
H2-v1-EVENT-M5,H2-v1,sharp:0259,sharp,259,1614991,0x10a3732cba02a69e466314f3a114684571613c1b4f36c3f3b7e9681ef5e87196,mlb-mia-atl-2026-08-05,Atlanta Braves,Miami Marlins,2026-08-05T23:16:00+00:00,2026-08-05T18:45:01.986126+00:00,16258.013874,true,0,,,,,,,,,,,,,,,,,,,,560,0.5363408521303258,0.5363408521303258,0,0,2026-08-05T18:00:13.551283+00:00,2688.434843,3,true,betfair+matchbook+smarkets,betfair+matchbook+smarkets,false,0.5363408521303258,0.5349999999999999,0.5380710659898477,4.986126,5.986126,sharp:0259,2026-08-05T18:45:01.986126+00:00,0,0.5363408521303258,0,0,3,false,sharp:0258,2688.434843,sharp:0260,900.370858,,,rn1:0057,16207.013874,true,2026-08-05T18:38:33+00:00,388.986126,0.53,0x9852f9164a480b42a3f15b20540259c06fccc477f54dfb3ea90a215e93d57881,false,false,false,true,0.0063408521303258,,,true,false,0,,,,,,,,,,,,,,,false,false,false,false,true,true,1,2026-08-05T18:45:23+00:00,21.013874,0.53,0,0x4373adaa011bea188c86ca47806b4e26b681135f651e62110c76ccdb09ce1d7a,2026-08-05T18:45:23+00:00,21.013874,8.986126,0.53,0,0x4373adaa011bea188c86ca47806b4e26b681135f651e62110c76ccdb09ce1d7a,0.53,0.53,0,false,true,true,true,true,true,1,2026-08-05T18:45:23+00:00,21.013874,0.53,0,0x4373adaa011bea188c86ca47806b4e26b681135f651e62110c76ccdb09ce1d7a,2026-08-05T18:45:23+00:00,21.013874,38.986126,0.53,0,0x4373adaa011bea188c86ca47806b4e26b681135f651e62110c76ccdb09ce1d7a,0.53,0.53,0,false,false,false,true,true,true,2,2026-08-05T18:45:23+00:00,21.013874,0.53,0,0x4373adaa011bea188c86ca47806b4e26b681135f651e62110c76ccdb09ce1d7a,2026-08-05T18:46:20+00:00,78.013874,221.986126,0.5399999784,0.0099999784,0xb0d5893eda60a076ecb3dbcdc65d59ada1f07feb3df38f52eb2cdc175ad8b65e,0.53,0.5399999784,0.0099999784,false,false,false,false
H2-v1-EVENT-M5,H2-v1,sharp:0260,sharp,260,1614991,0x10a3732cba02a69e466314f3a114684571613c1b4f36c3f3b7e9681ef5e87196,mlb-mia-atl-2026-08-05,Atlanta Braves,Miami Marlins,2026-08-05T23:16:00+00:00,2026-08-05T19:00:02.356984+00:00,15357.643016,true,-1,,,,,,,,,,,,,,,,,,,,562,0.5349999999999999,0.5363408521303258,-0.0013408521303259,-1,2026-08-05T18:45:01.986126+00:00,900.370858,3,true,betfair+matchbook+smarkets,betfair+matchbook+smarkets,false,0.5363408521303258,0.5349999999999999,0.5343511450381679,14.856984,20.356984,sharp:0260,2026-08-05T19:00:02.356984+00:00,0,0.5349999999999999,-0.0013408521303259,-1,3,false,sharp:0259,900.370858,sharp:0261,2699.99338,,,rn1:0057,15306.643016,true,2026-08-05T18:59:36+00:00,26.356984,0.54,0x502c3029c91897feec4605abf10777f78d60fd5d4631f7772fd54b1f13f4d71e,true,true,true,true,-0.0050000000000001,,,true,false,0,,,,,,,,,,,,,,,false,false,false,false,true,false,0,,,,,,,,,,,,,,,false,false,false,false,true,false,0,,,,,,,,,,,,,,,false,false,false,false,true,false,0,,,,,,,,,,,,,,,false,false,false,false
H2-v1-EVENT-M5,H2-v1,sharp:0261,sharp,261,1614991,0x10a3732cba02a69e466314f3a114684571613c1b4f36c3f3b7e9681ef5e87196,mlb-mia-atl-2026-08-05,Atlanta Braves,Miami Marlins,2026-08-05T23:16:00+00:00,2026-08-05T19:45:02.350364+00:00,12657.649636,true,1,,,,,,,,,,,,,,,,,,,,566,0.5399999999999999,0.5349999999999999,0.005,1,2026-08-05T19:00:02.356984+00:00,2699.99338,3,true,betfair+matchbook+smarkets,betfair+matchbook+smarkets,false,0.5399999999999999,0.5399999999999999,0.5408163265306123,14.350364,19.350364,sharp:0261,2026-08-05T19:45:02.350364+00:00,0,0.5399999999999999,0.005,1,3,false,sharp:0260,2699.99338,sharp:0262,900.423629,,,rn1:0057,12606.649636,true,2026-08-05T19:36:30+00:00,512.350364,0.54,0x96cea1a36068e516076068c4f258a1028313f214c14290f97f6e7f77c3324d87,false,false,false,true,-0.0000000000000001,,,true,false,0,,,,,,,,,,,,,,,false,false,false,false,true,false,0,,,,,,,,,,,,,,,false,false,false,false,true,true,1,2026-08-05T19:45:54+00:00,51.649636,0.54,0,0xb6ff830ca8d8e94ff464cd4a6e6db4cc7fa29057a6c14e54614f56991c756dd7,2026-08-05T19:45:54+00:00,51.649636,8.350364,0.54,0,0xb6ff830ca8d8e94ff464cd4a6e6db4cc7fa29057a6c14e54614f56991c756dd7,0.54,0.54,0,false,true,true,true,true,true,1,2026-08-05T19:45:54+00:00,51.649636,0.54,0,0xb6ff830ca8d8e94ff464cd4a6e6db4cc7fa29057a6c14e54614f56991c756dd7,2026-08-05T19:45:54+00:00,51.649636,248.350364,0.54,0,0xb6ff830ca8d8e94ff464cd4a6e6db4cc7fa29057a6c14e54614f56991c756dd7,0.54,0.54,0,false,false,false,false
H2-v1-EVENT-M5,H2-v1,sharp:0262,sharp,262,1614991,0x10a3732cba02a69e466314f3a114684571613c1b4f36c3f3b7e9681ef5e87196,mlb-mia-atl-2026-08-05,Atlanta Braves,Miami Marlins,2026-08-05T23:16:00+00:00,2026-08-05T20:00:02.773993+00:00,11757.226007,true,0,,,,,,,,,,,,,,,,,,,,568,0.5399999999999999,0.5399999999999999,0,0,2026-08-05T19:45:02.350364+00:00,900.423629,3,true,betfair+matchbook+smarkets,betfair+matchbook+smarkets,false,0.5399999999999999,0.5399999999999999,0.5380710659898477,10.773993,11.773993,sharp:0262,2026-08-05T20:00:02.773993+00:00,0,0.5399999999999999,0,0,3,false,sharp:0261,900.423629,sharp:0263,9899.950899,,,rn1:0057,11706.226007,true,2026-08-05T19:57:27+00:00,155.773993,0.5300000113,0x2beb66be064705471128e626eadacf5379afaed054e540a2c5b94f97c8a61652,false,false,true,true,0.0099999886999999,,,true,false,0,,,,,,,,,,,,,,,false,false,false,false,true,false,0,,,,,,,,,,,,,,,false,false,false,false,true,false,0,,,,,,,,,,,,,,,false,false,false,false,true,false,0,,,,,,,,,,,,,,,false,false,false,false
H2-v1-EVENT-M5,H2-v1,sharp:0263,sharp,263,1614991,0x10a3732cba02a69e466314f3a114684571613c1b4f36c3f3b7e9681ef5e87196,mlb-mia-atl-2026-08-05,Atlanta Braves,Miami Marlins,2026-08-05T23:16:00+00:00,2026-08-05T22:45:02.724892+00:00,1857.275108,true,1,,,,,,,,,,,,,,,,,,,,657,0.5413533834586466,0.5399999999999999,0.0013533834586467,1,2026-08-05T20:00:02.773993+00:00,9899.950899,3,true,betfair+matchbook+smarkets,betfair+matchbook+smarkets,false,0.5413533834586466,0.543640897755611,0.5404040404040404,6.724892,15.724892,sharp:0263,2026-08-05T22:45:02.724892+00:00,0,0.5413533834586466,0.0013533834586467,1,3,false,sharp:0262,9899.950899,sharp:0264,899.893303,,,rn1:0057,1806.275108,true,2026-08-05T22:43:57+00:00,65.724892,0.5300000085,0xba231c0ce367f5e7b702fb6db9f359eb19734a37ac9b1033a989f3dbfee8a858,false,false,true,true,0.0113533749586466,,,true,false,0,,,,,,,,,,,,,,,false,false,false,false,true,false,0,,,,,,,,,,,,,,,false,false,false,false,true,true,1,2026-08-05T22:45:51+00:00,48.275108,0.5399999903,0.0099999818,0xdc06713ca8688aff08cf9571337f0f016693cd2fa7d3b22005c35703fb797fe3,2026-08-05T22:45:51+00:00,48.275108,11.724892,0.5399999903,0.0099999818,0xdc06713ca8688aff08cf9571337f0f016693cd2fa7d3b22005c35703fb797fe3,0.5399999903,0.5399999903,0,false,true,true,true,true,true,19,2026-08-05T22:45:51+00:00,48.275108,0.5399999903,0.0099999818,0xdc06713ca8688aff08cf9571337f0f016693cd2fa7d3b22005c35703fb797fe3,2026-08-05T22:49:53+00:00,290.275108,9.724892,0.54,0.0099999915,0x33de1ed26d8ed8c93f240ebba1277f58034accc71c22ebcaadfbff2654b50e3f,0.5399999872,0.54,0.0000000128,false,true,true,true
H2-v1-EVENT-M5,H2-v1,sharp:0264,sharp,264,1614991,0x10a3732cba02a69e466314f3a114684571613c1b4f36c3f3b7e9681ef5e87196,mlb-mia-atl-2026-08-05,Atlanta Braves,Miami Marlins,2026-08-05T23:16:00+00:00,2026-08-05T23:00:02.618195+00:00,957.381805,true,1,,,,,,,,,,,,,,,,,,,,674,0.5486284289276808,0.5413533834586466,0.0072750454690342,1,2026-08-05T22:45:02.724892+00:00,899.893303,3,true,betfair+matchbook+smarkets,betfair+matchbook+smarkets,false,0.5486284289276808,0.5486284289276808,0.5454545454545454,8.118195,19.618195,sharp:0264,2026-08-05T23:00:02.618195+00:00,0,0.5486284289276808,0.0072750454690342,1,3,false,sharp:0263,899.893303,,,,,rn1:0057,906.381805,true,2026-08-05T22:59:14+00:00,48.618195,0.54,0x910dfb2972020231faeeccfc0519683b431c6e01f1f298abf960fc32357d433c,false,true,true,true,0.0086284289276808,,,true,false,0,,,,,,,,,,,,,,,false,false,false,false,true,false,0,,,,,,,,,,,,,,,false,false,false,false,true,false,0,,,,,,,,,,,,,,,false,false,false,false,true,true,3,2026-08-05T23:03:05+00:00,182.381805,0.5499999998,0.0099999998,0x04182c178126934e88e2db843a6183589c0d6f5a6b12323f6e59c7aa0102e5d1,2026-08-05T23:04:26+00:00,263.381805,36.618195,0.5499999996,0.0099999996,0xbcd11e654b221e963849930511c52e6df6c826d1a6f86bcfeb21e1636491ed58,0.5499999996,0.55,0.0000000004,false,false,false,true
H2-v1-EVENT-M5,H2-v1,rn1:0057,rn1,57,1614991,0x10a3732cba02a69e466314f3a114684571613c1b4f36c3f3b7e9681ef5e87196,mlb-mia-atl-2026-08-05,Atlanta Braves,Miami Marlins,2026-08-05T23:16:00+00:00,2026-08-05T23:15:09+00:00,51,true,1,3229937,Atlanta Braves,home,BUY,0.54,0.54,3.739129,2.01912966,3.739129,2.01912966,0x6eec946e8f9965357b52e65edbab21a11c9e865a46914624869bb761c92c1026,ec8915a1fe10e1fe8de2e8c1929bed64d1052cb4a455d35be4a6d65473054d96,1614991:2026-08-05T23:15:09+00:00,1,1,3.739129,2.01912966,1,1,,,,,,,,,,,,,,,,,,sharp:0264,2026-08-05T23:00:02.618195+00:00,906.381805,0.5486284289276808,0.0072750454690342,1,3,false,sharp:0264,906.381805,,,,,rn1:0058,44,true,2026-08-05T23:15:06+00:00,3,0.56,0xbac07c9732a83ddddd98cb42cee10c50d6eca6e481b42fd32ea62426a01bdbbf,true,true,true,true,-0.0113715710723192,-0.02,true,true,false,0,,,,,,,,,,,,,,,false,false,false,false,true,false,0,,,,,,,,,,,,,,,false,false,false,false,false,false,0,,,,,,,,,,,,,,,false,false,false,false,false,false,0,,,,,,,,,,,,,,,false,false,false,false
H2-v1-EVENT-M5,H2-v1,rn1:0058,rn1,58,1614991,0x10a3732cba02a69e466314f3a114684571613c1b4f36c3f3b7e9681ef5e87196,mlb-mia-atl-2026-08-05,Atlanta Braves,Miami Marlins,2026-08-05T23:16:00+00:00,2026-08-05T23:15:53+00:00,7,true,-1,3229936,Miami Marlins,away,BUY,0.45,0.55,3.636362,1.6363629,-3.636362,-1.6363629,0xf93f91abe4ca022d1ece98988f3d09655aa994b7527f24e2a9c0fd80eebd8400,27cd82bced8af5baf55c821c6b9c657f3dbf78f3b4e4bf74c73a799efe56ea4c,1614991:2026-08-05T23:15:53+00:00,1,1,-3.636362,-1.6363629,-1,1,,,,,,,,,,,,,,,,,,sharp:0264,2026-08-05T23:00:02.618195+00:00,950.381805,0.5486284289276808,0.0072750454690342,1,3,false,sharp:0264,950.381805,,,rn1:0057,44,,,true,2026-08-05T23:15:09+00:00,44,0.5400000909,0x6eec946e8f9965357b52e65edbab21a11c9e865a46914624869bb761c92c1026,false,true,true,true,0.0086283380276808,0.0099999091,false,false,false,0,,,,,,,,,,,,,,,false,false,false,false,false,false,0,,,,,,,,,,,,,,,false,false,false,false,false,false,0,,,,,,,,,,,,,,,false,false,false,false,false,false,0,,,,,,,,,,,,,,,false,false,false,false
H2-v1-EVENT-M5,H2-v1,rn1:0059,rn1,59,1614997,0xeb6b5b543f3b93fc99f0913e144b55d57e7fa24f9594489b519b6c3487d4189c,mlb-pit-mil-2026-08-05,Milwaukee Brewers,Pittsburgh Pirates,2026-08-05T23:40:54+00:00,2026-08-04T17:09:11+00:00,109903,true,-1,3229948,Pittsburgh Pirates,away,BUY,0.47,0.53,98,46.06,-98,-46.06,0x10c7aa81d8e305f2123f06d9c78e8fa822de061a7d38646c6417b25a677d7b51,29f761db28ce682b84a20e408316ad158fc002a178fa116354d8fdf4b02966d3,1614997:2026-08-04T17:09:11+00:00,2,1,-196,-92.12,-1,1,,,,,,,,,,,,,,,,,,,,,,,,,,,,sharp:0265,12951.503656,,,rn1:0061,1,true,2026-08-04T16:09:57+00:00,3554,0.54,0x09c8aef87cbdb0f548aca1f1ede57ccc7d4af3685faa6b9058a97b79cd6a6101,false,false,false,false,,-0.01,,true,true,2,2026-08-04T17:09:12+00:00,1,0.53,-0.01,0x0703163aa7fc77b268ae3c181bbe160d104637b75b3c09d4b80c7bc5068d1757,2026-08-04T17:09:21+00:00,10,0,0.5200000939,-0.0199999061,0xd90a63274e6d184cbb88251bf3170fc181a745cc418791fadb1ce1f51472162b,0.5200000939,0.53,0.0099999061,true,true,true,true,true,true,6,2026-08-04T17:09:12+00:00,1,0.53,-0.01,0x0703163aa7fc77b268ae3c181bbe160d104637b75b3c09d4b80c7bc5068d1757,2026-08-04T17:09:36+00:00,25,5,0.53,-0.01,0x530871e807ea96e47152d730715ae64907d4b09e8f0b7893074a515390b086f4,0.5200000939,0.53,0.0099999061,true,true,true,true,true,true,9,2026-08-04T17:09:12+00:00,1,0.53,-0.01,0x0703163aa7fc77b268ae3c181bbe160d104637b75b3c09d4b80c7bc5068d1757,2026-08-04T17:09:56+00:00,45,15,0.5200000939,-0.0199999061,0xef999c6cdf39eff5b3d9732a2dfd384f320781ca342876add221d86533f33c5b,0.5200000939,0.53,0.0099999061,false,true,true,true,true,true,67,2026-08-04T17:09:12+00:00,1,0.53,-0.01,0x0703163aa7fc77b268ae3c181bbe160d104637b75b3c09d4b80c7bc5068d1757,2026-08-04T17:12:17+00:00,186,114,0.5,-0.04,0xc665189b9e4fc598120c0af525a18c7c01ebf1be47f005e1b0089f2c5156407f,0.5,0.53,0.03,false,false,false,false
H2-v1-EVENT-M5,H2-v1,rn1:0060,rn1,60,1614997,0xeb6b5b543f3b93fc99f0913e144b55d57e7fa24f9594489b519b6c3487d4189c,mlb-pit-mil-2026-08-05,Milwaukee Brewers,Pittsburgh Pirates,2026-08-05T23:40:54+00:00,2026-08-04T17:09:11+00:00,109903,true,-1,3229948,Pittsburgh Pirates,away,BUY,0.47,0.53,98,46.06,-98,-46.06,0x713e6105b49c5282dacc8656ab60d14483e928dabe0f31de0a237c8f60276caf,a31bf0fcbaa2c5b4e2309f99f41f9f20aba3a38c573d60ba689f14fce7acb275,1614997:2026-08-04T17:09:11+00:00,2,2,-196,-92.12,-1,1,,,,,,,,,,,,,,,,,,,,,,,,,,,,sharp:0265,12951.503656,,,rn1:0061,1,true,2026-08-04T16:09:57+00:00,3554,0.54,0x09c8aef87cbdb0f548aca1f1ede57ccc7d4af3685faa6b9058a97b79cd6a6101,false,false,false,false,,-0.01,,true,true,2,2026-08-04T17:09:12+00:00,1,0.53,-0.01,0x0703163aa7fc77b268ae3c181bbe160d104637b75b3c09d4b80c7bc5068d1757,2026-08-04T17:09:21+00:00,10,0,0.5200000939,-0.0199999061,0xd90a63274e6d184cbb88251bf3170fc181a745cc418791fadb1ce1f51472162b,0.5200000939,0.53,0.0099999061,true,true,true,true,true,true,6,2026-08-04T17:09:12+00:00,1,0.53,-0.01,0x0703163aa7fc77b268ae3c181bbe160d104637b75b3c09d4b80c7bc5068d1757,2026-08-04T17:09:36+00:00,25,5,0.53,-0.01,0x530871e807ea96e47152d730715ae64907d4b09e8f0b7893074a515390b086f4,0.5200000939,0.53,0.0099999061,true,true,true,true,true,true,9,2026-08-04T17:09:12+00:00,1,0.53,-0.01,0x0703163aa7fc77b268ae3c181bbe160d104637b75b3c09d4b80c7bc5068d1757,2026-08-04T17:09:56+00:00,45,15,0.5200000939,-0.0199999061,0xef999c6cdf39eff5b3d9732a2dfd384f320781ca342876add221d86533f33c5b,0.5200000939,0.53,0.0099999061,false,true,true,true,true,true,67,2026-08-04T17:09:12+00:00,1,0.53,-0.01,0x0703163aa7fc77b268ae3c181bbe160d104637b75b3c09d4b80c7bc5068d1757,2026-08-04T17:12:17+00:00,186,114,0.5,-0.04,0xc665189b9e4fc598120c0af525a18c7c01ebf1be47f005e1b0089f2c5156407f,0.5,0.53,0.03,false,false,false,false
H2-v1-EVENT-M5,H2-v1,rn1:0061,rn1,61,1614997,0xeb6b5b543f3b93fc99f0913e144b55d57e7fa24f9594489b519b6c3487d4189c,mlb-pit-mil-2026-08-05,Milwaukee Brewers,Pittsburgh Pirates,2026-08-05T23:40:54+00:00,2026-08-04T17:09:12+00:00,109902,true,-1,3229948,Pittsburgh Pirates,away,BUY,0.47,0.53,98,46.06,-98,-46.06,0x0703163aa7fc77b268ae3c181bbe160d104637b75b3c09d4b80c7bc5068d1757,9da495692bc62ce10b36454aea0561dd537bc57e800670ed8b254b57a247568b,1614997:2026-08-04T17:09:12+00:00,1,1,-98,-46.06,-1,1,,,,,,,,,,,,,,,,,,,,,,,,,,,,sharp:0265,12950.503656,rn1:0060,1,rn1:0062,23,true,2026-08-04T17:09:11+00:00,1,0.53,0x713e6105b49c5282dacc8656ab60d14483e928dabe0f31de0a237c8f60276caf,true,true,true,true,,0,,true,true,1,2026-08-04T17:09:21+00:00,9,0.5200000939,-0.0099999061,0xd90a63274e6d184cbb88251bf3170fc181a745cc418791fadb1ce1f51472162b,2026-08-04T17:09:21+00:00,9,1,0.5200000939,-0.0099999061,0xd90a63274e6d184cbb88251bf3170fc181a745cc418791fadb1ce1f51472162b,0.5200000939,0.5200000939,0,true,true,true,true,true,true,5,2026-08-04T17:09:21+00:00,9,0.5200000939,-0.0099999061,0xd90a63274e6d184cbb88251bf3170fc181a745cc418791fadb1ce1f51472162b,2026-08-04T17:09:36+00:00,24,6,0.53,0,0x530871e807ea96e47152d730715ae64907d4b09e8f0b7893074a515390b086f4,0.5200000939,0.53,0.0099999061,false,true,true,true,true,true,9,2026-08-04T17:09:21+00:00,9,0.5200000939,-0.0099999061,0xd90a63274e6d184cbb88251bf3170fc181a745cc418791fadb1ce1f51472162b,2026-08-04T17:10:12+00:00,60,0,0.52,-0.01,0xca3c1210884c881c858813be7b072efcfbe7961473c7c3d7ee3c498c3599b2f9,0.52,0.53,0.01,true,true,true,true,true,true,66,2026-08-04T17:09:21+00:00,9,0.5200000939,-0.0099999061,0xd90a63274e6d184cbb88251bf3170fc181a745cc418791fadb1ce1f51472162b,2026-08-04T17:12:17+00:00,185,115,0.5,-0.03,0xc665189b9e4fc598120c0af525a18c7c01ebf1be47f005e1b0089f2c5156407f,0.5,0.53,0.03,false,false,false,false
H2-v1-EVENT-M5,H2-v1,rn1:0062,rn1,62,1614997,0xeb6b5b543f3b93fc99f0913e144b55d57e7fa24f9594489b519b6c3487d4189c,mlb-pit-mil-2026-08-05,Milwaukee Brewers,Pittsburgh Pirates,2026-08-05T23:40:54+00:00,2026-08-04T17:09:35+00:00,109879,true,-1,3229948,Pittsburgh Pirates,away,BUY,0.47,0.53,98,46.06,-98,-46.06,0xc06580da0cd393993503e14de20e79a15d9c6a92e3451a0b2a6b0f513050f0c5,3a12fa0459eeb74b032befabac3f3004ad85c803d5a180bf154a379c1dc02bd0,1614997:2026-08-04T17:09:35+00:00,1,1,-98,-46.06,-1,1,,,,,,,,,,,,,,,,,,,,,,,,,,,,sharp:0265,12927.503656,rn1:0061,23,rn1:0063,1,true,2026-08-04T17:09:23+00:00,12,0.5200000939,0xbc33cbbf8b74414dbb10c3e62b2b1f7ebd7abfc79b025bec48f22a7c42774759,true,true,true,true,,0.0099999061,,true,true,1,2026-08-04T17:09:36+00:00,1,0.53,0.0099999061,0x530871e807ea96e47152d730715ae64907d4b09e8f0b7893074a515390b086f4,2026-08-04T17:09:36+00:00,1,9,0.53,0.0099999061,0x530871e807ea96e47152d730715ae64907d4b09e8f0b7893074a515390b086f4,0.53,0.53,0,false,true,true,true,true,true,4,2026-08-04T17:09:36+00:00,1,0.53,0.0099999061,0x530871e807ea96e47152d730715ae64907d4b09e8f0b7893074a515390b086f4,2026-08-04T17:09:56+00:00,21,9,0.5200000939,0,0xef999c6cdf39eff5b3d9732a2dfd384f320781ca342876add221d86533f33c5b,0.5200000939,0.53,0.0099999061,false,true,true,true,true,true,18,2026-08-04T17:09:36+00:00,1,0.53,0.0099999061,0x530871e807ea96e47152d730715ae64907d4b09e8f0b7893074a515390b086f4,2026-08-04T17:10:26+00:00,51,9,0.53,0.0099999061,0x1ae7a25b60152565c737459eed8b2bd923413f0805ef85bc184e75f35f340502,0.5,0.53,0.03,false,true,true,true,true,true,62,2026-08-04T17:09:36+00:00,1,0.53,0.0099999061,0x530871e807ea96e47152d730715ae64907d4b09e8f0b7893074a515390b086f4,2026-08-04T17:12:17+00:00,162,138,0.5,-0.0200000939,0xc665189b9e4fc598120c0af525a18c7c01ebf1be47f005e1b0089f2c5156407f,0.5,0.53,0.03,false,false,false,false
H2-v1-EVENT-M5,H2-v1,rn1:0063,rn1,63,1614997,0xeb6b5b543f3b93fc99f0913e144b55d57e7fa24f9594489b519b6c3487d4189c,mlb-pit-mil-2026-08-05,Milwaukee Brewers,Pittsburgh Pirates,2026-08-05T23:40:54+00:00,2026-08-04T17:09:36+00:00,109878,true,-1,3229948,Pittsburgh Pirates,away,BUY,0.47,0.53,98,46.06,-98,-46.06,0x530871e807ea96e47152d730715ae64907d4b09e8f0b7893074a515390b086f4,ec66bd9defa988c9da9e206b07f995f063fe996c5a7657e4f7fa4755690cde2c,1614997:2026-08-04T17:09:36+00:00,1,1,-98,-46.06,-1,1,,,,,,,,,,,,,,,,,,,,,,,,,,,,sharp:0265,12926.503656,rn1:0062,1,rn1:0064,39,true,2026-08-04T17:09:35+00:00,1,0.53,0xc06580da0cd393993503e14de20e79a15d9c6a92e3451a0b2a6b0f513050f0c5,true,true,true,true,,0,,true,false,0,,,,,,,,,,,,,,,false,false,false,false,true,true,3,2026-08-04T17:09:47+00:00,11,0.5200001728,-0.0099998272,0xd71afb68fff553e2e865decf0a63ad7505d2fbba4da8319601791b0a3d91c75c,2026-08-04T17:09:56+00:00,20,10,0.5200000939,-0.0099999061,0xef999c6cdf39eff5b3d9732a2dfd384f320781ca342876add221d86533f33c5b,0.5200000939,0.5200001728,0.0000000789,false,true,true,true,true,true,17,2026-08-04T17:09:47+00:00,11,0.5200001728,-0.0099998272,0xd71afb68fff553e2e865decf0a63ad7505d2fbba4da8319601791b0a3d91c75c,2026-08-04T17:10:26+00:00,50,10,0.53,0,0x1ae7a25b60152565c737459eed8b2bd923413f0805ef85bc184e75f35f340502,0.5,0.53,0.03,false,true,true,true,true,true,61,2026-08-04T17:09:47+00:00,11,0.5200001728,-0.0099998272,0xd71afb68fff553e2e865decf0a63ad7505d2fbba4da8319601791b0a3d91c75c,2026-08-04T17:12:17+00:00,161,139,0.5,-0.03,0xc665189b9e4fc598120c0af525a18c7c01ebf1be47f005e1b0089f2c5156407f,0.5,0.53,0.03,false,false,false,false
H2-v1-EVENT-M5,H2-v1,rn1:0064,rn1,64,1614997,0xeb6b5b543f3b93fc99f0913e144b55d57e7fa24f9594489b519b6c3487d4189c,mlb-pit-mil-2026-08-05,Milwaukee Brewers,Pittsburgh Pirates,2026-08-05T23:40:54+00:00,2026-08-04T17:10:15+00:00,109839,true,-1,3229948,Pittsburgh Pirates,away,BUY,0.47,0.53,98,46.06,-98,-46.06,0x758813e6873529aecbab05e51f292bb08ca397f1385667f2887825576e4582ec,384f82457d78e5b0612d53f54ac98bfe96ee0cc30a035abbebeb7af1ae792f23,1614997:2026-08-04T17:10:15+00:00,1,1,-98,-46.06,-1,1,,,,,,,,,,,,,,,,,,,,,,,,,,,,sharp:0265,12887.503656,rn1:0063,39,rn1:0066,2,true,2026-08-04T17:10:12+00:00,3,0.52,0xca3c1210884c881c858813be7b072efcfbe7961473c7c3d7ee3c498c3599b2f9,true,true,true,true,,0.01,,true,true,11,2026-08-04T17:10:17+00:00,2,0.53,0.01,0x621fe8d285289d54f7fac16c74dcb197e467f3da99229f3d3dc132b25a9e6ab6,2026-08-04T17:10:24+00:00,9,1,0.53,0.01,0xfb2786c881cd3c20ac41b0d8123e1f91e8b57e4bc405b3a963c75405af5d67e6,0.5,0.53,0.03,true,true,true,true,true,true,21,2026-08-04T17:10:17+00:00,2,0.53,0.01,0x621fe8d285289d54f7fac16c74dcb197e467f3da99229f3d3dc132b25a9e6ab6,2026-08-04T17:10:44+00:00,29,1,0.5,-0.02,0x4b392033bbb883a7554568ec4dd08a20b1c15bc6764fdc74fc523266aaf547fc,0.5,0.53,0.03,true,true,true,true,true,true,21,2026-08-04T17:10:17+00:00,2,0.53,0.01,0x621fe8d285289d54f7fac16c74dcb197e467f3da99229f3d3dc132b25a9e6ab6,2026-08-04T17:10:44+00:00,29,31,0.5,-0.02,0x4b392033bbb883a7554568ec4dd08a20b1c15bc6764fdc74fc523266aaf547fc,0.5,0.53,0.03,false,false,false,true,true,true,56,2026-08-04T17:10:17+00:00,2,0.53,0.01,0x621fe8d285289d54f7fac16c74dcb197e467f3da99229f3d3dc132b25a9e6ab6,2026-08-04T17:12:17+00:00,122,178,0.5,-0.02,0xc665189b9e4fc598120c0af525a18c7c01ebf1be47f005e1b0089f2c5156407f,0.5,0.53,0.03,false,false,false,false
H2-v1-EVENT-M5,H2-v1,rn1:0065,rn1,65,1614997,0xeb6b5b543f3b93fc99f0913e144b55d57e7fa24f9594489b519b6c3487d4189c,mlb-pit-mil-2026-08-05,Milwaukee Brewers,Pittsburgh Pirates,2026-08-05T23:40:54+00:00,2026-08-04T17:10:17+00:00,109837,true,-1,3229948,Pittsburgh Pirates,away,BUY,0.47,0.53,98,46.06,-98,-46.06,0x978ceeb1b6d634f4d89701a8f78266acfd84e4b31d678ef67d56cd697afe051c,14ca091b692aa3598b4e3bf38b5597d1a7b647c470db84b16e1b174a4b7d5c90,1614997:2026-08-04T17:10:17+00:00,2,2,-196,-92.12,-1,1,,,,,,,,,,,,,,,,,,,,,,,,,,,,sharp:0265,12885.503656,rn1:0064,2,rn1:0067,1,true,2026-08-04T17:10:15+00:00,2,0.53,0x758813e6873529aecbab05e51f292bb08ca397f1385667f2887825576e4582ec,true,true,true,true,,0,,true,true,9,2026-08-04T17:10:18+00:00,1,0.53,0,0xb85f30d1a92bd574d4dd653dd16d74bb9c45929065855998bb516d2eb1095b77,2026-08-04T17:10:26+00:00,9,1,0.53,0,0x1ae7a25b60152565c737459eed8b2bd923413f0805ef85bc184e75f35f340502,0.5,0.53,0.03,true,true,true,true,true,true,18,2026-08-04T17:10:18+00:00,1,0.53,0,0xb85f30d1a92bd574d4dd653dd16d74bb9c45929065855998bb516d2eb1095b77,2026-08-04T17:10:44+00:00,27,3,0.5,-0.03,0x4b392033bbb883a7554568ec4dd08a20b1c15bc6764fdc74fc523266aaf547fc,0.5,0.53,0.03,true,true,true,true,true,true,18,2026-08-04T17:10:18+00:00,1,0.53,0,0xb85f30d1a92bd574d4dd653dd16d74bb9c45929065855998bb516d2eb1095b77,2026-08-04T17:10:44+00:00,27,33,0.5,-0.03,0x4b392033bbb883a7554568ec4dd08a20b1c15bc6764fdc74fc523266aaf547fc,0.5,0.53,0.03,false,false,false,true,true,true,53,2026-08-04T17:10:18+00:00,1,0.53,0,0xb85f30d1a92bd574d4dd653dd16d74bb9c45929065855998bb516d2eb1095b77,2026-08-04T17:12:17+00:00,120,180,0.5,-0.03,0xc665189b9e4fc598120c0af525a18c7c01ebf1be47f005e1b0089f2c5156407f,0.5,0.53,0.03,false,false,false,false
H2-v1-EVENT-M5,H2-v1,rn1:0066,rn1,66,1614997,0xeb6b5b543f3b93fc99f0913e144b55d57e7fa24f9594489b519b6c3487d4189c,mlb-pit-mil-2026-08-05,Milwaukee Brewers,Pittsburgh Pirates,2026-08-05T23:40:54+00:00,2026-08-04T17:10:17+00:00,109837,true,-1,3229948,Pittsburgh Pirates,away,BUY,0.47,0.53,98,46.06,-98,-46.06,0x621fe8d285289d54f7fac16c74dcb197e467f3da99229f3d3dc132b25a9e6ab6,64316d9b8911b146564bc47ef2fb458f2f447a78f6d4a770473d73819c5d8442,1614997:2026-08-04T17:10:17+00:00,2,1,-196,-92.12,-1,1,,,,,,,,,,,,,,,,,,,,,,,,,,,,sharp:0265,12885.503656,rn1:0064,2,rn1:0067,1,true,2026-08-04T17:10:15+00:00,2,0.53,0x758813e6873529aecbab05e51f292bb08ca397f1385667f2887825576e4582ec,true,true,true,true,,0,,true,true,9,2026-08-04T17:10:18+00:00,1,0.53,0,0xb85f30d1a92bd574d4dd653dd16d74bb9c45929065855998bb516d2eb1095b77,2026-08-04T17:10:26+00:00,9,1,0.53,0,0x1ae7a25b60152565c737459eed8b2bd923413f0805ef85bc184e75f35f340502,0.5,0.53,0.03,true,true,true,true,true,true,18,2026-08-04T17:10:18+00:00,1,0.53,0,0xb85f30d1a92bd574d4dd653dd16d74bb9c45929065855998bb516d2eb1095b77,2026-08-04T17:10:44+00:00,27,3,0.5,-0.03,0x4b392033bbb883a7554568ec4dd08a20b1c15bc6764fdc74fc523266aaf547fc,0.5,0.53,0.03,true,true,true,true,true,true,18,2026-08-04T17:10:18+00:00,1,0.53,0,0xb85f30d1a92bd574d4dd653dd16d74bb9c45929065855998bb516d2eb1095b77,2026-08-04T17:10:44+00:00,27,33,0.5,-0.03,0x4b392033bbb883a7554568ec4dd08a20b1c15bc6764fdc74fc523266aaf547fc,0.5,0.53,0.03,false,false,false,true,true,true,53,2026-08-04T17:10:18+00:00,1,0.53,0,0xb85f30d1a92bd574d4dd653dd16d74bb9c45929065855998bb516d2eb1095b77,2026-08-04T17:12:17+00:00,120,180,0.5,-0.03,0xc665189b9e4fc598120c0af525a18c7c01ebf1be47f005e1b0089f2c5156407f,0.5,0.53,0.03,false,false,false,false
H2-v1-EVENT-M5,H2-v1,rn1:0067,rn1,67,1614997,0xeb6b5b543f3b93fc99f0913e144b55d57e7fa24f9594489b519b6c3487d4189c,mlb-pit-mil-2026-08-05,Milwaukee Brewers,Pittsburgh Pirates,2026-08-05T23:40:54+00:00,2026-08-04T17:10:18+00:00,109836,true,-1,3229948,Pittsburgh Pirates,away,BUY,0.47,0.53,98,46.06,-98,-46.06,0xb85f30d1a92bd574d4dd653dd16d74bb9c45929065855998bb516d2eb1095b77,4c46f4aef5a103b38f8a5c4058f08fe02c1e8298a34d9401b201861d8648517c,1614997:2026-08-04T17:10:18+00:00,1,1,-98,-46.06,-1,1,,,,,,,,,,,,,,,,,,,,,,,,,,,,sharp:0265,12884.503656,rn1:0065,1,rn1:0068,2,true,2026-08-04T17:10:17+00:00,1,0.5,0xff13493b0def9d218f0bbb849060909e25646f62569b715ac846aaeb39090b13,true,true,true,true,,0.03,,true,true,8,2026-08-04T17:10:20+00:00,2,0.53,0.03,0x8941676bff313d1042de3d3829eee499445e01a629efb2d1737f9dbbf177a200,2026-08-04T17:10:26+00:00,8,2,0.53,0.03,0x1ae7a25b60152565c737459eed8b2bd923413f0805ef85bc184e75f35f340502,0.5,0.53,0.03,true,true,true,true,true,true,17,2026-08-04T17:10:20+00:00,2,0.53,0.03,0x8941676bff313d1042de3d3829eee499445e01a629efb2d1737f9dbbf177a200,2026-08-04T17:10:44+00:00,26,4,0.5,0,0x4b392033bbb883a7554568ec4dd08a20b1c15bc6764fdc74fc523266aaf547fc,0.5,0.53,0.03,true,true,true,true,true,true,17,2026-08-04T17:10:20+00:00,2,0.53,0.03,0x8941676bff313d1042de3d3829eee499445e01a629efb2d1737f9dbbf177a200,2026-08-04T17:10:44+00:00,26,34,0.5,0,0x4b392033bbb883a7554568ec4dd08a20b1c15bc6764fdc74fc523266aaf547fc,0.5,0.53,0.03,false,false,false,true,true,true,52,2026-08-04T17:10:20+00:00,2,0.53,0.03,0x8941676bff313d1042de3d3829eee499445e01a629efb2d1737f9dbbf177a200,2026-08-04T17:12:17+00:00,119,181,0.5,0,0xc665189b9e4fc598120c0af525a18c7c01ebf1be47f005e1b0089f2c5156407f,0.5,0.53,0.03,false,false,false,false
H2-v1-EVENT-M5,H2-v1,rn1:0068,rn1,68,1614997,0xeb6b5b543f3b93fc99f0913e144b55d57e7fa24f9594489b519b6c3487d4189c,mlb-pit-mil-2026-08-05,Milwaukee Brewers,Pittsburgh Pirates,2026-08-05T23:40:54+00:00,2026-08-04T17:10:20+00:00,109834,true,-1,3229948,Pittsburgh Pirates,away,BUY,0.47,0.53,98,46.06,-98,-46.06,0x8941676bff313d1042de3d3829eee499445e01a629efb2d1737f9dbbf177a200,1395f6d804e1650c54c2ca28c3a7e0de7412e132365e24b39093d0d4b7c1f8d6,1614997:2026-08-04T17:10:20+00:00,1,1,-98,-46.06,-1,1,,,,,,,,,,,,,,,,,,,,,,,,,,,,sharp:0265,12882.503656,rn1:0067,2,rn1:0069,1,true,2026-08-04T17:10:18+00:00,2,0.53,0xb85f30d1a92bd574d4dd653dd16d74bb9c45929065855998bb516d2eb1095b77,true,true,true,true,,0,,true,true,7,2026-08-04T17:10:21+00:00,1,0.53,0,0x471076cfcaa78684369671dbdc6d14ca862ee42ef0ab73fe4e067c0f7e217a1d,2026-08-04T17:10:26+00:00,6,4,0.53,0,0x1ae7a25b60152565c737459eed8b2bd923413f0805ef85bc184e75f35f340502,0.5,0.53,0.03,true,true,true,true,true,true,16,2026-08-04T17:10:21+00:00,1,0.53,0,0x471076cfcaa78684369671dbdc6d14ca862ee42ef0ab73fe4e067c0f7e217a1d,2026-08-04T17:10:44+00:00,24,6,0.5,-0.03,0x4b392033bbb883a7554568ec4dd08a20b1c15bc6764fdc74fc523266aaf547fc,0.5,0.53,0.03,false,true,true,true,true,true,16,2026-08-04T17:10:21+00:00,1,0.53,0,0x471076cfcaa78684369671dbdc6d14ca862ee42ef0ab73fe4e067c0f7e217a1d,2026-08-04T17:10:44+00:00,24,36,0.5,-0.03,0x4b392033bbb883a7554568ec4dd08a20b1c15bc6764fdc74fc523266aaf547fc,0.5,0.53,0.03,false,false,false,true,true,true,51,2026-08-04T17:10:21+00:00,1,0.53,0,0x471076cfcaa78684369671dbdc6d14ca862ee42ef0ab73fe4e067c0f7e217a1d,2026-08-04T17:12:17+00:00,117,183,0.5,-0.03,0xc665189b9e4fc598120c0af525a18c7c01ebf1be47f005e1b0089f2c5156407f,0.5,0.53,0.03,false,false,false,false
H2-v1-EVENT-M5,H2-v1,rn1:0069,rn1,69,1614997,0xeb6b5b543f3b93fc99f0913e144b55d57e7fa24f9594489b519b6c3487d4189c,mlb-pit-mil-2026-08-05,Milwaukee Brewers,Pittsburgh Pirates,2026-08-05T23:40:54+00:00,2026-08-04T17:10:21+00:00,109833,true,-1,3229948,Pittsburgh Pirates,away,BUY,0.47,0.53,98,46.06,-98,-46.06,0x471076cfcaa78684369671dbdc6d14ca862ee42ef0ab73fe4e067c0f7e217a1d,31458197b13696b718487923e0907a104fb436f1bd0c838021dadbb2d7befc2e,1614997:2026-08-04T17:10:21+00:00,2,1,-196,-92.12,-1,1,,,,,,,,,,,,,,,,,,,,,,,,,,,,sharp:0265,12881.503656,rn1:0068,1,rn1:0072,3,true,2026-08-04T17:10:20+00:00,1,0.53,0x8941676bff313d1042de3d3829eee499445e01a629efb2d1737f9dbbf177a200,true,true,true,true,,0,,true,true,5,2026-08-04T17:10:23+00:00,2,0.5,-0.03,0xc18bbffe8f28031e89baaaef209b65b869a4e46b0623a7ea9dc5ce9e698ba06b,2026-08-04T17:10:26+00:00,5,5,0.53,0,0x1ae7a25b60152565c737459eed8b2bd923413f0805ef85bc184e75f35f340502,0.5,0.53,0.03,true,true,true,true,true,true,14,2026-08-04T17:10:23+00:00,2,0.5,-0.03,0xc18bbffe8f28031e89baaaef209b65b869a4e46b0623a7ea9dc5ce9e698ba06b,2026-08-04T17:10:44+00:00,23,7,0.5,-0.03,0x4b392033bbb883a7554568ec4dd08a20b1c15bc6764fdc74fc523266aaf547fc,0.5,0.53,0.03,false,true,true,true,true,true,14,2026-08-04T17:10:23+00:00,2,0.5,-0.03,0xc18bbffe8f28031e89baaaef209b65b869a4e46b0623a7ea9dc5ce9e698ba06b,2026-08-04T17:10:44+00:00,23,37,0.5,-0.03,0x4b392033bbb883a7554568ec4dd08a20b1c15bc6764fdc74fc523266aaf547fc,0.5,0.53,0.03,false,false,false,true,true,true,49,2026-08-04T17:10:23+00:00,2,0.5,-0.03,0xc18bbffe8f28031e89baaaef209b65b869a4e46b0623a7ea9dc5ce9e698ba06b,2026-08-04T17:12:17+00:00,116,184,0.5,-0.03,0xc665189b9e4fc598120c0af525a18c7c01ebf1be47f005e1b0089f2c5156407f,0.5,0.53,0.03,false,false,false,false
H2-v1-EVENT-M5,H2-v1,rn1:0070,rn1,70,1614997,0xeb6b5b543f3b93fc99f0913e144b55d57e7fa24f9594489b519b6c3487d4189c,mlb-pit-mil-2026-08-05,Milwaukee Brewers,Pittsburgh Pirates,2026-08-05T23:40:54+00:00,2026-08-04T17:10:21+00:00,109833,true,-1,3229948,Pittsburgh Pirates,away,BUY,0.47,0.53,98,46.06,-98,-46.06,0x4b7b44fc18ee628a98f65a405d6249f3b012740ad4f420af3adad842d1be612f,db160c024d3d29ad32adf7c3ac13468d43325d024276302df90c862b277f3477,1614997:2026-08-04T17:10:21+00:00,2,2,-196,-92.12,-1,1,,,,,,,,,,,,,,,,,,,,,,,,,,,,sharp:0265,12881.503656,rn1:0068,1,rn1:0072,3,true,2026-08-04T17:10:20+00:00,1,0.53,0x8941676bff313d1042de3d3829eee499445e01a629efb2d1737f9dbbf177a200,true,true,true,true,,0,,true,true,5,2026-08-04T17:10:23+00:00,2,0.5,-0.03,0xc18bbffe8f28031e89baaaef209b65b869a4e46b0623a7ea9dc5ce9e698ba06b,2026-08-04T17:10:26+00:00,5,5,0.53,0,0x1ae7a25b60152565c737459eed8b2bd923413f0805ef85bc184e75f35f340502,0.5,0.53,0.03,true,true,true,true,true,true,14,2026-08-04T17:10:23+00:00,2,0.5,-0.03,0xc18bbffe8f28031e89baaaef209b65b869a4e46b0623a7ea9dc5ce9e698ba06b,2026-08-04T17:10:44+00:00,23,7,0.5,-0.03,0x4b392033bbb883a7554568ec4dd08a20b1c15bc6764fdc74fc523266aaf547fc,0.5,0.53,0.03,false,true,true,true,true,true,14,2026-08-04T17:10:23+00:00,2,0.5,-0.03,0xc18bbffe8f28031e89baaaef209b65b869a4e46b0623a7ea9dc5ce9e698ba06b,2026-08-04T17:10:44+00:00,23,37,0.5,-0.03,0x4b392033bbb883a7554568ec4dd08a20b1c15bc6764fdc74fc523266aaf547fc,0.5,0.53,0.03,false,false,false,true,true,true,49,2026-08-04T17:10:23+00:00,2,0.5,-0.03,0xc18bbffe8f28031e89baaaef209b65b869a4e46b0623a7ea9dc5ce9e698ba06b,2026-08-04T17:12:17+00:00,116,184,0.5,-0.03,0xc665189b9e4fc598120c0af525a18c7c01ebf1be47f005e1b0089f2c5156407f,0.5,0.53,0.03,false,false,false,false
H2-v1-EVENT-M5,H2-v1,rn1:0071,rn1,71,1614997,0xeb6b5b543f3b93fc99f0913e144b55d57e7fa24f9594489b519b6c3487d4189c,mlb-pit-mil-2026-08-05,Milwaukee Brewers,Pittsburgh Pirates,2026-08-05T23:40:54+00:00,2026-08-04T17:10:24+00:00,109830,true,-1,3229948,Pittsburgh Pirates,away,BUY,0.47,0.53,98,46.06,-98,-46.06,0xce33317fce74558a777b3c550789084d4363463817b92f01326922c34718987f,10c04c36dfac2dbb5d32ec2af1e29737cc3479168e194337ec54829d233eca72,1614997:2026-08-04T17:10:24+00:00,3,2,-294,-138.18,-1,1,,,,,,,,,,,,,,,,,,,,,,,,,,,,sharp:0265,12878.503656,rn1:0070,3,rn1:0074,2,true,2026-08-04T17:10:23+00:00,1,0.5,0xc18bbffe8f28031e89baaaef209b65b869a4e46b0623a7ea9dc5ce9e698ba06b,true,true,true,true,,0.03,,true,true,1,2026-08-04T17:10:26+00:00,2,0.53,0.03,0x1ae7a25b60152565c737459eed8b2bd923413f0805ef85bc184e75f35f340502,2026-08-04T17:10:26+00:00,2,8,0.53,0.03,0x1ae7a25b60152565c737459eed8b2bd923413f0805ef85bc184e75f35f340502,0.53,0.53,0,false,true,true,true,true,true,10,2026-08-04T17:10:26+00:00,2,0.53,0.03,0x1ae7a25b60152565c737459eed8b2bd923413f0805ef85bc184e75f35f340502,2026-08-04T17:10:44+00:00,20,10,0.5,0,0x4b392033bbb883a7554568ec4dd08a20b1c15bc6764fdc74fc523266aaf547fc,0.5,0.53,0.03,false,true,true,true,true,true,10,2026-08-04T17:10:26+00:00,2,0.53,0.03,0x1ae7a25b60152565c737459eed8b2bd923413f0805ef85bc184e75f35f340502,2026-08-04T17:10:44+00:00,20,40,0.5,0,0x4b392033bbb883a7554568ec4dd08a20b1c15bc6764fdc74fc523266aaf547fc,0.5,0.53,0.03,false,false,false,true,true,true,45,2026-08-04T17:10:26+00:00,2,0.53,0.03,0x1ae7a25b60152565c737459eed8b2bd923413f0805ef85bc184e75f35f340502,2026-08-04T17:12:17+00:00,113,187,0.5,0,0xc665189b9e4fc598120c0af525a18c7c01ebf1be47f005e1b0089f2c5156407f,0.5,0.53,0.03,false,false,false,false
H2-v1-EVENT-M5,H2-v1,rn1:0072,rn1,72,1614997,0xeb6b5b543f3b93fc99f0913e144b55d57e7fa24f9594489b519b6c3487d4189c,mlb-pit-mil-2026-08-05,Milwaukee Brewers,Pittsburgh Pirates,2026-08-05T23:40:54+00:00,2026-08-04T17:10:24+00:00,109830,true,-1,3229948,Pittsburgh Pirates,away,BUY,0.47,0.53,98,46.06,-98,-46.06,0x96121ad5fe8fbcacea8d1f67c370b71503c84e6bb7b446520a8a8d21e2049802,ad8d6fb6250fcfbc6c9048be0da4c1a57830618cc88baddf3b1bf59c8986234c,1614997:2026-08-04T17:10:24+00:00,3,1,-294,-138.18,-1,1,,,,,,,,,,,,,,,,,,,,,,,,,,,,sharp:0265,12878.503656,rn1:0070,3,rn1:0074,2,true,2026-08-04T17:10:23+00:00,1,0.5,0xc18bbffe8f28031e89baaaef209b65b869a4e46b0623a7ea9dc5ce9e698ba06b,true,true,true,true,,0.03,,true,true,1,2026-08-04T17:10:26+00:00,2,0.53,0.03,0x1ae7a25b60152565c737459eed8b2bd923413f0805ef85bc184e75f35f340502,2026-08-04T17:10:26+00:00,2,8,0.53,0.03,0x1ae7a25b60152565c737459eed8b2bd923413f0805ef85bc184e75f35f340502,0.53,0.53,0,false,true,true,true,true,true,10,2026-08-04T17:10:26+00:00,2,0.53,0.03,0x1ae7a25b60152565c737459eed8b2bd923413f0805ef85bc184e75f35f340502,2026-08-04T17:10:44+00:00,20,10,0.5,0,0x4b392033bbb883a7554568ec4dd08a20b1c15bc6764fdc74fc523266aaf547fc,0.5,0.53,0.03,false,true,true,true,true,true,10,2026-08-04T17:10:26+00:00,2,0.53,0.03,0x1ae7a25b60152565c737459eed8b2bd923413f0805ef85bc184e75f35f340502,2026-08-04T17:10:44+00:00,20,40,0.5,0,0x4b392033bbb883a7554568ec4dd08a20b1c15bc6764fdc74fc523266aaf547fc,0.5,0.53,0.03,false,false,false,true,true,true,45,2026-08-04T17:10:26+00:00,2,0.53,0.03,0x1ae7a25b60152565c737459eed8b2bd923413f0805ef85bc184e75f35f340502,2026-08-04T17:12:17+00:00,113,187,0.5,0,0xc665189b9e4fc598120c0af525a18c7c01ebf1be47f005e1b0089f2c5156407f,0.5,0.53,0.03,false,false,false,false
H2-v1-EVENT-M5,H2-v1,rn1:0073,rn1,73,1614997,0xeb6b5b543f3b93fc99f0913e144b55d57e7fa24f9594489b519b6c3487d4189c,mlb-pit-mil-2026-08-05,Milwaukee Brewers,Pittsburgh Pirates,2026-08-05T23:40:54+00:00,2026-08-04T17:10:24+00:00,109830,true,-1,3229948,Pittsburgh Pirates,away,BUY,0.47,0.53,98,46.06,-98,-46.06,0xfb2786c881cd3c20ac41b0d8123e1f91e8b57e4bc405b3a963c75405af5d67e6,eeed519693999e13fea4c1f8100379e345ef9d1f36d0fecf96d74db70b106941,1614997:2026-08-04T17:10:24+00:00,3,3,-294,-138.18,-1,1,,,,,,,,,,,,,,,,,,,,,,,,,,,,sharp:0265,12878.503656,rn1:0070,3,rn1:0074,2,true,2026-08-04T17:10:23+00:00,1,0.5,0xc18bbffe8f28031e89baaaef209b65b869a4e46b0623a7ea9dc5ce9e698ba06b,true,true,true,true,,0.03,,true,true,1,2026-08-04T17:10:26+00:00,2,0.53,0.03,0x1ae7a25b60152565c737459eed8b2bd923413f0805ef85bc184e75f35f340502,2026-08-04T17:10:26+00:00,2,8,0.53,0.03,0x1ae7a25b60152565c737459eed8b2bd923413f0805ef85bc184e75f35f340502,0.53,0.53,0,false,true,true,true,true,true,10,2026-08-04T17:10:26+00:00,2,0.53,0.03,0x1ae7a25b60152565c737459eed8b2bd923413f0805ef85bc184e75f35f340502,2026-08-04T17:10:44+00:00,20,10,0.5,0,0x4b392033bbb883a7554568ec4dd08a20b1c15bc6764fdc74fc523266aaf547fc,0.5,0.53,0.03,false,true,true,true,true,true,10,2026-08-04T17:10:26+00:00,2,0.53,0.03,0x1ae7a25b60152565c737459eed8b2bd923413f0805ef85bc184e75f35f340502,2026-08-04T17:10:44+00:00,20,40,0.5,0,0x4b392033bbb883a7554568ec4dd08a20b1c15bc6764fdc74fc523266aaf547fc,0.5,0.53,0.03,false,false,false,true,true,true,45,2026-08-04T17:10:26+00:00,2,0.53,0.03,0x1ae7a25b60152565c737459eed8b2bd923413f0805ef85bc184e75f35f340502,2026-08-04T17:12:17+00:00,113,187,0.5,0,0xc665189b9e4fc598120c0af525a18c7c01ebf1be47f005e1b0089f2c5156407f,0.5,0.53,0.03,false,false,false,false
H2-v1-EVENT-M5,H2-v1,rn1:0074,rn1,74,1614997,0xeb6b5b543f3b93fc99f0913e144b55d57e7fa24f9594489b519b6c3487d4189c,mlb-pit-mil-2026-08-05,Milwaukee Brewers,Pittsburgh Pirates,2026-08-05T23:40:54+00:00,2026-08-04T17:10:26+00:00,109828,true,-1,3229948,Pittsburgh Pirates,away,BUY,0.47,0.53,98,46.06,-98,-46.06,0x1ae7a25b60152565c737459eed8b2bd923413f0805ef85bc184e75f35f340502,c2affe03f9ee32234a23fc3f269f9aebd027374ab21d8c1cc8cdced57418d510,1614997:2026-08-04T17:10:26+00:00,1,1,-98,-46.06,-1,1,,,,,,,,,,,,,,,,,,,,,,,,,,,,sharp:0265,12876.503656,rn1:0073,2,rn1:0075,70,true,2026-08-04T17:10:24+00:00,2,0.53,0xfb2786c881cd3c20ac41b0d8123e1f91e8b57e4bc405b3a963c75405af5d67e6,true,true,true,true,,0,,true,false,0,,,,,,,,,,,,,,,false,false,false,false,true,true,9,2026-08-04T17:10:39+00:00,13,0.5,-0.03,0x91275df5c72fb426bbd3c85c50a5ff9f5abbbb6d5d8cd4a879f762aaa91b466d,2026-08-04T17:10:44+00:00,18,12,0.5,-0.03,0x4b392033bbb883a7554568ec4dd08a20b1c15bc6764fdc74fc523266aaf547fc,0.5,0.5,0,false,true,true,true,true,true,9,2026-08-04T17:10:39+00:00,13,0.5,-0.03,0x91275df5c72fb426bbd3c85c50a5ff9f5abbbb6d5d8cd4a879f762aaa91b466d,2026-08-04T17:10:44+00:00,18,42,0.5,-0.03,0x4b392033bbb883a7554568ec4dd08a20b1c15bc6764fdc74fc523266aaf547fc,0.5,0.5,0,false,false,false,true,true,true,44,2026-08-04T17:10:39+00:00,13,0.5,-0.03,0x91275df5c72fb426bbd3c85c50a5ff9f5abbbb6d5d8cd4a879f762aaa91b466d,2026-08-04T17:12:17+00:00,111,189,0.5,-0.03,0xc665189b9e4fc598120c0af525a18c7c01ebf1be47f005e1b0089f2c5156407f,0.5,0.53,0.03,false,false,false,false
H2-v1-EVENT-M5,H2-v1,rn1:0075,rn1,75,1614997,0xeb6b5b543f3b93fc99f0913e144b55d57e7fa24f9594489b519b6c3487d4189c,mlb-pit-mil-2026-08-05,Milwaukee Brewers,Pittsburgh Pirates,2026-08-05T23:40:54+00:00,2026-08-04T17:11:36+00:00,109758,true,-1,3229948,Pittsburgh Pirates,away,BUY,0.47,0.53,98,46.06,-98,-46.06,0x9db162e2ef8e62c92b9e8adaf9c044a8a6093716d978fce13f6713dff10c3984,59d736b21adaca156f78a0d5e93983b39ebb118685bfcbbacae70f994b84c8c5,1614997:2026-08-04T17:11:36+00:00,1,1,-98,-46.06,-1,1,,,,,,,,,,,,,,,,,,,,,,,,,,,,sharp:0265,12806.503656,rn1:0074,70,rn1:0076,2,true,2026-08-04T17:10:44+00:00,52,0.5,0x4b392033bbb883a7554568ec4dd08a20b1c15bc6764fdc74fc523266aaf547fc,false,true,true,true,,0.03,,true,true,18,2026-08-04T17:11:38+00:00,2,0.53,0.03,0x46550b8f20db5667724f13d766fd9ae0f6889a74fa783c2feb534b8a2bae5af0,2026-08-04T17:11:45+00:00,9,1,0.53,0.03,0xd6d030169eaa769ce050b2d94131fd1263b61e8f6283ed8801a6159b41ef5974,0.5,0.53,0.03,true,true,true,true,true,true,29,2026-08-04T17:11:38+00:00,2,0.53,0.03,0x46550b8f20db5667724f13d766fd9ae0f6889a74fa783c2feb534b8a2bae5af0,2026-08-04T17:11:50+00:00,14,16,0.5,0,0xa651aa40d6d33c76e88f46400215103a44c103c6ed21db42b50f1b6a30a6fed7,0.5,0.53,0.03,false,false,true,true,true,true,34,2026-08-04T17:11:38+00:00,2,0.53,0.03,0x46550b8f20db5667724f13d766fd9ae0f6889a74fa783c2feb534b8a2bae5af0,2026-08-04T17:12:17+00:00,41,19,0.5,0,0xc665189b9e4fc598120c0af525a18c7c01ebf1be47f005e1b0089f2c5156407f,0.5,0.53,0.03,false,false,true,true,true,true,34,2026-08-04T17:11:38+00:00,2,0.53,0.03,0x46550b8f20db5667724f13d766fd9ae0f6889a74fa783c2feb534b8a2bae5af0,2026-08-04T17:12:17+00:00,41,259,0.5,0,0xc665189b9e4fc598120c0af525a18c7c01ebf1be47f005e1b0089f2c5156407f,0.5,0.53,0.03,false,false,false,false
H2-v1-EVENT-M5,H2-v1,rn1:0076,rn1,76,1614997,0xeb6b5b543f3b93fc99f0913e144b55d57e7fa24f9594489b519b6c3487d4189c,mlb-pit-mil-2026-08-05,Milwaukee Brewers,Pittsburgh Pirates,2026-08-05T23:40:54+00:00,2026-08-04T17:11:38+00:00,109756,true,-1,3229948,Pittsburgh Pirates,away,BUY,0.47,0.53,98,46.06,-98,-46.06,0x46550b8f20db5667724f13d766fd9ae0f6889a74fa783c2feb534b8a2bae5af0,0f8e981052855dc5150854341dcb09f3a2a4af9e3686414446616e1200e43cc4,1614997:2026-08-04T17:11:38+00:00,2,1,-196,-92.12,-1,1,,,,,,,,,,,,,,,,,,,,,,,,,,,,sharp:0265,12804.503656,rn1:0075,2,rn1:0079,1,true,2026-08-04T17:11:36+00:00,2,0.53,0x9db162e2ef8e62c92b9e8adaf9c044a8a6093716d978fce13f6713dff10c3984,true,true,true,true,,0,,true,true,24,2026-08-04T17:11:39+00:00,1,0.5100000851,-0.0199999149,0x3cfe0dd2de9833e482a1b064b71059b63062820b413c792072d879c79ab7add6,2026-08-04T17:11:48+00:00,10,0,0.5,-0.03,0x97913c12b16ce664673f58af9c90a662283eea118e30c1d7e585793e75e9fe47,0.5,0.53,0.03,true,true,true,true,true,true,27,2026-08-04T17:11:39+00:00,1,0.5100000851,-0.0199999149,0x3cfe0dd2de9833e482a1b064b71059b63062820b413c792072d879c79ab7add6,2026-08-04T17:11:50+00:00,12,18,0.5,-0.03,0xa651aa40d6d33c76e88f46400215103a44c103c6ed21db42b50f1b6a30a6fed7,0.5,0.53,0.03,false,false,true,true,true,true,32,2026-08-04T17:11:39+00:00,1,0.5100000851,-0.0199999149,0x3cfe0dd2de9833e482a1b064b71059b63062820b413c792072d879c79ab7add6,2026-08-04T17:12:17+00:00,39,21,0.5,-0.03,0xc665189b9e4fc598120c0af525a18c7c01ebf1be47f005e1b0089f2c5156407f,0.5,0.53,0.03,false,false,true,true,true,true,32,2026-08-04T17:11:39+00:00,1,0.5100000851,-0.0199999149,0x3cfe0dd2de9833e482a1b064b71059b63062820b413c792072d879c79ab7add6,2026-08-04T17:12:17+00:00,39,261,0.5,-0.03,0xc665189b9e4fc598120c0af525a18c7c01ebf1be47f005e1b0089f2c5156407f,0.5,0.53,0.03,false,false,false,false
H2-v1-EVENT-M5,H2-v1,rn1:0077,rn1,77,1614997,0xeb6b5b543f3b93fc99f0913e144b55d57e7fa24f9594489b519b6c3487d4189c,mlb-pit-mil-2026-08-05,Milwaukee Brewers,Pittsburgh Pirates,2026-08-05T23:40:54+00:00,2026-08-04T17:11:38+00:00,109756,true,-1,3229948,Pittsburgh Pirates,away,BUY,0.47,0.53,98,46.06,-98,-46.06,0x8c4236af3d153f5190f7aec4674d6a7518925cf9c822b2fe6aa5c6f873ab92e5,33accaf536a056eb32f28f99147c7bc308101f4cd70010ba6bf7f50c51005a76,1614997:2026-08-04T17:11:38+00:00,2,2,-196,-92.12,-1,1,,,,,,,,,,,,,,,,,,,,,,,,,,,,sharp:0265,12804.503656,rn1:0075,2,rn1:0079,1,true,2026-08-04T17:11:36+00:00,2,0.53,0x9db162e2ef8e62c92b9e8adaf9c044a8a6093716d978fce13f6713dff10c3984,true,true,true,true,,0,,true,true,24,2026-08-04T17:11:39+00:00,1,0.5100000851,-0.0199999149,0x3cfe0dd2de9833e482a1b064b71059b63062820b413c792072d879c79ab7add6,2026-08-04T17:11:48+00:00,10,0,0.5,-0.03,0x97913c12b16ce664673f58af9c90a662283eea118e30c1d7e585793e75e9fe47,0.5,0.53,0.03,true,true,true,true,true,true,27,2026-08-04T17:11:39+00:00,1,0.5100000851,-0.0199999149,0x3cfe0dd2de9833e482a1b064b71059b63062820b413c792072d879c79ab7add6,2026-08-04T17:11:50+00:00,12,18,0.5,-0.03,0xa651aa40d6d33c76e88f46400215103a44c103c6ed21db42b50f1b6a30a6fed7,0.5,0.53,0.03,false,false,true,true,true,true,32,2026-08-04T17:11:39+00:00,1,0.5100000851,-0.0199999149,0x3cfe0dd2de9833e482a1b064b71059b63062820b413c792072d879c79ab7add6,2026-08-04T17:12:17+00:00,39,21,0.5,-0.03,0xc665189b9e4fc598120c0af525a18c7c01ebf1be47f005e1b0089f2c5156407f,0.5,0.53,0.03,false,false,true,true,true,true,32,2026-08-04T17:11:39+00:00,1,0.5100000851,-0.0199999149,0x3cfe0dd2de9833e482a1b064b71059b63062820b413c792072d879c79ab7add6,2026-08-04T17:12:17+00:00,39,261,0.5,-0.03,0xc665189b9e4fc598120c0af525a18c7c01ebf1be47f005e1b0089f2c5156407f,0.5,0.53,0.03,false,false,false,false
H2-v1-EVENT-M5,H2-v1,rn1:0078,rn1,78,1614997,0xeb6b5b543f3b93fc99f0913e144b55d57e7fa24f9594489b519b6c3487d4189c,mlb-pit-mil-2026-08-05,Milwaukee Brewers,Pittsburgh Pirates,2026-08-05T23:40:54+00:00,2026-08-04T17:11:39+00:00,109755,true,-1,3229948,Pittsburgh Pirates,away,BUY,0.47,0.53,98,46.06,-98,-46.06,0xf4fb6cf4d0cb69f726daa0e06c2ef190318ea256bd69923d24203fe46ca9e180,c7e923fa44e51048cfa6c73062e37fca23e1d842b70188bdc948772f06c87ed1,1614997:2026-08-04T17:11:39+00:00,2,2,-196,-92.12,-1,1,,,,,,,,,,,,,,,,,,,,,,,,,,,,sharp:0265,12803.503656,rn1:0077,1,rn1:0080,2,true,2026-08-04T17:11:38+00:00,1,0.53,0x8c4236af3d153f5190f7aec4674d6a7518925cf9c822b2fe6aa5c6f873ab92e5,true,true,true,true,,0,,true,true,21,2026-08-04T17:11:41+00:00,2,0.53,0,0x4b0db4544bf606435f8d5322a26c232f3ac3cb0af0696318cb2ad96f4bd2bd84,2026-08-04T17:11:48+00:00,9,1,0.5,-0.03,0x97913c12b16ce664673f58af9c90a662283eea118e30c1d7e585793e75e9fe47,0.5,0.53,0.03,true,true,true,true,true,true,24,2026-08-04T17:11:41+00:00,2,0.53,0,0x4b0db4544bf606435f8d5322a26c232f3ac3cb0af0696318cb2ad96f4bd2bd84,2026-08-04T17:11:50+00:00,11,19,0.5,-0.03,0xa651aa40d6d33c76e88f46400215103a44c103c6ed21db42b50f1b6a30a6fed7,0.5,0.53,0.03,false,false,true,true,true,true,29,2026-08-04T17:11:41+00:00,2,0.53,0,0x4b0db4544bf606435f8d5322a26c232f3ac3cb0af0696318cb2ad96f4bd2bd84,2026-08-04T17:12:17+00:00,38,22,0.5,-0.03,0xc665189b9e4fc598120c0af525a18c7c01ebf1be47f005e1b0089f2c5156407f,0.5,0.53,0.03,false,false,true,true,true,true,29,2026-08-04T17:11:41+00:00,2,0.53,0,0x4b0db4544bf606435f8d5322a26c232f3ac3cb0af0696318cb2ad96f4bd2bd84,2026-08-04T17:12:17+00:00,38,262,0.5,-0.03,0xc665189b9e4fc598120c0af525a18c7c01ebf1be47f005e1b0089f2c5156407f,0.5,0.53,0.03,false,false,false,false
H2-v1-EVENT-M5,H2-v1,rn1:0079,rn1,79,1614997,0xeb6b5b543f3b93fc99f0913e144b55d57e7fa24f9594489b519b6c3487d4189c,mlb-pit-mil-2026-08-05,Milwaukee Brewers,Pittsburgh Pirates,2026-08-05T23:40:54+00:00,2026-08-04T17:11:39+00:00,109755,true,-1,3229948,Pittsburgh Pirates,away,BUY,0.47,0.53,98,46.06,-98,-46.06,0xb07cf735385138f63673fcc0011139293c2c7880e4d00955561174fe0aa0a2a0,cd915811b3f48ff24a1011ed2921f7205514f7cccb1f72d6b9de5e2529e32848,1614997:2026-08-04T17:11:39+00:00,2,1,-196,-92.12,-1,1,,,,,,,,,,,,,,,,,,,,,,,,,,,,sharp:0265,12803.503656,rn1:0077,1,rn1:0080,2,true,2026-08-04T17:11:38+00:00,1,0.53,0x8c4236af3d153f5190f7aec4674d6a7518925cf9c822b2fe6aa5c6f873ab92e5,true,true,true,true,,0,,true,true,21,2026-08-04T17:11:41+00:00,2,0.53,0,0x4b0db4544bf606435f8d5322a26c232f3ac3cb0af0696318cb2ad96f4bd2bd84,2026-08-04T17:11:48+00:00,9,1,0.5,-0.03,0x97913c12b16ce664673f58af9c90a662283eea118e30c1d7e585793e75e9fe47,0.5,0.53,0.03,true,true,true,true,true,true,24,2026-08-04T17:11:41+00:00,2,0.53,0,0x4b0db4544bf606435f8d5322a26c232f3ac3cb0af0696318cb2ad96f4bd2bd84,2026-08-04T17:11:50+00:00,11,19,0.5,-0.03,0xa651aa40d6d33c76e88f46400215103a44c103c6ed21db42b50f1b6a30a6fed7,0.5,0.53,0.03,false,false,true,true,true,true,29,2026-08-04T17:11:41+00:00,2,0.53,0,0x4b0db4544bf606435f8d5322a26c232f3ac3cb0af0696318cb2ad96f4bd2bd84,2026-08-04T17:12:17+00:00,38,22,0.5,-0.03,0xc665189b9e4fc598120c0af525a18c7c01ebf1be47f005e1b0089f2c5156407f,0.5,0.53,0.03,false,false,true,true,true,true,29,2026-08-04T17:11:41+00:00,2,0.53,0,0x4b0db4544bf606435f8d5322a26c232f3ac3cb0af0696318cb2ad96f4bd2bd84,2026-08-04T17:12:17+00:00,38,262,0.5,-0.03,0xc665189b9e4fc598120c0af525a18c7c01ebf1be47f005e1b0089f2c5156407f,0.5,0.53,0.03,false,false,false,false
H2-v1-EVENT-M5,H2-v1,rn1:0080,rn1,80,1614997,0xeb6b5b543f3b93fc99f0913e144b55d57e7fa24f9594489b519b6c3487d4189c,mlb-pit-mil-2026-08-05,Milwaukee Brewers,Pittsburgh Pirates,2026-08-05T23:40:54+00:00,2026-08-04T17:11:41+00:00,109753,true,-1,3229948,Pittsburgh Pirates,away,BUY,0.47,0.53,98,46.06,-98,-46.06,0x4b0db4544bf606435f8d5322a26c232f3ac3cb0af0696318cb2ad96f4bd2bd84,2f1367091ec278e4f3ab6351a7742154d1a0c88cdfae490795df02e39f9fa752,1614997:2026-08-04T17:11:41+00:00,2,1,-196,-92.12,-1,1,,,,,,,,,,,,,,,,,,,,,,,,,,,,sharp:0265,12801.503656,rn1:0078,2,rn1:0082,1,true,2026-08-04T17:11:39+00:00,2,0.53,0xf4fb6cf4d0cb69f726daa0e06c2ef190318ea256bd69923d24203fe46ca9e180,true,true,true,true,,0,,true,true,21,2026-08-04T17:11:42+00:00,1,0.53,0,0x3a0d0868b0ee90a60ddfa8bc7738a0e0bb77c236fdf31573045d428b9aaf98c0,2026-08-04T17:11:50+00:00,9,1,0.5,-0.03,0xa651aa40d6d33c76e88f46400215103a44c103c6ed21db42b50f1b6a30a6fed7,0.5,0.53,0.03,true,true,true,true,true,true,21,2026-08-04T17:11:42+00:00,1,0.53,0,0x3a0d0868b0ee90a60ddfa8bc7738a0e0bb77c236fdf31573045d428b9aaf98c0,2026-08-04T17:11:50+00:00,9,21,0.5,-0.03,0xa651aa40d6d33c76e88f46400215103a44c103c6ed21db42b50f1b6a30a6fed7,0.5,0.53,0.03,false,false,true,true,true,true,26,2026-08-04T17:11:42+00:00,1,0.53,0,0x3a0d0868b0ee90a60ddfa8bc7738a0e0bb77c236fdf31573045d428b9aaf98c0,2026-08-04T17:12:17+00:00,36,24,0.5,-0.03,0xc665189b9e4fc598120c0af525a18c7c01ebf1be47f005e1b0089f2c5156407f,0.5,0.53,0.03,false,false,true,true,true,true,26,2026-08-04T17:11:42+00:00,1,0.53,0,0x3a0d0868b0ee90a60ddfa8bc7738a0e0bb77c236fdf31573045d428b9aaf98c0,2026-08-04T17:12:17+00:00,36,264,0.5,-0.03,0xc665189b9e4fc598120c0af525a18c7c01ebf1be47f005e1b0089f2c5156407f,0.5,0.53,0.03,false,false,false,false
H2-v1-EVENT-M5,H2-v1,rn1:0081,rn1,81,1614997,0xeb6b5b543f3b93fc99f0913e144b55d57e7fa24f9594489b519b6c3487d4189c,mlb-pit-mil-2026-08-05,Milwaukee Brewers,Pittsburgh Pirates,2026-08-05T23:40:54+00:00,2026-08-04T17:11:41+00:00,109753,true,-1,3229948,Pittsburgh Pirates,away,BUY,0.47,0.53,98,46.06,-98,-46.06,0x5f341a8757086397410e7fa29d294ffc35783118cfc80590680ef684d3ae1b53,96df307ca5f4bf3ed8f22c57c357ad2087324213b9939922649ec934c053760c,1614997:2026-08-04T17:11:41+00:00,2,2,-196,-92.12,-1,1,,,,,,,,,,,,,,,,,,,,,,,,,,,,sharp:0265,12801.503656,rn1:0078,2,rn1:0082,1,true,2026-08-04T17:11:39+00:00,2,0.53,0xf4fb6cf4d0cb69f726daa0e06c2ef190318ea256bd69923d24203fe46ca9e180,true,true,true,true,,0,,true,true,21,2026-08-04T17:11:42+00:00,1,0.53,0,0x3a0d0868b0ee90a60ddfa8bc7738a0e0bb77c236fdf31573045d428b9aaf98c0,2026-08-04T17:11:50+00:00,9,1,0.5,-0.03,0xa651aa40d6d33c76e88f46400215103a44c103c6ed21db42b50f1b6a30a6fed7,0.5,0.53,0.03,true,true,true,true,true,true,21,2026-08-04T17:11:42+00:00,1,0.53,0,0x3a0d0868b0ee90a60ddfa8bc7738a0e0bb77c236fdf31573045d428b9aaf98c0,2026-08-04T17:11:50+00:00,9,21,0.5,-0.03,0xa651aa40d6d33c76e88f46400215103a44c103c6ed21db42b50f1b6a30a6fed7,0.5,0.53,0.03,false,false,true,true,true,true,26,2026-08-04T17:11:42+00:00,1,0.53,0,0x3a0d0868b0ee90a60ddfa8bc7738a0e0bb77c236fdf31573045d428b9aaf98c0,2026-08-04T17:12:17+00:00,36,24,0.5,-0.03,0xc665189b9e4fc598120c0af525a18c7c01ebf1be47f005e1b0089f2c5156407f,0.5,0.53,0.03,false,false,true,true,true,true,26,2026-08-04T17:11:42+00:00,1,0.53,0,0x3a0d0868b0ee90a60ddfa8bc7738a0e0bb77c236fdf31573045d428b9aaf98c0,2026-08-04T17:12:17+00:00,36,264,0.5,-0.03,0xc665189b9e4fc598120c0af525a18c7c01ebf1be47f005e1b0089f2c5156407f,0.5,0.53,0.03,false,false,false,false
H2-v1-EVENT-M5,H2-v1,rn1:0082,rn1,82,1614997,0xeb6b5b543f3b93fc99f0913e144b55d57e7fa24f9594489b519b6c3487d4189c,mlb-pit-mil-2026-08-05,Milwaukee Brewers,Pittsburgh Pirates,2026-08-05T23:40:54+00:00,2026-08-04T17:11:42+00:00,109752,true,-1,3229948,Pittsburgh Pirates,away,BUY,0.47,0.53,98,46.06,-98,-46.06,0x3a0d0868b0ee90a60ddfa8bc7738a0e0bb77c236fdf31573045d428b9aaf98c0,6a96881b96bd2770b40bc8f8b7773d251ec0e40f7d7b61634c4a464508c08e15,1614997:2026-08-04T17:11:42+00:00,3,1,-294,-138.18,-1,1,,,,,,,,,,,,,,,,,,,,,,,,,,,,sharp:0265,12800.503656,rn1:0081,1,rn1:0085,2,true,2026-08-04T17:11:41+00:00,1,0.5100000131,0x8e8de1028c1f23d844bffe4757c51a37d0b87d85c3c674991d489de3de5dd1e7,true,true,true,true,,0.0199999869,,true,true,18,2026-08-04T17:11:44+00:00,2,0.53,0.0199999869,0x73b05f4dba7c5f61251293e67feede66253f01ee631b2fd4dad632cff6bc782c,2026-08-04T17:11:50+00:00,8,2,0.5,-0.0100000131,0xa651aa40d6d33c76e88f46400215103a44c103c6ed21db42b50f1b6a30a6fed7,0.5,0.53,0.03,true,true,true,true,true,true,18,2026-08-04T17:11:44+00:00,2,0.53,0.0199999869,0x73b05f4dba7c5f61251293e67feede66253f01ee631b2fd4dad632cff6bc782c,2026-08-04T17:11:50+00:00,8,22,0.5,-0.0100000131,0xa651aa40d6d33c76e88f46400215103a44c103c6ed21db42b50f1b6a30a6fed7,0.5,0.53,0.03,false,false,true,true,true,true,23,2026-08-04T17:11:44+00:00,2,0.53,0.0199999869,0x73b05f4dba7c5f61251293e67feede66253f01ee631b2fd4dad632cff6bc782c,2026-08-04T17:12:17+00:00,35,25,0.5,-0.0100000131,0xc665189b9e4fc598120c0af525a18c7c01ebf1be47f005e1b0089f2c5156407f,0.5,0.53,0.03,false,false,true,true,true,true,23,2026-08-04T17:11:44+00:00,2,0.53,0.0199999869,0x73b05f4dba7c5f61251293e67feede66253f01ee631b2fd4dad632cff6bc782c,2026-08-04T17:12:17+00:00,35,265,0.5,-0.0100000131,0xc665189b9e4fc598120c0af525a18c7c01ebf1be47f005e1b0089f2c5156407f,0.5,0.53,0.03,false,false,false,false
H2-v1-EVENT-M5,H2-v1,rn1:0083,rn1,83,1614997,0xeb6b5b543f3b93fc99f0913e144b55d57e7fa24f9594489b519b6c3487d4189c,mlb-pit-mil-2026-08-05,Milwaukee Brewers,Pittsburgh Pirates,2026-08-05T23:40:54+00:00,2026-08-04T17:11:42+00:00,109752,true,-1,3229948,Pittsburgh Pirates,away,BUY,0.47,0.53,98,46.06,-98,-46.06,0xa0a3b5406b413234542ec79524046cac2086aad3971af8466fed778bdeaaa602,7c49ff3e1edb1e0ecdd24365fe06d0a9e5f2870a3f547da4da77d7429635ffcb,1614997:2026-08-04T17:11:42+00:00,3,3,-294,-138.18,-1,1,,,,,,,,,,,,,,,,,,,,,,,,,,,,sharp:0265,12800.503656,rn1:0081,1,rn1:0085,2,true,2026-08-04T17:11:41+00:00,1,0.5100000131,0x8e8de1028c1f23d844bffe4757c51a37d0b87d85c3c674991d489de3de5dd1e7,true,true,true,true,,0.0199999869,,true,true,18,2026-08-04T17:11:44+00:00,2,0.53,0.0199999869,0x73b05f4dba7c5f61251293e67feede66253f01ee631b2fd4dad632cff6bc782c,2026-08-04T17:11:50+00:00,8,2,0.5,-0.0100000131,0xa651aa40d6d33c76e88f46400215103a44c103c6ed21db42b50f1b6a30a6fed7,0.5,0.53,0.03,true,true,true,true,true,true,18,2026-08-04T17:11:44+00:00,2,0.53,0.0199999869,0x73b05f4dba7c5f61251293e67feede66253f01ee631b2fd4dad632cff6bc782c,2026-08-04T17:11:50+00:00,8,22,0.5,-0.0100000131,0xa651aa40d6d33c76e88f46400215103a44c103c6ed21db42b50f1b6a30a6fed7,0.5,0.53,0.03,false,false,true,true,true,true,23,2026-08-04T17:11:44+00:00,2,0.53,0.0199999869,0x73b05f4dba7c5f61251293e67feede66253f01ee631b2fd4dad632cff6bc782c,2026-08-04T17:12:17+00:00,35,25,0.5,-0.0100000131,0xc665189b9e4fc598120c0af525a18c7c01ebf1be47f005e1b0089f2c5156407f,0.5,0.53,0.03,false,false,true,true,true,true,23,2026-08-04T17:11:44+00:00,2,0.53,0.0199999869,0x73b05f4dba7c5f61251293e67feede66253f01ee631b2fd4dad632cff6bc782c,2026-08-04T17:12:17+00:00,35,265,0.5,-0.0100000131,0xc665189b9e4fc598120c0af525a18c7c01ebf1be47f005e1b0089f2c5156407f,0.5,0.53,0.03,false,false,false,false
H2-v1-EVENT-M5,H2-v1,rn1:0084,rn1,84,1614997,0xeb6b5b543f3b93fc99f0913e144b55d57e7fa24f9594489b519b6c3487d4189c,mlb-pit-mil-2026-08-05,Milwaukee Brewers,Pittsburgh Pirates,2026-08-05T23:40:54+00:00,2026-08-04T17:11:42+00:00,109752,true,-1,3229948,Pittsburgh Pirates,away,BUY,0.47,0.53,98,46.06,-98,-46.06,0x57bf942ba879af6f3d234358ebdac28483db1eac1001bb9fe0ee9568af9fdff2,e8470cddcaeb40db22d810779a841a29180f9bee6b1a311506a6f5ac63d150f8,1614997:2026-08-04T17:11:42+00:00,3,2,-294,-138.18,-1,1,,,,,,,,,,,,,,,,,,,,,,,,,,,,sharp:0265,12800.503656,rn1:0081,1,rn1:0085,2,true,2026-08-04T17:11:41+00:00,1,0.5100000131,0x8e8de1028c1f23d844bffe4757c51a37d0b87d85c3c674991d489de3de5dd1e7,true,true,true,true,,0.0199999869,,true,true,18,2026-08-04T17:11:44+00:00,2,0.53,0.0199999869,0x73b05f4dba7c5f61251293e67feede66253f01ee631b2fd4dad632cff6bc782c,2026-08-04T17:11:50+00:00,8,2,0.5,-0.0100000131,0xa651aa40d6d33c76e88f46400215103a44c103c6ed21db42b50f1b6a30a6fed7,0.5,0.53,0.03,true,true,true,true,true,true,18,2026-08-04T17:11:44+00:00,2,0.53,0.0199999869,0x73b05f4dba7c5f61251293e67feede66253f01ee631b2fd4dad632cff6bc782c,2026-08-04T17:11:50+00:00,8,22,0.5,-0.0100000131,0xa651aa40d6d33c76e88f46400215103a44c103c6ed21db42b50f1b6a30a6fed7,0.5,0.53,0.03,false,false,true,true,true,true,23,2026-08-04T17:11:44+00:00,2,0.53,0.0199999869,0x73b05f4dba7c5f61251293e67feede66253f01ee631b2fd4dad632cff6bc782c,2026-08-04T17:12:17+00:00,35,25,0.5,-0.0100000131,0xc665189b9e4fc598120c0af525a18c7c01ebf1be47f005e1b0089f2c5156407f,0.5,0.53,0.03,false,false,true,true,true,true,23,2026-08-04T17:11:44+00:00,2,0.53,0.0199999869,0x73b05f4dba7c5f61251293e67feede66253f01ee631b2fd4dad632cff6bc782c,2026-08-04T17:12:17+00:00,35,265,0.5,-0.0100000131,0xc665189b9e4fc598120c0af525a18c7c01ebf1be47f005e1b0089f2c5156407f,0.5,0.53,0.03,false,false,false,false
H2-v1-EVENT-M5,H2-v1,rn1:0085,rn1,85,1614997,0xeb6b5b543f3b93fc99f0913e144b55d57e7fa24f9594489b519b6c3487d4189c,mlb-pit-mil-2026-08-05,Milwaukee Brewers,Pittsburgh Pirates,2026-08-05T23:40:54+00:00,2026-08-04T17:11:44+00:00,109750,true,-1,3229948,Pittsburgh Pirates,away,BUY,0.47,0.53,98,46.06,-98,-46.06,0x73b05f4dba7c5f61251293e67feede66253f01ee631b2fd4dad632cff6bc782c,a600184e2bc4a18d1686079852a2836d5f74cfd9a118cc5061543f471d278717,1614997:2026-08-04T17:11:44+00:00,1,1,-98,-46.06,-1,1,,,,,,,,,,,,,,,,,,,,,,,,,,,,sharp:0265,12798.503656,rn1:0083,2,rn1:0086,1,true,2026-08-04T17:11:42+00:00,2,0.53,0xa0a3b5406b413234542ec79524046cac2086aad3971af8466fed778bdeaaa602,true,true,true,true,,0,,true,true,17,2026-08-04T17:11:45+00:00,1,0.53,0,0x08d981bc6d2b09ef09cff688c40792fc018a0c30e96faf14f7cefcea368476b5,2026-08-04T17:11:50+00:00,6,4,0.5,-0.03,0xa651aa40d6d33c76e88f46400215103a44c103c6ed21db42b50f1b6a30a6fed7,0.5,0.53,0.03,true,true,true,true,true,true,17,2026-08-04T17:11:45+00:00,1,0.53,0,0x08d981bc6d2b09ef09cff688c40792fc018a0c30e96faf14f7cefcea368476b5,2026-08-04T17:11:50+00:00,6,24,0.5,-0.03,0xa651aa40d6d33c76e88f46400215103a44c103c6ed21db42b50f1b6a30a6fed7,0.5,0.53,0.03,false,false,true,true,true,true,22,2026-08-04T17:11:45+00:00,1,0.53,0,0x08d981bc6d2b09ef09cff688c40792fc018a0c30e96faf14f7cefcea368476b5,2026-08-04T17:12:17+00:00,33,27,0.5,-0.03,0xc665189b9e4fc598120c0af525a18c7c01ebf1be47f005e1b0089f2c5156407f,0.5,0.53,0.03,false,false,true,true,true,true,22,2026-08-04T17:11:45+00:00,1,0.53,0,0x08d981bc6d2b09ef09cff688c40792fc018a0c30e96faf14f7cefcea368476b5,2026-08-04T17:12:17+00:00,33,267,0.5,-0.03,0xc665189b9e4fc598120c0af525a18c7c01ebf1be47f005e1b0089f2c5156407f,0.5,0.53,0.03,false,false,false,false
H2-v1-EVENT-M5,H2-v1,rn1:0086,rn1,86,1614997,0xeb6b5b543f3b93fc99f0913e144b55d57e7fa24f9594489b519b6c3487d4189c,mlb-pit-mil-2026-08-05,Milwaukee Brewers,Pittsburgh Pirates,2026-08-05T23:40:54+00:00,2026-08-04T17:11:45+00:00,109749,true,-1,3229948,Pittsburgh Pirates,away,BUY,0.47,0.53,98,46.06,-98,-46.06,0x08d981bc6d2b09ef09cff688c40792fc018a0c30e96faf14f7cefcea368476b5,2c84f6b5650dfd86ba950586563f2d8c7150f9ec50443ab0c0aaba38f47eea29,1614997:2026-08-04T17:11:45+00:00,3,1,-294,-138.18,-1,1,,,,,,,,,,,,,,,,,,,,,,,,,,,,sharp:0265,12797.503656,rn1:0085,1,rn1:0090,2,true,2026-08-04T17:11:44+00:00,1,0.53,0x73b05f4dba7c5f61251293e67feede66253f01ee631b2fd4dad632cff6bc782c,true,true,true,true,,0,,true,true,11,2026-08-04T17:11:47+00:00,2,0.5,-0.03,0x2a5aebe71373db403eb6a4e79cf91249cfd8685b419cda160dc8216dba859029,2026-08-04T17:11:50+00:00,5,5,0.5,-0.03,0xa651aa40d6d33c76e88f46400215103a44c103c6ed21db42b50f1b6a30a6fed7,0.5,0.53,0.03,true,true,true,true,true,true,12,2026-08-04T17:11:47+00:00,2,0.5,-0.03,0x2a5aebe71373db403eb6a4e79cf91249cfd8685b419cda160dc8216dba859029,2026-08-04T17:12:15+00:00,30,0,0.5,-0.03,0x8cb470f1e33a5d3fc6470051303189171c241dc6b01d37ffeed736c7b2450a40,0.5,0.53,0.03,true,true,true,true,true,true,16,2026-08-04T17:11:47+00:00,2,0.5,-0.03,0x2a5aebe71373db403eb6a4e79cf91249cfd8685b419cda160dc8216dba859029,2026-08-04T17:12:17+00:00,32,28,0.5,-0.03,0xc665189b9e4fc598120c0af525a18c7c01ebf1be47f005e1b0089f2c5156407f,0.5,0.53,0.03,false,false,true,true,true,true,16,2026-08-04T17:11:47+00:00,2,0.5,-0.03,0x2a5aebe71373db403eb6a4e79cf91249cfd8685b419cda160dc8216dba859029,2026-08-04T17:12:17+00:00,32,268,0.5,-0.03,0xc665189b9e4fc598120c0af525a18c7c01ebf1be47f005e1b0089f2c5156407f,0.5,0.53,0.03,false,false,false,false
H2-v1-EVENT-M5,H2-v1,rn1:0087,rn1,87,1614997,0xeb6b5b543f3b93fc99f0913e144b55d57e7fa24f9594489b519b6c3487d4189c,mlb-pit-mil-2026-08-05,Milwaukee Brewers,Pittsburgh Pirates,2026-08-05T23:40:54+00:00,2026-08-04T17:11:45+00:00,109749,true,-1,3229948,Pittsburgh Pirates,away,BUY,0.47,0.53,98,46.06,-98,-46.06,0xa148d0b763e8979db833d31acbf0c0ac318c9371438f7251d748a5826b4f3aa0,aa365e2a57a92a1cab8b6fa01501155661b982c0599f41ce9a9ee4a572fda539,1614997:2026-08-04T17:11:45+00:00,3,2,-294,-138.18,-1,1,,,,,,,,,,,,,,,,,,,,,,,,,,,,sharp:0265,12797.503656,rn1:0085,1,rn1:0090,2,true,2026-08-04T17:11:44+00:00,1,0.53,0x73b05f4dba7c5f61251293e67feede66253f01ee631b2fd4dad632cff6bc782c,true,true,true,true,,0,,true,true,11,2026-08-04T17:11:47+00:00,2,0.5,-0.03,0x2a5aebe71373db403eb6a4e79cf91249cfd8685b419cda160dc8216dba859029,2026-08-04T17:11:50+00:00,5,5,0.5,-0.03,0xa651aa40d6d33c76e88f46400215103a44c103c6ed21db42b50f1b6a30a6fed7,0.5,0.53,0.03,true,true,true,true,true,true,12,2026-08-04T17:11:47+00:00,2,0.5,-0.03,0x2a5aebe71373db403eb6a4e79cf91249cfd8685b419cda160dc8216dba859029,2026-08-04T17:12:15+00:00,30,0,0.5,-0.03,0x8cb470f1e33a5d3fc6470051303189171c241dc6b01d37ffeed736c7b2450a40,0.5,0.53,0.03,true,true,true,true,true,true,16,2026-08-04T17:11:47+00:00,2,0.5,-0.03,0x2a5aebe71373db403eb6a4e79cf91249cfd8685b419cda160dc8216dba859029,2026-08-04T17:12:17+00:00,32,28,0.5,-0.03,0xc665189b9e4fc598120c0af525a18c7c01ebf1be47f005e1b0089f2c5156407f,0.5,0.53,0.03,false,false,true,true,true,true,16,2026-08-04T17:11:47+00:00,2,0.5,-0.03,0x2a5aebe71373db403eb6a4e79cf91249cfd8685b419cda160dc8216dba859029,2026-08-04T17:12:17+00:00,32,268,0.5,-0.03,0xc665189b9e4fc598120c0af525a18c7c01ebf1be47f005e1b0089f2c5156407f,0.5,0.53,0.03,false,false,false,false
H2-v1-EVENT-M5,H2-v1,rn1:0088,rn1,88,1614997,0xeb6b5b543f3b93fc99f0913e144b55d57e7fa24f9594489b519b6c3487d4189c,mlb-pit-mil-2026-08-05,Milwaukee Brewers,Pittsburgh Pirates,2026-08-05T23:40:54+00:00,2026-08-04T17:11:45+00:00,109749,true,-1,3229948,Pittsburgh Pirates,away,BUY,0.47,0.53,98,46.06,-98,-46.06,0xd6d030169eaa769ce050b2d94131fd1263b61e8f6283ed8801a6159b41ef5974,e7ce9754da0c39649313b563b44770f4d69c09f04fe42ada8f24bd63d69aecbd,1614997:2026-08-04T17:11:45+00:00,3,3,-294,-138.18,-1,1,,,,,,,,,,,,,,,,,,,,,,,,,,,,sharp:0265,12797.503656,rn1:0085,1,rn1:0090,2,true,2026-08-04T17:11:44+00:00,1,0.53,0x73b05f4dba7c5f61251293e67feede66253f01ee631b2fd4dad632cff6bc782c,true,true,true,true,,0,,true,true,11,2026-08-04T17:11:47+00:00,2,0.5,-0.03,0x2a5aebe71373db403eb6a4e79cf91249cfd8685b419cda160dc8216dba859029,2026-08-04T17:11:50+00:00,5,5,0.5,-0.03,0xa651aa40d6d33c76e88f46400215103a44c103c6ed21db42b50f1b6a30a6fed7,0.5,0.53,0.03,true,true,true,true,true,true,12,2026-08-04T17:11:47+00:00,2,0.5,-0.03,0x2a5aebe71373db403eb6a4e79cf91249cfd8685b419cda160dc8216dba859029,2026-08-04T17:12:15+00:00,30,0,0.5,-0.03,0x8cb470f1e33a5d3fc6470051303189171c241dc6b01d37ffeed736c7b2450a40,0.5,0.53,0.03,true,true,true,true,true,true,16,2026-08-04T17:11:47+00:00,2,0.5,-0.03,0x2a5aebe71373db403eb6a4e79cf91249cfd8685b419cda160dc8216dba859029,2026-08-04T17:12:17+00:00,32,28,0.5,-0.03,0xc665189b9e4fc598120c0af525a18c7c01ebf1be47f005e1b0089f2c5156407f,0.5,0.53,0.03,false,false,true,true,true,true,16,2026-08-04T17:11:47+00:00,2,0.5,-0.03,0x2a5aebe71373db403eb6a4e79cf91249cfd8685b419cda160dc8216dba859029,2026-08-04T17:12:17+00:00,32,268,0.5,-0.03,0xc665189b9e4fc598120c0af525a18c7c01ebf1be47f005e1b0089f2c5156407f,0.5,0.53,0.03,false,false,false,false
H2-v1-EVENT-M5,H2-v1,rn1:0089,rn1,89,1614997,0xeb6b5b543f3b93fc99f0913e144b55d57e7fa24f9594489b519b6c3487d4189c,mlb-pit-mil-2026-08-05,Milwaukee Brewers,Pittsburgh Pirates,2026-08-05T23:40:54+00:00,2026-08-04T17:11:47+00:00,109747,true,-1,3229948,Pittsburgh Pirates,away,BUY,0.47,0.53,98,46.06,-98,-46.06,0x84d59635172b5044e06cb192ee451800a74b8713cc003a9fe7cd2bb6d8ebd19b,4ff16e04c9dc0581674c49ebc5729fa76b8cd36c84d05bffd6e90aa92bf67977,1614997:2026-08-04T17:11:47+00:00,2,2,-196,-92.12,-1,1,,,,,,,,,,,,,,,,,,,,,,,,,,,,sharp:0265,12795.503656,rn1:0088,2,rn1:0091,541,true,2026-08-04T17:11:45+00:00,2,0.53,0xd6d030169eaa769ce050b2d94131fd1263b61e8f6283ed8801a6159b41ef5974,true,true,true,true,,0,,true,true,6,2026-08-04T17:11:48+00:00,1,0.5,-0.03,0x1b11918402e7b926cf95dae3f2740489354674bbad9acdd24d1327fd60b11321,2026-08-04T17:11:50+00:00,3,7,0.5,-0.03,0xa651aa40d6d33c76e88f46400215103a44c103c6ed21db42b50f1b6a30a6fed7,0.5,0.5,0,false,true,true,true,true,true,11,2026-08-04T17:11:48+00:00,1,0.5,-0.03,0x1b11918402e7b926cf95dae3f2740489354674bbad9acdd24d1327fd60b11321,2026-08-04T17:12:17+00:00,30,0,0.5,-0.03,0xc665189b9e4fc598120c0af525a18c7c01ebf1be47f005e1b0089f2c5156407f,0.5,0.5,0,true,true,true,true,true,true,11,2026-08-04T17:11:48+00:00,1,0.5,-0.03,0x1b11918402e7b926cf95dae3f2740489354674bbad9acdd24d1327fd60b11321,2026-08-04T17:12:17+00:00,30,30,0.5,-0.03,0xc665189b9e4fc598120c0af525a18c7c01ebf1be47f005e1b0089f2c5156407f,0.5,0.5,0,false,false,true,true,true,true,11,2026-08-04T17:11:48+00:00,1,0.5,-0.03,0x1b11918402e7b926cf95dae3f2740489354674bbad9acdd24d1327fd60b11321,2026-08-04T17:12:17+00:00,30,270,0.5,-0.03,0xc665189b9e4fc598120c0af525a18c7c01ebf1be47f005e1b0089f2c5156407f,0.5,0.5,0,false,false,false,false
H2-v1-EVENT-M5,H2-v1,rn1:0090,rn1,90,1614997,0xeb6b5b543f3b93fc99f0913e144b55d57e7fa24f9594489b519b6c3487d4189c,mlb-pit-mil-2026-08-05,Milwaukee Brewers,Pittsburgh Pirates,2026-08-05T23:40:54+00:00,2026-08-04T17:11:47+00:00,109747,true,-1,3229948,Pittsburgh Pirates,away,BUY,0.47,0.53,98,46.06,-98,-46.06,0x33e037039b350947a392d5244bf62ac81eef36384bae9f81460011cef3037bc7,80001b72ddea91037ab3331f6566d046b63ed90dfe6835ba79d5af26aa7c9031,1614997:2026-08-04T17:11:47+00:00,2,1,-196,-92.12,-1,1,,,,,,,,,,,,,,,,,,,,,,,,,,,,sharp:0265,12795.503656,rn1:0088,2,rn1:0091,541,true,2026-08-04T17:11:45+00:00,2,0.53,0xd6d030169eaa769ce050b2d94131fd1263b61e8f6283ed8801a6159b41ef5974,true,true,true,true,,0,,true,true,6,2026-08-04T17:11:48+00:00,1,0.5,-0.03,0x1b11918402e7b926cf95dae3f2740489354674bbad9acdd24d1327fd60b11321,2026-08-04T17:11:50+00:00,3,7,0.5,-0.03,0xa651aa40d6d33c76e88f46400215103a44c103c6ed21db42b50f1b6a30a6fed7,0.5,0.5,0,false,true,true,true,true,true,11,2026-08-04T17:11:48+00:00,1,0.5,-0.03,0x1b11918402e7b926cf95dae3f2740489354674bbad9acdd24d1327fd60b11321,2026-08-04T17:12:17+00:00,30,0,0.5,-0.03,0xc665189b9e4fc598120c0af525a18c7c01ebf1be47f005e1b0089f2c5156407f,0.5,0.5,0,true,true,true,true,true,true,11,2026-08-04T17:11:48+00:00,1,0.5,-0.03,0x1b11918402e7b926cf95dae3f2740489354674bbad9acdd24d1327fd60b11321,2026-08-04T17:12:17+00:00,30,30,0.5,-0.03,0xc665189b9e4fc598120c0af525a18c7c01ebf1be47f005e1b0089f2c5156407f,0.5,0.5,0,false,false,true,true,true,true,11,2026-08-04T17:11:48+00:00,1,0.5,-0.03,0x1b11918402e7b926cf95dae3f2740489354674bbad9acdd24d1327fd60b11321,2026-08-04T17:12:17+00:00,30,270,0.5,-0.03,0xc665189b9e4fc598120c0af525a18c7c01ebf1be47f005e1b0089f2c5156407f,0.5,0.5,0,false,false,false,false
H2-v1-EVENT-M5,H2-v1,rn1:0091,rn1,91,1614997,0xeb6b5b543f3b93fc99f0913e144b55d57e7fa24f9594489b519b6c3487d4189c,mlb-pit-mil-2026-08-05,Milwaukee Brewers,Pittsburgh Pirates,2026-08-05T23:40:54+00:00,2026-08-04T17:20:48+00:00,109206,true,1,3229949,Milwaukee Brewers,home,BUY,0.48,0.48,2009.53,964.5744,2009.53,964.5744,0xe942a1ce30928d9fba6a4de3cf9d55bbfb553bb521550385eea4297698e6a754,9451cfb0cdd5d5969d5b857ce1cd77d5a5a65c906c40045ed63abf8f57b1f41f,1614997:2026-08-04T17:20:48+00:00,1,1,2009.53,964.5744,1,1,,,,,,,,,,,,,,,,,,,,,,,,,,,,sharp:0265,12254.503656,rn1:0089,541,rn1:0092,109158,true,2026-08-04T17:12:17+00:00,511,0.5,0xc665189b9e4fc598120c0af525a18c7c01ebf1be47f005e1b0089f2c5156407f,false,false,false,true,,-0.02,,true,true,3,2026-08-04T17:20:51+00:00,3,0.5299999785,0.0299999785,0x2b6b67e30d99029185bb35dcca68605f057cc5bf102e30f401727d07d40dbc8c,2026-08-04T17:20:56+00:00,8,2,0.5100001095,0.0100001095,0x3de0d5e6fa9796e0f8c72985c4a4899f7e38969331d4899234b2e0afa826cfcf,0.5100001095,0.53,0.0199998905,true,true,true,true,true,true,3,2026-08-04T17:20:51+00:00,3,0.5299999785,0.0299999785,0x2b6b67e30d99029185bb35dcca68605f057cc5bf102e30f401727d07d40dbc8c,2026-08-04T17:20:56+00:00,8,22,0.5100001095,0.0100001095,0x3de0d5e6fa9796e0f8c72985c4a4899f7e38969331d4899234b2e0afa826cfcf,0.5100001095,0.53,0.0199998905,false,false,true,true,true,true,5,2026-08-04T17:20:51+00:00,3,0.5299999785,0.0299999785,0x2b6b67e30d99029185bb35dcca68605f057cc5bf102e30f401727d07d40dbc8c,2026-08-04T17:21:33+00:00,45,15,0.5299998781,0.0299998781,0x25884046f7b540e4a6191b6552a53f72ed775fe42da9a3ad5d54802af27323e4,0.5100001095,0.53,0.0199998905,false,true,true,true,true,true,5,2026-08-04T17:20:51+00:00,3,0.5299999785,0.0299999785,0x2b6b67e30d99029185bb35dcca68605f057cc5bf102e30f401727d07d40dbc8c,2026-08-04T17:21:33+00:00,45,255,0.5299998781,0.0299998781,0x25884046f7b540e4a6191b6552a53f72ed775fe42da9a3ad5d54802af27323e4,0.5100001095,0.53,0.0199998905,false,false,false,false
H2-v1-EVENT-M5,H2-v1,sharp:0265,sharp,265,1614997,0xeb6b5b543f3b93fc99f0913e144b55d57e7fa24f9594489b519b6c3487d4189c,mlb-pit-mil-2026-08-05,Milwaukee Brewers,Pittsburgh Pirates,2026-08-05T23:40:54+00:00,2026-08-04T20:45:02.503656+00:00,96951.496344,false,,,,,,,,,,,,,,,,,,,,,455,0.5315068493150684,,,,,,1,false,smarkets,,,,,0.5315068493150684,17.503656,17.503656,sharp:0265,2026-08-04T20:45:02.503656+00:00,0,0.5315068493150684,,,1,,,,sharp:0266,899.67557,rn1:0091,12254.503656,rn1:0092,96903.496344,true,2026-08-04T20:15:38+00:00,1764.503656,0.5199999382,0x877483889f56234ee6c2482a256696522d34dfa36737ad81026ff4c351508b93,false,false,false,false,0.0115069111150684,,,true,false,0,,,,,,,,,,,,,,,false,false,false,false,true,false,0,,,,,,,,,,,,,,,false,false,false,false,true,false,0,,,,,,,,,,,,,,,false,false,false,false,true,false,0,,,,,,,,,,,,,,,false,false,false,false
H2-v1-EVENT-M5,H2-v1,sharp:0266,sharp,266,1614997,0xeb6b5b543f3b93fc99f0913e144b55d57e7fa24f9594489b519b6c3487d4189c,mlb-pit-mil-2026-08-05,Milwaukee Brewers,Pittsburgh Pirates,2026-08-05T23:40:54+00:00,2026-08-04T21:00:02.179226+00:00,96051.820774,true,0,,,,,,,,,,,,,,,,,,,,457,0.5315068493150684,0.5315068493150684,0,0,2026-08-04T20:45:02.503656+00:00,899.67557,1,false,smarkets,smarkets,false,,,0.5315068493150684,14.179226,14.179226,sharp:0266,2026-08-04T21:00:02.179226+00:00,0,0.5315068493150684,0,0,1,false,sharp:0265,899.67557,sharp:0267,2699.784904,rn1:0091,13154.179226,rn1:0092,96003.820774,true,2026-08-04T20:15:38+00:00,2664.179226,0.5199999382,0x877483889f56234ee6c2482a256696522d34dfa36737ad81026ff4c351508b93,false,false,false,false,0.0115069111150684,,,true,false,0,,,,,,,,,,,,,,,false,false,false,false,true,false,0,,,,,,,,,,,,,,,false,false,false,false,true,false,0,,,,,,,,,,,,,,,false,false,false,false,true,false,0,,,,,,,,,,,,,,,false,false,false,false
H2-v1-EVENT-M5,H2-v1,sharp:0267,sharp,267,1614997,0xeb6b5b543f3b93fc99f0913e144b55d57e7fa24f9594489b519b6c3487d4189c,mlb-pit-mil-2026-08-05,Milwaukee Brewers,Pittsburgh Pirates,2026-08-05T23:40:54+00:00,2026-08-04T21:45:01.964130+00:00,93352.03587,true,0,,,,,,,,,,,,,,,,,,,,461,0.5315068493150684,0.5315068493150684,0,0,2026-08-04T21:00:02.179226+00:00,2699.784904,1,false,smarkets,smarkets,false,,,0.5315068493150684,5.96413,5.96413,sharp:0267,2026-08-04T21:45:01.964130+00:00,0,0.5315068493150684,0,0,1,false,sharp:0266,2699.784904,sharp:0268,900.84586,rn1:0091,15853.96413,rn1:0092,93304.03587,true,2026-08-04T20:15:38+00:00,5363.96413,0.5199999382,0x877483889f56234ee6c2482a256696522d34dfa36737ad81026ff4c351508b93,false,false,false,false,0.0115069111150684,,,true,false,0,,,,,,,,,,,,,,,false,false,false,false,true,false,0,,,,,,,,,,,,,,,false,false,false,false,true,false,0,,,,,,,,,,,,,,,false,false,false,false,true,false,0,,,,,,,,,,,,,,,false,false,false,false
H2-v1-EVENT-M5,H2-v1,sharp:0268,sharp,268,1614997,0xeb6b5b543f3b93fc99f0913e144b55d57e7fa24f9594489b519b6c3487d4189c,mlb-pit-mil-2026-08-05,Milwaukee Brewers,Pittsburgh Pirates,2026-08-05T23:40:54+00:00,2026-08-04T22:00:02.809990+00:00,92451.19001,true,0,,,,,,,,,,,,,,,,,,,,463,0.5315068493150684,0.5315068493150684,0,0,2026-08-04T21:45:01.964130+00:00,900.84586,1,false,smarkets,smarkets,false,,,0.5315068493150684,10.80999,10.80999,sharp:0268,2026-08-04T22:00:02.809990+00:00,0,0.5315068493150684,0,0,1,false,sharp:0267,900.84586,sharp:0269,2698.89965,rn1:0091,16754.80999,rn1:0092,92403.19001,true,2026-08-04T20:15:38+00:00,6264.80999,0.5199999382,0x877483889f56234ee6c2482a256696522d34dfa36737ad81026ff4c351508b93,false,false,false,false,0.0115069111150684,,,true,false,0,,,,,,,,,,,,,,,false,false,false,false,true,false,0,,,,,,,,,,,,,,,false,false,false,false,true,false,0,,,,,,,,,,,,,,,false,false,false,false,true,false,0,,,,,,,,,,,,,,,false,false,false,false
H2-v1-EVENT-M5,H2-v1,sharp:0269,sharp,269,1614997,0xeb6b5b543f3b93fc99f0913e144b55d57e7fa24f9594489b519b6c3487d4189c,mlb-pit-mil-2026-08-05,Milwaukee Brewers,Pittsburgh Pirates,2026-08-05T23:40:54+00:00,2026-08-04T22:45:01.709640+00:00,89752.29036,true,0,,,,,,,,,,,,,,,,,,,,467,0.5315068493150684,0.5315068493150684,0,0,2026-08-04T22:00:02.809990+00:00,2698.89965,1,false,smarkets,smarkets,false,,,0.5315068493150684,11.70964,11.70964,sharp:0269,2026-08-04T22:45:01.709640+00:00,0,0.5315068493150684,0,0,1,false,sharp:0268,2698.89965,sharp:0270,900.345729,rn1:0091,19453.70964,rn1:0092,89704.29036,true,2026-08-04T20:15:38+00:00,8963.70964,0.5199999382,0x877483889f56234ee6c2482a256696522d34dfa36737ad81026ff4c351508b93,false,false,false,false,0.0115069111150684,,,true,false,0,,,,,,,,,,,,,,,false,false,false,false,true,false,0,,,,,,,,,,,,,,,false,false,false,false,true,false,0,,,,,,,,,,,,,,,false,false,false,false,true,true,2,2026-08-04T22:47:06+00:00,124.29036,0.519999996,0.0000000578,0x350843b75b47b2ee45b51f5e5c5489394a204b56b0d99680924c882cbc40b4e3,2026-08-04T22:47:21+00:00,139.29036,160.70964,0.5100000018,-0.0099999364,0xbf703d095280949569e66c2a305f4d68e37d5da5eb588a33b1bee381bb83e29a,0.5100000018,0.519999996,0.0099999942,false,false,false,false
H2-v1-EVENT-M5,H2-v1,sharp:0270,sharp,270,1614997,0xeb6b5b543f3b93fc99f0913e144b55d57e7fa24f9594489b519b6c3487d4189c,mlb-pit-mil-2026-08-05,Milwaukee Brewers,Pittsburgh Pirates,2026-08-05T23:40:54+00:00,2026-08-04T23:00:02.055369+00:00,88851.944631,true,1,,,,,,,,,,,,,,,,,,,,469,0.5355191256830601,0.5315068493150684,0.0040122763679917,1,2026-08-04T22:45:01.709640+00:00,900.345729,1,false,smarkets,smarkets,false,,,0.5355191256830601,4.055369,4.055369,sharp:0270,2026-08-04T23:00:02.055369+00:00,0,0.5355191256830601,0.0040122763679917,1,1,false,sharp:0269,900.345729,sharp:0271,20699.861933,rn1:0091,20354.055369,rn1:0092,88803.944631,true,2026-08-04T22:47:21+00:00,761.055369,0.5100000018,0xbf703d095280949569e66c2a305f4d68e37d5da5eb588a33b1bee381bb83e29a,false,false,false,false,0.0255191238830601,,,true,false,0,,,,,,,,,,,,,,,false,false,false,false,true,false,0,,,,,,,,,,,,,,,false,false,false,false,true,false,0,,,,,,,,,,,,,,,false,false,false,false,true,false,0,,,,,,,,,,,,,,,false,false,false,false
H2-v1-EVENT-M5,H2-v1,sharp:0271,sharp,271,1614997,0xeb6b5b543f3b93fc99f0913e144b55d57e7fa24f9594489b519b6c3487d4189c,mlb-pit-mil-2026-08-05,Milwaukee Brewers,Pittsburgh Pirates,2026-08-05T23:40:54+00:00,2026-08-05T04:45:01.917302+00:00,68152.082698,true,1,,,,,,,,,,,,,,,,,,,,502,0.54778213327831645,0.5355191256830601,0.01226300759525635,1,2026-08-04T23:00:02.055369+00:00,20699.861933,2,true,matchbook+smarkets,smarkets,true,,0.549618320610687,0.5459459459459459,13.917302,23.917302,sharp:0271,2026-08-05T04:45:01.917302+00:00,0,0.54778213327831645,0.01226300759525635,1,2,true,sharp:0270,20699.861933,sharp:0272,47711.633981,rn1:0091,41053.917302,rn1:0092,68104.082698,true,2026-08-05T04:30:27+00:00,874.917302,0.55,0x21a2cec51023dc9efb67bc31e0dd334420bcba9213a6e025bc6d1ec9b12ddebc,false,false,false,false,-0.00221786672168355,,,true,false,0,,,,,,,,,,,,,,,false,false,false,false,true,false,0,,,,,,,,,,,,,,,false,false,false,false,true,false,0,,,,,,,,,,,,,,,false,false,false,false,true,true,1,2026-08-05T04:47:47+00:00,165.082698,0.55,0,0x78bc4fa1fe187e26129f74b3bf00e8316d8d8c6b95f540465cdc41edd9331102,2026-08-05T04:47:47+00:00,165.082698,134.917302,0.55,0,0x78bc4fa1fe187e26129f74b3bf00e8316d8d8c6b95f540465cdc41edd9331102,0.55,0.55,0,false,false,false,false
H2-v1-EVENT-M5,H2-v1,sharp:0272,sharp,272,1614997,0xeb6b5b543f3b93fc99f0913e144b55d57e7fa24f9594489b519b6c3487d4189c,mlb-pit-mil-2026-08-05,Milwaukee Brewers,Pittsburgh Pirates,2026-08-05T23:40:54+00:00,2026-08-05T18:00:13.551283+00:00,20440.448717,true,-1,,,,,,,,,,,,,,,,,,,,556,0.5454545454545454,0.54778213327831645,-0.00232758782377105,-1,2026-08-05T04:45:01.917302+00:00,47711.633981,3,true,betfair+matchbook+smarkets,matchbook+smarkets,true,0.5449999999999999,0.5472636815920399,0.5454545454545454,11.051283,22.551283,sharp:0272,2026-08-05T18:00:13.551283+00:00,0,0.5454545454545454,-0.00232758782377105,-1,3,true,sharp:0271,47711.633981,sharp:0273,2688.434843,rn1:0091,88765.551283,rn1:0092,20392.448717,true,2026-08-05T17:58:35+00:00,98.551283,0.55,0x839b170cd79e55fb98fbf58215cf2835456fd836058c04295a49fac2a730c00b,false,false,true,true,-0.0045454545454546,,,true,false,0,,,,,,,,,,,,,,,false,false,false,false,true,false,0,,,,,,,,,,,,,,,false,false,false,false,true,false,0,,,,,,,,,,,,,,,false,false,false,false,true,false,0,,,,,,,,,,,,,,,false,false,false,false
H2-v1-EVENT-M5,H2-v1,sharp:0273,sharp,273,1614997,0xeb6b5b543f3b93fc99f0913e144b55d57e7fa24f9594489b519b6c3487d4189c,mlb-pit-mil-2026-08-05,Milwaukee Brewers,Pittsburgh Pirates,2026-08-05T23:40:54+00:00,2026-08-05T18:45:01.986126+00:00,17752.013874,true,0,,,,,,,,,,,,,,,,,,,,560,0.5454545454545454,0.5454545454545454,0,0,2026-08-05T18:00:13.551283+00:00,2688.434843,3,true,betfair+matchbook+smarkets,betfair+matchbook+smarkets,false,0.5449999999999999,0.5472636815920399,0.5454545454545454,4.986126,5.986126,sharp:0273,2026-08-05T18:45:01.986126+00:00,0,0.5454545454545454,0,0,3,false,sharp:0272,2688.434843,sharp:0274,900.370858,rn1:0091,91453.986126,rn1:0092,17704.013874,true,2026-08-05T18:44:08+00:00,53.986126,0.5499999807,0x5a6535c294146308ed7a9d3b857934888612ad8fefa93362aad8a3bf82a688bd,false,true,true,true,-0.0045454352454546,,,true,false,0,,,,,,,,,,,,,,,false,false,false,false,true,false,0,,,,,,,,,,,,,,,false,false,false,false,true,false,0,,,,,,,,,,,,,,,false,false,false,false,true,true,2,2026-08-05T18:46:54+00:00,112.013874,0.55,0.0000000193,0x69eee963f42fe1f0fa481454ee24c53a4d2f590fc8c074a71e5988bd7edc1ac2,2026-08-05T18:49:21+00:00,259.013874,40.986126,0.54,-0.0099999807,0x73ca8f518b97b31d1bc822e32c046152763e21e695859db4d42aed8d11fcbabe,0.54,0.55,0.01,false,false,false,true
H2-v1-EVENT-M5,H2-v1,sharp:0274,sharp,274,1614997,0xeb6b5b543f3b93fc99f0913e144b55d57e7fa24f9594489b519b6c3487d4189c,mlb-pit-mil-2026-08-05,Milwaukee Brewers,Pittsburgh Pirates,2026-08-05T23:40:54+00:00,2026-08-05T19:00:02.356984+00:00,16851.643016,true,0,,,,,,,,,,,,,,,,,,,,562,0.5454545454545454,0.5454545454545454,0,0,2026-08-05T18:45:01.986126+00:00,900.370858,3,true,betfair+matchbook+smarkets,betfair+matchbook+smarkets,false,0.5449999999999999,0.5472636815920399,0.5454545454545454,14.856984,20.356984,sharp:0274,2026-08-05T19:00:02.356984+00:00,0,0.5454545454545454,0,0,3,false,sharp:0273,900.370858,sharp:0275,2699.99338,rn1:0091,92354.356984,rn1:0092,16803.643016,true,2026-08-05T18:57:56+00:00,126.356984,0.5499999725,0x7466aa3852499b0528f49c2ce921e1b81c446dd1a9cc4b4881492227298889d4,false,false,true,true,-0.0045454270454546,,,true,false,0,,,,,,,,,,,,,,,false,false,false,false,true,false,0,,,,,,,,,,,,,,,false,false,false,false,true,false,0,,,,,,,,,,,,,,,false,false,false,false,true,true,1,2026-08-05T19:03:09+00:00,186.643016,0.5400002392,-0.0099997333,0xb681492b7fe745cb0f3bf64b295889be2f71e3376acd874675e8682b9eb89171,2026-08-05T19:03:09+00:00,186.643016,113.356984,0.5400002392,-0.0099997333,0xb681492b7fe745cb0f3bf64b295889be2f71e3376acd874675e8682b9eb89171,0.5400002392,0.5400002392,0,false,false,false,false
H2-v1-EVENT-M5,H2-v1,sharp:0275,sharp,275,1614997,0xeb6b5b543f3b93fc99f0913e144b55d57e7fa24f9594489b519b6c3487d4189c,mlb-pit-mil-2026-08-05,Milwaukee Brewers,Pittsburgh Pirates,2026-08-05T23:40:54+00:00,2026-08-05T19:45:02.350364+00:00,14151.649636,true,1,,,,,,,,,,,,,,,,,,,,566,0.5459057071960297,0.5454545454545454,0.0004511617414843,1,2026-08-05T19:00:02.356984+00:00,2699.99338,3,true,betfair+matchbook+smarkets,betfair+matchbook+smarkets,false,0.5472636815920399,0.5459057071960297,0.5454545454545454,14.350364,19.350364,sharp:0275,2026-08-05T19:45:02.350364+00:00,0,0.5459057071960297,0.0004511617414843,1,3,false,sharp:0274,2699.99338,sharp:0276,900.423629,rn1:0091,95054.350364,rn1:0092,14103.649636,true,2026-08-05T19:23:08+00:00,1314.350364,0.5400000058,0x1352fce9f2a9e0c060c0209c2e37ff315d76fa81c9d182672183f21d3c4b2cdb,false,false,false,false,0.0059057013960297,,,true,false,0,,,,,,,,,,,,,,,false,false,false,false,true,false,0,,,,,,,,,,,,,,,false,false,false,false,true,false,0,,,,,,,,,,,,,,,false,false,false,false,true,true,2,2026-08-05T19:47:32+00:00,149.649636,0.54,-0.0000000058,0xf8bf94c735a2f644aaf65bf444f12b04a3a69ee5ef09c6331e44a4d6100a99f9,2026-08-05T19:48:45+00:00,222.649636,77.350364,0.55,0.0099999942,0xc00a4a2484b3a4c8b870bf3e1a0bbbb61643ae217a7bc7d9bc03c52511570e9b,0.54,0.55,0.01,false,false,false,false
H2-v1-EVENT-M5,H2-v1,sharp:0276,sharp,276,1614997,0xeb6b5b543f3b93fc99f0913e144b55d57e7fa24f9594489b519b6c3487d4189c,mlb-pit-mil-2026-08-05,Milwaukee Brewers,Pittsburgh Pirates,2026-08-05T23:40:54+00:00,2026-08-05T20:00:02.773993+00:00,13251.226007,true,0,,,,,,,,,,,,,,,,,,,,568,0.5459057071960297,0.5459057071960297,0,0,2026-08-05T19:45:02.350364+00:00,900.423629,3,true,betfair+matchbook+smarkets,betfair+matchbook+smarkets,false,0.5472636815920399,0.5459057071960297,0.5454545454545454,10.773993,11.773993,sharp:0276,2026-08-05T20:00:02.773993+00:00,0,0.5459057071960297,0,0,3,false,sharp:0275,900.423629,sharp:0277,9899.950899,rn1:0091,95954.773993,rn1:0092,13203.226007,true,2026-08-05T19:48:45+00:00,677.773993,0.55,0xc00a4a2484b3a4c8b870bf3e1a0bbbb61643ae217a7bc7d9bc03c52511570e9b,false,false,false,false,-0.0040942928039703,,,true,false,0,,,,,,,,,,,,,,,false,false,false,false,true,false,0,,,,,,,,,,,,,,,false,false,false,false,true,true,1,2026-08-05T20:00:42+00:00,39.226007,0.55,0,0x35d82ce4109db3491d639fc43415331f604541a134ae25ba202718b92403420d,2026-08-05T20:00:42+00:00,39.226007,20.773993,0.55,0,0x35d82ce4109db3491d639fc43415331f604541a134ae25ba202718b92403420d,0.55,0.55,0,false,false,true,true,true,true,2,2026-08-05T20:00:42+00:00,39.226007,0.55,0,0x35d82ce4109db3491d639fc43415331f604541a134ae25ba202718b92403420d,2026-08-05T20:01:41+00:00,98.226007,201.773993,0.5400000045,-0.0099999955,0xc59f9b5e310fe3ac4208304913cb96a755de2774e0f791fbe067bb7a2f0b8933,0.5400000045,0.55,0.0099999955,false,false,false,false
H2-v1-EVENT-M5,H2-v1,sharp:0277,sharp,277,1614997,0xeb6b5b543f3b93fc99f0913e144b55d57e7fa24f9594489b519b6c3487d4189c,mlb-pit-mil-2026-08-05,Milwaukee Brewers,Pittsburgh Pirates,2026-08-05T23:40:54+00:00,2026-08-05T22:45:02.724892+00:00,3351.275108,true,-1,,,,,,,,,,,,,,,,,,,,657,0.5449999999999999,0.5459057071960297,-0.0009057071960298,-1,2026-08-05T20:00:02.773993+00:00,9899.950899,3,true,betfair+matchbook+smarkets,betfair+matchbook+smarkets,false,0.5449999999999999,0.5449999999999999,0.5468354430379747,6.724892,15.724892,sharp:0277,2026-08-05T22:45:02.724892+00:00,0,0.5449999999999999,-0.0009057071960298,-1,3,false,sharp:0276,9899.950899,sharp:0278,899.893303,rn1:0091,105854.724892,rn1:0092,3303.275108,true,2026-08-05T22:41:51+00:00,191.724892,0.5400000836,0x1ca8d95dcb9c4a3687bd702dcf89cd1bf31b920e2d840caf5b97c8d92c99886b,false,false,true,true,0.0049999163999999,,,true,false,0,,,,,,,,,,,,,,,false,false,false,false,true,false,0,,,,,,,,,,,,,,,false,false,false,false,true,false,0,,,,,,,,,,,,,,,false,false,false,false,true,true,3,2026-08-05T22:49:06+00:00,243.275108,0.5499999997,0.0099999161,0x875a41614e6cde0504fb0f4130722d03b102120d8a3de5c314c1433f8a07560e,2026-08-05T22:49:30+00:00,267.275108,32.724892,0.540000008,-0.0000000756,0x01cb066327e2faa7b7c652a8e929937a6793736cb268e3c9ba06fb8adcf48916,0.540000008,0.5499999997,0.0099999917,false,false,false,true
H2-v1-EVENT-M5,H2-v1,sharp:0278,sharp,278,1614997,0xeb6b5b543f3b93fc99f0913e144b55d57e7fa24f9594489b519b6c3487d4189c,mlb-pit-mil-2026-08-05,Milwaukee Brewers,Pittsburgh Pirates,2026-08-05T23:40:54+00:00,2026-08-05T23:00:02.618195+00:00,2451.381805,true,0,,,,,,,,,,,,,,,,,,,,674,0.5449999999999999,0.5449999999999999,0,0,2026-08-05T22:45:02.724892+00:00,899.893303,3,true,betfair+matchbook+smarkets,betfair+matchbook+smarkets,false,0.5449999999999999,0.5449999999999999,0.5468354430379747,8.118195,19.618195,sharp:0278,2026-08-05T23:00:02.618195+00:00,0,0.5449999999999999,0,0,3,false,sharp:0277,899.893303,,,rn1:0091,106754.618195,rn1:0092,2403.381805,true,2026-08-05T22:59:30+00:00,32.618195,0.549999956,0xf904de2129097f5197864d8c516aec8a93724511da568ff0123ef4ba661b666e,false,true,true,true,-0.0049999560000001,,,true,true,1,2026-08-05T23:00:09+00:00,6.381805,0.5499999185,-0.0000000375,0x1af1803826e2b49ca5d99291139cbb7e48c85086ce03bc168fa1aa04546a6bb3,2026-08-05T23:00:09+00:00,6.381805,3.618195,0.5499999185,-0.0000000375,0x1af1803826e2b49ca5d99291139cbb7e48c85086ce03bc168fa1aa04546a6bb3,0.5499999185,0.5499999185,0,true,true,true,true,true,true,3,2026-08-05T23:00:09+00:00,6.381805,0.5499999185,-0.0000000375,0x1af1803826e2b49ca5d99291139cbb7e48c85086ce03bc168fa1aa04546a6bb3,2026-08-05T23:00:27+00:00,24.381805,5.618195,0.55,0.000000044,0x4a72fef4338c701e52a499d152c7cce7c96abd5bcf89a6c4cbbcccc7b69d4d42,0.5400000125,0.55,0.0099999875,false,true,true,true,true,true,4,2026-08-05T23:00:09+00:00,6.381805,0.5499999185,-0.0000000375,0x1af1803826e2b49ca5d99291139cbb7e48c85086ce03bc168fa1aa04546a6bb3,2026-08-05T23:00:50+00:00,47.381805,12.618195,0.5499999185,-0.0000000375,0xbb4658d703b700d1a7d79ba6718e7385816b7eb29c04ba2221ee9d8356b46229,0.5400000125,0.55,0.0099999875,false,true,true,true,true,true,9,2026-08-05T23:00:09+00:00,6.381805,0.5499999185,-0.0000000375,0x1af1803826e2b49ca5d99291139cbb7e48c85086ce03bc168fa1aa04546a6bb3,2026-08-05T23:03:36+00:00,213.381805,86.618195,0.54,-0.009999956,0xe6c7cb40009a942b0e6f99014f2f94d15cedf039175782d7f749b80a40df8454,0.54,0.55,0.01,false,false,false,false
H2-v1-EVENT-M5,H2-v1,rn1:0092,rn1,92,1614997,0xeb6b5b543f3b93fc99f0913e144b55d57e7fa24f9594489b519b6c3487d4189c,mlb-pit-mil-2026-08-05,Milwaukee Brewers,Pittsburgh Pirates,2026-08-05T23:40:54+00:00,2026-08-05T23:40:06+00:00,48,true,-1,3229948,Pittsburgh Pirates,away,BUY,0.44,0.56,318,139.92,-318,-139.92,0x726001d36e43fcfeb99729619e5e3e2ab1791fd0159b315354bc315573b0e8f5,c53bf84be947b16c631a374cd45beb1254ba17a4f7b0c65ae619633b70c64441,1614997:2026-08-05T23:40:06+00:00,1,1,-318,-139.92,-1,1,,,,,,,,,,,,,,,,,,sharp:0278,2026-08-05T23:00:02.618195+00:00,2403.381805,0.5449999999999999,0,0,3,false,sharp:0278,2403.381805,,,rn1:0091,109158,,,true,2026-08-05T23:39:50+00:00,16,0.55,0xc1414196d62b3dad8e712d60739b7244c1d3f6e574ffb7bd2e8db37159153758,true,true,true,true,-0.0050000000000001,0.01,,true,false,0,,,,,,,,,,,,,,,false,false,false,false,true,false,0,,,,,,,,,,,,,,,false,false,false,false,false,false,0,,,,,,,,,,,,,,,false,false,false,false,false,false,0,,,,,,,,,,,,,,,false,false,false,false
H2-v1-EVENT-M5,H2-v1,sharp:0279,sharp,279,1614994,0xca8788f29aef5bf45042ae2567a20e4fef6494bac01ffdad9934a727b5784edc,mlb-min-kc-2026-08-05,Kansas City Royals,Minnesota Twins,2026-08-05T23:41:00+00:00,2026-08-04T18:45:02.244229+00:00,104157.755771,false,,,,,,,,,,,,,,,,,,,,,443,0.5137362637362637,,,,,,1,false,smarkets,,,,,0.5137362637362637,18.244229,18.244229,sharp:0279,2026-08-04T18:45:02.244229+00:00,0,0.5137362637362637,,,1,,,,sharp:0280,900.187795,,,,,true,2026-08-04T18:37:32+00:00,450.244229,0.5,0x572160aca906a10c126fa432daf7edfcd392e4bf34c0e0256790a5f51a08204d,false,false,false,true,0.0137362637362637,,,true,false,0,,,,,,,,,,,,,,,false,false,false,false,true,false,0,,,,,,,,,,,,,,,false,false,false,false,true,false,0,,,,,,,,,,,,,,,false,false,false,false,true,false,0,,,,,,,,,,,,,,,false,false,false,false
H2-v1-EVENT-M5,H2-v1,sharp:0280,sharp,280,1614994,0xca8788f29aef5bf45042ae2567a20e4fef6494bac01ffdad9934a727b5784edc,mlb-min-kc-2026-08-05,Kansas City Royals,Minnesota Twins,2026-08-05T23:41:00+00:00,2026-08-04T19:00:02.432024+00:00,103257.567976,true,0,,,,,,,,,,,,,,,,,,,,445,0.5137362637362637,0.5137362637362637,0,0,2026-08-04T18:45:02.244229+00:00,900.187795,1,false,smarkets,smarkets,false,,,0.5137362637362637,3.432024,3.432024,sharp:0280,2026-08-04T19:00:02.432024+00:00,0,0.5137362637362637,0,0,1,false,sharp:0279,900.187795,sharp:0281,2699.509084,,,,,true,2026-08-04T18:51:20+00:00,522.432024,0.5,0x102e65b147f5fbd82b8668e65df7bcf2769ca35d99b2cd95a1539a12f1300d0d,false,false,false,true,0.0137362637362637,,,true,false,0,,,,,,,,,,,,,,,false,false,false,false,true,false,0,,,,,,,,,,,,,,,false,false,false,false,true,false,0,,,,,,,,,,,,,,,false,false,false,false,true,false,0,,,,,,,,,,,,,,,false,false,false,false
H2-v1-EVENT-M5,H2-v1,sharp:0281,sharp,281,1614994,0xca8788f29aef5bf45042ae2567a20e4fef6494bac01ffdad9934a727b5784edc,mlb-min-kc-2026-08-05,Kansas City Royals,Minnesota Twins,2026-08-05T23:41:00+00:00,2026-08-04T19:45:01.941108+00:00,100558.058892,true,0,,,,,,,,,,,,,,,,,,,,449,0.5137362637362637,0.5137362637362637,0,0,2026-08-04T19:00:02.432024+00:00,2699.509084,1,false,smarkets,smarkets,false,,,0.5137362637362637,9.941108,9.941108,sharp:0281,2026-08-04T19:45:01.941108+00:00,0,0.5137362637362637,0,0,1,false,sharp:0280,2699.509084,sharp:0282,900.446254,,,,,true,2026-08-04T18:51:20+00:00,3221.941108,0.5,0x102e65b147f5fbd82b8668e65df7bcf2769ca35d99b2cd95a1539a12f1300d0d,false,false,false,false,0.0137362637362637,,,true,false,0,,,,,,,,,,,,,,,false,false,false,false,true,false,0,,,,,,,,,,,,,,,false,false,false,false,true,false,0,,,,,,,,,,,,,,,false,false,false,false,true,false,0,,,,,,,,,,,,,,,false,false,false,false
H2-v1-EVENT-M5,H2-v1,sharp:0282,sharp,282,1614994,0xca8788f29aef5bf45042ae2567a20e4fef6494bac01ffdad9934a727b5784edc,mlb-min-kc-2026-08-05,Kansas City Royals,Minnesota Twins,2026-08-05T23:41:00+00:00,2026-08-04T20:00:02.387362+00:00,99657.612638,true,0,,,,,,,,,,,,,,,,,,,,451,0.5137362637362637,0.5137362637362637,0,0,2026-08-04T19:45:01.941108+00:00,900.446254,1,false,smarkets,smarkets,false,,,0.5137362637362637,22.387362,22.387362,sharp:0282,2026-08-04T20:00:02.387362+00:00,0,0.5137362637362637,0,0,1,false,sharp:0281,900.446254,sharp:0283,2700.116294,,,,,true,2026-08-04T18:51:20+00:00,4122.387362,0.5,0x102e65b147f5fbd82b8668e65df7bcf2769ca35d99b2cd95a1539a12f1300d0d,false,false,false,false,0.0137362637362637,,,true,false,0,,,,,,,,,,,,,,,false,false,false,false,true,false,0,,,,,,,,,,,,,,,false,false,false,false,true,false,0,,,,,,,,,,,,,,,false,false,false,false,true,false,0,,,,,,,,,,,,,,,false,false,false,false
H2-v1-EVENT-M5,H2-v1,sharp:0283,sharp,283,1614994,0xca8788f29aef5bf45042ae2567a20e4fef6494bac01ffdad9934a727b5784edc,mlb-min-kc-2026-08-05,Kansas City Royals,Minnesota Twins,2026-08-05T23:41:00+00:00,2026-08-04T20:45:02.503656+00:00,96957.496344,true,-1,,,,,,,,,,,,,,,,,,,,455,0.5096418732782371,0.5137362637362637,-0.0040943904580266,-1,2026-08-04T20:00:02.387362+00:00,2700.116294,1,false,smarkets,smarkets,false,,,0.5096418732782371,17.503656,17.503656,sharp:0283,2026-08-04T20:45:02.503656+00:00,0,0.5096418732782371,-0.0040943904580266,-1,1,false,sharp:0282,2700.116294,sharp:0284,899.67557,,,,,true,2026-08-04T18:51:20+00:00,6822.503656,0.5,0x102e65b147f5fbd82b8668e65df7bcf2769ca35d99b2cd95a1539a12f1300d0d,false,false,false,false,0.0096418732782371,,,true,false,0,,,,,,,,,,,,,,,false,false,false,false,true,false,0,,,,,,,,,,,,,,,false,false,false,false,true,false,0,,,,,,,,,,,,,,,false,false,false,false,true,false,0,,,,,,,,,,,,,,,false,false,false,false
H2-v1-EVENT-M5,H2-v1,sharp:0284,sharp,284,1614994,0xca8788f29aef5bf45042ae2567a20e4fef6494bac01ffdad9934a727b5784edc,mlb-min-kc-2026-08-05,Kansas City Royals,Minnesota Twins,2026-08-05T23:41:00+00:00,2026-08-04T21:00:02.179226+00:00,96057.820774,true,0,,,,,,,,,,,,,,,,,,,,457,0.5096418732782371,0.5096418732782371,0,0,2026-08-04T20:45:02.503656+00:00,899.67557,1,false,smarkets,smarkets,false,,,0.5096418732782371,14.179226,14.179226,sharp:0284,2026-08-04T21:00:02.179226+00:00,0,0.5096418732782371,0,0,1,false,sharp:0283,899.67557,sharp:0285,2699.784904,,,,,true,2026-08-04T18:51:20+00:00,7722.179226,0.5,0x102e65b147f5fbd82b8668e65df7bcf2769ca35d99b2cd95a1539a12f1300d0d,false,false,false,false,0.0096418732782371,,,true,false,0,,,,,,,,,,,,,,,false,false,false,false,true,false,0,,,,,,,,,,,,,,,false,false,false,false,true,false,0,,,,,,,,,,,,,,,false,false,false,false,true,false,0,,,,,,,,,,,,,,,false,false,false,false
H2-v1-EVENT-M5,H2-v1,sharp:0285,sharp,285,1614994,0xca8788f29aef5bf45042ae2567a20e4fef6494bac01ffdad9934a727b5784edc,mlb-min-kc-2026-08-05,Kansas City Royals,Minnesota Twins,2026-08-05T23:41:00+00:00,2026-08-04T21:45:01.964130+00:00,93358.03587,true,0,,,,,,,,,,,,,,,,,,,,461,0.5096418732782371,0.5096418732782371,0,0,2026-08-04T21:00:02.179226+00:00,2699.784904,1,false,smarkets,smarkets,false,,,0.5096418732782371,5.96413,5.96413,sharp:0285,2026-08-04T21:45:01.964130+00:00,0,0.5096418732782371,0,0,1,false,sharp:0284,2699.784904,sharp:0286,900.84586,,,,,true,2026-08-04T18:51:20+00:00,10421.96413,0.5,0x102e65b147f5fbd82b8668e65df7bcf2769ca35d99b2cd95a1539a12f1300d0d,false,false,false,false,0.0096418732782371,,,true,false,0,,,,,,,,,,,,,,,false,false,false,false,true,false,0,,,,,,,,,,,,,,,false,false,false,false,true,false,0,,,,,,,,,,,,,,,false,false,false,false,true,false,0,,,,,,,,,,,,,,,false,false,false,false
H2-v1-EVENT-M5,H2-v1,sharp:0286,sharp,286,1614994,0xca8788f29aef5bf45042ae2567a20e4fef6494bac01ffdad9934a727b5784edc,mlb-min-kc-2026-08-05,Kansas City Royals,Minnesota Twins,2026-08-05T23:41:00+00:00,2026-08-04T22:00:02.809990+00:00,92457.19001,true,0,,,,,,,,,,,,,,,,,,,,463,0.5096418732782371,0.5096418732782371,0,0,2026-08-04T21:45:01.964130+00:00,900.84586,1,false,smarkets,smarkets,false,,,0.5096418732782371,10.80999,10.80999,sharp:0286,2026-08-04T22:00:02.809990+00:00,0,0.5096418732782371,0,0,1,false,sharp:0285,900.84586,sharp:0287,2698.89965,,,,,true,2026-08-04T18:51:20+00:00,11322.80999,0.5,0x102e65b147f5fbd82b8668e65df7bcf2769ca35d99b2cd95a1539a12f1300d0d,false,false,false,false,0.0096418732782371,,,true,false,0,,,,,,,,,,,,,,,false,false,false,false,true,false,0,,,,,,,,,,,,,,,false,false,false,false,true,false,0,,,,,,,,,,,,,,,false,false,false,false,true,false,0,,,,,,,,,,,,,,,false,false,false,false
H2-v1-EVENT-M5,H2-v1,sharp:0287,sharp,287,1614994,0xca8788f29aef5bf45042ae2567a20e4fef6494bac01ffdad9934a727b5784edc,mlb-min-kc-2026-08-05,Kansas City Royals,Minnesota Twins,2026-08-05T23:41:00+00:00,2026-08-04T22:45:01.709640+00:00,89758.29036,true,0,,,,,,,,,,,,,,,,,,,,467,0.5096418732782371,0.5096418732782371,0,0,2026-08-04T22:00:02.809990+00:00,2698.89965,1,false,smarkets,smarkets,false,,,0.5096418732782371,11.70964,11.70964,sharp:0287,2026-08-04T22:45:01.709640+00:00,0,0.5096418732782371,0,0,1,false,sharp:0286,2698.89965,sharp:0288,900.345729,,,,,true,2026-08-04T18:51:20+00:00,14021.70964,0.5,0x102e65b147f5fbd82b8668e65df7bcf2769ca35d99b2cd95a1539a12f1300d0d,false,false,false,false,0.0096418732782371,,,true,false,0,,,,,,,,,,,,,,,false,false,false,false,true,false,0,,,,,,,,,,,,,,,false,false,false,false,true,false,0,,,,,,,,,,,,,,,false,false,false,false,true,false,0,,,,,,,,,,,,,,,false,false,false,false
H2-v1-EVENT-M5,H2-v1,sharp:0288,sharp,288,1614994,0xca8788f29aef5bf45042ae2567a20e4fef6494bac01ffdad9934a727b5784edc,mlb-min-kc-2026-08-05,Kansas City Royals,Minnesota Twins,2026-08-05T23:41:00+00:00,2026-08-04T23:00:02.055369+00:00,88857.944631,true,0,,,,,,,,,,,,,,,,,,,,469,0.5096418732782371,0.5096418732782371,0,0,2026-08-04T22:45:01.709640+00:00,900.345729,1,false,smarkets,smarkets,false,,,0.5096418732782371,4.055369,4.055369,sharp:0288,2026-08-04T23:00:02.055369+00:00,0,0.5096418732782371,0,0,1,false,sharp:0287,900.345729,sharp:0289,20699.861933,,,,,true,2026-08-04T18:51:20+00:00,14922.055369,0.5,0x102e65b147f5fbd82b8668e65df7bcf2769ca35d99b2cd95a1539a12f1300d0d,false,false,false,false,0.0096418732782371,,,true,false,0,,,,,,,,,,,,,,,false,false,false,false,true,false,0,,,,,,,,,,,,,,,false,false,false,false,true,false,0,,,,,,,,,,,,,,,false,false,false,false,true,false,0,,,,,,,,,,,,,,,false,false,false,false
H2-v1-EVENT-M5,H2-v1,sharp:0289,sharp,289,1614994,0xca8788f29aef5bf45042ae2567a20e4fef6494bac01ffdad9934a727b5784edc,mlb-min-kc-2026-08-05,Kansas City Royals,Minnesota Twins,2026-08-05T23:41:00+00:00,2026-08-05T04:45:01.917302+00:00,68158.082698,true,1,,,,,,,,,,,,,,,,,,,,502,0.51234363121155575,0.5096418732782371,0.00270175793331865,1,2026-08-04T23:00:02.055369+00:00,20699.861933,2,true,matchbook+smarkets,smarkets,true,,0.517948717948718,0.5067385444743935,13.917302,23.917302,sharp:0289,2026-08-05T04:45:01.917302+00:00,0,0.51234363121155575,0.00270175793331865,1,2,true,sharp:0288,20699.861933,sharp:0290,47711.633981,,,,,true,2026-08-05T03:40:39+00:00,3862.917302,0.5100000186,0x6f21a4c445071d515016ee47f75617a1a3b4e3af1daccd86afa8c25dcc8e327d,false,false,false,false,0.00234361261155575,,,true,false,0,,,,,,,,,,,,,,,false,false,false,false,true,false,0,,,,,,,,,,,,,,,false,false,false,false,true,false,0,,,,,,,,,,,,,,,false,false,false,false,true,false,0,,,,,,,,,,,,,,,false,false,false,false
H2-v1-EVENT-M5,H2-v1,sharp:0290,sharp,290,1614994,0xca8788f29aef5bf45042ae2567a20e4fef6494bac01ffdad9934a727b5784edc,mlb-min-kc-2026-08-05,Kansas City Royals,Minnesota Twins,2026-08-05T23:41:00+00:00,2026-08-05T18:00:13.551283+00:00,20446.448717,true,1,,,,,,,,,,,,,,,,,,,,556,0.53,0.51234363121155575,0.01765636878844425,1,2026-08-05T04:45:01.917302+00:00,47711.633981,3,true,betfair+matchbook+smarkets,matchbook+smarkets,true,0.53,0.53,0.5316455696202531,11.051283,22.551283,sharp:0290,2026-08-05T18:00:13.551283+00:00,0,0.53,0.01765636878844425,1,3,true,sharp:0289,47711.633981,sharp:0291,2688.434843,,,,,true,2026-08-05T17:55:17+00:00,296.551283,0.5399999856,0xc557f13e0d8c58a068e68b3c5e4fbb30b8b0dcd52bd7c8fed8a11bfc78f113b0,false,false,true,true,-0.0099999856,,,true,false,0,,,,,,,,,,,,,,,false,false,false,false,true,false,0,,,,,,,,,,,,,,,false,false,false,false,true,false,0,,,,,,,,,,,,,,,false,false,false,false,true,true,1,2026-08-05T18:02:27+00:00,133.448717,0.5300000008,-0.0099999848,0x2597cbd5d8f79da52a29d73f9164b39e073af255a3aaf334249d6a49b7ea70a6,2026-08-05T18:02:27+00:00,133.448717,166.551283,0.5300000008,-0.0099999848,0x2597cbd5d8f79da52a29d73f9164b39e073af255a3aaf334249d6a49b7ea70a6,0.5300000008,0.5300000008,0,false,false,false,false
H2-v1-EVENT-M5,H2-v1,sharp:0291,sharp,291,1614994,0xca8788f29aef5bf45042ae2567a20e4fef6494bac01ffdad9934a727b5784edc,mlb-min-kc-2026-08-05,Kansas City Royals,Minnesota Twins,2026-08-05T23:41:00+00:00,2026-08-05T18:45:01.986126+00:00,17758.013874,true,0,,,,,,,,,,,,,,,,,,,,560,0.53,0.53,0,0,2026-08-05T18:00:13.551283+00:00,2688.434843,3,true,betfair+matchbook+smarkets,betfair+matchbook+smarkets,false,0.53,0.53,0.5316455696202531,4.986126,5.986126,sharp:0291,2026-08-05T18:45:01.986126+00:00,0,0.53,0,0,3,false,sharp:0290,2688.434843,sharp:0292,900.370858,,,,,true,2026-08-05T18:43:24+00:00,97.986126,0.5399999784,0x45e51e110b9a2fe4a149830ca1c40e146242fc04b92351926f91e3269dfdb5ab,false,false,true,true,-0.0099999784,,,true,false,0,,,,,,,,,,,,,,,false,false,false,false,true,false,0,,,,,,,,,,,,,,,false,false,false,false,true,false,0,,,,,,,,,,,,,,,false,false,false,false,true,false,0,,,,,,,,,,,,,,,false,false,false,false
H2-v1-EVENT-M5,H2-v1,sharp:0292,sharp,292,1614994,0xca8788f29aef5bf45042ae2567a20e4fef6494bac01ffdad9934a727b5784edc,mlb-min-kc-2026-08-05,Kansas City Royals,Minnesota Twins,2026-08-05T23:41:00+00:00,2026-08-05T19:00:02.356984+00:00,16857.643016,true,0,,,,,,,,,,,,,,,,,,,,562,0.53,0.53,0,0,2026-08-05T18:45:01.986126+00:00,900.370858,3,true,betfair+matchbook+smarkets,betfair+matchbook+smarkets,false,0.53,0.53,0.5316455696202531,14.856984,20.356984,sharp:0292,2026-08-05T19:00:02.356984+00:00,0,0.53,0,0,3,false,sharp:0291,900.370858,sharp:0293,2699.99338,,,,,true,2026-08-05T18:53:23+00:00,399.356984,0.5399999784,0x69c6ea00b7afe5d3cd1d5d8ad61053e23c444a8bfbfd46748428ae77829a14b6,false,false,false,true,-0.0099999784,,,true,false,0,,,,,,,,,,,,,,,false,false,false,false,true,false,0,,,,,,,,,,,,,,,false,false,false,false,true,false,0,,,,,,,,,,,,,,,false,false,false,false,true,false,0,,,,,,,,,,,,,,,false,false,false,false
H2-v1-EVENT-M5,H2-v1,sharp:0293,sharp,293,1614994,0xca8788f29aef5bf45042ae2567a20e4fef6494bac01ffdad9934a727b5784edc,mlb-min-kc-2026-08-05,Kansas City Royals,Minnesota Twins,2026-08-05T23:41:00+00:00,2026-08-05T19:45:02.350364+00:00,14157.649636,true,1,,,,,,,,,,,,,,,,,,,,566,0.5316455696202531,0.53,0.0016455696202531,1,2026-08-05T19:00:02.356984+00:00,2699.99338,3,true,betfair+matchbook+smarkets,betfair+matchbook+smarkets,false,0.53316416040100245,0.531328320802005,0.5316455696202531,14.350364,19.350364,sharp:0293,2026-08-05T19:45:02.350364+00:00,0,0.5316455696202531,0.0016455696202531,1,3,false,sharp:0292,2699.99338,sharp:0294,900.423629,,,,,true,2026-08-05T19:44:15+00:00,47.350364,0.54,0xe724b4b8abaea05161e23fa975901de57c2ad2f5f0cb650301238843ce89a403,false,true,true,true,-0.0083544303797469,,,true,false,0,,,,,,,,,,,,,,,false,false,false,false,true,false,0,,,,,,,,,,,,,,,false,false,false,false,true,false,0,,,,,,,,,,,,,,,false,false,false,false,true,true,2,2026-08-05T19:46:29+00:00,86.649636,0.53,-0.01,0xebb828103291569087cc5a911be1dea35d065b523fe1ea9dc2d13d8b799b4685,2026-08-05T19:48:45+00:00,222.649636,77.350364,0.53,-0.01,0x78484ec698d35f7b9d2dfafbac136548ec72b82c7105d9f45aa717de80a0f055,0.53,0.53,0,false,false,false,false
H2-v1-EVENT-M5,H2-v1,sharp:0294,sharp,294,1614994,0xca8788f29aef5bf45042ae2567a20e4fef6494bac01ffdad9934a727b5784edc,mlb-min-kc-2026-08-05,Kansas City Royals,Minnesota Twins,2026-08-05T23:41:00+00:00,2026-08-05T20:00:02.773993+00:00,13257.226007,true,-1,,,,,,,,,,,,,,,,,,,,568,0.531328320802005,0.5316455696202531,-0.0003172488182481,-1,2026-08-05T19:45:02.350364+00:00,900.423629,3,true,betfair+matchbook+smarkets,betfair+matchbook+smarkets,false,0.531328320802005,0.531328320802005,0.5316455696202531,10.773993,11.773993,sharp:0294,2026-08-05T20:00:02.773993+00:00,0,0.531328320802005,-0.0003172488182481,-1,3,false,sharp:0293,900.423629,sharp:0295,9899.950899,,,,,true,2026-08-05T19:54:54+00:00,308.773993,0.54,0xf547bd7423ea418c2a7859484101b6c0d99d94f22b5f79c799015c729e3dfbca,false,false,false,true,-0.008671679197995,,,true,false,0,,,,,,,,,,,,,,,false,false,false,false,true,false,0,,,,,,,,,,,,,,,false,false,false,false,true,false,0,,,,,,,,,,,,,,,false,false,false,false,true,true,2,2026-08-05T20:02:59+00:00,176.226007,0.5399999918,-0.0000000082,0x13e077ba18292750219cb7d1aa858806ec4a527e58b51832ca43e1476692cc3c,2026-08-05T20:04:59+00:00,296.226007,3.773993,0.54,0,0x4c36daa90b7d5938aa7c7e2b44ec2e84e54a8b5581ab70ebd3ac35086016c5e7,0.5399999918,0.54,0.0000000082,true,true,true,true
H2-v1-EVENT-M5,H2-v1,sharp:0295,sharp,295,1614994,0xca8788f29aef5bf45042ae2567a20e4fef6494bac01ffdad9934a727b5784edc,mlb-min-kc-2026-08-05,Kansas City Royals,Minnesota Twins,2026-08-05T23:41:00+00:00,2026-08-05T22:45:02.724892+00:00,3357.275108,true,0,,,,,,,,,,,,,,,,,,,,657,0.531328320802005,0.531328320802005,0,0,2026-08-05T20:00:02.773993+00:00,9899.950899,3,true,betfair+matchbook+smarkets,betfair+matchbook+smarkets,false,0.531328320802005,0.531328320802005,0.5316455696202531,6.724892,15.724892,sharp:0295,2026-08-05T22:45:02.724892+00:00,0,0.531328320802005,0,0,3,false,sharp:0294,9899.950899,sharp:0296,899.893303,,,,,true,2026-08-05T22:44:20+00:00,42.724892,0.53,0x266198ff54c6a252babb97a98a3e1486a16285d173e0032532cf54dcc5ca8d7d,false,true,true,true,0.001328320802005,,,true,false,0,,,,,,,,,,,,,,,false,false,false,false,true,false,0,,,,,,,,,,,,,,,false,false,false,false,true,false,0,,,,,,,,,,,,,,,false,false,false,false,true,true,2,2026-08-05T22:46:26+00:00,83.275108,0.53,0,0x835d488145f558dc4148099ca8a0a428bf1399b89551f31402e2a37dea9a2b93,2026-08-05T22:48:33+00:00,210.275108,89.724892,0.53,0,0xc02ed90eb4bd9a3d1bcc61fbb6b5fb01f0f2ee9b49396b738703cb2b9731a72b,0.53,0.53,0,false,false,false,false
H2-v1-EVENT-M5,H2-v1,sharp:0296,sharp,296,1614994,0xca8788f29aef5bf45042ae2567a20e4fef6494bac01ffdad9934a727b5784edc,mlb-min-kc-2026-08-05,Kansas City Royals,Minnesota Twins,2026-08-05T23:41:00+00:00,2026-08-05T23:00:02.618195+00:00,2457.381805,true,0,,,,,,,,,,,,,,,,,,,,674,0.531328320802005,0.531328320802005,0,0,2026-08-05T22:45:02.724892+00:00,899.893303,3,true,betfair+matchbook+smarkets,betfair+matchbook+smarkets,false,0.531328320802005,0.531328320802005,0.5316455696202531,8.118195,19.618195,sharp:0296,2026-08-05T23:00:02.618195+00:00,0,0.531328320802005,0,0,3,false,sharp:0295,899.893303,,,,,,,true,2026-08-05T22:59:08+00:00,54.618195,0.53,0xc56efe13f4d43b35431675d987dec17f11925e08ba32bd5ed91b6d8601051a4e,false,true,true,true,0.001328320802005,,,true,false,0,,,,,,,,,,,,,,,false,false,false,false,true,false,0,,,,,,,,,,,,,,,false,false,false,false,true,false,0,,,,,,,,,,,,,,,false,false,false,false,true,true,2,2026-08-05T23:01:14+00:00,71.381805,0.53,0,0x6df0666454b80f5b178ab35db39888bc4fe9903d0e3a06e681530dd0b7f28c5e,2026-08-05T23:03:21+00:00,198.381805,101.618195,0.53,0,0xf6b263daf96d8b8e9a19124600ef635b502b59d7565c848298ab848492810d99,0.53,0.53,0,false,false,false,false
H2-v1-EVENT-M5,H2-v1,sharp:0297,sharp,297,1614988,0xfa7715db801d85d5f0909d56c4cf912b3412d5b4f043880f042293a3f29e3b3c,mlb-stl-nyy-2026-08-05,New York Yankees,St. Louis Cardinals,2026-08-06T00:15:00+00:00,2026-08-04T18:45:02.244229+00:00,106197.755771,false,,,,,,,,,,,,,,,,,,,,,443,0.5691056910569106,,,,,,1,false,smarkets,,,,,0.5691056910569106,18.244229,18.244229,sharp:0297,2026-08-04T18:45:02.244229+00:00,0,0.5691056910569106,,,1,,,,sharp:0298,900.187795,,,rn1:0093,102002.755771,true,2026-08-04T14:51:11+00:00,14031.244229,0.58,0x8dd35d7c5372acadf460574646ef67e04d10ae2cce25172be86eaa23b8579d9a,false,false,false,false,-0.0108943089430894,,,true,false,0,,,,,,,,,,,,,,,false,false,false,false,true,false,0,,,,,,,,,,,,,,,false,false,false,false,true,false,0,,,,,,,,,,,,,,,false,false,false,false,true,false,0,,,,,,,,,,,,,,,false,false,false,false
H2-v1-EVENT-M5,H2-v1,sharp:0298,sharp,298,1614988,0xfa7715db801d85d5f0909d56c4cf912b3412d5b4f043880f042293a3f29e3b3c,mlb-stl-nyy-2026-08-05,New York Yankees,St. Louis Cardinals,2026-08-06T00:15:00+00:00,2026-08-04T19:00:02.432024+00:00,105297.567976,true,0,,,,,,,,,,,,,,,,,,,,445,0.5691056910569106,0.5691056910569106,0,0,2026-08-04T18:45:02.244229+00:00,900.187795,1,false,smarkets,smarkets,false,,,0.5691056910569106,3.432024,3.432024,sharp:0298,2026-08-04T19:00:02.432024+00:00,0,0.5691056910569106,0,0,1,false,sharp:0297,900.187795,sharp:0299,2699.509084,,,rn1:0093,101102.567976,true,2026-08-04T14:51:11+00:00,14931.432024,0.58,0x8dd35d7c5372acadf460574646ef67e04d10ae2cce25172be86eaa23b8579d9a,false,false,false,false,-0.0108943089430894,,,true,false,0,,,,,,,,,,,,,,,false,false,false,false,true,false,0,,,,,,,,,,,,,,,false,false,false,false,true,false,0,,,,,,,,,,,,,,,false,false,false,false,true,false,0,,,,,,,,,,,,,,,false,false,false,false
H2-v1-EVENT-M5,H2-v1,sharp:0299,sharp,299,1614988,0xfa7715db801d85d5f0909d56c4cf912b3412d5b4f043880f042293a3f29e3b3c,mlb-stl-nyy-2026-08-05,New York Yankees,St. Louis Cardinals,2026-08-06T00:15:00+00:00,2026-08-04T19:45:01.941108+00:00,102598.058892,true,0,,,,,,,,,,,,,,,,,,,,449,0.5691056910569106,0.5691056910569106,0,0,2026-08-04T19:00:02.432024+00:00,2699.509084,1,false,smarkets,smarkets,false,,,0.5691056910569106,9.941108,9.941108,sharp:0299,2026-08-04T19:45:01.941108+00:00,0,0.5691056910569106,0,0,1,false,sharp:0298,2699.509084,sharp:0300,900.446254,,,rn1:0093,98403.058892,true,2026-08-04T14:51:11+00:00,17630.941108,0.58,0x8dd35d7c5372acadf460574646ef67e04d10ae2cce25172be86eaa23b8579d9a,false,false,false,false,-0.0108943089430894,,,true,false,0,,,,,,,,,,,,,,,false,false,false,false,true,false,0,,,,,,,,,,,,,,,false,false,false,false,true,false,0,,,,,,,,,,,,,,,false,false,false,false,true,false,0,,,,,,,,,,,,,,,false,false,false,false
H2-v1-EVENT-M5,H2-v1,sharp:0300,sharp,300,1614988,0xfa7715db801d85d5f0909d56c4cf912b3412d5b4f043880f042293a3f29e3b3c,mlb-stl-nyy-2026-08-05,New York Yankees,St. Louis Cardinals,2026-08-06T00:15:00+00:00,2026-08-04T20:00:02.387362+00:00,101697.612638,true,0,,,,,,,,,,,,,,,,,,,,451,0.5691056910569106,0.5691056910569106,0,0,2026-08-04T19:45:01.941108+00:00,900.446254,1,false,smarkets,smarkets,false,,,0.5691056910569106,22.387362,22.387362,sharp:0300,2026-08-04T20:00:02.387362+00:00,0,0.5691056910569106,0,0,1,false,sharp:0299,900.446254,sharp:0301,2700.116294,,,rn1:0093,97502.612638,true,2026-08-04T14:51:11+00:00,18531.387362,0.58,0x8dd35d7c5372acadf460574646ef67e04d10ae2cce25172be86eaa23b8579d9a,false,false,false,false,-0.0108943089430894,,,true,false,0,,,,,,,,,,,,,,,false,false,false,false,true,false,0,,,,,,,,,,,,,,,false,false,false,false,true,false,0,,,,,,,,,,,,,,,false,false,false,false,true,false,0,,,,,,,,,,,,,,,false,false,false,false
H2-v1-EVENT-M5,H2-v1,sharp:0301,sharp,301,1614988,0xfa7715db801d85d5f0909d56c4cf912b3412d5b4f043880f042293a3f29e3b3c,mlb-stl-nyy-2026-08-05,New York Yankees,St. Louis Cardinals,2026-08-06T00:15:00+00:00,2026-08-04T20:45:02.503656+00:00,98997.496344,true,0,,,,,,,,,,,,,,,,,,,,455,0.5691056910569106,0.5691056910569106,0,0,2026-08-04T20:00:02.387362+00:00,2700.116294,1,false,smarkets,smarkets,false,,,0.5691056910569106,17.503656,17.503656,sharp:0301,2026-08-04T20:45:02.503656+00:00,0,0.5691056910569106,0,0,1,false,sharp:0300,2700.116294,sharp:0302,899.67557,,,rn1:0093,94802.496344,true,2026-08-04T14:51:11+00:00,21231.503656,0.58,0x8dd35d7c5372acadf460574646ef67e04d10ae2cce25172be86eaa23b8579d9a,false,false,false,false,-0.0108943089430894,,,true,false,0,,,,,,,,,,,,,,,false,false,false,false,true,false,0,,,,,,,,,,,,,,,false,false,false,false,true,false,0,,,,,,,,,,,,,,,false,false,false,false,true,false,0,,,,,,,,,,,,,,,false,false,false,false
H2-v1-EVENT-M5,H2-v1,sharp:0302,sharp,302,1614988,0xfa7715db801d85d5f0909d56c4cf912b3412d5b4f043880f042293a3f29e3b3c,mlb-stl-nyy-2026-08-05,New York Yankees,St. Louis Cardinals,2026-08-06T00:15:00+00:00,2026-08-04T21:00:02.179226+00:00,98097.820774,true,0,,,,,,,,,,,,,,,,,,,,457,0.5691056910569106,0.5691056910569106,0,0,2026-08-04T20:45:02.503656+00:00,899.67557,1,false,smarkets,smarkets,false,,,0.5691056910569106,14.179226,14.179226,sharp:0302,2026-08-04T21:00:02.179226+00:00,0,0.5691056910569106,0,0,1,false,sharp:0301,899.67557,sharp:0303,2699.784904,,,rn1:0093,93902.820774,true,2026-08-04T14:51:11+00:00,22131.179226,0.58,0x8dd35d7c5372acadf460574646ef67e04d10ae2cce25172be86eaa23b8579d9a,false,false,false,false,-0.0108943089430894,,,true,false,0,,,,,,,,,,,,,,,false,false,false,false,true,false,0,,,,,,,,,,,,,,,false,false,false,false,true,false,0,,,,,,,,,,,,,,,false,false,false,false,true,false,0,,,,,,,,,,,,,,,false,false,false,false
H2-v1-EVENT-M5,H2-v1,sharp:0303,sharp,303,1614988,0xfa7715db801d85d5f0909d56c4cf912b3412d5b4f043880f042293a3f29e3b3c,mlb-stl-nyy-2026-08-05,New York Yankees,St. Louis Cardinals,2026-08-06T00:15:00+00:00,2026-08-04T21:45:01.964130+00:00,95398.03587,true,0,,,,,,,,,,,,,,,,,,,,461,0.5691056910569106,0.5691056910569106,0,0,2026-08-04T21:00:02.179226+00:00,2699.784904,1,false,smarkets,smarkets,false,,,0.5691056910569106,5.96413,5.96413,sharp:0303,2026-08-04T21:45:01.964130+00:00,0,0.5691056910569106,0,0,1,false,sharp:0302,2699.784904,sharp:0304,900.84586,,,rn1:0093,91203.03587,true,2026-08-04T14:51:11+00:00,24830.96413,0.58,0x8dd35d7c5372acadf460574646ef67e04d10ae2cce25172be86eaa23b8579d9a,false,false,false,false,-0.0108943089430894,,,true,false,0,,,,,,,,,,,,,,,false,false,false,false,true,false,0,,,,,,,,,,,,,,,false,false,false,false,true,false,0,,,,,,,,,,,,,,,false,false,false,false,true,false,0,,,,,,,,,,,,,,,false,false,false,false
H2-v1-EVENT-M5,H2-v1,sharp:0304,sharp,304,1614988,0xfa7715db801d85d5f0909d56c4cf912b3412d5b4f043880f042293a3f29e3b3c,mlb-stl-nyy-2026-08-05,New York Yankees,St. Louis Cardinals,2026-08-06T00:15:00+00:00,2026-08-04T22:00:02.809990+00:00,94497.19001,true,0,,,,,,,,,,,,,,,,,,,,463,0.5691056910569106,0.5691056910569106,0,0,2026-08-04T21:45:01.964130+00:00,900.84586,1,false,smarkets,smarkets,false,,,0.5691056910569106,10.80999,10.80999,sharp:0304,2026-08-04T22:00:02.809990+00:00,0,0.5691056910569106,0,0,1,false,sharp:0303,900.84586,sharp:0305,2698.89965,,,rn1:0093,90302.19001,true,2026-08-04T14:51:11+00:00,25731.80999,0.58,0x8dd35d7c5372acadf460574646ef67e04d10ae2cce25172be86eaa23b8579d9a,false,false,false,false,-0.0108943089430894,,,true,false,0,,,,,,,,,,,,,,,false,false,false,false,true,false,0,,,,,,,,,,,,,,,false,false,false,false,true,false,0,,,,,,,,,,,,,,,false,false,false,false,true,false,0,,,,,,,,,,,,,,,false,false,false,false
H2-v1-EVENT-M5,H2-v1,sharp:0305,sharp,305,1614988,0xfa7715db801d85d5f0909d56c4cf912b3412d5b4f043880f042293a3f29e3b3c,mlb-stl-nyy-2026-08-05,New York Yankees,St. Louis Cardinals,2026-08-06T00:15:00+00:00,2026-08-04T22:45:01.709640+00:00,91798.29036,true,0,,,,,,,,,,,,,,,,,,,,467,0.5691056910569106,0.5691056910569106,0,0,2026-08-04T22:00:02.809990+00:00,2698.89965,1,false,smarkets,smarkets,false,,,0.5691056910569106,11.70964,11.70964,sharp:0305,2026-08-04T22:45:01.709640+00:00,0,0.5691056910569106,0,0,1,false,sharp:0304,2698.89965,sharp:0306,900.345729,,,rn1:0093,87603.29036,true,2026-08-04T22:36:11+00:00,530.70964,0.59,0x45978acf319bf34e7e450b3c0b855eb2fa8a80656c88ff04fe8738cc025e295b,false,false,false,true,-0.0208943089430894,,,true,false,0,,,,,,,,,,,,,,,false,false,false,false,true,false,0,,,,,,,,,,,,,,,false,false,false,false,true,false,0,,,,,,,,,,,,,,,false,false,false,false,true,true,1,2026-08-04T22:46:35+00:00,93.29036,0.6,0.01,0x6ceb5e34629c8614b2047a65515513ae273c8519f5d8e895d022d04d0c816390,2026-08-04T22:46:35+00:00,93.29036,206.70964,0.6,0.01,0x6ceb5e34629c8614b2047a65515513ae273c8519f5d8e895d022d04d0c816390,0.6,0.6,0,false,false,false,false
H2-v1-EVENT-M5,H2-v1,sharp:0306,sharp,306,1614988,0xfa7715db801d85d5f0909d56c4cf912b3412d5b4f043880f042293a3f29e3b3c,mlb-stl-nyy-2026-08-05,New York Yankees,St. Louis Cardinals,2026-08-06T00:15:00+00:00,2026-08-04T23:00:02.055369+00:00,90897.944631,true,1,,,,,,,,,,,,,,,,,,,,469,0.5752688172043011,0.5691056910569106,0.0061631261473905,1,2026-08-04T22:45:01.709640+00:00,900.345729,1,false,smarkets,smarkets,false,,,0.5752688172043011,4.055369,4.055369,sharp:0306,2026-08-04T23:00:02.055369+00:00,0,0.5752688172043011,0.0061631261473905,1,1,false,sharp:0305,900.345729,sharp:0307,20699.861933,,,rn1:0093,86702.944631,true,2026-08-04T22:46:35+00:00,807.055369,0.6,0x6ceb5e34629c8614b2047a65515513ae273c8519f5d8e895d022d04d0c816390,false,false,false,false,-0.0247311827956989,,,true,false,0,,,,,,,,,,,,,,,false,false,false,false,true,false,0,,,,,,,,,,,,,,,false,false,false,false,true,false,0,,,,,,,,,,,,,,,false,false,false,false,true,false,0,,,,,,,,,,,,,,,false,false,false,false
H2-v1-EVENT-M5,H2-v1,sharp:0307,sharp,307,1614988,0xfa7715db801d85d5f0909d56c4cf912b3412d5b4f043880f042293a3f29e3b3c,mlb-stl-nyy-2026-08-05,New York Yankees,St. Louis Cardinals,2026-08-06T00:15:00+00:00,2026-08-05T04:45:01.917302+00:00,70198.082698,true,1,,,,,,,,,,,,,,,,,,,,502,0.58089524200109805,0.5752688172043011,0.00562642479679695,1,2026-08-04T23:00:02.055369+00:00,20699.861933,2,true,matchbook+smarkets,smarkets,true,,0.5835411471321695,0.5782493368700266,13.917302,23.917302,sharp:0307,2026-08-05T04:45:01.917302+00:00,0,0.58089524200109805,0.00562642479679695,1,2,true,sharp:0306,20699.861933,sharp:0308,47711.633981,,,rn1:0093,66003.082698,true,2026-08-04T22:46:35+00:00,21506.917302,0.6,0x6ceb5e34629c8614b2047a65515513ae273c8519f5d8e895d022d04d0c816390,false,false,false,false,-0.01910475799890195,,,true,false,0,,,,,,,,,,,,,,,false,false,false,false,true,false,0,,,,,,,,,,,,,,,false,false,false,false,true,false,0,,,,,,,,,,,,,,,false,false,false,false,true,true,1,2026-08-05T04:47:51+00:00,169.082698,0.5846050795,-0.0153949205,0xc42e54633d636635501a370f062e9b5694093aeffdd69b45323d546c832af3cb,2026-08-05T04:47:51+00:00,169.082698,130.917302,0.5846050795,-0.0153949205,0xc42e54633d636635501a370f062e9b5694093aeffdd69b45323d546c832af3cb,0.5846050795,0.5846050795,0,false,false,false,false
H2-v1-EVENT-M5,H2-v1,sharp:0308,sharp,308,1614988,0xfa7715db801d85d5f0909d56c4cf912b3412d5b4f043880f042293a3f29e3b3c,mlb-stl-nyy-2026-08-05,New York Yankees,St. Louis Cardinals,2026-08-06T00:15:00+00:00,2026-08-05T18:00:13.551283+00:00,22486.448717,true,1,,,,,,,,,,,,,,,,,,,,556,0.5922330097087379,0.58089524200109805,0.01133776770763985,1,2026-08-05T04:45:01.917302+00:00,47711.633981,3,true,betfair+matchbook+smarkets,matchbook+smarkets,true,0.5922330097087379,0.5922330097087379,0.5911330049261084,11.051283,22.551283,sharp:0308,2026-08-05T18:00:13.551283+00:00,0,0.5922330097087379,0.01133776770763985,1,3,true,sharp:0307,47711.633981,sharp:0309,2688.434843,,,rn1:0093,18291.448717,true,2026-08-05T17:52:18+00:00,475.551283,0.5900000711,0xcb5f36c6b074b75deae704a99a4355526a9450bb19baf1897130c89cc8870030,false,false,false,true,0.0022329386087379,,,true,false,0,,,,,,,,,,,,,,,false,false,false,false,true,false,0,,,,,,,,,,,,,,,false,false,false,false,true,false,0,,,,,,,,,,,,,,,false,false,false,false,true,false,0,,,,,,,,,,,,,,,false,false,false,false
H2-v1-EVENT-M5,H2-v1,sharp:0309,sharp,309,1614988,0xfa7715db801d85d5f0909d56c4cf912b3412d5b4f043880f042293a3f29e3b3c,mlb-stl-nyy-2026-08-05,New York Yankees,St. Louis Cardinals,2026-08-06T00:15:00+00:00,2026-08-05T18:45:01.986126+00:00,19798.013874,true,0,,,,,,,,,,,,,,,,,,,,560,0.5922330097087379,0.5922330097087379,0,0,2026-08-05T18:00:13.551283+00:00,2688.434843,3,true,betfair+matchbook+smarkets,betfair+matchbook+smarkets,false,0.5922330097087379,0.5922330097087379,0.5931372549019608,4.986126,5.986126,sharp:0309,2026-08-05T18:45:01.986126+00:00,0,0.5922330097087379,0,0,3,false,sharp:0308,2688.434843,sharp:0310,900.370858,,,rn1:0093,15603.013874,true,2026-08-05T18:44:23+00:00,38.986126,0.6,0x0ad556dd725029f02ca9d142831e65554c42d1b936b6f889f67e0b7171f18a16,false,true,true,true,-0.0077669902912621,,,true,false,0,,,,,,,,,,,,,,,false,false,false,false,true,false,0,,,,,,,,,,,,,,,false,false,false,false,true,false,0,,,,,,,,,,,,,,,false,false,false,false,true,false,0,,,,,,,,,,,,,,,false,false,false,false
H2-v1-EVENT-M5,H2-v1,sharp:0310,sharp,310,1614988,0xfa7715db801d85d5f0909d56c4cf912b3412d5b4f043880f042293a3f29e3b3c,mlb-stl-nyy-2026-08-05,New York Yankees,St. Louis Cardinals,2026-08-06T00:15:00+00:00,2026-08-05T19:00:02.356984+00:00,18897.643016,true,1,,,,,,,,,,,,,,,,,,,,562,0.5956416464891041,0.5922330097087379,0.0034086367803662,1,2026-08-05T18:45:01.986126+00:00,900.370858,3,true,betfair+matchbook+smarkets,betfair+matchbook+smarkets,false,0.5956416464891041,0.5956416464891041,0.5925925925925927,14.856984,20.356984,sharp:0310,2026-08-05T19:00:02.356984+00:00,0,0.5956416464891041,0.0034086367803662,1,3,false,sharp:0309,900.370858,sharp:0311,2699.99338,,,rn1:0093,14702.643016,true,2026-08-05T18:59:23+00:00,39.356984,0.6,0xbb362d30d8c1ddb8fd849254712d78db180ec606fa584fdd913888c912144204,false,true,true,true,-0.0043583535108959,,,true,false,0,,,,,,,,,,,,,,,false,false,false,false,true,true,2,2026-08-05T19:00:23+00:00,20.643016,0.6,0,0xaae56a644228a54fbb1af61b426c43de16c29b92f7c56986cf090726fed25007,2026-08-05T19:00:26+00:00,23.643016,6.356984,0.6,0,0xa948c49760f8d79db35f82b6d715b339a3ce8d2701e9a3d4d07c41972d3506e4,0.6,0.6,0,false,true,true,true,true,true,2,2026-08-05T19:00:23+00:00,20.643016,0.6,0,0xaae56a644228a54fbb1af61b426c43de16c29b92f7c56986cf090726fed25007,2026-08-05T19:00:26+00:00,23.643016,36.356984,0.6,0,0xa948c49760f8d79db35f82b6d715b339a3ce8d2701e9a3d4d07c41972d3506e4,0.6,0.6,0,false,false,false,true,true,true,2,2026-08-05T19:00:23+00:00,20.643016,0.6,0,0xaae56a644228a54fbb1af61b426c43de16c29b92f7c56986cf090726fed25007,2026-08-05T19:00:26+00:00,23.643016,276.356984,0.6,0,0xa948c49760f8d79db35f82b6d715b339a3ce8d2701e9a3d4d07c41972d3506e4,0.6,0.6,0,false,false,false,false
H2-v1-EVENT-M5,H2-v1,sharp:0311,sharp,311,1614988,0xfa7715db801d85d5f0909d56c4cf912b3412d5b4f043880f042293a3f29e3b3c,mlb-stl-nyy-2026-08-05,New York Yankees,St. Louis Cardinals,2026-08-06T00:15:00+00:00,2026-08-05T19:45:02.350364+00:00,16197.649636,true,-1,,,,,,,,,,,,,,,,,,,,566,0.5945945945945945,0.5956416464891041,-0.0010470518945096,-1,2026-08-05T19:00:02.356984+00:00,2699.99338,3,true,betfair+matchbook+smarkets,betfair+matchbook+smarkets,false,0.5936739659367397,0.5956416464891041,0.5945945945945945,14.350364,19.350364,sharp:0311,2026-08-05T19:45:02.350364+00:00,0,0.5945945945945945,-0.0010470518945096,-1,3,false,sharp:0310,2699.99338,sharp:0312,900.423629,,,rn1:0093,12002.649636,true,2026-08-05T19:30:39+00:00,863.350364,0.6,0x0dbda5911d82ba474f6078e7b55cb9fa2fbe6ba2635e1bc9558cc7e4802d31d7,false,false,false,false,-0.0054054054054055,,,true,false,0,,,,,,,,,,,,,,,false,false,false,false,true,false,0,,,,,,,,,,,,,,,false,false,false,false,true,false,0,,,,,,,,,,,,,,,false,false,false,false,true,true,3,2026-08-05T19:48:45+00:00,222.649636,0.6,0,0x502ad37ee0466a0e916f40c02b2292baf30df102e14173fd72f9de26c0eb0b57,2026-08-05T19:48:45+00:00,222.649636,77.350364,0.5900001763,-0.0099998237,0xe1fc1ced1a4a62c1d9ac48c74df49f74088643c64bf4e5ebeb72bb006dbaf5c0,0.5900001763,0.6,0.0099998237,false,false,false,false
H2-v1-EVENT-M5,H2-v1,sharp:0312,sharp,312,1614988,0xfa7715db801d85d5f0909d56c4cf912b3412d5b4f043880f042293a3f29e3b3c,mlb-stl-nyy-2026-08-05,New York Yankees,St. Louis Cardinals,2026-08-06T00:15:00+00:00,2026-08-05T20:00:02.773993+00:00,15297.226007,true,-1,,,,,,,,,,,,,,,,,,,,568,0.5942028985507247,0.5945945945945945,-0.0003916960438698,-1,2026-08-05T19:45:02.350364+00:00,900.423629,3,true,betfair+matchbook+smarkets,betfair+matchbook+smarkets,false,0.5922330097087379,0.5942028985507247,0.5945945945945945,10.773993,11.773993,sharp:0312,2026-08-05T20:00:02.773993+00:00,0,0.5942028985507247,-0.0003916960438698,-1,3,false,sharp:0311,900.423629,sharp:0313,9899.950899,,,rn1:0093,11102.226007,true,2026-08-05T19:59:59+00:00,3.773993,0.6,0x02827b75f96a984536517dceff97d421e6583d6ab933b6690a05d2cb8a8ac5e7,true,true,true,true,-0.0057971014492753,,,true,false,0,,,,,,,,,,,,,,,false,false,false,false,true,false,0,,,,,,,,,,,,,,,false,false,false,false,true,false,0,,,,,,,,,,,,,,,false,false,false,false,true,true,2,2026-08-05T20:01:53+00:00,110.226007,0.599999976,-0.000000024,0x3cd468c72c48ab89908df8832b029a490cfdde80e0fab8112ddcbd6dd0c8b812,2026-08-05T20:01:53+00:00,110.226007,189.773993,0.6,0,0x6af40b124e132c80a66029d7dce125859e553c04aa8938b66aa6106fe30e8322,0.599999976,0.6,0.000000024,false,false,false,false
H2-v1-EVENT-M5,H2-v1,sharp:0313,sharp,313,1614988,0xfa7715db801d85d5f0909d56c4cf912b3412d5b4f043880f042293a3f29e3b3c,mlb-stl-nyy-2026-08-05,New York Yankees,St. Louis Cardinals,2026-08-06T00:15:00+00:00,2026-08-05T22:45:02.724892+00:00,5397.275108,true,-1,,,,,,,,,,,,,,,,,,,,657,0.58679706601467,0.5942028985507247,-0.0074058325360547,-1,2026-08-05T20:00:02.773993+00:00,9899.950899,3,true,betfair+matchbook+smarkets,betfair+matchbook+smarkets,false,0.58679706601467,0.58679706601467,0.5891089108910892,6.724892,15.724892,sharp:0313,2026-08-05T22:45:02.724892+00:00,0,0.58679706601467,-0.0074058325360547,-1,3,false,sharp:0312,9899.950899,sharp:0314,899.893303,,,rn1:0093,1202.275108,true,2026-08-05T22:43:24+00:00,98.724892,0.580000004,0x92fe55e6072dc44dfd93b21544165b69cb34b2247159e0bcbbed157cae4e51c6,false,false,true,true,0.00679706201467,,,true,false,0,,,,,,,,,,,,,,,false,false,false,false,true,false,0,,,,,,,,,,,,,,,false,false,false,false,true,false,0,,,,,,,,,,,,,,,false,false,false,false,true,true,1,2026-08-05T22:47:18+00:00,135.275108,0.5899999272,0.0099999232,0xccdff98283cad1aa059e5c38f1143434026bb8804aab02f19801ef83f66d3540,2026-08-05T22:47:18+00:00,135.275108,164.724892,0.5899999272,0.0099999232,0xccdff98283cad1aa059e5c38f1143434026bb8804aab02f19801ef83f66d3540,0.5899999272,0.5899999272,0,false,false,false,false
H2-v1-EVENT-M5,H2-v1,sharp:0314,sharp,314,1614988,0xfa7715db801d85d5f0909d56c4cf912b3412d5b4f043880f042293a3f29e3b3c,mlb-stl-nyy-2026-08-05,New York Yankees,St. Louis Cardinals,2026-08-06T00:15:00+00:00,2026-08-05T23:00:02.618195+00:00,4497.381805,true,0,,,,,,,,,,,,,,,,,,,,674,0.58679706601467,0.58679706601467,0,0,2026-08-05T22:45:02.724892+00:00,899.893303,3,true,betfair+matchbook+smarkets,betfair+matchbook+smarkets,false,0.58679706601467,0.58679706601467,0.5891089108910892,8.118195,19.618195,sharp:0314,2026-08-05T23:00:02.618195+00:00,0,0.58679706601467,0,0,3,false,sharp:0313,899.893303,sharp:0315,2699.441053,,,rn1:0093,302.381805,true,2026-08-05T22:58:45+00:00,77.618195,0.58,0xc844d1513092046b4997aa925c694b8a6e0e8338d8f90407e68e60f2b3f4522b,false,false,true,true,0.00679706601467,,,true,true,1,2026-08-05T23:00:05+00:00,2.381805,0.58,0,0x9a51c7106dca0fb3affef83e1607b4f3456304bf2218d5c27c8fe8fa9945fbca,2026-08-05T23:00:05+00:00,2.381805,7.618195,0.58,0,0x9a51c7106dca0fb3affef83e1607b4f3456304bf2218d5c27c8fe8fa9945fbca,0.58,0.58,0,false,true,true,true,true,true,1,2026-08-05T23:00:05+00:00,2.381805,0.58,0,0x9a51c7106dca0fb3affef83e1607b4f3456304bf2218d5c27c8fe8fa9945fbca,2026-08-05T23:00:05+00:00,2.381805,27.618195,0.58,0,0x9a51c7106dca0fb3affef83e1607b4f3456304bf2218d5c27c8fe8fa9945fbca,0.58,0.58,0,false,false,true,true,true,true,1,2026-08-05T23:00:05+00:00,2.381805,0.58,0,0x9a51c7106dca0fb3affef83e1607b4f3456304bf2218d5c27c8fe8fa9945fbca,2026-08-05T23:00:05+00:00,2.381805,57.618195,0.58,0,0x9a51c7106dca0fb3affef83e1607b4f3456304bf2218d5c27c8fe8fa9945fbca,0.58,0.58,0,false,false,false,true,true,true,15,2026-08-05T23:00:05+00:00,2.381805,0.58,0,0x9a51c7106dca0fb3affef83e1607b4f3456304bf2218d5c27c8fe8fa9945fbca,2026-08-05T23:04:33+00:00,270.381805,29.618195,0.59,0.01,0xdc101a58e62894ed662348ba25edd922f7a23e56a835d4abff1e4b0dca50912f,0.58,0.59,0.01,false,false,true,true
H2-v1-EVENT-M5,H2-v1,rn1:0093,rn1,93,1614988,0xfa7715db801d85d5f0909d56c4cf912b3412d5b4f043880f042293a3f29e3b3c,mlb-stl-nyy-2026-08-05,New York Yankees,St. Louis Cardinals,2026-08-06T00:15:00+00:00,2026-08-05T23:05:05+00:00,4195,true,-1,3229930,St. Louis Cardinals,away,BUY,0.41,0.59,1098.54,450.4014,-1098.54,-450.4014,0x0254b3d991e13e7c56d1d55d3f3ed0ba8a8d5540ff6ee981eb05286cbd61309b,934d76d3564c98ea78503c67d4564d4be1a64109b21d1492eee4967eae8b5de6,1614988:2026-08-05T23:05:05+00:00,1,1,-1098.54,-450.4014,-1,1,,,,,,,,,,,,,,,,,,sharp:0314,2026-08-05T23:00:02.618195+00:00,302.381805,0.58679706601467,0,0,3,false,sharp:0314,302.381805,sharp:0315,2397.059248,,,rn1:0094,28,true,2026-08-05T23:04:33+00:00,32,0.59,0xdc101a58e62894ed662348ba25edd922f7a23e56a835d4abff1e4b0dca50912f,false,true,true,true,-0.00320293398533,0,,true,false,0,,,,,,,,,,,,,,,false,false,false,false,true,true,2,2026-08-05T23:05:33+00:00,28,0.5800001764,-0.0099998236,0xbffd2488c15f3b4273c252019e0caa1250fd4a491b52e4d41a8e4f9f854258e4,2026-08-05T23:05:35+00:00,30,0,0.5899998466,-0.0000001534,0x08c4c5859450df0e75b815614a02ab70f300392ac6039815e7f26883d4a5d8c2,0.5800001764,0.5899998466,0.0099996702,true,true,true,true,true,true,2,2026-08-05T23:05:33+00:00,28,0.5800001764,-0.0099998236,0xbffd2488c15f3b4273c252019e0caa1250fd4a491b52e4d41a8e4f9f854258e4,2026-08-05T23:05:35+00:00,30,30,0.5899998466,-0.0000001534,0x08c4c5859450df0e75b815614a02ab70f300392ac6039815e7f26883d4a5d8c2,0.5800001764,0.5899998466,0.0099996702,false,false,true,true,true,true,11,2026-08-05T23:05:33+00:00,28,0.5800001764,-0.0099998236,0xbffd2488c15f3b4273c252019e0caa1250fd4a491b52e4d41a8e4f9f854258e4,2026-08-05T23:09:32+00:00,267,33,0.59,0,0xbdaab3c379e33dc4a5b8f722ed1161312d34c6ae1ee4f1f6ae1588fd95a24c36,0.58,0.59,0.01,false,false,false,true
H2-v1-EVENT-M5,H2-v1,rn1:0094,rn1,94,1614988,0xfa7715db801d85d5f0909d56c4cf912b3412d5b4f043880f042293a3f29e3b3c,mlb-stl-nyy-2026-08-05,New York Yankees,St. Louis Cardinals,2026-08-06T00:15:00+00:00,2026-08-05T23:05:33+00:00,4167,true,1,3229931,New York Yankees,home,BUY,0.58,0.58,2.380951,1.38095158,2.380951,1.38095158,0xbffd2488c15f3b4273c252019e0caa1250fd4a491b52e4d41a8e4f9f854258e4,cde9c7de07d745363adc01020df7ed3182c7e13dc6f69b4031ab74f611ffc5b6,1614988:2026-08-05T23:05:33+00:00,1,1,2.380951,1.38095158,1,1,,,,,,,,,,,,,,,,,,sharp:0314,2026-08-05T23:00:02.618195+00:00,330.381805,0.58679706601467,0,0,3,false,sharp:0314,330.381805,sharp:0315,2369.059248,rn1:0093,28,rn1:0095,2,true,2026-08-05T23:05:05+00:00,28,0.59,0x0254b3d991e13e7c56d1d55d3f3ed0ba8a8d5540ff6ee981eb05286cbd61309b,true,true,true,true,-0.00320293398533,-0.01,,true,true,1,2026-08-05T23:05:35+00:00,2,0.5899998466,-0.0000001534,0x08c4c5859450df0e75b815614a02ab70f300392ac6039815e7f26883d4a5d8c2,2026-08-05T23:05:35+00:00,2,8,0.5899998466,-0.0000001534,0x08c4c5859450df0e75b815614a02ab70f300392ac6039815e7f26883d4a5d8c2,0.5899998466,0.5899998466,0,false,true,true,true,true,true,1,2026-08-05T23:05:35+00:00,2,0.5899998466,-0.0000001534,0x08c4c5859450df0e75b815614a02ab70f300392ac6039815e7f26883d4a5d8c2,2026-08-05T23:05:35+00:00,2,28,0.5899998466,-0.0000001534,0x08c4c5859450df0e75b815614a02ab70f300392ac6039815e7f26883d4a5d8c2,0.5899998466,0.5899998466,0,false,false,true,true,true,true,3,2026-08-05T23:05:35+00:00,2,0.5899998466,-0.0000001534,0x08c4c5859450df0e75b815614a02ab70f300392ac6039815e7f26883d4a5d8c2,2026-08-05T23:06:33+00:00,60,0,0.5800000009,-0.0099999991,0xb94bc806d254ff7dcc0fbabeee56be897535d4f23986a7b57ea9beafc33ff79c,0.5800000009,0.5899999953,0.0099999944,true,true,true,true,true,true,13,2026-08-05T23:05:35+00:00,2,0.5899998466,-0.0000001534,0x08c4c5859450df0e75b815614a02ab70f300392ac6039815e7f26883d4a5d8c2,2026-08-05T23:10:27+00:00,294,6,0.59,0,0xba5a8141f849f096122e959fd754be20f210ebb07d5f4670f20a41ac6b266153,0.58,0.59,0.01,false,true,true,true
H2-v1-EVENT-M5,H2-v1,rn1:0095,rn1,95,1614988,0xfa7715db801d85d5f0909d56c4cf912b3412d5b4f043880f042293a3f29e3b3c,mlb-stl-nyy-2026-08-05,New York Yankees,St. Louis Cardinals,2026-08-06T00:15:00+00:00,2026-08-05T23:05:35+00:00,4165,true,-1,3229930,St. Louis Cardinals,away,BUY,0.41,0.59,1.694914,0.69491474,-1.694914,-0.69491474,0x08c4c5859450df0e75b815614a02ab70f300392ac6039815e7f26883d4a5d8c2,211f72e24cd602bda7c1f67cdd7d7f50b0c2f07c43a0e15f4b0bfc23609bcc68,1614988:2026-08-05T23:05:35+00:00,1,1,-1.694914,-0.69491474,-1,1,,,,,,,,,,,,,,,,,,sharp:0314,2026-08-05T23:00:02.618195+00:00,332.381805,0.58679706601467,0,0,3,false,sharp:0314,332.381805,sharp:0315,2367.059248,rn1:0094,2,rn1:0096,58,true,2026-08-05T23:05:33+00:00,2,0.5800001764,0xbffd2488c15f3b4273c252019e0caa1250fd4a491b52e4d41a8e4f9f854258e4,true,true,true,true,0.00679688961467,0.0099998236,,true,false,0,,,,,,,,,,,,,,,false,false,false,false,true,false,0,,,,,,,,,,,,,,,false,false,false,false,true,true,2,2026-08-05T23:06:26+00:00,51,0.5899999953,0.0099998189,0xe90a7deb956ce4f71bb17cc40be6d7b5f8e289a2e7e31d8f28886e1f139f8afa,2026-08-05T23:06:33+00:00,58,2,0.5800000009,-0.0000001755,0xb94bc806d254ff7dcc0fbabeee56be897535d4f23986a7b57ea9beafc33ff79c,0.5800000009,0.5899999953,0.0099999944,true,true,true,true,true,true,12,2026-08-05T23:06:26+00:00,51,0.5899999953,0.0099998189,0xe90a7deb956ce4f71bb17cc40be6d7b5f8e289a2e7e31d8f28886e1f139f8afa,2026-08-05T23:10:27+00:00,292,8,0.59,0.0099998236,0xba5a8141f849f096122e959fd754be20f210ebb07d5f4670f20a41ac6b266153,0.58,0.59,0.01,false,true,true,true
H2-v1-EVENT-M5,H2-v1,rn1:0096,rn1,96,1614988,0xfa7715db801d85d5f0909d56c4cf912b3412d5b4f043880f042293a3f29e3b3c,mlb-stl-nyy-2026-08-05,New York Yankees,St. Louis Cardinals,2026-08-06T00:15:00+00:00,2026-08-05T23:06:33+00:00,4107,true,1,3229931,New York Yankees,home,BUY,0.58,0.58,232.90476,135.0847608,232.90476,135.0847608,0xb94bc806d254ff7dcc0fbabeee56be897535d4f23986a7b57ea9beafc33ff79c,3531ecf1c70e066bd1590168a8112e9f0457841131768ba6e59de19a60a1d979,1614988:2026-08-05T23:06:33+00:00,1,1,232.90476,135.0847608,1,1,,,,,,,,,,,,,,,,,,sharp:0314,2026-08-05T23:00:02.618195+00:00,390.381805,0.58679706601467,0,0,3,false,sharp:0314,390.381805,sharp:0315,2309.059248,rn1:0095,58,rn1:0097,135,true,2026-08-05T23:06:26+00:00,7,0.5899999953,0xe90a7deb956ce4f71bb17cc40be6d7b5f8e289a2e7e31d8f28886e1f139f8afa,true,true,true,true,-0.00320292928533,-0.0099999953,,true,true,1,2026-08-05T23:06:36+00:00,3,0.5899998466,-0.0000001487,0x30bfec48dffe95762f6a78eaa1a5c62fadf2f23c4d8eac19a691842def02fe9e,2026-08-05T23:06:36+00:00,3,7,0.5899998466,-0.0000001487,0x30bfec48dffe95762f6a78eaa1a5c62fadf2f23c4d8eac19a691842def02fe9e,0.5899998466,0.5899998466,0,false,true,true,true,true,true,1,2026-08-05T23:06:36+00:00,3,0.5899998466,-0.0000001487,0x30bfec48dffe95762f6a78eaa1a5c62fadf2f23c4d8eac19a691842def02fe9e,2026-08-05T23:06:36+00:00,3,27,0.5899998466,-0.0000001487,0x30bfec48dffe95762f6a78eaa1a5c62fadf2f23c4d8eac19a691842def02fe9e,0.5899998466,0.5899998466,0,false,false,true,true,true,true,1,2026-08-05T23:06:36+00:00,3,0.5899998466,-0.0000001487,0x30bfec48dffe95762f6a78eaa1a5c62fadf2f23c4d8eac19a691842def02fe9e,2026-08-05T23:06:36+00:00,3,57,0.5899998466,-0.0000001487,0x30bfec48dffe95762f6a78eaa1a5c62fadf2f23c4d8eac19a691842def02fe9e,0.5899998466,0.5899998466,0,false,false,false,true,true,true,12,2026-08-05T23:06:36+00:00,3,0.5899998466,-0.0000001487,0x30bfec48dffe95762f6a78eaa1a5c62fadf2f23c4d8eac19a691842def02fe9e,2026-08-05T23:11:06+00:00,273,27,0.5899999675,-0.0000000278,0x73e3776306187cdfa266d3e94ed3dfd1721f159d14ea8e6eb2dfcba36838f7e1,0.58,0.59,0.01,false,false,true,true
H2-v1-EVENT-M5,H2-v1,rn1:0097,rn1,97,1614988,0xfa7715db801d85d5f0909d56c4cf912b3412d5b4f043880f042293a3f29e3b3c,mlb-stl-nyy-2026-08-05,New York Yankees,St. Louis Cardinals,2026-08-06T00:15:00+00:00,2026-08-05T23:08:48+00:00,3972,true,1,3229931,New York Yankees,home,BUY,0.58,0.58,7.26,4.2108,7.26,4.2108,0xfaab54cc480f430460de5fe35ab0589f8a42d6312a1ac8f24fef359f821d5262,0ac4b1ec7def9755d5b564b6ad92a478ffef1a3a039ce4336f26c0728731e4e8,1614988:2026-08-05T23:08:48+00:00,1,1,7.26,4.2108,1,1,,,,,,,,,,,,,,,,,,sharp:0314,2026-08-05T23:00:02.618195+00:00,525.381805,0.58679706601467,0,0,3,false,sharp:0314,525.381805,sharp:0315,2174.059248,rn1:0096,135,rn1:0098,114,true,2026-08-05T23:08:20+00:00,28,0.5899999953,0xb158b13020b85ca6300f4e6ccd936595787c610f6a2c9ffe31aa9bb9f2ae25d5,true,true,true,true,-0.00320292928533,-0.0099999953,,true,true,1,2026-08-05T23:08:50+00:00,2,0.589999899,-0.0000000963,0xba0f1ebb1aaca709216894d6d7b8c66719bbac6fbe8ee552b56285c028d7213a,2026-08-05T23:08:50+00:00,2,8,0.589999899,-0.0000000963,0xba0f1ebb1aaca709216894d6d7b8c66719bbac6fbe8ee552b56285c028d7213a,0.589999899,0.589999899,0,false,true,true,true,true,true,3,2026-08-05T23:08:50+00:00,2,0.589999899,-0.0000000963,0xba0f1ebb1aaca709216894d6d7b8c66719bbac6fbe8ee552b56285c028d7213a,2026-08-05T23:09:05+00:00,17,13,0.5899999675,-0.0000000278,0x88e645c018dc1b45017e215aaf3f687d1169bc31882ffdf93d8bb840f7b026c4,0.5899998904,0.5899999675,0.0000000771,false,true,true,true,true,true,4,2026-08-05T23:08:50+00:00,2,0.589999899,-0.0000000963,0xba0f1ebb1aaca709216894d6d7b8c66719bbac6fbe8ee552b56285c028d7213a,2026-08-05T23:09:32+00:00,44,16,0.59,0.0000000047,0xbdaab3c379e33dc4a5b8f722ed1161312d34c6ae1ee4f1f6ae1588fd95a24c36,0.5899998904,0.59,0.0000001096,false,false,true,true,true,true,10,2026-08-05T23:08:50+00:00,2,0.589999899,-0.0000000963,0xba0f1ebb1aaca709216894d6d7b8c66719bbac6fbe8ee552b56285c028d7213a,2026-08-05T23:12:12+00:00,204,96,0.59,0.0000000047,0x28f4c2f31282ba3e2eb695a7f3aff4cf1ef74f6ec441a223b9d12ae91656466b,0.58,0.59,0.01,false,false,false,false
H2-v1-EVENT-M5,H2-v1,rn1:0098,rn1,98,1614988,0xfa7715db801d85d5f0909d56c4cf912b3412d5b4f043880f042293a3f29e3b3c,mlb-stl-nyy-2026-08-05,New York Yankees,St. Louis Cardinals,2026-08-06T00:15:00+00:00,2026-08-05T23:10:42+00:00,3858,true,1,3229931,New York Yankees,home,BUY,0.58,0.58,14.87,8.6246,14.87,8.6246,0xe3da0624695d03971836f93326dff12ac0cefc2745a2fcb4c3e5b856fde709e3,db19cacebcb1d87a7d761d2ead9d32c03d6f6dd1bd0b83405c52c45537866cba,1614988:2026-08-05T23:10:42+00:00,1,1,14.87,8.6246,1,1,,,,,,,,,,,,,,,,,,sharp:0314,2026-08-05T23:00:02.618195+00:00,639.381805,0.58679706601467,0,0,3,false,sharp:0314,639.381805,sharp:0315,2060.059248,rn1:0097,114,rn1:0099,473,true,2026-08-05T23:10:27+00:00,15,0.59,0xba5a8141f849f096122e959fd754be20f210ebb07d5f4670f20a41ac6b266153,true,true,true,true,-0.00320293398533,-0.01,,true,false,0,,,,,,,,,,,,,,,false,false,false,false,true,true,1,2026-08-05T23:11:06+00:00,24,0.5899999675,-0.0000000325,0x73e3776306187cdfa266d3e94ed3dfd1721f159d14ea8e6eb2dfcba36838f7e1,2026-08-05T23:11:06+00:00,24,6,0.5899999675,-0.0000000325,0x73e3776306187cdfa266d3e94ed3dfd1721f159d14ea8e6eb2dfcba36838f7e1,0.5899999675,0.5899999675,0,false,true,true,true,true,true,1,2026-08-05T23:11:06+00:00,24,0.5899999675,-0.0000000325,0x73e3776306187cdfa266d3e94ed3dfd1721f159d14ea8e6eb2dfcba36838f7e1,2026-08-05T23:11:06+00:00,24,36,0.5899999675,-0.0000000325,0x73e3776306187cdfa266d3e94ed3dfd1721f159d14ea8e6eb2dfcba36838f7e1,0.5899999675,0.5899999675,0,false,false,false,true,true,true,2,2026-08-05T23:11:06+00:00,24,0.5899999675,-0.0000000325,0x73e3776306187cdfa266d3e94ed3dfd1721f159d14ea8e6eb2dfcba36838f7e1,2026-08-05T23:12:12+00:00,90,210,0.59,0,0x28f4c2f31282ba3e2eb695a7f3aff4cf1ef74f6ec441a223b9d12ae91656466b,0.5899999675,0.59,0.0000000325,false,false,false,false
H2-v1-EVENT-M5,H2-v1,rn1:0099,rn1,99,1614988,0xfa7715db801d85d5f0909d56c4cf912b3412d5b4f043880f042293a3f29e3b3c,mlb-stl-nyy-2026-08-05,New York Yankees,St. Louis Cardinals,2026-08-06T00:15:00+00:00,2026-08-05T23:18:35+00:00,3385,true,1,3229931,New York Yankees,home,BUY,0.58,0.58,21.047618,12.20761844,21.047618,12.20761844,0x3e1458325b7be22c361b7ac91e720c9a214598609c3e292843263591b48e79dd,235a58de6fd0251aa7a0990506ec54b4ef3188da00547f66c4c040881a3a5adc,1614988:2026-08-05T23:18:35+00:00,1,1,21.047618,12.20761844,1,1,,,,,,,,,,,,,,,,,,sharp:0314,2026-08-05T23:00:02.618195+00:00,1112.381805,0.58679706601467,0,0,3,false,sharp:0314,1112.381805,sharp:0315,1587.059248,rn1:0098,473,rn1:0100,832,true,2026-08-05T23:12:12+00:00,383,0.59,0x28f4c2f31282ba3e2eb695a7f3aff4cf1ef74f6ec441a223b9d12ae91656466b,false,false,false,true,-0.00320293398533,-0.01,,true,false,0,,,,,,,,,,,,,,,false,false,false,false,true,false,0,,,,,,,,,,,,,,,false,false,false,false,true,false,0,,,,,,,,,,,,,,,false,false,false,false,true,true,1,2026-08-05T23:22:18+00:00,223,0.5899999255,-0.0000000745,0x98a9e142ac6fc17e2fc121c2565ec4e22f29392e1eb26a576c5d611ed0cdcf0c,2026-08-05T23:22:18+00:00,223,77,0.5899999255,-0.0000000745,0x98a9e142ac6fc17e2fc121c2565ec4e22f29392e1eb26a576c5d611ed0cdcf0c,0.5899999255,0.5899999255,0,false,false,false,false
H2-v1-EVENT-M5,H2-v1,rn1:0100,rn1,100,1614988,0xfa7715db801d85d5f0909d56c4cf912b3412d5b4f043880f042293a3f29e3b3c,mlb-stl-nyy-2026-08-05,New York Yankees,St. Louis Cardinals,2026-08-06T00:15:00+00:00,2026-08-05T23:32:27+00:00,2553,true,1,3229931,New York Yankees,home,BUY,0.58,0.58,46.5,26.97,46.5,26.97,0xb62d0f7956b77a77a4738b20ca85c9f4979e498046c02c2ba91ddb175d1dd7ce,f1532a2df0c89da9e844a456149c155e90cc982f00ed3fb2ad1a631aa559a472,1614988:2026-08-05T23:32:27+00:00,1,1,46.5,26.97,1,1,,,,,,,,,,,,,,,,,,sharp:0314,2026-08-05T23:00:02.618195+00:00,1944.381805,0.58679706601467,0,0,3,false,sharp:0314,1944.381805,sharp:0315,755.059248,rn1:0099,832,rn1:0101,2546,true,2026-08-05T23:26:26+00:00,361,0.59,0x4edb344eb4198caecc25894b0f7022c0d10d2650eaaf256d606c502ff1d125a8,false,false,false,true,-0.00320293398533,-0.01,,true,false,0,,,,,,,,,,,,,,,false,false,false,false,true,false,0,,,,,,,,,,,,,,,false,false,false,false,true,false,0,,,,,,,,,,,,,,,false,false,false,false,true,true,1,2026-08-05T23:35:18+00:00,171,0.5899999543,-0.0000000457,0xe49c9a3ff5f92a2028fd01a9c0766db42b2d3dea6fa1a00ff8e1df1ca45c3ad0,2026-08-05T23:35:18+00:00,171,129,0.5899999543,-0.0000000457,0xe49c9a3ff5f92a2028fd01a9c0766db42b2d3dea6fa1a00ff8e1df1ca45c3ad0,0.5899999543,0.5899999543,0,false,false,false,false
H2-v1-EVENT-M5,H2-v1,sharp:0315,sharp,315,1614988,0xfa7715db801d85d5f0909d56c4cf912b3412d5b4f043880f042293a3f29e3b3c,mlb-stl-nyy-2026-08-05,New York Yankees,St. Louis Cardinals,2026-08-06T00:15:00+00:00,2026-08-05T23:45:02.059248+00:00,1797.940752,true,1,,,,,,,,,,,,,,,,,,,,723,0.5896805896805897,0.58679706601467,0.0028835236659197,1,2026-08-05T23:00:02.618195+00:00,2699.441053,3,true,betfair+matchbook+smarkets,betfair+matchbook+smarkets,false,0.5922330097087379,0.5896805896805897,0.5782493368700266,3.059248,4.059248,sharp:0315,2026-08-05T23:45:02.059248+00:00,0,0.5896805896805897,0.0028835236659197,1,3,false,sharp:0314,2699.441053,sharp:0316,901.267527,rn1:0100,755.059248,rn1:0101,1790.940752,true,2026-08-05T23:42:24+00:00,158.059248,0.5899999995,0xc41d56c10ff766f472bf7c02480640c6578fe55184df5aa4dcd54516e983a559,false,false,true,true,-0.0003194098194103,,,true,false,0,,,,,,,,,,,,,,,false,false,false,false,true,false,0,,,,,,,,,,,,,,,false,false,false,false,true,false,0,,,,,,,,,,,,,,,false,false,false,false,true,true,3,2026-08-05T23:49:14+00:00,251.940752,0.5899999999,0.0000000004,0x0ba5188ce69c715bcac4e41a70d4bcd83a8b0e4ad52097fa8cd8e813d23c708b,2026-08-05T23:49:50+00:00,287.940752,12.059248,0.58,-0.0099999995,0x126fb00cde0605fc8c0f2a2633849dc55f92e4bc3cbb662044b08944f9d87acf,0.58,0.5899999999,0.0099999999,false,true,true,true
H2-v1-EVENT-M5,H2-v1,sharp:0316,sharp,316,1614988,0xfa7715db801d85d5f0909d56c4cf912b3412d5b4f043880f042293a3f29e3b3c,mlb-stl-nyy-2026-08-05,New York Yankees,St. Louis Cardinals,2026-08-06T00:15:00+00:00,2026-08-06T00:00:03.326775+00:00,896.673225,true,-1,,,,,,,,,,,,,,,,,,,,740,0.5876543209876544,0.5896805896805897,-0.0020262686929353,-1,2026-08-05T23:45:02.059248+00:00,901.267527,3,true,betfair+matchbook+smarkets,betfair+matchbook+smarkets,false,0.59123845607388115,0.5876543209876544,0.5782493368700266,8.326775,8.326775,sharp:0316,2026-08-06T00:00:03.326775+00:00,0,0.5876543209876544,-0.0020262686929353,-1,3,false,sharp:0315,901.267527,,,rn1:0100,1656.326775,rn1:0101,889.673225,true,2026-08-05T23:59:21+00:00,42.326775,0.59,0x22cab9e58b18a035ac6bc6ef2bd58a3c438408aa133e993c79444b4539d02a80,false,true,true,true,-0.0023456790123456,,,true,false,0,,,,,,,,,,,,,,,false,false,false,false,true,false,0,,,,,,,,,,,,,,,false,false,false,false,true,false,0,,,,,,,,,,,,,,,false,false,false,false,true,true,1,2026-08-06T00:03:48+00:00,224.673225,0.58,-0.01,0x8459ac664a1efc775506f9254a88a482c3e0a0f333b08b52d4152766729c73c6,2026-08-06T00:03:48+00:00,224.673225,75.326775,0.58,-0.01,0x8459ac664a1efc775506f9254a88a482c3e0a0f333b08b52d4152766729c73c6,0.58,0.58,0,false,false,false,false
H2-v1-EVENT-M5,H2-v1,rn1:0101,rn1,101,1614988,0xfa7715db801d85d5f0909d56c4cf912b3412d5b4f043880f042293a3f29e3b3c,mlb-stl-nyy-2026-08-05,New York Yankees,St. Louis Cardinals,2026-08-06T00:15:00+00:00,2026-08-06T00:14:53+00:00,7,true,1,3229931,New York Yankees,home,BUY,0.57,0.57,3450,1966.5,3450,1966.5,0x70e63a1cb7f8f97a4d61eb469084daee33119bef28e0845c05456e146265a32c,873a94d71c5f6a033f1c7a7d23165615479e723fda0d295709febbb4152973ea,1614988:2026-08-06T00:14:53+00:00,1,1,3450,1966.5,1,1,,,,,,,,,,,,,,,,,,sharp:0316,2026-08-06T00:00:03.326775+00:00,889.673225,0.5876543209876544,-0.0020262686929353,-1,3,false,sharp:0316,889.673225,,,rn1:0100,2546,rn1:0102,4,true,2026-08-06T00:14:51+00:00,2,0.57,0xf4a7dba418749ea6e3df65fd7ef88ac9afaf18ae0869f60d51d7b82d4a651668,true,true,true,true,0.0176543209876544,0,false,false,false,0,,,,,,,,,,,,,,,false,false,false,false,false,false,0,,,,,,,,,,,,,,,false,false,false,false,false,false,0,,,,,,,,,,,,,,,false,false,false,false,false,false,0,,,,,,,,,,,,,,,false,false,false,false
H2-v1-EVENT-M5,H2-v1,rn1:0102,rn1,102,1614988,0xfa7715db801d85d5f0909d56c4cf912b3412d5b4f043880f042293a3f29e3b3c,mlb-stl-nyy-2026-08-05,New York Yankees,St. Louis Cardinals,2026-08-06T00:15:00+00:00,2026-08-06T00:14:57+00:00,3,true,1,3229931,New York Yankees,home,BUY,0.57,0.57,930,530.1,930,530.1,0x4d2c1385b2c26e8164f3ed8d6092a14d35042d0b98fe5be8f51d73a4d6bb44c6,8a5a89f4263d3871ba13b2ae0b3b7b9bbea91ebedf5d11fdde6b235c729ab1c5,1614988:2026-08-06T00:14:57+00:00,1,1,930,530.1,1,1,,,,,,,,,,,,,,,,,,sharp:0316,2026-08-06T00:00:03.326775+00:00,893.673225,0.5876543209876544,-0.0020262686929353,-1,3,false,sharp:0316,893.673225,,,rn1:0101,4,,,true,2026-08-06T00:14:56+00:00,1,0.5699999868,0x847f822d0821fb2211ff866bf950fcf9935438055b1ce190649d759f674fce36,true,true,true,true,0.0176543341876544,0.0000000132,false,false,false,0,,,,,,,,,,,,,,,false,false,false,false,false,false,0,,,,,,,,,,,,,,,false,false,false,false,false,false,0,,,,,,,,,,,,,,,false,false,false,false,false,false,0,,,,,,,,,,,,,,,false,false,false,false
H2-v1-EVENT-M5,H2-v1,sharp:0317,sharp,317,1673808,0x4dbdf2191c0660d1c9b97ce261b42cdd2ec51555574cf4863d7128083093a6b2,mlb-sd-ari-2026-08-06,Arizona Diamondbacks,San Diego Padres,2026-08-06T01:41:00+00:00,2026-08-04T21:00:02.179226+00:00,103257.820774,false,,,,,,,,,,,,,,,,,,,,,457,0.5,,,,,,1,false,smarkets,,,,,0.5,14.179226,14.179226,sharp:0317,2026-08-04T21:00:02.179226+00:00,0,0.5,,,1,,,,sharp:0318,2699.784904,,,,,true,2026-08-04T02:09:03+00:00,67859.179226,0.4702222222,0xb6395c6730be7af96a803aa0763e39f12949ab38a9e89064dad0047d4c10f148,false,false,false,false,0.0297777778,,,true,false,0,,,,,,,,,,,,,,,false,false,false,false,true,false,0,,,,,,,,,,,,,,,false,false,false,false,true,false,0,,,,,,,,,,,,,,,false,false,false,false,true,false,0,,,,,,,,,,,,,,,false,false,false,false
H2-v1-EVENT-M5,H2-v1,sharp:0318,sharp,318,1673808,0x4dbdf2191c0660d1c9b97ce261b42cdd2ec51555574cf4863d7128083093a6b2,mlb-sd-ari-2026-08-06,Arizona Diamondbacks,San Diego Padres,2026-08-06T01:41:00+00:00,2026-08-04T21:45:01.964130+00:00,100558.03587,true,0,,,,,,,,,,,,,,,,,,,,461,0.5,0.5,0,0,2026-08-04T21:00:02.179226+00:00,2699.784904,1,false,smarkets,smarkets,false,,,0.5,5.96413,5.96413,sharp:0318,2026-08-04T21:45:01.964130+00:00,0,0.5,0,0,1,false,sharp:0317,2699.784904,sharp:0319,900.84586,,,,,true,2026-08-04T02:09:03+00:00,70558.96413,0.4702222222,0xb6395c6730be7af96a803aa0763e39f12949ab38a9e89064dad0047d4c10f148,false,false,false,false,0.0297777778,,,true,false,0,,,,,,,,,,,,,,,false,false,false,false,true,false,0,,,,,,,,,,,,,,,false,false,false,false,true,false,0,,,,,,,,,,,,,,,false,false,false,false,true,false,0,,,,,,,,,,,,,,,false,false,false,false
H2-v1-EVENT-M5,H2-v1,sharp:0319,sharp,319,1673808,0x4dbdf2191c0660d1c9b97ce261b42cdd2ec51555574cf4863d7128083093a6b2,mlb-sd-ari-2026-08-06,Arizona Diamondbacks,San Diego Padres,2026-08-06T01:41:00+00:00,2026-08-04T22:00:02.809990+00:00,99657.19001,true,0,,,,,,,,,,,,,,,,,,,,463,0.5,0.5,0,0,2026-08-04T21:45:01.964130+00:00,900.84586,1,false,smarkets,smarkets,false,,,0.5,10.80999,10.80999,sharp:0319,2026-08-04T22:00:02.809990+00:00,0,0.5,0,0,1,false,sharp:0318,900.84586,sharp:0320,2698.89965,,,,,true,2026-08-04T02:09:03+00:00,71459.80999,0.4702222222,0xb6395c6730be7af96a803aa0763e39f12949ab38a9e89064dad0047d4c10f148,false,false,false,false,0.0297777778,,,true,false,0,,,,,,,,,,,,,,,false,false,false,false,true,false,0,,,,,,,,,,,,,,,false,false,false,false,true,false,0,,,,,,,,,,,,,,,false,false,false,false,true,false,0,,,,,,,,,,,,,,,false,false,false,false
H2-v1-EVENT-M5,H2-v1,sharp:0320,sharp,320,1673808,0x4dbdf2191c0660d1c9b97ce261b42cdd2ec51555574cf4863d7128083093a6b2,mlb-sd-ari-2026-08-06,Arizona Diamondbacks,San Diego Padres,2026-08-06T01:41:00+00:00,2026-08-04T22:45:01.709640+00:00,96958.29036,true,0,,,,,,,,,,,,,,,,,,,,467,0.5,0.5,0,0,2026-08-04T22:00:02.809990+00:00,2698.89965,1,false,smarkets,smarkets,false,,,0.5,11.70964,11.70964,sharp:0320,2026-08-04T22:45:01.709640+00:00,0,0.5,0,0,1,false,sharp:0319,2698.89965,sharp:0321,900.345729,,,,,true,2026-08-04T02:09:03+00:00,74158.70964,0.4702222222,0xb6395c6730be7af96a803aa0763e39f12949ab38a9e89064dad0047d4c10f148,false,false,false,false,0.0297777778,,,true,false,0,,,,,,,,,,,,,,,false,false,false,false,true,false,0,,,,,,,,,,,,,,,false,false,false,false,true,false,0,,,,,,,,,,,,,,,false,false,false,false,true,false,0,,,,,,,,,,,,,,,false,false,false,false
H2-v1-EVENT-M5,H2-v1,sharp:0321,sharp,321,1673808,0x4dbdf2191c0660d1c9b97ce261b42cdd2ec51555574cf4863d7128083093a6b2,mlb-sd-ari-2026-08-06,Arizona Diamondbacks,San Diego Padres,2026-08-06T01:41:00+00:00,2026-08-04T23:00:02.055369+00:00,96057.944631,true,0,,,,,,,,,,,,,,,,,,,,469,0.5,0.5,0,0,2026-08-04T22:45:01.709640+00:00,900.345729,1,false,smarkets,smarkets,false,,,0.5,4.055369,4.055369,sharp:0321,2026-08-04T23:00:02.055369+00:00,0,0.5,0,0,1,false,sharp:0320,900.345729,sharp:0322,20699.861933,,,,,true,2026-08-04T02:09:03+00:00,75059.055369,0.4702222222,0xb6395c6730be7af96a803aa0763e39f12949ab38a9e89064dad0047d4c10f148,false,false,false,false,0.0297777778,,,true,false,0,,,,,,,,,,,,,,,false,false,false,false,true,false,0,,,,,,,,,,,,,,,false,false,false,false,true,false,0,,,,,,,,,,,,,,,false,false,false,false,true,false,0,,,,,,,,,,,,,,,false,false,false,false
H2-v1-EVENT-M5,H2-v1,sharp:0322,sharp,322,1673808,0x4dbdf2191c0660d1c9b97ce261b42cdd2ec51555574cf4863d7128083093a6b2,mlb-sd-ari-2026-08-06,Arizona Diamondbacks,San Diego Padres,2026-08-06T01:41:00+00:00,2026-08-05T04:45:01.917302+00:00,75358.082698,true,-1,,,,,,,,,,,,,,,,,,,,502,0.479468292269917925,0.5,-0.020531707730082075,-1,2026-08-04T23:00:02.055369+00:00,20699.861933,2,true,matchbook+smarkets,smarkets,true,,0.4750656167979003,0.48387096774193555,13.917302,23.917302,sharp:0322,2026-08-05T04:45:01.917302+00:00,0,0.479468292269917925,-0.020531707730082075,-1,2,true,sharp:0321,20699.861933,sharp:0323,47711.633981,,,,,true,2026-08-05T00:17:24+00:00,16057.917302,0.529999984,0x3c7c3812d7d808cdc7a0c03a321a14e946fbfecba734ccf4d3f0700b698380e0,false,false,false,false,-0.050531691730082075,,,true,false,0,,,,,,,,,,,,,,,false,false,false,false,true,false,0,,,,,,,,,,,,,,,false,false,false,false,true,false,0,,,,,,,,,,,,,,,false,false,false,false,true,false,0,,,,,,,,,,,,,,,false,false,false,false
H2-v1-EVENT-M5,H2-v1,sharp:0323,sharp,323,1673808,0x4dbdf2191c0660d1c9b97ce261b42cdd2ec51555574cf4863d7128083093a6b2,mlb-sd-ari-2026-08-06,Arizona Diamondbacks,San Diego Padres,2026-08-06T01:41:00+00:00,2026-08-05T18:00:13.551283+00:00,27646.448717,true,-1,,,,,,,,,,,,,,,,,,,,556,0.4609571788413098,0.479468292269917925,-0.018511113428608125,-1,2026-08-05T04:45:01.917302+00:00,47711.633981,3,true,betfair+matchbook+smarkets,matchbook+smarkets,true,0.4609571788413098,0.4609571788413098,0.45959595959595967,11.051283,22.551283,sharp:0323,2026-08-05T18:00:13.551283+00:00,0,0.4609571788413098,-0.018511113428608125,-1,3,true,sharp:0322,47711.633981,sharp:0324,2688.434843,,,,,true,2026-08-05T00:17:24+00:00,63769.551283,0.529999984,0x3c7c3812d7d808cdc7a0c03a321a14e946fbfecba734ccf4d3f0700b698380e0,false,false,false,false,-0.0690428051586902,,,true,false,0,,,,,,,,,,,,,,,false,false,false,false,true,false,0,,,,,,,,,,,,,,,false,false,false,false,true,false,0,,,,,,,,,,,,,,,false,false,false,false,true,false,0,,,,,,,,,,,,,,,false,false,false,false
H2-v1-EVENT-M5,H2-v1,sharp:0324,sharp,324,1673808,0x4dbdf2191c0660d1c9b97ce261b42cdd2ec51555574cf4863d7128083093a6b2,mlb-sd-ari-2026-08-06,Arizona Diamondbacks,San Diego Padres,2026-08-06T01:41:00+00:00,2026-08-05T18:45:01.986126+00:00,24958.013874,true,-1,,,,,,,,,,,,,,,,,,,,560,0.45864661654135336,0.4609571788413098,-0.00231056229995644,-1,2026-08-05T18:00:13.551283+00:00,2688.434843,3,true,betfair+matchbook+smarkets,betfair+matchbook+smarkets,false,0.45864661654135336,0.45864661654135336,0.45959595959595967,4.986126,5.986126,sharp:0324,2026-08-05T18:45:01.986126+00:00,0,0.45864661654135336,-0.00231056229995644,-1,3,false,sharp:0323,2688.434843,sharp:0325,900.370858,,,,,true,2026-08-05T18:28:23+00:00,998.986126,0.49,0xdfc507885e9c766f8b58103ed5c7dcacbfc7e1fd770bdf8fba4f954514d0c4cc,false,false,false,false,-0.03135338345864664,,,true,false,0,,,,,,,,,,,,,,,false,false,false,false,true,false,0,,,,,,,,,,,,,,,false,false,false,false,true,false,0,,,,,,,,,,,,,,,false,false,false,false,true,false,0,,,,,,,,,,,,,,,false,false,false,false
H2-v1-EVENT-M5,H2-v1,sharp:0325,sharp,325,1673808,0x4dbdf2191c0660d1c9b97ce261b42cdd2ec51555574cf4863d7128083093a6b2,mlb-sd-ari-2026-08-06,Arizona Diamondbacks,San Diego Padres,2026-08-06T01:41:00+00:00,2026-08-05T19:00:02.356984+00:00,24057.643016,true,0,,,,,,,,,,,,,,,,,,,,562,0.45864661654135336,0.45864661654135336,0,0,2026-08-05T18:45:01.986126+00:00,900.370858,3,true,betfair+matchbook+smarkets,betfair+matchbook+smarkets,false,0.45864661654135336,0.45864661654135336,0.45959595959595967,14.856984,20.356984,sharp:0325,2026-08-05T19:00:02.356984+00:00,0,0.45864661654135336,0,0,3,false,sharp:0324,900.370858,sharp:0326,2699.99338,,,,,true,2026-08-05T18:28:23+00:00,1899.356984,0.49,0xdfc507885e9c766f8b58103ed5c7dcacbfc7e1fd770bdf8fba4f954514d0c4cc,false,false,false,false,-0.03135338345864664,,,true,false,0,,,,,,,,,,,,,,,false,false,false,false,true,false,0,,,,,,,,,,,,,,,false,false,false,false,true,false,0,,,,,,,,,,,,,,,false,false,false,false,true,false,0,,,,,,,,,,,,,,,false,false,false,false
H2-v1-EVENT-M5,H2-v1,sharp:0326,sharp,326,1673808,0x4dbdf2191c0660d1c9b97ce261b42cdd2ec51555574cf4863d7128083093a6b2,mlb-sd-ari-2026-08-06,Arizona Diamondbacks,San Diego Padres,2026-08-06T01:41:00+00:00,2026-08-05T19:45:02.350364+00:00,21357.649636,true,-1,,,,,,,,,,,,,,,,,,,,566,0.457286432160804,0.45864661654135336,-0.00136018438054936,-1,2026-08-05T19:00:02.356984+00:00,2699.99338,3,true,betfair+matchbook+smarkets,betfair+matchbook+smarkets,false,0.457286432160804,0.45864661654135336,0.457286432160804,14.350364,19.350364,sharp:0326,2026-08-05T19:45:02.350364+00:00,0,0.457286432160804,-0.00136018438054936,-1,3,false,sharp:0325,2699.99338,sharp:0327,900.423629,,,,,true,2026-08-05T18:28:23+00:00,4599.350364,0.49,0xdfc507885e9c766f8b58103ed5c7dcacbfc7e1fd770bdf8fba4f954514d0c4cc,false,false,false,false,-0.032713567839196,,,true,false,0,,,,,,,,,,,,,,,false,false,false,false,true,false,0,,,,,,,,,,,,,,,false,false,false,false,true,false,0,,,,,,,,,,,,,,,false,false,false,false,true,false,0,,,,,,,,,,,,,,,false,false,false,false
H2-v1-EVENT-M5,H2-v1,sharp:0327,sharp,327,1673808,0x4dbdf2191c0660d1c9b97ce261b42cdd2ec51555574cf4863d7128083093a6b2,mlb-sd-ari-2026-08-06,Arizona Diamondbacks,San Diego Padres,2026-08-06T01:41:00+00:00,2026-08-05T20:00:02.773993+00:00,20457.226007,true,-1,,,,,,,,,,,,,,,,,,,,568,0.4563591022443891,0.457286432160804,-0.0009273299164149,-1,2026-08-05T19:45:02.350364+00:00,900.423629,3,true,betfair+matchbook+smarkets,betfair+matchbook+smarkets,false,0.4563591022443891,0.4563591022443891,0.457286432160804,10.773993,11.773993,sharp:0327,2026-08-05T20:00:02.773993+00:00,0,0.4563591022443891,-0.0009273299164149,-1,3,false,sharp:0326,900.423629,sharp:0328,9899.950899,,,,,true,2026-08-05T18:28:23+00:00,5499.773993,0.49,0xdfc507885e9c766f8b58103ed5c7dcacbfc7e1fd770bdf8fba4f954514d0c4cc,false,false,false,false,-0.0336408977556109,,,true,false,0,,,,,,,,,,,,,,,false,false,false,false,true,false,0,,,,,,,,,,,,,,,false,false,false,false,true,false,0,,,,,,,,,,,,,,,false,false,false,false,true,false,0,,,,,,,,,,,,,,,false,false,false,false
H2-v1-EVENT-M5,H2-v1,sharp:0328,sharp,328,1673808,0x4dbdf2191c0660d1c9b97ce261b42cdd2ec51555574cf4863d7128083093a6b2,mlb-sd-ari-2026-08-06,Arizona Diamondbacks,San Diego Padres,2026-08-06T01:41:00+00:00,2026-08-05T22:45:02.724892+00:00,10557.275108,true,-1,,,,,,,,,,,,,,,,,,,,657,0.44776119402985065,0.4563591022443891,-0.00859790821453845,-1,2026-08-05T20:00:02.773993+00:00,9899.950899,3,true,betfair+matchbook+smarkets,betfair+matchbook+smarkets,false,0.44776119402985065,0.44776119402985065,0.4486215538847118,6.724892,15.724892,sharp:0328,2026-08-05T22:45:02.724892+00:00,0,0.44776119402985065,-0.00859790821453845,-1,3,false,sharp:0327,9899.950899,sharp:0329,899.893303,,,,,true,2026-08-05T22:06:24+00:00,2318.724892,0.52,0x56168b97dac8175a71626d19fb29848792008e4c996578221496e89099194058,false,false,false,false,-0.07223880597014935,,,true,false,0,,,,,,,,,,,,,,,false,false,false,false,true,false,0,,,,,,,,,,,,,,,false,false,false,false,true,false,0,,,,,,,,,,,,,,,false,false,false,false,true,false,0,,,,,,,,,,,,,,,false,false,false,false
H2-v1-EVENT-M5,H2-v1,sharp:0329,sharp,329,1673808,0x4dbdf2191c0660d1c9b97ce261b42cdd2ec51555574cf4863d7128083093a6b2,mlb-sd-ari-2026-08-06,Arizona Diamondbacks,San Diego Padres,2026-08-06T01:41:00+00:00,2026-08-05T23:00:02.618195+00:00,9657.381805,true,-1,,,,,,,,,,,,,,,,,,,,674,0.4463840399002494,0.44776119402985065,-0.00137715412960125,-1,2026-08-05T22:45:02.724892+00:00,899.893303,3,true,betfair+matchbook+smarkets,betfair+matchbook+smarkets,false,0.4463840399002494,0.4427860696517413,0.4486215538847118,8.118195,19.618195,sharp:0329,2026-08-05T23:00:02.618195+00:00,0,0.4463840399002494,-0.00137715412960125,-1,3,false,sharp:0328,899.893303,sharp:0330,2699.441053,,,,,true,2026-08-05T22:06:24+00:00,3218.618195,0.52,0x56168b97dac8175a71626d19fb29848792008e4c996578221496e89099194058,false,false,false,false,-0.0736159600997506,,,true,false,0,,,,,,,,,,,,,,,false,false,false,false,true,false,0,,,,,,,,,,,,,,,false,false,false,false,true,false,0,,,,,,,,,,,,,,,false,false,false,false,true,false,0,,,,,,,,,,,,,,,false,false,false,false
H2-v1-EVENT-M5,H2-v1,sharp:0330,sharp,330,1673808,0x4dbdf2191c0660d1c9b97ce261b42cdd2ec51555574cf4863d7128083093a6b2,mlb-sd-ari-2026-08-06,Arizona Diamondbacks,San Diego Padres,2026-08-06T01:41:00+00:00,2026-08-05T23:45:02.059248+00:00,6957.940752,true,-1,,,,,,,,,,,,,,,,,,,,723,0.43920595533498763,0.4463840399002494,-0.00717808456526177,-1,2026-08-05T23:00:02.618195+00:00,2699.441053,3,true,betfair+matchbook+smarkets,betfair+matchbook+smarkets,false,0.43920595533498763,0.4405940594059406,0.4371859296482412,3.059248,4.059248,sharp:0330,2026-08-05T23:45:02.059248+00:00,0,0.43920595533498763,-0.00717808456526177,-1,3,false,sharp:0329,2699.441053,sharp:0331,901.267527,,,,,true,2026-08-05T23:26:53+00:00,1089.059248,0.51,0x3ccd902ae07253d24c62810af9e7e767aff6986afdb718aae27b1bc0966e017e,false,false,false,false,-0.07079404466501237,,,true,false,0,,,,,,,,,,,,,,,false,false,false,false,true,false,0,,,,,,,,,,,,,,,false,false,false,false,true,false,0,,,,,,,,,,,,,,,false,false,false,false,true,false,0,,,,,,,,,,,,,,,false,false,false,false
H2-v1-EVENT-M5,H2-v1,sharp:0331,sharp,331,1673808,0x4dbdf2191c0660d1c9b97ce261b42cdd2ec51555574cf4863d7128083093a6b2,mlb-sd-ari-2026-08-06,Arizona Diamondbacks,San Diego Padres,2026-08-06T01:41:00+00:00,2026-08-06T00:00:03.326775+00:00,6056.673225,true,0,,,,,,,,,,,,,,,,,,,,740,0.43920595533498763,0.43920595533498763,0,0,2026-08-05T23:45:02.059248+00:00,901.267527,3,true,betfair+matchbook+smarkets,betfair+matchbook+smarkets,false,0.43920595533498763,0.4405940594059406,0.43576826196473545,8.326775,8.326775,sharp:0331,2026-08-06T00:00:03.326775+00:00,0,0.43920595533498763,0,0,3,false,sharp:0330,901.267527,sharp:0332,2699.726978,,,,,true,2026-08-05T23:26:53+00:00,1990.326775,0.51,0x3ccd902ae07253d24c62810af9e7e767aff6986afdb718aae27b1bc0966e017e,false,false,false,false,-0.07079404466501237,,,true,false,0,,,,,,,,,,,,,,,false,false,false,false,true,false,0,,,,,,,,,,,,,,,false,false,false,false,true,false,0,,,,,,,,,,,,,,,false,false,false,false,true,false,0,,,,,,,,,,,,,,,false,false,false,false
H2-v1-EVENT-M5,H2-v1,sharp:0332,sharp,332,1673808,0x4dbdf2191c0660d1c9b97ce261b42cdd2ec51555574cf4863d7128083093a6b2,mlb-sd-ari-2026-08-06,Arizona Diamondbacks,San Diego Padres,2026-08-06T01:41:00+00:00,2026-08-06T00:45:03.053753+00:00,3356.946247,true,-1,,,,,,,,,,,,,,,,,,,,789,0.4371859296482412,0.43920595533498763,-0.00202002568674643,-1,2026-08-06T00:00:03.326775+00:00,2699.726978,3,true,betfair+matchbook+smarkets,betfair+matchbook+smarkets,false,0.438508450304309765,0.4356435643564356,0.4371859296482412,3.553753,5.053753,sharp:0332,2026-08-06T00:45:03.053753+00:00,0,0.4371859296482412,-0.00202002568674643,-1,3,false,sharp:0331,2699.726978,,,,,,,true,2026-08-05T23:26:53+00:00,4690.053753,0.51,0x3ccd902ae07253d24c62810af9e7e767aff6986afdb718aae27b1bc0966e017e,false,false,false,false,-0.0728140703517588,,,true,false,0,,,,,,,,,,,,,,,false,false,false,false,true,false,0,,,,,,,,,,,,,,,false,false,false,false,true,false,0,,,,,,,,,,,,,,,false,false,false,false,true,false,0,,,,,,,,,,,,,,,false,false,false,false
H2-v1-EVENT-M5,H2-v1,rn1:0103,rn1,103,1673754,0xa4a9f26fc604721f0c499604ea9b0c5423966d4abf19db6e0e5146eb9d2b810a,mlb-laa-bal-2026-08-06,Baltimore Orioles,Los Angeles Angels,2026-08-06T16:36:00+00:00,2026-08-05T12:14:14+00:00,102106,true,1,3347254,Baltimore Orioles,home,BUY,0.59,0.59,3.243901,1.91390159,3.243901,1.91390159,0x9671bb2fd579c0dcf9483537b90b254b87e54acd3ac7098dc0086393f98cbee8,f662626bf48cf8fd674e52be40a9f4a3e3d793ac01ca86e0c1412bf35a7c9d68,1673754:2026-08-05T12:14:14+00:00,1,1,3.243901,1.91390159,1,1,,,,,,,,,,,,,,,,,,,,,,,,,,,,sharp:0333,23447.986126,,,rn1:0104,8520,true,2026-08-05T12:03:17+00:00,657,0.6,0x434a1b00312177cfeb1d06cc34dbd0df07dcaa0e7e67d2d36c0c928c7c8f112b,false,false,false,false,,-0.01,,true,true,1,2026-08-05T12:14:15+00:00,1,0.6,0,0x5066c72615c4a91c972cb34ad02279b243dcbb55b88482bc6ba96a3b33b8a564,2026-08-05T12:14:15+00:00,1,9,0.6,0,0x5066c72615c4a91c972cb34ad02279b243dcbb55b88482bc6ba96a3b33b8a564,0.6,0.6,0,false,true,true,true,true,true,2,2026-08-05T12:14:15+00:00,1,0.6,0,0x5066c72615c4a91c972cb34ad02279b243dcbb55b88482bc6ba96a3b33b8a564,2026-08-05T12:14:33+00:00,19,11,0.6,0,0x1566b5c7594f5ba87e6176c1eaec2acbf0f25d652c896086dd60b57d28672101,0.6,0.6,0,false,true,true,true,true,true,2,2026-08-05T12:14:15+00:00,1,0.6,0,0x5066c72615c4a91c972cb34ad02279b243dcbb55b88482bc6ba96a3b33b8a564,2026-08-05T12:14:33+00:00,19,41,0.6,0,0x1566b5c7594f5ba87e6176c1eaec2acbf0f25d652c896086dd60b57d28672101,0.6,0.6,0,false,false,false,true,true,true,2,2026-08-05T12:14:15+00:00,1,0.6,0,0x5066c72615c4a91c972cb34ad02279b243dcbb55b88482bc6ba96a3b33b8a564,2026-08-05T12:14:33+00:00,19,281,0.6,0,0x1566b5c7594f5ba87e6176c1eaec2acbf0f25d652c896086dd60b57d28672101,0.6,0.6,0,false,false,false,false
H2-v1-EVENT-M5,H2-v1,rn1:0104,rn1,104,1673754,0xa4a9f26fc604721f0c499604ea9b0c5423966d4abf19db6e0e5146eb9d2b810a,mlb-laa-bal-2026-08-06,Baltimore Orioles,Los Angeles Angels,2026-08-06T16:36:00+00:00,2026-08-05T14:36:14+00:00,93586,true,1,3347254,Baltimore Orioles,home,BUY,0.59,0.59,4.317072,2.54707248,4.317072,2.54707248,0x8a4cb283e5b5ef175dae5afe20a57e6d52b9a8127bfa08b3608e47dc5940634d,823aa853fb0254dff6b1d54bf9828d77e2e1a38fd6dead637cd061abf47c2d6b,1673754:2026-08-05T14:36:14+00:00,1,1,4.317072,2.54707248,1,1,,,,,,,,,,,,,,,,,,,,,,,,,,,,sharp:0333,14927.986126,rn1:0103,8520,rn1:0105,3781,true,2026-08-05T12:14:33+00:00,8501,0.6,0x1566b5c7594f5ba87e6176c1eaec2acbf0f25d652c896086dd60b57d28672101,false,false,false,false,,-0.01,,true,false,0,,,,,,,,,,,,,,,false,false,false,false,true,false,0,,,,,,,,,,,,,,,false,false,false,false,true,false,0,,,,,,,,,,,,,,,false,false,false,false,true,false,0,,,,,,,,,,,,,,,false,false,false,false
H2-v1-EVENT-M5,H2-v1,rn1:0105,rn1,105,1673754,0xa4a9f26fc604721f0c499604ea9b0c5423966d4abf19db6e0e5146eb9d2b810a,mlb-laa-bal-2026-08-06,Baltimore Orioles,Los Angeles Angels,2026-08-06T16:36:00+00:00,2026-08-05T15:39:15+00:00,89805,true,1,3347254,Baltimore Orioles,home,BUY,0.59,0.59,2.707316,1.59731644,2.707316,1.59731644,0xb4d738c0d1693bcc69dea07f62565eb03ef5efaae4c1c30436638b59c1670184,d95b3ae4257f16e472ef50e851b12b1ea425472b7a1be5e17c00140d67211135,1673754:2026-08-05T15:39:15+00:00,1,1,2.707316,1.59731644,1,1,,,,,,,,,,,,,,,,,,,,,,,,,,,,sharp:0333,11146.986126,rn1:0104,3781,rn1:0106,89754,true,2026-08-05T15:34:14+00:00,301,0.5800000837,0x23f2b2c6619e0f5c80a5a4019c1ec7778464dd9fd7af05f7eac76596caf494ea,false,false,false,true,,0.0099999163,,true,false,0,,,,,,,,,,,,,,,false,false,false,false,true,false,0,,,,,,,,,,,,,,,false,false,false,false,true,false,0,,,,,,,,,,,,,,,false,false,false,false,true,false,0,,,,,,,,,,,,,,,false,false,false,false
H2-v1-EVENT-M5,H2-v1,sharp:0333,sharp,333,1673754,0xa4a9f26fc604721f0c499604ea9b0c5423966d4abf19db6e0e5146eb9d2b810a,mlb-laa-bal-2026-08-06,Baltimore Orioles,Los Angeles Angels,2026-08-06T16:36:00+00:00,2026-08-05T18:45:01.986126+00:00,78658.013874,false,,,,,,,,,,,,,,,,,,,,,560,0.5828877005347594,,,,,,1,false,smarkets,,,,,0.5828877005347594,3.986126,3.986126,sharp:0333,2026-08-05T18:45:01.986126+00:00,0,0.5828877005347594,,,1,,,,sharp:0334,900.370858,rn1:0105,11146.986126,rn1:0106,78607.013874,true,2026-08-05T15:39:15+00:00,11146.986126,0.5900002068,0xb4d738c0d1693bcc69dea07f62565eb03ef5efaae4c1c30436638b59c1670184,false,false,false,false,-0.0071125062652406,,,true,false,0,,,,,,,,,,,,,,,false,false,false,false,true,false,0,,,,,,,,,,,,,,,false,false,false,false,true,false,0,,,,,,,,,,,,,,,false,false,false,false,true,false,0,,,,,,,,,,,,,,,false,false,false,false
H2-v1-EVENT-M5,H2-v1,sharp:0334,sharp,334,1673754,0xa4a9f26fc604721f0c499604ea9b0c5423966d4abf19db6e0e5146eb9d2b810a,mlb-laa-bal-2026-08-06,Baltimore Orioles,Los Angeles Angels,2026-08-06T16:36:00+00:00,2026-08-05T19:00:02.356984+00:00,77757.643016,true,0,,,,,,,,,,,,,,,,,,,,562,0.5828877005347594,0.5828877005347594,0,0,2026-08-05T18:45:01.986126+00:00,900.370858,1,false,smarkets,smarkets,false,,,0.5828877005347594,20.356984,20.356984,sharp:0334,2026-08-05T19:00:02.356984+00:00,0,0.5828877005347594,0,0,1,false,sharp:0333,900.370858,sharp:0335,2699.99338,rn1:0105,12047.356984,rn1:0106,77706.643016,true,2026-08-05T15:39:15+00:00,12047.356984,0.5900002068,0xb4d738c0d1693bcc69dea07f62565eb03ef5efaae4c1c30436638b59c1670184,false,false,false,false,-0.0071125062652406,,,true,false,0,,,,,,,,,,,,,,,false,false,false,false,true,false,0,,,,,,,,,,,,,,,false,false,false,false,true,false,0,,,,,,,,,,,,,,,false,false,false,false,true,false,0,,,,,,,,,,,,,,,false,false,false,false
H2-v1-EVENT-M5,H2-v1,sharp:0335,sharp,335,1673754,0xa4a9f26fc604721f0c499604ea9b0c5423966d4abf19db6e0e5146eb9d2b810a,mlb-laa-bal-2026-08-06,Baltimore Orioles,Los Angeles Angels,2026-08-06T16:36:00+00:00,2026-08-05T19:45:02.350364+00:00,75057.649636,true,0,,,,,,,,,,,,,,,,,,,,566,0.5828877005347594,0.5828877005347594,0,0,2026-08-05T19:00:02.356984+00:00,2699.99338,1,false,smarkets,smarkets,false,,,0.5828877005347594,19.350364,19.350364,sharp:0335,2026-08-05T19:45:02.350364+00:00,0,0.5828877005347594,0,0,1,false,sharp:0334,2699.99338,sharp:0336,900.423629,rn1:0105,14747.350364,rn1:0106,75006.649636,true,2026-08-05T15:39:15+00:00,14747.350364,0.5900002068,0xb4d738c0d1693bcc69dea07f62565eb03ef5efaae4c1c30436638b59c1670184,false,false,false,false,-0.0071125062652406,,,true,false,0,,,,,,,,,,,,,,,false,false,false,false,true,false,0,,,,,,,,,,,,,,,false,false,false,false,true,false,0,,,,,,,,,,,,,,,false,false,false,false,true,false,0,,,,,,,,,,,,,,,false,false,false,false
H2-v1-EVENT-M5,H2-v1,sharp:0336,sharp,336,1673754,0xa4a9f26fc604721f0c499604ea9b0c5423966d4abf19db6e0e5146eb9d2b810a,mlb-laa-bal-2026-08-06,Baltimore Orioles,Los Angeles Angels,2026-08-06T16:36:00+00:00,2026-08-05T20:00:02.773993+00:00,74157.226007,true,1,,,,,,,,,,,,,,,,,,,,568,0.5907110369809768,0.5828877005347594,0.0078233364462174,1,2026-08-05T19:45:02.350364+00:00,900.423629,2,true,matchbook+smarkets,smarkets,true,,0.5872576177285319,0.5941644562334217,5.773993,9.773993,sharp:0336,2026-08-05T20:00:02.773993+00:00,0,0.5907110369809768,0.0078233364462174,1,2,true,sharp:0335,900.423629,sharp:0337,9899.950899,rn1:0105,15647.773993,rn1:0106,74106.226007,true,2026-08-05T15:39:15+00:00,15647.773993,0.5900002068,0xb4d738c0d1693bcc69dea07f62565eb03ef5efaae4c1c30436638b59c1670184,false,false,false,false,0.0007108301809768,,,true,false,0,,,,,,,,,,,,,,,false,false,false,false,true,false,0,,,,,,,,,,,,,,,false,false,false,false,true,false,0,,,,,,,,,,,,,,,false,false,false,false,true,false,0,,,,,,,,,,,,,,,false,false,false,false
H2-v1-EVENT-M5,H2-v1,sharp:0337,sharp,337,1673754,0xa4a9f26fc604721f0c499604ea9b0c5423966d4abf19db6e0e5146eb9d2b810a,mlb-laa-bal-2026-08-06,Baltimore Orioles,Los Angeles Angels,2026-08-06T16:36:00+00:00,2026-08-05T22:45:02.724892+00:00,64257.275108,true,1,,,,,,,,,,,,,,,,,,,,657,0.5940849529123512,0.5907110369809768,0.0033739159313744,1,2026-08-05T20:00:02.773993+00:00,9899.950899,2,true,matchbook+smarkets,matchbook+smarkets,false,,0.5940054495912807,0.5941644562334217,5.724892,6.724892,sharp:0337,2026-08-05T22:45:02.724892+00:00,0,0.5940849529123512,0.0033739159313744,1,2,false,sharp:0336,9899.950899,sharp:0338,899.893303,rn1:0105,25547.724892,rn1:0106,64206.275108,true,2026-08-05T15:39:15+00:00,25547.724892,0.5900002068,0xb4d738c0d1693bcc69dea07f62565eb03ef5efaae4c1c30436638b59c1670184,false,false,false,false,0.0040847461123512,,,true,false,0,,,,,,,,,,,,,,,false,false,false,false,true,false,0,,,,,,,,,,,,,,,false,false,false,false,true,false,0,,,,,,,,,,,,,,,false,false,false,false,true,false,0,,,,,,,,,,,,,,,false,false,false,false
H2-v1-EVENT-M5,H2-v1,sharp:0338,sharp,338,1673754,0xa4a9f26fc604721f0c499604ea9b0c5423966d4abf19db6e0e5146eb9d2b810a,mlb-laa-bal-2026-08-06,Baltimore Orioles,Los Angeles Angels,2026-08-06T16:36:00+00:00,2026-08-05T23:00:02.618195+00:00,63357.381805,true,1,,,,,,,,,,,,,,,,,,,,674,0.5951557590964319,0.5940849529123512,0.0010708061840807,1,2026-08-05T22:45:02.724892+00:00,899.893303,2,true,matchbook+smarkets,matchbook+smarkets,false,,0.5940054495912807,0.5963060686015831,14.118195,19.618195,sharp:0338,2026-08-05T23:00:02.618195+00:00,0,0.5951557590964319,0.0010708061840807,1,2,false,sharp:0337,899.893303,sharp:0339,2699.441053,rn1:0105,26447.618195,rn1:0106,63306.381805,true,2026-08-05T15:39:15+00:00,26447.618195,0.5900002068,0xb4d738c0d1693bcc69dea07f62565eb03ef5efaae4c1c30436638b59c1670184,false,false,false,false,0.0051555522964319,,,true,false,0,,,,,,,,,,,,,,,false,false,false,false,true,false,0,,,,,,,,,,,,,,,false,false,false,false,true,false,0,,,,,,,,,,,,,,,false,false,false,false,true,false,0,,,,,,,,,,,,,,,false,false,false,false
H2-v1-EVENT-M5,H2-v1,sharp:0339,sharp,339,1673754,0xa4a9f26fc604721f0c499604ea9b0c5423966d4abf19db6e0e5146eb9d2b810a,mlb-laa-bal-2026-08-06,Baltimore Orioles,Los Angeles Angels,2026-08-06T16:36:00+00:00,2026-08-05T23:45:02.059248+00:00,60657.940752,true,-1,,,,,,,,,,,,,,,,,,,,723,0.5935459882303309,0.5951557590964319,-0.001609770866101,-1,2026-08-05T23:00:02.618195+00:00,2699.441053,2,true,matchbook+smarkets,matchbook+smarkets,false,,0.5907859078590787,0.5963060686015831,3.559248,4.059248,sharp:0339,2026-08-05T23:45:02.059248+00:00,0,0.5935459882303309,-0.001609770866101,-1,2,false,sharp:0338,2699.441053,sharp:0340,901.267527,rn1:0105,29147.059248,rn1:0106,60606.940752,true,2026-08-05T23:11:06+00:00,2036.059248,0.5999999939,0x0e576d001da2ffca5f430878e6b5058f7141b4026dd7d8a91654809802cee606,false,false,false,false,-0.0064540056696691,,,true,false,0,,,,,,,,,,,,,,,false,false,false,false,true,false,0,,,,,,,,,,,,,,,false,false,false,false,true,false,0,,,,,,,,,,,,,,,false,false,false,false,true,false,0,,,,,,,,,,,,,,,false,false,false,false
H2-v1-EVENT-M5,H2-v1,sharp:0340,sharp,340,1673754,0xa4a9f26fc604721f0c499604ea9b0c5423966d4abf19db6e0e5146eb9d2b810a,mlb-laa-bal-2026-08-06,Baltimore Orioles,Los Angeles Angels,2026-08-06T16:36:00+00:00,2026-08-06T00:00:03.326775+00:00,59756.673225,true,1,,,,,,,,,,,,,,,,,,,,740,0.5967831712870929,0.5935459882303309,0.003237183056762,1,2026-08-05T23:45:02.059248+00:00,901.267527,2,true,matchbook+smarkets,matchbook+smarkets,false,,0.5972602739726027,0.5963060686015831,7.826775,8.326775,sharp:0340,2026-08-06T00:00:03.326775+00:00,0,0.5967831712870929,0.003237183056762,1,2,false,sharp:0339,901.267527,sharp:0341,2699.726978,rn1:0105,30048.326775,rn1:0106,59705.673225,true,2026-08-05T23:11:06+00:00,2937.326775,0.5999999939,0x0e576d001da2ffca5f430878e6b5058f7141b4026dd7d8a91654809802cee606,false,false,false,false,-0.0032168226129071,,,true,false,0,,,,,,,,,,,,,,,false,false,false,false,true,false,0,,,,,,,,,,,,,,,false,false,false,false,true,false,0,,,,,,,,,,,,,,,false,false,false,false,true,true,1,2026-08-06T00:04:02+00:00,238.673225,0.6199999869,0.019999993,0xc75096bb5786d66ac885298dc684d238a96633111807c6b7d8b4eeee8ab9d69a,2026-08-06T00:04:02+00:00,238.673225,61.326775,0.6199999869,0.019999993,0xc75096bb5786d66ac885298dc684d238a96633111807c6b7d8b4eeee8ab9d69a,0.6199999869,0.6199999869,0,false,false,false,false
H2-v1-EVENT-M5,H2-v1,sharp:0341,sharp,341,1673754,0xa4a9f26fc604721f0c499604ea9b0c5423966d4abf19db6e0e5146eb9d2b810a,mlb-laa-bal-2026-08-06,Baltimore Orioles,Los Angeles Angels,2026-08-06T16:36:00+00:00,2026-08-06T00:45:03.053753+00:00,57056.946247,true,-1,,,,,,,,,,,,,,,,,,,,789,0.59047619047619045,0.5967831712870929,-0.00630698081090245,-1,2026-08-06T00:00:03.326775+00:00,2699.726978,2,true,matchbook+smarkets,matchbook+smarkets,false,,0.5914786967418546,0.5894736842105263,4.053753,5.053753,sharp:0341,2026-08-06T00:45:03.053753+00:00,0,0.59047619047619045,-0.00630698081090245,-1,2,false,sharp:0340,2699.726978,,,rn1:0105,32748.053753,rn1:0106,57005.946247,true,2026-08-06T00:33:48+00:00,675.053753,0.6,0x42d176b48727e11f3cd91749c3b0243705282dfbdde0758d047e5d406862d2f7,false,false,false,false,-0.00952380952380955,,,true,false,0,,,,,,,,,,,,,,,false,false,false,false,true,false,0,,,,,,,,,,,,,,,false,false,false,false,true,false,0,,,,,,,,,,,,,,,false,false,false,false,true,false,0,,,,,,,,,,,,,,,false,false,false,false
H2-v1-EVENT-M5,H2-v1,rn1:0106,rn1,106,1673754,0xa4a9f26fc604721f0c499604ea9b0c5423966d4abf19db6e0e5146eb9d2b810a,mlb-laa-bal-2026-08-06,Baltimore Orioles,Los Angeles Angels,2026-08-06T16:36:00+00:00,2026-08-06T16:35:09+00:00,51,true,1,3347254,Baltimore Orioles,home,BUY,0.65,0.65,200,130,200,130,0x1c48b044b60ddb1f946e10bb0f766168841305876bc592cd1ff06d28a63fbafa,47c0b4a755cc4ec0d91bd520f4e1c34c339659dfb0671d0306591cfd153d742f,1673754:2026-08-06T16:35:09+00:00,1,1,200,130,1,1,,,,,,,,,,,,,,,,,,sharp:0341,2026-08-06T00:45:03.053753+00:00,57005.946247,0.59047619047619045,-0.00630698081090245,-1,2,false,sharp:0341,57005.946247,,,rn1:0105,89754,rn1:0108,6,true,2026-08-06T16:35:05+00:00,4,0.640033451,0x67e16a7826126b67424376dd452734794ca7fd0f29954b16fa641f19143181e2,true,true,true,true,-0.04955726052380955,0.009966549,false,true,true,3,2026-08-06T16:35:15+00:00,6,0.6599999604,0.0199665094,0x1fb489704fc074a04eca1820f55b7e4308cdfa392bc0a1b9d42a0dfbdadcaa0d,2026-08-06T16:35:17+00:00,8,2,0.6599999997,0.0199665487,0x2ad5270d9b9461ce2f3744be01f60bf6c6d1cdf40910f625422b1268b7e21a40,0.6599999604,0.6599999997,0.0000000393,true,true,true,true,true,true,4,2026-08-06T16:35:15+00:00,6,0.6599999604,0.0199665094,0x1fb489704fc074a04eca1820f55b7e4308cdfa392bc0a1b9d42a0dfbdadcaa0d,2026-08-06T16:35:20+00:00,11,19,0.66,0.019966549,0x132aa1767709bece656fa5c81c69c45fd3a5fc4c2a75446ba2e16f3f951291c9,0.6599999604,0.66,0.0000000396,false,false,true,true,false,false,0,,,,,,,,,,,,,,,false,false,false,false,false,false,0,,,,,,,,,,,,,,,false,false,false,false
H2-v1-EVENT-M5,H2-v1,rn1:0107,rn1,107,1673754,0xa4a9f26fc604721f0c499604ea9b0c5423966d4abf19db6e0e5146eb9d2b810a,mlb-laa-bal-2026-08-06,Baltimore Orioles,Los Angeles Angels,2026-08-06T16:36:00+00:00,2026-08-06T16:35:15+00:00,45,true,-1,3347253,Los Angeles Angels,away,BUY,0.34,0.66,7.575755,2.5757567,-7.575755,-2.5757567,0xc98b061afb088c9c1d5d4783b3812fe07a2d475402cafa4a350377525edfb08a,277dfe29621afc0eae6b90e9b5244bd1369204d359fa498b1a402549d07f864f,1673754:2026-08-06T16:35:15+00:00,2,2,-15.15151,-5.1515134,-1,1,,,,,,,,,,,,,,,,,,sharp:0341,2026-08-06T00:45:03.053753+00:00,57011.946247,0.59047619047619045,-0.00630698081090245,-1,2,false,sharp:0341,57011.946247,,,rn1:0106,6,rn1:0109,2,true,2026-08-06T16:35:09+00:00,6,0.65,0x1c48b044b60ddb1f946e10bb0f766168841305876bc592cd1ff06d28a63fbafa,true,true,true,true,-0.05952380952380955,0.01,true,true,true,2,2026-08-06T16:35:17+00:00,2,0.6599999997,0.0099999997,0x2ad5270d9b9461ce2f3744be01f60bf6c6d1cdf40910f625422b1268b7e21a40,2026-08-06T16:35:20+00:00,5,5,0.66,0.01,0x132aa1767709bece656fa5c81c69c45fd3a5fc4c2a75446ba2e16f3f951291c9,0.6599999997,0.66,0.0000000003,true,true,true,true,true,true,3,2026-08-06T16:35:17+00:00,2,0.6599999997,0.0099999997,0x2ad5270d9b9461ce2f3744be01f60bf6c6d1cdf40910f625422b1268b7e21a40,2026-08-06T16:35:45+00:00,30,0,0.66,0.01,0x98a3f981d97edf42c30993ebddbfc0b98b738f7113692069c1bc798f96ba123b,0.6599999997,0.66,0.0000000003,true,true,true,true,false,false,0,,,,,,,,,,,,,,,false,false,false,false,false,false,0,,,,,,,,,,,,,,,false,false,false,false
H2-v1-EVENT-M5,H2-v1,rn1:0108,rn1,108,1673754,0xa4a9f26fc604721f0c499604ea9b0c5423966d4abf19db6e0e5146eb9d2b810a,mlb-laa-bal-2026-08-06,Baltimore Orioles,Los Angeles Angels,2026-08-06T16:36:00+00:00,2026-08-06T16:35:15+00:00,45,true,-1,3347253,Los Angeles Angels,away,BUY,0.34,0.66,7.575755,2.5757567,-7.575755,-2.5757567,0x1fb489704fc074a04eca1820f55b7e4308cdfa392bc0a1b9d42a0dfbdadcaa0d,c1d12e97d65f250fc94bc148fd7e8a3ac82e70d31b81302d18c14c3d22bd5867,1673754:2026-08-06T16:35:15+00:00,2,1,-15.15151,-5.1515134,-1,1,,,,,,,,,,,,,,,,,,sharp:0341,2026-08-06T00:45:03.053753+00:00,57011.946247,0.59047619047619045,-0.00630698081090245,-1,2,false,sharp:0341,57011.946247,,,rn1:0106,6,rn1:0109,2,true,2026-08-06T16:35:09+00:00,6,0.65,0x1c48b044b60ddb1f946e10bb0f766168841305876bc592cd1ff06d28a63fbafa,true,true,true,true,-0.05952380952380955,0.01,true,true,true,2,2026-08-06T16:35:17+00:00,2,0.6599999997,0.0099999997,0x2ad5270d9b9461ce2f3744be01f60bf6c6d1cdf40910f625422b1268b7e21a40,2026-08-06T16:35:20+00:00,5,5,0.66,0.01,0x132aa1767709bece656fa5c81c69c45fd3a5fc4c2a75446ba2e16f3f951291c9,0.6599999997,0.66,0.0000000003,true,true,true,true,true,true,3,2026-08-06T16:35:17+00:00,2,0.6599999997,0.0099999997,0x2ad5270d9b9461ce2f3744be01f60bf6c6d1cdf40910f625422b1268b7e21a40,2026-08-06T16:35:45+00:00,30,0,0.66,0.01,0x98a3f981d97edf42c30993ebddbfc0b98b738f7113692069c1bc798f96ba123b,0.6599999997,0.66,0.0000000003,true,true,true,true,false,false,0,,,,,,,,,,,,,,,false,false,false,false,false,false,0,,,,,,,,,,,,,,,false,false,false,false
H2-v1-EVENT-M5,H2-v1,rn1:0109,rn1,109,1673754,0xa4a9f26fc604721f0c499604ea9b0c5423966d4abf19db6e0e5146eb9d2b810a,mlb-laa-bal-2026-08-06,Baltimore Orioles,Los Angeles Angels,2026-08-06T16:36:00+00:00,2026-08-06T16:35:17+00:00,43,true,-1,3347253,Los Angeles Angels,away,BUY,0.34,0.66,290.909088,98.90908992,-290.909088,-98.90908992,0x2ad5270d9b9461ce2f3744be01f60bf6c6d1cdf40910f625422b1268b7e21a40,b942f7053166932ee4ae9f39c38d5451107dc2ad3c962c071def7050d5da9179,1673754:2026-08-06T16:35:17+00:00,1,1,-290.909088,-98.90908992,-1,1,,,,,,,,,,,,,,,,,,sharp:0341,2026-08-06T00:45:03.053753+00:00,57013.946247,0.59047619047619045,-0.00630698081090245,-1,2,false,sharp:0341,57013.946247,,,rn1:0107,2,rn1:0110,3,true,2026-08-06T16:35:15+00:00,2,0.6599999604,0xc98b061afb088c9c1d5d4783b3812fe07a2d475402cafa4a350377525edfb08a,true,true,true,true,-0.06952376992380955,0.0000000396,true,true,true,1,2026-08-06T16:35:20+00:00,3,0.66,0.0000000396,0x132aa1767709bece656fa5c81c69c45fd3a5fc4c2a75446ba2e16f3f951291c9,2026-08-06T16:35:20+00:00,3,7,0.66,0.0000000396,0x132aa1767709bece656fa5c81c69c45fd3a5fc4c2a75446ba2e16f3f951291c9,0.66,0.66,0,false,true,true,true,true,true,3,2026-08-06T16:35:20+00:00,3,0.66,0.0000000396,0x132aa1767709bece656fa5c81c69c45fd3a5fc4c2a75446ba2e16f3f951291c9,2026-08-06T16:35:47+00:00,30,0,0.6599999917,0.0000000313,0xe050b2252feb8062cd4956782b951dd26a5303eb9be78f67557b99c9baa6e8f1,0.6599999917,0.66,0.0000000083,true,true,true,true,false,false,0,,,,,,,,,,,,,,,false,false,false,false,false,false,0,,,,,,,,,,,,,,,false,false,false,false
H2-v1-EVENT-M5,H2-v1,rn1:0110,rn1,110,1673754,0xa4a9f26fc604721f0c499604ea9b0c5423966d4abf19db6e0e5146eb9d2b810a,mlb-laa-bal-2026-08-06,Baltimore Orioles,Los Angeles Angels,2026-08-06T16:36:00+00:00,2026-08-06T16:35:20+00:00,40,true,-1,3347253,Los Angeles Angels,away,BUY,0.34,0.66,1.51515,0.515151,-1.51515,-0.515151,0x132aa1767709bece656fa5c81c69c45fd3a5fc4c2a75446ba2e16f3f951291c9,a3197f4f89f0b41318b8225db72ee9a8081a00fb216cdbbbc236f45f0ac0b883,1673754:2026-08-06T16:35:20+00:00,1,1,-1.51515,-0.515151,-1,1,,,,,,,,,,,,,,,,,,sharp:0341,2026-08-06T00:45:03.053753+00:00,57016.946247,0.59047619047619045,-0.00630698081090245,-1,2,false,sharp:0341,57016.946247,,,rn1:0109,3,rn1:0111,25,true,2026-08-06T16:35:17+00:00,3,0.6599999997,0x2ad5270d9b9461ce2f3744be01f60bf6c6d1cdf40910f625422b1268b7e21a40,true,true,true,true,-0.06952380922380955,0.0000000003,true,true,false,0,,,,,,,,,,,,,,,false,false,false,false,true,true,3,2026-08-06T16:35:45+00:00,25,0.66,0.0000000003,0x98a3f981d97edf42c30993ebddbfc0b98b738f7113692069c1bc798f96ba123b,2026-08-06T16:35:48+00:00,28,2,0.6500001225,-0.0099998772,0x78894d154328b39f53e0041ce6a77c4eb86bc6faf3ebde1aa6fad6fcef395d02,0.6500001225,0.66,0.0099998775,true,true,true,true,false,false,0,,,,,,,,,,,,,,,false,false,false,false,false,false,0,,,,,,,,,,,,,,,false,false,false,false
H2-v1-EVENT-M5,H2-v1,rn1:0111,rn1,111,1673754,0xa4a9f26fc604721f0c499604ea9b0c5423966d4abf19db6e0e5146eb9d2b810a,mlb-laa-bal-2026-08-06,Baltimore Orioles,Los Angeles Angels,2026-08-06T16:36:00+00:00,2026-08-06T16:35:45+00:00,15,true,-1,3347253,Los Angeles Angels,away,BUY,0.34,0.66,35,11.9,-35,-11.9,0x98a3f981d97edf42c30993ebddbfc0b98b738f7113692069c1bc798f96ba123b,d9097fcf94d2af0445ceeb1db56653c538f5a941346c56508f23ce415dba5c02,1673754:2026-08-06T16:35:45+00:00,1,1,-35,-11.9,-1,1,,,,,,,,,,,,,,,,,,sharp:0341,2026-08-06T00:45:03.053753+00:00,57041.946247,0.59047619047619045,-0.00630698081090245,-1,2,false,sharp:0341,57041.946247,,,rn1:0110,25,rn1:0112,2,true,2026-08-06T16:35:20+00:00,25,0.66,0x132aa1767709bece656fa5c81c69c45fd3a5fc4c2a75446ba2e16f3f951291c9,true,true,true,true,-0.06952380952380955,0,true,true,true,3,2026-08-06T16:35:47+00:00,2,0.6599999917,-0.0000000083,0xe050b2252feb8062cd4956782b951dd26a5303eb9be78f67557b99c9baa6e8f1,2026-08-06T16:35:53+00:00,8,2,0.66,0,0x58da09ad8364e95033df200a7714c5e98fee132eb6c7b85f4be2c1cdd5836261,0.6500001225,0.66,0.0099998775,true,true,true,true,false,false,0,,,,,,,,,,,,,,,false,false,false,false,false,false,0,,,,,,,,,,,,,,,false,false,false,false,false,false,0,,,,,,,,,,,,,,,false,false,false,false
H2-v1-EVENT-M5,H2-v1,rn1:0112,rn1,112,1673754,0xa4a9f26fc604721f0c499604ea9b0c5423966d4abf19db6e0e5146eb9d2b810a,mlb-laa-bal-2026-08-06,Baltimore Orioles,Los Angeles Angels,2026-08-06T16:36:00+00:00,2026-08-06T16:35:47+00:00,13,true,-1,3347253,Los Angeles Angels,away,BUY,0.34,0.66,19.272726,6.55272684,-19.272726,-6.55272684,0xe050b2252feb8062cd4956782b951dd26a5303eb9be78f67557b99c9baa6e8f1,94a65a1b8941c2e8b7eed2bcfee4d2ef75fce7482a46dd9289d5ebc96ffc1cbd,1673754:2026-08-06T16:35:47+00:00,1,1,-19.272726,-6.55272684,-1,1,,,,,,,,,,,,,,,,,,sharp:0341,2026-08-06T00:45:03.053753+00:00,57043.946247,0.59047619047619045,-0.00630698081090245,-1,2,false,sharp:0341,57043.946247,,,rn1:0111,2,rn1:0113,1,true,2026-08-06T16:35:45+00:00,2,0.66,0x98a3f981d97edf42c30993ebddbfc0b98b738f7113692069c1bc798f96ba123b,true,true,true,true,-0.06952380952380955,0,true,true,true,2,2026-08-06T16:35:48+00:00,1,0.6500001225,-0.0099998775,0x78894d154328b39f53e0041ce6a77c4eb86bc6faf3ebde1aa6fad6fcef395d02,2026-08-06T16:35:53+00:00,6,4,0.66,0,0x58da09ad8364e95033df200a7714c5e98fee132eb6c7b85f4be2c1cdd5836261,0.6500001225,0.66,0.0099998775,true,true,true,true,false,false,0,,,,,,,,,,,,,,,false,false,false,false,false,false,0,,,,,,,,,,,,,,,false,false,false,false,false,false,0,,,,,,,,,,,,,,,false,false,false,false
H2-v1-EVENT-M5,H2-v1,rn1:0113,rn1,113,1673754,0xa4a9f26fc604721f0c499604ea9b0c5423966d4abf19db6e0e5146eb9d2b810a,mlb-laa-bal-2026-08-06,Baltimore Orioles,Los Angeles Angels,2026-08-06T16:36:00+00:00,2026-08-06T16:35:48+00:00,12,true,1,3347254,Baltimore Orioles,home,BUY,0.65,0.65,2.857141,1.85714165,2.857141,1.85714165,0x78894d154328b39f53e0041ce6a77c4eb86bc6faf3ebde1aa6fad6fcef395d02,7a2efcd895f4da53f251b94e054618d6b70dd26e37c6cbfc30d9b34c1e7b6ce4,1673754:2026-08-06T16:35:48+00:00,1,1,2.857141,1.85714165,1,1,,,,,,,,,,,,,,,,,,sharp:0341,2026-08-06T00:45:03.053753+00:00,57044.946247,0.59047619047619045,-0.00630698081090245,-1,2,false,sharp:0341,57044.946247,,,rn1:0112,1,rn1:0114,5,true,2026-08-06T16:35:47+00:00,1,0.6599999917,0xe050b2252feb8062cd4956782b951dd26a5303eb9be78f67557b99c9baa6e8f1,true,true,true,true,-0.06952380122380955,-0.0099999917,false,true,true,1,2026-08-06T16:35:53+00:00,5,0.66,0.0000000083,0x58da09ad8364e95033df200a7714c5e98fee132eb6c7b85f4be2c1cdd5836261,2026-08-06T16:35:53+00:00,5,5,0.66,0.0000000083,0x58da09ad8364e95033df200a7714c5e98fee132eb6c7b85f4be2c1cdd5836261,0.66,0.66,0,true,true,true,true,false,false,0,,,,,,,,,,,,,,,false,false,false,false,false,false,0,,,,,,,,,,,,,,,false,false,false,false,false,false,0,,,,,,,,,,,,,,,false,false,false,false
H2-v1-EVENT-M5,H2-v1,rn1:0114,rn1,114,1673754,0xa4a9f26fc604721f0c499604ea9b0c5423966d4abf19db6e0e5146eb9d2b810a,mlb-laa-bal-2026-08-06,Baltimore Orioles,Los Angeles Angels,2026-08-06T16:36:00+00:00,2026-08-06T16:35:53+00:00,7,true,-1,3347253,Los Angeles Angels,away,BUY,0.34,0.66,126,42.84,-126,-42.84,0x58da09ad8364e95033df200a7714c5e98fee132eb6c7b85f4be2c1cdd5836261,9df7b78d3179c9010fbafb24b790e4afff1ba5e71736ae2496fb84b23725c004,1673754:2026-08-06T16:35:53+00:00,1,1,-126,-42.84,-1,1,,,,,,,,,,,,,,,,,,sharp:0341,2026-08-06T00:45:03.053753+00:00,57049.946247,0.59047619047619045,-0.00630698081090245,-1,2,false,sharp:0341,57049.946247,,,rn1:0113,5,,,true,2026-08-06T16:35:48+00:00,5,0.6500001225,0x78894d154328b39f53e0041ce6a77c4eb86bc6faf3ebde1aa6fad6fcef395d02,true,true,true,true,-0.05952393202380955,0.0099998775,true,false,false,0,,,,,,,,,,,,,,,false,false,false,false,false,false,0,,,,,,,,,,,,,,,false,false,false,false,false,false,0,,,,,,,,,,,,,,,false,false,false,false,false,false,0,,,,,,,,,,,,,,,false,false,false,false
H2-v1-EVENT-M5,H2-v1,sharp:0342,sharp,342,1673793,0x2407d896eb3c54efa8cf77183654599ecbc7d01c7f0fcf997606a1d920b2fb10,mlb-oak-cin-2026-08-06,Cincinnati Reds,Athletics,2026-08-06T16:41:43+00:00,2026-08-05T18:45:01.986126+00:00,79001.013874,false,,,,,,,,,,,,,,,,,,,,,560,0.5978835978835979,,,,,,1,false,smarkets,,,,,0.5978835978835979,3.986126,3.986126,sharp:0342,2026-08-05T18:45:01.986126+00:00,0,0.5978835978835979,,,1,,,,sharp:0343,900.370858,,,,,true,2026-08-05T16:38:35+00:00,7586.986126,0.64,0x7b4bcf873e574ec07e78e3716327dd117b95b697cd92edb633022f754202df64,false,false,false,false,-0.0421164021164021,,,true,false,0,,,,,,,,,,,,,,,false,false,false,false,true,false,0,,,,,,,,,,,,,,,false,false,false,false,true,false,0,,,,,,,,,,,,,,,false,false,false,false,true,false,0,,,,,,,,,,,,,,,false,false,false,false
H2-v1-EVENT-M5,H2-v1,sharp:0343,sharp,343,1673793,0x2407d896eb3c54efa8cf77183654599ecbc7d01c7f0fcf997606a1d920b2fb10,mlb-oak-cin-2026-08-06,Cincinnati Reds,Athletics,2026-08-06T16:41:43+00:00,2026-08-05T19:00:02.356984+00:00,78100.643016,true,1,,,,,,,,,,,,,,,,,,,,562,0.6089238845144357,0.5978835978835979,0.0110402866308378,1,2026-08-05T18:45:01.986126+00:00,900.370858,1,false,smarkets,smarkets,false,,,0.6089238845144357,20.356984,20.356984,sharp:0343,2026-08-05T19:00:02.356984+00:00,0,0.6089238845144357,0.0110402866308378,1,1,false,sharp:0342,900.370858,sharp:0344,2699.99338,,,,,true,2026-08-05T18:59:29+00:00,33.356984,0.63,0x84f2decbdbc3e7741513996e6fc5fc5e2dd52473a0a5568e694661e65f9d2568,false,true,true,true,-0.0210761154855643,,,true,false,0,,,,,,,,,,,,,,,false,false,false,false,true,false,0,,,,,,,,,,,,,,,false,false,false,false,true,false,0,,,,,,,,,,,,,,,false,false,false,false,true,false,0,,,,,,,,,,,,,,,false,false,false,false
H2-v1-EVENT-M5,H2-v1,sharp:0344,sharp,344,1673793,0x2407d896eb3c54efa8cf77183654599ecbc7d01c7f0fcf997606a1d920b2fb10,mlb-oak-cin-2026-08-06,Cincinnati Reds,Athletics,2026-08-06T16:41:43+00:00,2026-08-05T19:45:02.350364+00:00,75400.649636,true,1,,,,,,,,,,,,,,,,,,,,566,0.6109660574412532,0.6089238845144357,0.0020421729268175,1,2026-08-05T19:00:02.356984+00:00,2699.99338,1,false,smarkets,smarkets,false,,,0.6109660574412532,19.350364,19.350364,sharp:0344,2026-08-05T19:45:02.350364+00:00,0,0.6109660574412532,0.0020421729268175,1,1,false,sharp:0343,2699.99338,sharp:0345,900.423629,,,,,true,2026-08-05T18:59:29+00:00,2733.350364,0.63,0x84f2decbdbc3e7741513996e6fc5fc5e2dd52473a0a5568e694661e65f9d2568,false,false,false,false,-0.0190339425587468,,,true,false,0,,,,,,,,,,,,,,,false,false,false,false,true,false,0,,,,,,,,,,,,,,,false,false,false,false,true,false,0,,,,,,,,,,,,,,,false,false,false,false,true,false,0,,,,,,,,,,,,,,,false,false,false,false
H2-v1-EVENT-M5,H2-v1,sharp:0345,sharp,345,1673793,0x2407d896eb3c54efa8cf77183654599ecbc7d01c7f0fcf997606a1d920b2fb10,mlb-oak-cin-2026-08-06,Cincinnati Reds,Athletics,2026-08-06T16:41:43+00:00,2026-08-05T20:00:02.773993+00:00,74500.226007,true,0,,,,,,,,,,,,,,,,,,,,568,0.6109660574412532,0.6109660574412532,0,0,2026-08-05T19:45:02.350364+00:00,900.423629,1,false,smarkets,smarkets,false,,,0.6109660574412532,9.773993,9.773993,sharp:0345,2026-08-05T20:00:02.773993+00:00,0,0.6109660574412532,0,0,1,false,sharp:0344,900.423629,sharp:0346,9899.950899,,,,,true,2026-08-05T18:59:29+00:00,3633.773993,0.63,0x84f2decbdbc3e7741513996e6fc5fc5e2dd52473a0a5568e694661e65f9d2568,false,false,false,false,-0.0190339425587468,,,true,false,0,,,,,,,,,,,,,,,false,false,false,false,true,false,0,,,,,,,,,,,,,,,false,false,false,false,true,false,0,,,,,,,,,,,,,,,false,false,false,false,true,false,0,,,,,,,,,,,,,,,false,false,false,false
H2-v1-EVENT-M5,H2-v1,sharp:0346,sharp,346,1673793,0x2407d896eb3c54efa8cf77183654599ecbc7d01c7f0fcf997606a1d920b2fb10,mlb-oak-cin-2026-08-06,Cincinnati Reds,Athletics,2026-08-06T16:41:43+00:00,2026-08-05T22:45:02.724892+00:00,64600.275108,true,-1,,,,,,,,,,,,,,,,,,,,657,0.5967490797745854,0.6109660574412532,-0.0142169776666678,-1,2026-08-05T20:00:02.773993+00:00,9899.950899,2,true,matchbook+smarkets,smarkets,true,,0.6024691358024691,0.5910290237467017,5.724892,6.724892,sharp:0346,2026-08-05T22:45:02.724892+00:00,0,0.5967490797745854,-0.0142169776666678,-1,2,true,sharp:0345,9899.950899,sharp:0347,899.893303,,,,,true,2026-08-05T22:40:02+00:00,300.724892,0.6,0xba2c61fcc3bf72aee0018876bb4f00d24d4d42378be2bb55615014c4688a23cf,false,false,false,true,-0.0032509202254146,,,true,false,0,,,,,,,,,,,,,,,false,false,false,false,true,false,0,,,,,,,,,,,,,,,false,false,false,false,true,false,0,,,,,,,,,,,,,,,false,false,false,false,true,false,0,,,,,,,,,,,,,,,false,false,false,false
H2-v1-EVENT-M5,H2-v1,sharp:0347,sharp,347,1673793,0x2407d896eb3c54efa8cf77183654599ecbc7d01c7f0fcf997606a1d920b2fb10,mlb-oak-cin-2026-08-06,Cincinnati Reds,Athletics,2026-08-06T16:41:43+00:00,2026-08-05T23:00:02.618195+00:00,63700.381805,true,-1,,,,,,,,,,,,,,,,,,,,674,0.5959714100064977,0.5967490797745854,-0.0007776697680877,-1,2026-08-05T22:45:02.724892+00:00,899.893303,2,true,matchbook+smarkets,matchbook+smarkets,false,,0.6024691358024691,0.5894736842105263,14.118195,19.618195,sharp:0347,2026-08-05T23:00:02.618195+00:00,0,0.5959714100064977,-0.0007776697680877,-1,2,false,sharp:0346,899.893303,sharp:0348,2699.441053,,,,,true,2026-08-05T22:40:02+00:00,1200.618195,0.6,0xba2c61fcc3bf72aee0018876bb4f00d24d4d42378be2bb55615014c4688a23cf,false,false,false,false,-0.0040285899935023,,,true,false,0,,,,,,,,,,,,,,,false,false,false,false,true,false,0,,,,,,,,,,,,,,,false,false,false,false,true,false,0,,,,,,,,,,,,,,,false,false,false,false,true,false,0,,,,,,,,,,,,,,,false,false,false,false
H2-v1-EVENT-M5,H2-v1,sharp:0348,sharp,348,1673793,0x2407d896eb3c54efa8cf77183654599ecbc7d01c7f0fcf997606a1d920b2fb10,mlb-oak-cin-2026-08-06,Cincinnati Reds,Athletics,2026-08-06T16:41:43+00:00,2026-08-05T23:45:02.059248+00:00,61000.940752,true,-1,,,,,,,,,,,,,,,,,,,,723,0.5948853615520282,0.5959714100064977,-0.0010860484544695,-1,2026-08-05T23:00:02.618195+00:00,2699.441053,2,true,matchbook+smarkets,matchbook+smarkets,false,,0.6024691358024691,0.5873015873015873,3.559248,4.059248,sharp:0348,2026-08-05T23:45:02.059248+00:00,0,0.5948853615520282,-0.0010860484544695,-1,2,false,sharp:0347,2699.441053,sharp:0349,901.267527,,,,,true,2026-08-05T23:15:23+00:00,1779.059248,0.6099999995,0xdac905af890323cee045379e3b13b0b90f6384e908fd0f57396ec4bf2431424a,false,false,false,false,-0.0151146379479718,,,true,false,0,,,,,,,,,,,,,,,false,false,false,false,true,false,0,,,,,,,,,,,,,,,false,false,false,false,true,false,0,,,,,,,,,,,,,,,false,false,false,false,true,false,0,,,,,,,,,,,,,,,false,false,false,false
H2-v1-EVENT-M5,H2-v1,sharp:0349,sharp,349,1673793,0x2407d896eb3c54efa8cf77183654599ecbc7d01c7f0fcf997606a1d920b2fb10,mlb-oak-cin-2026-08-06,Cincinnati Reds,Athletics,2026-08-06T16:41:43+00:00,2026-08-06T00:00:03.326775+00:00,60099.673225,true,1,,,,,,,,,,,,,,,,,,,,740,0.5959714100064977,0.5948853615520282,0.0010860484544695,1,2026-08-05T23:45:02.059248+00:00,901.267527,2,true,matchbook+smarkets,matchbook+smarkets,false,,0.6024691358024691,0.5894736842105263,7.826775,8.326775,sharp:0349,2026-08-06T00:00:03.326775+00:00,0,0.5959714100064977,0.0010860484544695,1,2,false,sharp:0348,901.267527,sharp:0350,2699.726978,,,,,true,2026-08-05T23:15:23+00:00,2680.326775,0.6099999995,0xdac905af890323cee045379e3b13b0b90f6384e908fd0f57396ec4bf2431424a,false,false,false,false,-0.0140285894935023,,,true,false,0,,,,,,,,,,,,,,,false,false,false,false,true,false,0,,,,,,,,,,,,,,,false,false,false,false,true,false,0,,,,,,,,,,,,,,,false,false,false,false,true,false,0,,,,,,,,,,,,,,,false,false,false,false
H2-v1-EVENT-M5,H2-v1,sharp:0350,sharp,350,1673793,0x2407d896eb3c54efa8cf77183654599ecbc7d01c7f0fcf997606a1d920b2fb10,mlb-oak-cin-2026-08-06,Cincinnati Reds,Athletics,2026-08-06T16:41:43+00:00,2026-08-06T00:45:03.053753+00:00,57399.946247,true,-1,,,,,,,,,,,,,,,,,,,,789,0.59141754303044625,0.5959714100064977,-0.00455386697605145,-1,2026-08-06T00:00:03.326775+00:00,2699.726978,2,true,matchbook+smarkets,matchbook+smarkets,false,,0.5955334987593052,0.5873015873015873,4.053753,5.053753,sharp:0350,2026-08-06T00:45:03.053753+00:00,0,0.59141754303044625,-0.00455386697605145,-1,2,false,sharp:0349,2699.726978,,,,,,,true,2026-08-06T00:08:02+00:00,2221.053753,0.6099998597,0xaad2af98a647e6cd7e2623f0170933a84a86efb02ac7c27abb57b450edf52da8,false,false,false,false,-0.01858231666955375,,,true,false,0,,,,,,,,,,,,,,,false,false,false,false,true,false,0,,,,,,,,,,,,,,,false,false,false,false,true,false,0,,,,,,,,,,,,,,,false,false,false,false,true,false,0,,,,,,,,,,,,,,,false,false,false,false
H2-v1-EVENT-M5,H2-v1,sharp:0351,sharp,351,1673795,0x78d1a02e5788f1fb0b915458c5e73984b83173353986cbaf53c5f9fbe1e0aa0c,mlb-nym-cle-2026-08-06,Cleveland Guardians,New York Mets,2026-08-06T17:11:00+00:00,2026-08-05T18:45:01.986126+00:00,80758.013874,false,,,,,,,,,,,,,,,,,,,,,560,0.49725274725274715,,,,,,1,false,smarkets,,,,,0.49725274725274715,3.986126,3.986126,sharp:0351,2026-08-05T18:45:01.986126+00:00,0,0.49725274725274715,,,1,,,,sharp:0352,900.370858,,,,,true,2026-08-05T18:38:48+00:00,373.986126,0.52,0x41199f75c6b3c586a5195aad2f35fac39e4901093aa33337cd100d8f14735e2a,false,false,false,true,-0.02274725274725285,,,true,false,0,,,,,,,,,,,,,,,false,false,false,false,true,false,0,,,,,,,,,,,,,,,false,false,false,false,true,false,0,,,,,,,,,,,,,,,false,false,false,false,true,false,0,,,,,,,,,,,,,,,false,false,false,false
H2-v1-EVENT-M5,H2-v1,sharp:0352,sharp,352,1673795,0x78d1a02e5788f1fb0b915458c5e73984b83173353986cbaf53c5f9fbe1e0aa0c,mlb-nym-cle-2026-08-06,Cleveland Guardians,New York Mets,2026-08-06T17:11:00+00:00,2026-08-05T19:00:02.356984+00:00,79857.643016,true,1,,,,,,,,,,,,,,,,,,,,562,0.5054945054945055,0.49725274725274715,0.00824175824175835,1,2026-08-05T18:45:01.986126+00:00,900.370858,1,false,smarkets,smarkets,false,,,0.5054945054945055,20.356984,20.356984,sharp:0352,2026-08-05T19:00:02.356984+00:00,0,0.5054945054945055,0.00824175824175835,1,1,false,sharp:0351,900.370858,sharp:0353,2699.99338,,,,,true,2026-08-05T18:54:12+00:00,350.356984,0.5200001728,0x079590bb0b0e2e2b544ab9c960d73d4b4b411ad62a4fe462acad479be8424b41,false,false,false,true,-0.0145056673054945,,,true,false,0,,,,,,,,,,,,,,,false,false,false,false,true,false,0,,,,,,,,,,,,,,,false,false,false,false,true,false,0,,,,,,,,,,,,,,,false,false,false,false,true,true,1,2026-08-05T19:01:33+00:00,90.643016,0.53,0.0099998272,0x33e5bc14388db5dc2f5ed096be7de82527c1c0a77fdbaba1e8f3510147cb31a1,2026-08-05T19:01:33+00:00,90.643016,209.356984,0.53,0.0099998272,0x33e5bc14388db5dc2f5ed096be7de82527c1c0a77fdbaba1e8f3510147cb31a1,0.53,0.53,0,false,false,false,false
H2-v1-EVENT-M5,H2-v1,sharp:0353,sharp,353,1673795,0x78d1a02e5788f1fb0b915458c5e73984b83173353986cbaf53c5f9fbe1e0aa0c,mlb-nym-cle-2026-08-06,Cleveland Guardians,New York Mets,2026-08-06T17:11:00+00:00,2026-08-05T19:45:02.350364+00:00,77157.649636,true,0,,,,,,,,,,,,,,,,,,,,566,0.5054945054945055,0.5054945054945055,0,0,2026-08-05T19:00:02.356984+00:00,2699.99338,1,false,smarkets,smarkets,false,,,0.5054945054945055,19.350364,19.350364,sharp:0353,2026-08-05T19:45:02.350364+00:00,0,0.5054945054945055,0,0,1,false,sharp:0352,2699.99338,sharp:0354,900.423629,,,,,true,2026-08-05T19:22:36+00:00,1346.350364,0.5200000039,0xd49ec4835b06b45aa2629dbf424c9e4795b8f803079a92c13008ea80c3d8249a,false,false,false,false,-0.0145054984054945,,,true,false,0,,,,,,,,,,,,,,,false,false,false,false,true,false,0,,,,,,,,,,,,,,,false,false,false,false,true,false,0,,,,,,,,,,,,,,,false,false,false,false,true,false,0,,,,,,,,,,,,,,,false,false,false,false
H2-v1-EVENT-M5,H2-v1,sharp:0354,sharp,354,1673795,0x78d1a02e5788f1fb0b915458c5e73984b83173353986cbaf53c5f9fbe1e0aa0c,mlb-nym-cle-2026-08-06,Cleveland Guardians,New York Mets,2026-08-06T17:11:00+00:00,2026-08-05T20:00:02.773993+00:00,76257.226007,true,0,,,,,,,,,,,,,,,,,,,,568,0.5054945054945055,0.5054945054945055,0,0,2026-08-05T19:45:02.350364+00:00,900.423629,1,false,smarkets,smarkets,false,,,0.5054945054945055,9.773993,9.773993,sharp:0354,2026-08-05T20:00:02.773993+00:00,0,0.5054945054945055,0,0,1,false,sharp:0353,900.423629,sharp:0355,9899.950899,,,,,true,2026-08-05T19:22:36+00:00,2246.773993,0.5200000039,0xd49ec4835b06b45aa2629dbf424c9e4795b8f803079a92c13008ea80c3d8249a,false,false,false,false,-0.0145054984054945,,,true,false,0,,,,,,,,,,,,,,,false,false,false,false,true,false,0,,,,,,,,,,,,,,,false,false,false,false,true,false,0,,,,,,,,,,,,,,,false,false,false,false,true,true,1,2026-08-05T20:01:48+00:00,105.226007,0.51,-0.0100000039,0x42b181f26f10a3b97a55a6a48fd6c1a031a9549d9ad922d103a596da98d4f561,2026-08-05T20:01:48+00:00,105.226007,194.773993,0.51,-0.0100000039,0x42b181f26f10a3b97a55a6a48fd6c1a031a9549d9ad922d103a596da98d4f561,0.51,0.51,0,false,false,false,false
H2-v1-EVENT-M5,H2-v1,sharp:0355,sharp,355,1673795,0x78d1a02e5788f1fb0b915458c5e73984b83173353986cbaf53c5f9fbe1e0aa0c,mlb-nym-cle-2026-08-06,Cleveland Guardians,New York Mets,2026-08-06T17:11:00+00:00,2026-08-05T22:45:02.724892+00:00,66357.275108,true,-1,,,,,,,,,,,,,,,,,,,,657,0.492172341573096695,0.5054945054945055,-0.013322163921408805,-1,2026-08-05T20:00:02.773993+00:00,9899.950899,2,true,matchbook+smarkets,smarkets,true,,0.48843187660668386,0.49591280653950953,5.724892,6.724892,sharp:0355,2026-08-05T22:45:02.724892+00:00,0,0.492172341573096695,-0.013322163921408805,-1,2,true,sharp:0354,9899.950899,sharp:0356,899.893303,,,,,true,2026-08-05T21:38:53+00:00,3969.724892,0.5,0xf0544a6da01e5913833153fb2fd7777e1ec7fce81ac607b0bc4c17c85482748b,false,false,false,false,-0.007827658426903305,,,true,false,0,,,,,,,,,,,,,,,false,false,false,false,true,false,0,,,,,,,,,,,,,,,false,false,false,false,true,false,0,,,,,,,,,,,,,,,false,false,false,false,true,false,0,,,,,,,,,,,,,,,false,false,false,false
H2-v1-EVENT-M5,H2-v1,sharp:0356,sharp,356,1673795,0x78d1a02e5788f1fb0b915458c5e73984b83173353986cbaf53c5f9fbe1e0aa0c,mlb-nym-cle-2026-08-06,Cleveland Guardians,New York Mets,2026-08-06T17:11:00+00:00,2026-08-05T23:00:02.618195+00:00,65457.381805,true,1,,,,,,,,,,,,,,,,,,,,674,0.492849818084762665,0.492172341573096695,0.00067747651166597,1,2026-08-05T22:45:02.724892+00:00,899.893303,2,true,matchbook+smarkets,matchbook+smarkets,false,,0.48843187660668386,0.49726775956284147,14.118195,19.618195,sharp:0356,2026-08-05T23:00:02.618195+00:00,0,0.492849818084762665,0.00067747651166597,1,2,false,sharp:0355,899.893303,sharp:0357,2699.441053,,,,,true,2026-08-05T22:55:05+00:00,297.618195,0.4900000003,0xf33716c7938594e44d6ca1cd15e2ff8610efad71f9141959f370836912d18ccc,false,false,true,true,0.002849817784762665,,,true,false,0,,,,,,,,,,,,,,,false,false,false,false,true,false,0,,,,,,,,,,,,,,,false,false,false,false,true,false,0,,,,,,,,,,,,,,,false,false,false,false,true,false,0,,,,,,,,,,,,,,,false,false,false,false
H2-v1-EVENT-M5,H2-v1,sharp:0357,sharp,357,1673795,0x78d1a02e5788f1fb0b915458c5e73984b83173353986cbaf53c5f9fbe1e0aa0c,mlb-nym-cle-2026-08-06,Cleveland Guardians,New York Mets,2026-08-06T17:11:00+00:00,2026-08-05T23:45:02.059248+00:00,62757.940752,true,-1,,,,,,,,,,,,,,,,,,,,723,0.492172341573096695,0.492849818084762665,-0.00067747651166597,-1,2026-08-05T23:00:02.618195+00:00,2699.441053,2,true,matchbook+smarkets,matchbook+smarkets,false,,0.48843187660668386,0.49591280653950953,3.559248,4.059248,sharp:0357,2026-08-05T23:45:02.059248+00:00,0,0.492172341573096695,-0.00067747651166597,-1,2,false,sharp:0356,2699.441053,sharp:0358,901.267527,,,,,true,2026-08-05T23:33:27+00:00,695.059248,0.4900000028,0xd639cda18449a3d5814acc4e3f9974397c42506bc4dd3bf5b44ec0674092aac7,false,false,false,false,0.002172338773096695,,,true,false,0,,,,,,,,,,,,,,,false,false,false,false,true,false,0,,,,,,,,,,,,,,,false,false,false,false,true,false,0,,,,,,,,,,,,,,,false,false,false,false,true,true,1,2026-08-05T23:47:44+00:00,161.940752,0.49,-0.0000000028,0x186efe2466dc5a20a0c2fa9c78d41561a9dcf7fa2274afdbe4112327d5b7d16a,2026-08-05T23:47:44+00:00,161.940752,138.059248,0.49,-0.0000000028,0x186efe2466dc5a20a0c2fa9c78d41561a9dcf7fa2274afdbe4112327d5b7d16a,0.49,0.49,0,false,false,false,false
H2-v1-EVENT-M5,H2-v1,sharp:0358,sharp,358,1673795,0x78d1a02e5788f1fb0b915458c5e73984b83173353986cbaf53c5f9fbe1e0aa0c,mlb-nym-cle-2026-08-06,Cleveland Guardians,New York Mets,2026-08-06T17:11:00+00:00,2026-08-06T00:00:03.326775+00:00,61856.673225,true,0,,,,,,,,,,,,,,,,,,,,740,0.492172341573096695,0.492172341573096695,0,0,2026-08-05T23:45:02.059248+00:00,901.267527,2,true,matchbook+smarkets,matchbook+smarkets,false,,0.48843187660668386,0.49591280653950953,7.826775,8.326775,sharp:0358,2026-08-06T00:00:03.326775+00:00,0,0.492172341573096695,0,0,2,false,sharp:0357,901.267527,sharp:0359,2699.726978,,,,,true,2026-08-05T23:47:44+00:00,739.326775,0.49,0x186efe2466dc5a20a0c2fa9c78d41561a9dcf7fa2274afdbe4112327d5b7d16a,false,false,false,false,0.002172341573096695,,,true,false,0,,,,,,,,,,,,,,,false,false,false,false,true,false,0,,,,,,,,,,,,,,,false,false,false,false,true,false,0,,,,,,,,,,,,,,,false,false,false,false,true,false,0,,,,,,,,,,,,,,,false,false,false,false
H2-v1-EVENT-M5,H2-v1,sharp:0359,sharp,359,1673795,0x78d1a02e5788f1fb0b915458c5e73984b83173353986cbaf53c5f9fbe1e0aa0c,mlb-nym-cle-2026-08-06,Cleveland Guardians,New York Mets,2026-08-06T17:11:00+00:00,2026-08-06T00:45:03.053753+00:00,59156.946247,true,1,,,,,,,,,,,,,,,,,,,,789,0.49348069994494653,0.492172341573096695,0.001308358371849835,1,2026-08-06T00:00:03.326775+00:00,2699.726978,2,true,matchbook+smarkets,matchbook+smarkets,false,,0.49104859335038353,0.49591280653950953,4.053753,5.053753,sharp:0359,2026-08-06T00:45:03.053753+00:00,0,0.49348069994494653,0.001308358371849835,1,2,false,sharp:0358,2699.726978,,,,,,,true,2026-08-06T00:39:20+00:00,343.053753,0.4800000089,0xa9a4b42b25f660baad7e6eb39fe8a135e87545a3e5b29d54e84b540a57771437,false,false,false,true,0.01348069104494653,,,true,false,0,,,,,,,,,,,,,,,false,false,false,false,true,false,0,,,,,,,,,,,,,,,false,false,false,false,true,false,0,,,,,,,,,,,,,,,false,false,false,false,true,false,0,,,,,,,,,,,,,,,false,false,false,false
H2-v1-EVENT-M5,H2-v1,sharp:0360,sharp,360,1673842,0x8d98df1d631959e4fc45da7cb881cbe3e924a7a88ae25e898e98ae6791b2793f,mlb-pit-mil-2026-08-06,Milwaukee Brewers,Pittsburgh Pirates,2026-08-06T18:11:00+00:00,2026-08-05T18:45:01.986126+00:00,84358.013874,false,,,,,,,,,,,,,,,,,,,,,560,0.5437158469945356,,,,,,1,false,smarkets,,,,,0.5437158469945356,3.986126,3.986126,sharp:0360,2026-08-05T18:45:01.986126+00:00,0,0.5437158469945356,,,1,,,,sharp:0361,900.370858,,,rn1:0115,84306.013874,true,2026-08-05T18:38:47+00:00,374.986126,0.57,0x74df3592edb04fdc04eedcc1c8974b9b430a56320bce1c5cb553cf666b04360f,false,false,false,true,-0.0262841530054644,,,true,false,0,,,,,,,,,,,,,,,false,false,false,false,true,false,0,,,,,,,,,,,,,,,false,false,false,false,true,false,0,,,,,,,,,,,,,,,false,false,false,false,true,false,0,,,,,,,,,,,,,,,false,false,false,false
H2-v1-EVENT-M5,H2-v1,sharp:0361,sharp,361,1673842,0x8d98df1d631959e4fc45da7cb881cbe3e924a7a88ae25e898e98ae6791b2793f,mlb-pit-mil-2026-08-06,Milwaukee Brewers,Pittsburgh Pirates,2026-08-06T18:11:00+00:00,2026-08-05T19:00:02.356984+00:00,83457.643016,true,1,,,,,,,,,,,,,,,,,,,,562,0.5519125683060109,0.5437158469945356,0.0081967213114753,1,2026-08-05T18:45:01.986126+00:00,900.370858,1,false,smarkets,smarkets,false,,,0.5519125683060109,20.356984,20.356984,sharp:0361,2026-08-05T19:00:02.356984+00:00,0,0.5519125683060109,0.0081967213114753,1,1,false,sharp:0360,900.370858,sharp:0362,2699.99338,,,rn1:0115,83405.643016,true,2026-08-05T18:38:47+00:00,1275.356984,0.57,0x74df3592edb04fdc04eedcc1c8974b9b430a56320bce1c5cb553cf666b04360f,false,false,false,false,-0.0180874316939891,,,true,false,0,,,,,,,,,,,,,,,false,false,false,false,true,false,0,,,,,,,,,,,,,,,false,false,false,false,true,false,0,,,,,,,,,,,,,,,false,false,false,false,true,false,0,,,,,,,,,,,,,,,false,false,false,false
H2-v1-EVENT-M5,H2-v1,sharp:0362,sharp,362,1673842,0x8d98df1d631959e4fc45da7cb881cbe3e924a7a88ae25e898e98ae6791b2793f,mlb-pit-mil-2026-08-06,Milwaukee Brewers,Pittsburgh Pirates,2026-08-06T18:11:00+00:00,2026-08-05T19:45:02.350364+00:00,80757.649636,true,1,,,,,,,,,,,,,,,,,,,,566,0.5543478260869565,0.5519125683060109,0.0024352577809456,1,2026-08-05T19:00:02.356984+00:00,2699.99338,1,false,smarkets,smarkets,false,,,0.5543478260869565,19.350364,19.350364,sharp:0362,2026-08-05T19:45:02.350364+00:00,0,0.5543478260869565,0.0024352577809456,1,1,false,sharp:0361,2699.99338,sharp:0363,900.423629,,,rn1:0115,80705.649636,true,2026-08-05T18:38:47+00:00,3975.350364,0.57,0x74df3592edb04fdc04eedcc1c8974b9b430a56320bce1c5cb553cf666b04360f,false,false,false,false,-0.0156521739130435,,,true,false,0,,,,,,,,,,,,,,,false,false,false,false,true,false,0,,,,,,,,,,,,,,,false,false,false,false,true,false,0,,,,,,,,,,,,,,,false,false,false,false,true,false,0,,,,,,,,,,,,,,,false,false,false,false
H2-v1-EVENT-M5,H2-v1,sharp:0363,sharp,363,1673842,0x8d98df1d631959e4fc45da7cb881cbe3e924a7a88ae25e898e98ae6791b2793f,mlb-pit-mil-2026-08-06,Milwaukee Brewers,Pittsburgh Pirates,2026-08-06T18:11:00+00:00,2026-08-05T20:00:02.773993+00:00,79857.226007,true,0,,,,,,,,,,,,,,,,,,,,568,0.5543478260869565,0.5543478260869565,0,0,2026-08-05T19:45:02.350364+00:00,900.423629,1,false,smarkets,smarkets,false,,,0.5543478260869565,9.773993,9.773993,sharp:0363,2026-08-05T20:00:02.773993+00:00,0,0.5543478260869565,0,0,1,false,sharp:0362,900.423629,sharp:0364,9899.950899,,,rn1:0115,79805.226007,true,2026-08-05T18:38:47+00:00,4875.773993,0.57,0x74df3592edb04fdc04eedcc1c8974b9b430a56320bce1c5cb553cf666b04360f,false,false,false,false,-0.0156521739130435,,,true,false,0,,,,,,,,,,,,,,,false,false,false,false,true,false,0,,,,,,,,,,,,,,,false,false,false,false,true,false,0,,,,,,,,,,,,,,,false,false,false,false,true,false,0,,,,,,,,,,,,,,,false,false,false,false
H2-v1-EVENT-M5,H2-v1,sharp:0364,sharp,364,1673842,0x8d98df1d631959e4fc45da7cb881cbe3e924a7a88ae25e898e98ae6791b2793f,mlb-pit-mil-2026-08-06,Milwaukee Brewers,Pittsburgh Pirates,2026-08-06T18:11:00+00:00,2026-08-05T22:45:02.724892+00:00,69957.275108,true,1,,,,,,,,,,,,,,,,,,,,657,0.55677993925962405,0.5543478260869565,0.00243211317266755,1,2026-08-05T20:00:02.773993+00:00,9899.950899,2,true,matchbook+smarkets,smarkets,true,,0.5597964376590331,0.553763440860215,5.724892,6.724892,sharp:0364,2026-08-05T22:45:02.724892+00:00,0,0.55677993925962405,0.00243211317266755,1,2,true,sharp:0363,9899.950899,sharp:0365,899.893303,,,rn1:0115,69905.275108,true,2026-08-05T18:38:47+00:00,14775.724892,0.57,0x74df3592edb04fdc04eedcc1c8974b9b430a56320bce1c5cb553cf666b04360f,false,false,false,false,-0.01322006074037595,,,true,false,0,,,,,,,,,,,,,,,false,false,false,false,true,false,0,,,,,,,,,,,,,,,false,false,false,false,true,false,0,,,,,,,,,,,,,,,false,false,false,false,true,false,0,,,,,,,,,,,,,,,false,false,false,false
H2-v1-EVENT-M5,H2-v1,sharp:0365,sharp,365,1673842,0x8d98df1d631959e4fc45da7cb881cbe3e924a7a88ae25e898e98ae6791b2793f,mlb-pit-mil-2026-08-06,Milwaukee Brewers,Pittsburgh Pirates,2026-08-06T18:11:00+00:00,2026-08-05T23:00:02.618195+00:00,69057.381805,true,0,,,,,,,,,,,,,,,,,,,,674,0.55677993925962405,0.55677993925962405,0,0,2026-08-05T22:45:02.724892+00:00,899.893303,2,true,matchbook+smarkets,matchbook+smarkets,false,,0.5597964376590331,0.553763440860215,14.118195,19.618195,sharp:0365,2026-08-05T23:00:02.618195+00:00,0,0.55677993925962405,0,0,2,false,sharp:0364,899.893303,sharp:0366,2699.441053,,,rn1:0115,69005.381805,true,2026-08-05T18:38:47+00:00,15675.618195,0.57,0x74df3592edb04fdc04eedcc1c8974b9b430a56320bce1c5cb553cf666b04360f,false,false,false,false,-0.01322006074037595,,,true,false,0,,,,,,,,,,,,,,,false,false,false,false,true,false,0,,,,,,,,,,,,,,,false,false,false,false,true,false,0,,,,,,,,,,,,,,,false,false,false,false,true,false,0,,,,,,,,,,,,,,,false,false,false,false
H2-v1-EVENT-M5,H2-v1,sharp:0366,sharp,366,1673842,0x8d98df1d631959e4fc45da7cb881cbe3e924a7a88ae25e898e98ae6791b2793f,mlb-pit-mil-2026-08-06,Milwaukee Brewers,Pittsburgh Pirates,2026-08-06T18:11:00+00:00,2026-08-05T23:45:02.059248+00:00,66357.940752,true,1,,,,,,,,,,,,,,,,,,,,723,0.55752625117453,0.55677993925962405,0.00074631191490595,1,2026-08-05T23:00:02.618195+00:00,2699.441053,2,true,matchbook+smarkets,matchbook+smarkets,false,,0.5597964376590331,0.5552560646900269,3.559248,4.059248,sharp:0366,2026-08-05T23:45:02.059248+00:00,0,0.55752625117453,0.00074631191490595,1,2,false,sharp:0365,2699.441053,sharp:0367,901.267527,,,rn1:0115,66305.940752,true,2026-08-05T23:09:06+00:00,2156.059248,0.5699994984,0xe5713630c9e65f4cfa2deaa31bfe3c6454351a070941c370ba1edfed37054a08,false,false,false,false,-0.01247324722547,,,true,false,0,,,,,,,,,,,,,,,false,false,false,false,true,false,0,,,,,,,,,,,,,,,false,false,false,false,true,false,0,,,,,,,,,,,,,,,false,false,false,false,true,false,0,,,,,,,,,,,,,,,false,false,false,false
H2-v1-EVENT-M5,H2-v1,sharp:0367,sharp,367,1673842,0x8d98df1d631959e4fc45da7cb881cbe3e924a7a88ae25e898e98ae6791b2793f,mlb-pit-mil-2026-08-06,Milwaukee Brewers,Pittsburgh Pirates,2026-08-06T18:11:00+00:00,2026-08-06T00:00:03.326775+00:00,65456.673225,true,-1,,,,,,,,,,,,,,,,,,,,740,0.55677993925962405,0.55752625117453,-0.00074631191490595,-1,2026-08-05T23:45:02.059248+00:00,901.267527,2,true,matchbook+smarkets,matchbook+smarkets,false,,0.5597964376590331,0.553763440860215,7.826775,8.326775,sharp:0367,2026-08-06T00:00:03.326775+00:00,0,0.55677993925962405,-0.00074631191490595,-1,2,false,sharp:0366,901.267527,sharp:0368,2699.726978,,,rn1:0115,65404.673225,true,2026-08-05T23:09:06+00:00,3057.326775,0.5699994984,0xe5713630c9e65f4cfa2deaa31bfe3c6454351a070941c370ba1edfed37054a08,false,false,false,false,-0.01321955914037595,,,true,false,0,,,,,,,,,,,,,,,false,false,false,false,true,false,0,,,,,,,,,,,,,,,false,false,false,false,true,false,0,,,,,,,,,,,,,,,false,false,false,false,true,false,0,,,,,,,,,,,,,,,false,false,false,false
H2-v1-EVENT-M5,H2-v1,sharp:0368,sharp,368,1673842,0x8d98df1d631959e4fc45da7cb881cbe3e924a7a88ae25e898e98ae6791b2793f,mlb-pit-mil-2026-08-06,Milwaukee Brewers,Pittsburgh Pirates,2026-08-06T18:11:00+00:00,2026-08-06T00:45:03.053753+00:00,62756.946247,true,0,,,,,,,,,,,,,,,,,,,,789,0.55677993925962405,0.55677993925962405,0,0,2026-08-06T00:00:03.326775+00:00,2699.726978,2,true,matchbook+smarkets,matchbook+smarkets,false,,0.5597964376590331,0.553763440860215,4.053753,5.053753,sharp:0368,2026-08-06T00:45:03.053753+00:00,0,0.55677993925962405,0,0,2,false,sharp:0367,2699.726978,sharp:0369,62109.58201,,,rn1:0115,62704.946247,true,2026-08-06T00:40:47+00:00,256.053753,0.5699999985,0xafb9acefef29ffaeea0f64c6f07cf2105fa68ded9c9c3abc8d9b980559dfbd14,false,false,true,true,-0.01322005924037595,,,true,false,0,,,,,,,,,,,,,,,false,false,false,false,true,false,0,,,,,,,,,,,,,,,false,false,false,false,true,false,0,,,,,,,,,,,,,,,false,false,false,false,true,false,0,,,,,,,,,,,,,,,false,false,false,false
H2-v1-EVENT-M5,H2-v1,sharp:0369,sharp,369,1673842,0x8d98df1d631959e4fc45da7cb881cbe3e924a7a88ae25e898e98ae6791b2793f,mlb-pit-mil-2026-08-06,Milwaukee Brewers,Pittsburgh Pirates,2026-08-06T18:11:00+00:00,2026-08-06T18:00:12.635763+00:00,647.364237,true,-1,,,,,,,,,,,,,,,,,,,,1904,0.5399999999999999,0.55677993925962405,-0.01677993925962415,-1,2026-08-06T00:45:03.053753+00:00,62109.58201,3,true,betfair+matchbook+smarkets,matchbook+smarkets,true,0.5399999999999999,0.5399999999999999,0.5417721518987342,15.635763,15.635763,sharp:0369,2026-08-06T18:00:12.635763+00:00,0,0.5399999999999999,-0.01677993925962415,-1,3,true,sharp:0368,62109.58201,,,,,rn1:0115,595.364237,true,2026-08-06T17:56:21+00:00,231.635763,0.53,0xfdcbb589db16732b6c81539594351c2fd8241b518139fa9413865e4be2c9e136,false,false,true,true,0.0099999999999999,,,true,true,2,2026-08-06T18:00:14+00:00,1.364237,0.53,0,0x121523d8e3c1e22092d707024ffbc173a9f597f31127bb58c784e20f57f471e7,2026-08-06T18:00:14+00:00,1.364237,8.635763,0.53,0,0xa9c013449c439a62428ec41d001b10551f44979276e5ed011f225164b0959a3f,0.53,0.53,0,false,true,true,true,true,true,2,2026-08-06T18:00:14+00:00,1.364237,0.53,0,0x121523d8e3c1e22092d707024ffbc173a9f597f31127bb58c784e20f57f471e7,2026-08-06T18:00:14+00:00,1.364237,28.635763,0.53,0,0xa9c013449c439a62428ec41d001b10551f44979276e5ed011f225164b0959a3f,0.53,0.53,0,false,false,true,true,true,true,3,2026-08-06T18:00:14+00:00,1.364237,0.53,0,0x121523d8e3c1e22092d707024ffbc173a9f597f31127bb58c784e20f57f471e7,2026-08-06T18:00:50+00:00,37.364237,22.635763,0.5300000075,0.0000000075,0x8087fa9fb54de5f485e64c814ac61f8299089d6881c8bf20473df6acbae036da,0.53,0.5300000075,0.0000000075,false,false,true,true,true,true,7,2026-08-06T18:00:14+00:00,1.364237,0.53,0,0x121523d8e3c1e22092d707024ffbc173a9f597f31127bb58c784e20f57f471e7,2026-08-06T18:04:50+00:00,277.364237,22.635763,0.5399999994,0.0099999994,0x12bbbe2c1516c165299ff960765499c4648d53286a8f40e4113b2424b5727bf7,0.53,0.5399999994,0.0099999994,false,false,true,true
H2-v1-EVENT-M5,H2-v1,rn1:0115,rn1,115,1673842,0x8d98df1d631959e4fc45da7cb881cbe3e924a7a88ae25e898e98ae6791b2793f,mlb-pit-mil-2026-08-06,Milwaukee Brewers,Pittsburgh Pirates,2026-08-06T18:11:00+00:00,2026-08-06T18:10:08+00:00,52,true,-1,3347429,Pittsburgh Pirates,away,BUY,0.45,0.55,9.090908,4.0909086,-9.090908,-4.0909086,0x9f04ac6e1967c2b7d58ff975988565d6c001dc49076623c9d48e1ff38e4f4375,2cd76f48b3ab0c79e71af28397817f202b9c3696bea58732e3bbc7442a516648,1673842:2026-08-06T18:10:08+00:00,2,1,-18.181816,-8.1818172,-1,1,,,,,,,,,,,,,,,,,,sharp:0369,2026-08-06T18:00:12.635763+00:00,595.364237,0.5399999999999999,-0.01677993925962415,-1,3,true,sharp:0369,595.364237,,,,,,,true,2026-08-06T18:09:33+00:00,35,0.53,0x3083569d34c5a49949e9554fb754fc6a18f29735fa581a4aed8614405a520699,false,true,true,true,0.0099999999999999,0.02,true,true,false,0,,,,,,,,,,,,,,,false,false,false,false,true,false,0,,,,,,,,,,,,,,,false,false,false,false,false,false,0,,,,,,,,,,,,,,,false,false,false,false,false,false,0,,,,,,,,,,,,,,,false,false,false,false
H2-v1-EVENT-M5,H2-v1,rn1:0116,rn1,116,1673842,0x8d98df1d631959e4fc45da7cb881cbe3e924a7a88ae25e898e98ae6791b2793f,mlb-pit-mil-2026-08-06,Milwaukee Brewers,Pittsburgh Pirates,2026-08-06T18:11:00+00:00,2026-08-06T18:10:08+00:00,52,true,-1,3347429,Pittsburgh Pirates,away,BUY,0.45,0.55,9.090908,4.0909086,-9.090908,-4.0909086,0xa652e8d727884b560cf8ef15efb7aa56b1f7f882fb25ab445ff3ca66d021b1d0,42c9bfe9fd7385c34d34cfe8aa37f0f7df631707dad3e62dd16e41480a982614,1673842:2026-08-06T18:10:08+00:00,2,2,-18.181816,-8.1818172,-1,1,,,,,,,,,,,,,,,,,,sharp:0369,2026-08-06T18:00:12.635763+00:00,595.364237,0.5399999999999999,-0.01677993925962415,-1,3,true,sharp:0369,595.364237,,,,,,,true,2026-08-06T18:09:33+00:00,35,0.53,0x3083569d34c5a49949e9554fb754fc6a18f29735fa581a4aed8614405a520699,false,true,true,true,0.0099999999999999,0.02,true,true,false,0,,,,,,,,,,,,,,,false,false,false,false,true,false,0,,,,,,,,,,,,,,,false,false,false,false,false,false,0,,,,,,,,,,,,,,,false,false,false,false,false,false,0,,,,,,,,,,,,,,,false,false,false,false
H2-v1-EVENT-M5,H2-v1,sharp:0370,sharp,370,1673840,0x0228b93fb01788db845e5868100a3ebd773aeb33f0f65e0926f9e15cc015ac96,mlb-det-sea-2026-08-06,Seattle Mariners,Detroit Tigers,2026-08-06T20:11:00+00:00,2026-08-05T18:45:01.986126+00:00,91558.013874,false,,,,,,,,,,,,,,,,,,,,,560,0.5382513661202185,,,,,,1,false,smarkets,,,,,0.5382513661202185,3.986126,3.986126,sharp:0370,2026-08-05T18:45:01.986126+00:00,0,0.5382513661202185,,,1,,,,sharp:0371,900.370858,,,,,true,2026-08-05T18:22:50+00:00,1331.986126,0.53,0xd2baeb887ce2da528901fb01711e5707fe284cc36486a5f3aac673d9b41c1d72,false,false,false,false,0.0082513661202185,,,true,false,0,,,,,,,,,,,,,,,false,false,false,false,true,false,0,,,,,,,,,,,,,,,false,false,false,false,true,false,0,,,,,,,,,,,,,,,false,false,false,false,true,false,0,,,,,,,,,,,,,,,false,false,false,false
H2-v1-EVENT-M5,H2-v1,sharp:0371,sharp,371,1673840,0x0228b93fb01788db845e5868100a3ebd773aeb33f0f65e0926f9e15cc015ac96,mlb-det-sea-2026-08-06,Seattle Mariners,Detroit Tigers,2026-08-06T20:11:00+00:00,2026-08-05T19:00:02.356984+00:00,90657.643016,true,-1,,,,,,,,,,,,,,,,,,,,562,0.5315068493150684,0.5382513661202185,-0.0067445168051501,-1,2026-08-05T18:45:01.986126+00:00,900.370858,1,false,smarkets,smarkets,false,,,0.5315068493150684,20.356984,20.356984,sharp:0371,2026-08-05T19:00:02.356984+00:00,0,0.5315068493150684,-0.0067445168051501,-1,1,false,sharp:0370,900.370858,sharp:0372,2699.99338,,,,,true,2026-08-05T18:22:50+00:00,2232.356984,0.53,0xd2baeb887ce2da528901fb01711e5707fe284cc36486a5f3aac673d9b41c1d72,false,false,false,false,0.0015068493150684,,,true,false,0,,,,,,,,,,,,,,,false,false,false,false,true,false,0,,,,,,,,,,,,,,,false,false,false,false,true,false,0,,,,,,,,,,,,,,,false,false,false,false,true,true,2,2026-08-05T19:01:35+00:00,92.643016,0.53,0,0x1a952972b2518a186c651e2429d7053e1fe30f6687b585be49226d86ecfe1be4,2026-08-05T19:01:57+00:00,114.643016,185.356984,0.53,0,0xdf926f8ea8aa9c9d8368b8f4a6b8d52752bb7f5a98b1bd17d9551a3094826bd5,0.53,0.53,0,false,false,false,false
H2-v1-EVENT-M5,H2-v1,sharp:0372,sharp,372,1673840,0x0228b93fb01788db845e5868100a3ebd773aeb33f0f65e0926f9e15cc015ac96,mlb-det-sea-2026-08-06,Seattle Mariners,Detroit Tigers,2026-08-06T20:11:00+00:00,2026-08-05T19:45:02.350364+00:00,87957.649636,true,0,,,,,,,,,,,,,,,,,,,,566,0.5315068493150684,0.5315068493150684,0,0,2026-08-05T19:00:02.356984+00:00,2699.99338,1,false,smarkets,smarkets,false,,,0.5315068493150684,19.350364,19.350364,sharp:0372,2026-08-05T19:45:02.350364+00:00,0,0.5315068493150684,0,0,1,false,sharp:0371,2699.99338,sharp:0373,900.423629,,,,,true,2026-08-05T19:01:57+00:00,2585.350364,0.53,0xdf926f8ea8aa9c9d8368b8f4a6b8d52752bb7f5a98b1bd17d9551a3094826bd5,false,false,false,false,0.0015068493150684,,,true,false,0,,,,,,,,,,,,,,,false,false,false,false,true,false,0,,,,,,,,,,,,,,,false,false,false,false,true,false,0,,,,,,,,,,,,,,,false,false,false,false,true,false,0,,,,,,,,,,,,,,,false,false,false,false
H2-v1-EVENT-M5,H2-v1,sharp:0373,sharp,373,1673840,0x0228b93fb01788db845e5868100a3ebd773aeb33f0f65e0926f9e15cc015ac96,mlb-det-sea-2026-08-06,Seattle Mariners,Detroit Tigers,2026-08-06T20:11:00+00:00,2026-08-05T20:00:02.773993+00:00,87057.226007,true,0,,,,,,,,,,,,,,,,,,,,568,0.5315068493150684,0.5315068493150684,0,0,2026-08-05T19:45:02.350364+00:00,900.423629,1,false,smarkets,smarkets,false,,,0.5315068493150684,9.773993,9.773993,sharp:0373,2026-08-05T20:00:02.773993+00:00,0,0.5315068493150684,0,0,1,false,sharp:0372,900.423629,sharp:0374,9899.950899,,,,,true,2026-08-05T19:01:57+00:00,3485.773993,0.53,0xdf926f8ea8aa9c9d8368b8f4a6b8d52752bb7f5a98b1bd17d9551a3094826bd5,false,false,false,false,0.0015068493150684,,,true,false,0,,,,,,,,,,,,,,,false,false,false,false,true,false,0,,,,,,,,,,,,,,,false,false,false,false,true,false,0,,,,,,,,,,,,,,,false,false,false,false,true,false,0,,,,,,,,,,,,,,,false,false,false,false
H2-v1-EVENT-M5,H2-v1,sharp:0374,sharp,374,1673840,0x0228b93fb01788db845e5868100a3ebd773aeb33f0f65e0926f9e15cc015ac96,mlb-det-sea-2026-08-06,Seattle Mariners,Detroit Tigers,2026-08-06T20:11:00+00:00,2026-08-05T22:45:02.724892+00:00,77157.275108,true,1,,,,,,,,,,,,,,,,,,,,657,0.54198092280390415,0.5315068493150684,0.01047407348883575,1,2026-08-05T20:00:02.773993+00:00,9899.950899,2,true,matchbook+smarkets,smarkets,true,,0.5459183673469388,0.5380434782608695,5.724892,6.724892,sharp:0374,2026-08-05T22:45:02.724892+00:00,0,0.54198092280390415,0.01047407348883575,1,2,true,sharp:0373,9899.950899,sharp:0375,899.893303,,,,,true,2026-08-05T21:43:20+00:00,3702.724892,0.53,0xc9284d662cce3d15c195e4701e85033ad7d8067bc82ee8e0edfa5b71f554d14c,false,false,false,false,0.01198092280390415,,,true,false,0,,,,,,,,,,,,,,,false,false,false,false,true,false,0,,,,,,,,,,,,,,,false,false,false,false,true,false,0,,,,,,,,,,,,,,,false,false,false,false,true,false,0,,,,,,,,,,,,,,,false,false,false,false
H2-v1-EVENT-M5,H2-v1,sharp:0375,sharp,375,1673840,0x0228b93fb01788db845e5868100a3ebd773aeb33f0f65e0926f9e15cc015ac96,mlb-det-sea-2026-08-06,Seattle Mariners,Detroit Tigers,2026-08-06T20:11:00+00:00,2026-08-05T23:00:02.618195+00:00,76257.381805,true,0,,,,,,,,,,,,,,,,,,,,674,0.54198092280390415,0.54198092280390415,0,0,2026-08-05T22:45:02.724892+00:00,899.893303,2,true,matchbook+smarkets,matchbook+smarkets,false,,0.5459183673469388,0.5380434782608695,14.118195,19.618195,sharp:0375,2026-08-05T23:00:02.618195+00:00,0,0.54198092280390415,0,0,2,false,sharp:0374,899.893303,sharp:0376,2699.441053,,,,,true,2026-08-05T21:43:20+00:00,4602.618195,0.53,0xc9284d662cce3d15c195e4701e85033ad7d8067bc82ee8e0edfa5b71f554d14c,false,false,false,false,0.01198092280390415,,,true,false,0,,,,,,,,,,,,,,,false,false,false,false,true,false,0,,,,,,,,,,,,,,,false,false,false,false,true,false,0,,,,,,,,,,,,,,,false,false,false,false,true,false,0,,,,,,,,,,,,,,,false,false,false,false
H2-v1-EVENT-M5,H2-v1,sharp:0376,sharp,376,1673840,0x0228b93fb01788db845e5868100a3ebd773aeb33f0f65e0926f9e15cc015ac96,mlb-det-sea-2026-08-06,Seattle Mariners,Detroit Tigers,2026-08-06T20:11:00+00:00,2026-08-05T23:45:02.059248+00:00,73557.940752,true,0,,,,,,,,,,,,,,,,,,,,723,0.54198092280390415,0.54198092280390415,0,0,2026-08-05T23:00:02.618195+00:00,2699.441053,2,true,matchbook+smarkets,matchbook+smarkets,false,,0.5459183673469388,0.5380434782608695,3.559248,4.059248,sharp:0376,2026-08-05T23:45:02.059248+00:00,0,0.54198092280390415,0,0,2,false,sharp:0375,2699.441053,sharp:0377,901.267527,,,,,true,2026-08-05T23:09:54+00:00,2108.059248,0.5300001222,0xacb3aab4af7c3a1368014c73a29d00c4685873a3433eb6d71f6ce6e2d219faf3,false,false,false,false,0.01198080060390415,,,true,false,0,,,,,,,,,,,,,,,false,false,false,false,true,false,0,,,,,,,,,,,,,,,false,false,false,false,true,false,0,,,,,,,,,,,,,,,false,false,false,false,true,false,0,,,,,,,,,,,,,,,false,false,false,false
H2-v1-EVENT-M5,H2-v1,sharp:0377,sharp,377,1673840,0x0228b93fb01788db845e5868100a3ebd773aeb33f0f65e0926f9e15cc015ac96,mlb-det-sea-2026-08-06,Seattle Mariners,Detroit Tigers,2026-08-06T20:11:00+00:00,2026-08-06T00:00:03.326775+00:00,72656.673225,true,1,,,,,,,,,,,,,,,,,,,,740,0.54260688015043415,0.54198092280390415,0.00062595734653,1,2026-08-05T23:45:02.059248+00:00,901.267527,2,true,matchbook+smarkets,matchbook+smarkets,false,,0.5459183673469388,0.5392953929539295,7.826775,8.326775,sharp:0377,2026-08-06T00:00:03.326775+00:00,0,0.54260688015043415,0.00062595734653,1,2,false,sharp:0376,901.267527,sharp:0378,2699.726978,,,,,true,2026-08-05T23:09:54+00:00,3009.326775,0.5300001222,0xacb3aab4af7c3a1368014c73a29d00c4685873a3433eb6d71f6ce6e2d219faf3,false,false,false,false,0.01260675795043415,,,true,false,0,,,,,,,,,,,,,,,false,false,false,false,true,false,0,,,,,,,,,,,,,,,false,false,false,false,true,false,0,,,,,,,,,,,,,,,false,false,false,false,true,false,0,,,,,,,,,,,,,,,false,false,false,false
H2-v1-EVENT-M5,H2-v1,sharp:0378,sharp,378,1673840,0x0228b93fb01788db845e5868100a3ebd773aeb33f0f65e0926f9e15cc015ac96,mlb-det-sea-2026-08-06,Seattle Mariners,Detroit Tigers,2026-08-06T20:11:00+00:00,2026-08-06T00:45:03.053753+00:00,69956.946247,true,-1,,,,,,,,,,,,,,,,,,,,789,0.53157568238213405,0.54260688015043415,-0.0110311977683001,-1,2026-08-06T00:00:03.326775+00:00,2699.726978,2,true,matchbook+smarkets,matchbook+smarkets,false,,0.5282051282051282,0.5349462365591399,4.053753,5.053753,sharp:0378,2026-08-06T00:45:03.053753+00:00,0,0.53157568238213405,-0.0110311977683001,-1,2,false,sharp:0377,2699.726978,sharp:0379,62109.58201,,,,,true,2026-08-05T23:09:54+00:00,5709.053753,0.5300001222,0xacb3aab4af7c3a1368014c73a29d00c4685873a3433eb6d71f6ce6e2d219faf3,false,false,false,false,0.00157556018213405,,,true,false,0,,,,,,,,,,,,,,,false,false,false,false,true,false,0,,,,,,,,,,,,,,,false,false,false,false,true,false,0,,,,,,,,,,,,,,,false,false,false,false,true,false,0,,,,,,,,,,,,,,,false,false,false,false
H2-v1-EVENT-M5,H2-v1,sharp:0379,sharp,379,1673840,0x0228b93fb01788db845e5868100a3ebd773aeb33f0f65e0926f9e15cc015ac96,mlb-det-sea-2026-08-06,Seattle Mariners,Detroit Tigers,2026-08-06T20:11:00+00:00,2026-08-06T18:00:12.635763+00:00,7847.364237,true,-1,,,,,,,,,,,,,,,,,,,,1904,0.5263157894736843,0.53157568238213405,-0.00525989290844975,-1,2026-08-06T00:45:03.053753+00:00,62109.58201,3,true,betfair+matchbook+smarkets,matchbook+smarkets,true,0.5263157894736843,0.5263157894736843,0.5292620865139949,15.635763,15.635763,sharp:0379,2026-08-06T18:00:12.635763+00:00,0,0.5263157894736843,-0.00525989290844975,-1,3,true,sharp:0378,62109.58201,,,,,,,true,2026-08-06T17:56:08+00:00,244.635763,0.53,0x19e7adf83aa5534462f074ffccf6c66d2334531b46ae8522c4323574b6513dfc,false,false,true,true,-0.0036842105263157,,,true,false,0,,,,,,,,,,,,,,,false,false,false,false,true,false,0,,,,,,,,,,,,,,,false,false,false,false,true,false,0,,,,,,,,,,,,,,,false,false,false,false,true,true,2,2026-08-06T18:03:05+00:00,172.364237,0.54,0.01,0x73fd9fa3d2668c907f0d412ff2d7f63efdc414f58b1b35878450fd06062107e7,2026-08-06T18:03:39+00:00,206.364237,93.635763,0.5300000024,0.0000000024,0x9156e549e9520464c73e9b5e2a7f743bd37d0725f807f6fa8e2d6ce4e0b32eab,0.5300000024,0.54,0.0099999976,false,false,false,false
H2-v1-EVENT-M5,H2-v1,sharp:0380,sharp,380,1673810,0x6d3915d2e5aba59d058874238319a7e83309aaeafbc2a389f5a95f4d3d8ebcd9,mlb-wsh-phi-2026-08-06,Philadelphia Phillies,Washington Nationals,2026-08-06T22:06:00+00:00,2026-08-05T18:45:01.986126+00:00,98458.013874,false,,,,,,,,,,,,,,,,,,,,,560,0.7206208425720619,,,,,,1,false,smarkets,,,,,0.7206208425720619,3.986126,3.986126,sharp:0380,2026-08-05T18:45:01.986126+00:00,0,0.7206208425720619,,,1,,,,sharp:0381,900.370858,,,rn1:0117,98404.013874,true,2026-08-05T16:24:17+00:00,8444.986126,0.7,0xd18da0731f5fcc08c4b5eb47a026e931c0624a9763256997d3d892a292550fdf,false,false,false,false,0.0206208425720619,,,true,false,0,,,,,,,,,,,,,,,false,false,false,false,true,true,1,2026-08-05T18:45:15+00:00,13.013874,0.7099999888,0.0099999888,0x4b7535d49f23a7bff805598317d10abddc37636cca3f4c481a051b599e94ee4c,2026-08-05T18:45:15+00:00,13.013874,16.986126,0.7099999888,0.0099999888,0x4b7535d49f23a7bff805598317d10abddc37636cca3f4c481a051b599e94ee4c,0.7099999888,0.7099999888,0,false,false,true,true,true,true,1,2026-08-05T18:45:15+00:00,13.013874,0.7099999888,0.0099999888,0x4b7535d49f23a7bff805598317d10abddc37636cca3f4c481a051b599e94ee4c,2026-08-05T18:45:15+00:00,13.013874,46.986126,0.7099999888,0.0099999888,0x4b7535d49f23a7bff805598317d10abddc37636cca3f4c481a051b599e94ee4c,0.7099999888,0.7099999888,0,false,false,false,true,true,true,3,2026-08-05T18:45:15+00:00,13.013874,0.7099999888,0.0099999888,0x4b7535d49f23a7bff805598317d10abddc37636cca3f4c481a051b599e94ee4c,2026-08-05T18:49:42+00:00,280.013874,19.986126,0.71,0.01,0x01a7c724f4f90578bf79c4ceb9b6ba129b0adcb132980149784decf9872cfb28,0.7099999432,0.71,0.0000000568,false,false,true,true
H2-v1-EVENT-M5,H2-v1,sharp:0381,sharp,381,1673810,0x6d3915d2e5aba59d058874238319a7e83309aaeafbc2a389f5a95f4d3d8ebcd9,mlb-wsh-phi-2026-08-06,Philadelphia Phillies,Washington Nationals,2026-08-06T22:06:00+00:00,2026-08-05T19:00:02.356984+00:00,97557.643016,true,-1,,,,,,,,,,,,,,,,,,,,562,0.7061503416856492,0.7206208425720619,-0.0144705008864127,-1,2026-08-05T18:45:01.986126+00:00,900.370858,1,false,smarkets,smarkets,false,,,0.7061503416856492,20.356984,20.356984,sharp:0381,2026-08-05T19:00:02.356984+00:00,0,0.7061503416856492,-0.0144705008864127,-1,1,false,sharp:0380,900.370858,sharp:0382,2699.99338,,,rn1:0117,97503.643016,true,2026-08-05T18:54:12+00:00,350.356984,0.719999856,0xeaa0232788b535490713c329cb7fc46232ee954b2023b8018d7e03905eb59270,false,false,false,true,-0.0138495143143508,,,true,false,0,,,,,,,,,,,,,,,false,false,false,false,true,false,0,,,,,,,,,,,,,,,false,false,false,false,true,false,0,,,,,,,,,,,,,,,false,false,false,false,true,false,0,,,,,,,,,,,,,,,false,false,false,false
H2-v1-EVENT-M5,H2-v1,sharp:0382,sharp,382,1673810,0x6d3915d2e5aba59d058874238319a7e83309aaeafbc2a389f5a95f4d3d8ebcd9,mlb-wsh-phi-2026-08-06,Philadelphia Phillies,Washington Nationals,2026-08-06T22:06:00+00:00,2026-08-05T19:45:02.350364+00:00,94857.649636,true,0,,,,,,,,,,,,,,,,,,,,566,0.7061503416856492,0.7061503416856492,0,0,2026-08-05T19:00:02.356984+00:00,2699.99338,1,false,smarkets,smarkets,false,,,0.7061503416856492,19.350364,19.350364,sharp:0382,2026-08-05T19:45:02.350364+00:00,0,0.7061503416856492,0,0,1,false,sharp:0381,2699.99338,sharp:0383,900.423629,,,rn1:0117,94803.649636,true,2026-08-05T18:54:12+00:00,3050.350364,0.719999856,0xeaa0232788b535490713c329cb7fc46232ee954b2023b8018d7e03905eb59270,false,false,false,false,-0.0138495143143508,,,true,false,0,,,,,,,,,,,,,,,false,false,false,false,true,false,0,,,,,,,,,,,,,,,false,false,false,false,true,false,0,,,,,,,,,,,,,,,false,false,false,false,true,false,0,,,,,,,,,,,,,,,false,false,false,false
H2-v1-EVENT-M5,H2-v1,sharp:0383,sharp,383,1673810,0x6d3915d2e5aba59d058874238319a7e83309aaeafbc2a389f5a95f4d3d8ebcd9,mlb-wsh-phi-2026-08-06,Philadelphia Phillies,Washington Nationals,2026-08-06T22:06:00+00:00,2026-08-05T20:00:02.773993+00:00,93957.226007,true,0,,,,,,,,,,,,,,,,,,,,568,0.7061503416856492,0.7061503416856492,0,0,2026-08-05T19:45:02.350364+00:00,900.423629,1,false,smarkets,smarkets,false,,,0.7061503416856492,9.773993,9.773993,sharp:0383,2026-08-05T20:00:02.773993+00:00,0,0.7061503416856492,0,0,1,false,sharp:0382,900.423629,sharp:0384,9899.950899,,,rn1:0117,93903.226007,true,2026-08-05T19:59:03+00:00,59.773993,0.72,0x7a593f2b51fa7aa38f58940564ae0d9656731b63cb30aefcab408837bcbde666,false,true,true,true,-0.0138496583143508,,,true,false,0,,,,,,,,,,,,,,,false,false,false,false,true,false,0,,,,,,,,,,,,,,,false,false,false,false,true,false,0,,,,,,,,,,,,,,,false,false,false,false,true,false,0,,,,,,,,,,,,,,,false,false,false,false
H2-v1-EVENT-M5,H2-v1,sharp:0384,sharp,384,1673810,0x6d3915d2e5aba59d058874238319a7e83309aaeafbc2a389f5a95f4d3d8ebcd9,mlb-wsh-phi-2026-08-06,Philadelphia Phillies,Washington Nationals,2026-08-06T22:06:00+00:00,2026-08-05T22:45:02.724892+00:00,84057.275108,true,1,,,,,,,,,,,,,,,,,,,,657,0.72922573655745615,0.7061503416856492,0.02307539487180695,1,2026-08-05T20:00:02.773993+00:00,9899.950899,2,true,matchbook+smarkets,smarkets,true,,0.741106719367589,0.7173447537473233,5.724892,6.724892,sharp:0384,2026-08-05T22:45:02.724892+00:00,0,0.72922573655745615,0.02307539487180695,1,2,true,sharp:0383,9899.950899,sharp:0385,899.893303,,,rn1:0117,84003.275108,true,2026-08-05T21:41:38+00:00,3804.724892,0.74,0xbf663ae91486f1fd4e198ee8ab36fdbc6c9f547177b3c9a989143073f3647806,false,false,false,false,-0.01077426344254385,,,true,false,0,,,,,,,,,,,,,,,false,false,false,false,true,false,0,,,,,,,,,,,,,,,false,false,false,false,true,false,0,,,,,,,,,,,,,,,false,false,false,false,true,false,0,,,,,,,,,,,,,,,false,false,false,false
H2-v1-EVENT-M5,H2-v1,sharp:0385,sharp,385,1673810,0x6d3915d2e5aba59d058874238319a7e83309aaeafbc2a389f5a95f4d3d8ebcd9,mlb-wsh-phi-2026-08-06,Philadelphia Phillies,Washington Nationals,2026-08-06T22:06:00+00:00,2026-08-05T23:00:02.618195+00:00,83157.381805,true,0,,,,,,,,,,,,,,,,,,,,674,0.72922573655745615,0.72922573655745615,0,0,2026-08-05T22:45:02.724892+00:00,899.893303,2,true,matchbook+smarkets,matchbook+smarkets,false,,0.741106719367589,0.7173447537473233,14.118195,19.618195,sharp:0385,2026-08-05T23:00:02.618195+00:00,0,0.72922573655745615,0,0,2,false,sharp:0384,899.893303,sharp:0386,2699.441053,,,rn1:0117,83103.381805,true,2026-08-05T21:41:38+00:00,4704.618195,0.74,0xbf663ae91486f1fd4e198ee8ab36fdbc6c9f547177b3c9a989143073f3647806,false,false,false,false,-0.01077426344254385,,,true,false,0,,,,,,,,,,,,,,,false,false,false,false,true,false,0,,,,,,,,,,,,,,,false,false,false,false,true,false,0,,,,,,,,,,,,,,,false,false,false,false,true,false,0,,,,,,,,,,,,,,,false,false,false,false
H2-v1-EVENT-M5,H2-v1,sharp:0386,sharp,386,1673810,0x6d3915d2e5aba59d058874238319a7e83309aaeafbc2a389f5a95f4d3d8ebcd9,mlb-wsh-phi-2026-08-06,Philadelphia Phillies,Washington Nationals,2026-08-06T22:06:00+00:00,2026-08-05T23:45:02.059248+00:00,80457.940752,true,0,,,,,,,,,,,,,,,,,,,,723,0.72922573655745615,0.72922573655745615,0,0,2026-08-05T23:00:02.618195+00:00,2699.441053,2,true,matchbook+smarkets,matchbook+smarkets,false,,0.741106719367589,0.7173447537473233,3.559248,4.059248,sharp:0386,2026-08-05T23:45:02.059248+00:00,0,0.72922573655745615,0,0,2,false,sharp:0385,2699.441053,sharp:0387,901.267527,,,rn1:0117,80403.940752,true,2026-08-05T23:13:39+00:00,1883.059248,0.75,0x9b824abcce934cf4e50cb1fdb241cff9f1ef0c3bebc43a5f7a6ff221ba9fa2f0,false,false,false,false,-0.02077426344254385,,,true,false,0,,,,,,,,,,,,,,,false,false,false,false,true,false,0,,,,,,,,,,,,,,,false,false,false,false,true,false,0,,,,,,,,,,,,,,,false,false,false,false,true,false,0,,,,,,,,,,,,,,,false,false,false,false
H2-v1-EVENT-M5,H2-v1,sharp:0387,sharp,387,1673810,0x6d3915d2e5aba59d058874238319a7e83309aaeafbc2a389f5a95f4d3d8ebcd9,mlb-wsh-phi-2026-08-06,Philadelphia Phillies,Washington Nationals,2026-08-06T22:06:00+00:00,2026-08-06T00:00:03.326775+00:00,79556.673225,true,0,,,,,,,,,,,,,,,,,,,,740,0.72922573655745615,0.72922573655745615,0,0,2026-08-05T23:45:02.059248+00:00,901.267527,2,true,matchbook+smarkets,matchbook+smarkets,false,,0.741106719367589,0.7173447537473233,7.826775,8.326775,sharp:0387,2026-08-06T00:00:03.326775+00:00,0,0.72922573655745615,0,0,2,false,sharp:0386,901.267527,sharp:0388,2699.726978,,,rn1:0117,79502.673225,true,2026-08-05T23:13:39+00:00,2784.326775,0.75,0x9b824abcce934cf4e50cb1fdb241cff9f1ef0c3bebc43a5f7a6ff221ba9fa2f0,false,false,false,false,-0.02077426344254385,,,true,false,0,,,,,,,,,,,,,,,false,false,false,false,true,false,0,,,,,,,,,,,,,,,false,false,false,false,true,false,0,,,,,,,,,,,,,,,false,false,false,false,true,false,0,,,,,,,,,,,,,,,false,false,false,false
H2-v1-EVENT-M5,H2-v1,sharp:0388,sharp,388,1673810,0x6d3915d2e5aba59d058874238319a7e83309aaeafbc2a389f5a95f4d3d8ebcd9,mlb-wsh-phi-2026-08-06,Philadelphia Phillies,Washington Nationals,2026-08-06T22:06:00+00:00,2026-08-06T00:45:03.053753+00:00,76856.946247,true,0,,,,,,,,,,,,,,,,,,,,789,0.72922573655745615,0.72922573655745615,0,0,2026-08-06T00:00:03.326775+00:00,2699.726978,2,true,matchbook+smarkets,matchbook+smarkets,false,,0.741106719367589,0.7173447537473233,4.053753,5.053753,sharp:0388,2026-08-06T00:45:03.053753+00:00,0,0.72922573655745615,0,0,2,false,sharp:0387,2699.726978,sharp:0389,62109.58201,,,rn1:0117,76802.946247,true,2026-08-06T00:14:11+00:00,1852.053753,0.75,0xcd97c09c7fc9fce9906d46629fd01cc2005a53f57138891636b2e5e33a6304d7,false,false,false,false,-0.02077426344254385,,,true,false,0,,,,,,,,,,,,,,,false,false,false,false,true,false,0,,,,,,,,,,,,,,,false,false,false,false,true,false,0,,,,,,,,,,,,,,,false,false,false,false,true,false,0,,,,,,,,,,,,,,,false,false,false,false
H2-v1-EVENT-M5,H2-v1,sharp:0389,sharp,389,1673810,0x6d3915d2e5aba59d058874238319a7e83309aaeafbc2a389f5a95f4d3d8ebcd9,mlb-wsh-phi-2026-08-06,Philadelphia Phillies,Washington Nationals,2026-08-06T22:06:00+00:00,2026-08-06T18:00:12.635763+00:00,14747.364237,true,1,,,,,,,,,,,,,,,,,,,,1904,0.7518796992481203,0.72922573655745615,0.02265396269066415,1,2026-08-06T00:45:03.053753+00:00,62109.58201,3,true,betfair+matchbook+smarkets,matchbook+smarkets,true,0.7518796992481203,0.7518796992481203,0.7561436672967863,15.635763,15.635763,sharp:0389,2026-08-06T18:00:12.635763+00:00,0,0.7518796992481203,0.02265396269066415,1,3,true,sharp:0388,62109.58201,sharp:0390,10789.8666,,,rn1:0117,14693.364237,true,2026-08-06T17:53:44+00:00,388.635763,0.7599999878,0x0499f9e30c1e7362e0b075114d96e894713c0d6db26b09d5fc245c022f80c8d2,false,false,false,true,-0.0081202885518797,,,true,false,0,,,,,,,,,,,,,,,false,false,false,false,true,false,0,,,,,,,,,,,,,,,false,false,false,false,true,false,0,,,,,,,,,,,,,,,false,false,false,false,true,false,0,,,,,,,,,,,,,,,false,false,false,false
H2-v1-EVENT-M5,H2-v1,sharp:0390,sharp,390,1673810,0x6d3915d2e5aba59d058874238319a7e83309aaeafbc2a389f5a95f4d3d8ebcd9,mlb-wsh-phi-2026-08-06,Philadelphia Phillies,Washington Nationals,2026-08-06T22:06:00+00:00,2026-08-06T21:00:02.502363+00:00,3957.497637,true,-1,,,,,,,,,,,,,,,,,,,,2102,0.7418111753371868,0.7518796992481203,-0.0100685239109335,-1,2026-08-06T18:00:12.635763+00:00,10789.8666,3,true,betfair+matchbook+smarkets,betfair+matchbook+smarkets,false,0.7418111753371868,0.7418111753371868,0.7421875,5.502363,19.502363,sharp:0390,2026-08-06T21:00:02.502363+00:00,0,0.7418111753371868,-0.0100685239109335,-1,3,false,sharp:0389,10789.8666,sharp:0391,2700.366968,,,rn1:0117,3903.497637,true,2026-08-06T21:00:00+00:00,2.502363,0.7599999595,0xfa805ade555c1c8cca3c240079662c623c563e83f70326b87209804228357c5c,true,true,true,true,-0.0181887841628132,,,true,true,1,2026-08-06T21:00:11+00:00,8.497637,0.75,-0.0099999595,0xbc81afed6b57e0a25d4867345a8e192fecc1e543c45b7ee95aaacf699f4db11c,2026-08-06T21:00:11+00:00,8.497637,1.502363,0.75,-0.0099999595,0xbc81afed6b57e0a25d4867345a8e192fecc1e543c45b7ee95aaacf699f4db11c,0.75,0.75,0,true,true,true,true,true,true,5,2026-08-06T21:00:11+00:00,8.497637,0.75,-0.0099999595,0xbc81afed6b57e0a25d4867345a8e192fecc1e543c45b7ee95aaacf699f4db11c,2026-08-06T21:00:27+00:00,24.497637,5.502363,0.75,-0.0099999595,0x81667893fa5d6ba890490ae8b1c75668f98f4713c153a520260e4af4a37bd61b,0.75,0.75,0,false,true,true,true,true,true,11,2026-08-06T21:00:11+00:00,8.497637,0.75,-0.0099999595,0xbc81afed6b57e0a25d4867345a8e192fecc1e543c45b7ee95aaacf699f4db11c,2026-08-06T21:01:02+00:00,59.497637,0.502363,0.75,-0.0099999595,0x90d9a51043eba3e531165eb9de633014be1b9e4edd56d9e310c77c7b4aa35d49,0.75,0.75,0,true,true,true,true,true,true,42,2026-08-06T21:00:11+00:00,8.497637,0.75,-0.0099999595,0xbc81afed6b57e0a25d4867345a8e192fecc1e543c45b7ee95aaacf699f4db11c,2026-08-06T21:05:02+00:00,299.497637,0.502363,0.75,-0.0099999595,0xcd0120d62024f9c7441cac08d5ac23f9f86430a71136ad4d6322393287e004ab,0.75,0.7599999595,0.0099999595,true,true,true,true
H2-v1-EVENT-M5,H2-v1,sharp:0391,sharp,391,1673810,0x6d3915d2e5aba59d058874238319a7e83309aaeafbc2a389f5a95f4d3d8ebcd9,mlb-wsh-phi-2026-08-06,Philadelphia Phillies,Washington Nationals,2026-08-06T22:06:00+00:00,2026-08-06T21:45:02.869331+00:00,1257.130669,true,1,,,,,,,,,,,,,,,,,,,,2151,0.745697896749522,0.7418111753371868,0.0038867214123352,1,2026-08-06T21:00:02.502363+00:00,2700.366968,3,true,betfair+matchbook+smarkets,betfair+matchbook+smarkets,false,0.745697896749522,0.745697896749522,0.7446808510638299,4.869331,13.869331,sharp:0391,2026-08-06T21:45:02.869331+00:00,0,0.745697896749522,0.0038867214123352,1,3,false,sharp:0390,2700.366968,,,,,rn1:0117,1203.130669,true,2026-08-06T21:43:47+00:00,75.869331,0.7400000372,0x15ec17c8a596f30d36690cfd40e6c7beca4fee8f1116f1b6169f8ab3c46ce4bd,false,false,true,true,0.005697859549522,,,true,false,0,,,,,,,,,,,,,,,false,false,false,false,true,false,0,,,,,,,,,,,,,,,false,false,false,false,true,true,1,2026-08-06T21:45:51+00:00,48.130669,0.7400000354,-0.0000000018,0x27c4828e447bc6a85acd0c7f1aa68ca8813c49c8acba4cb26991767f9480ab2c,2026-08-06T21:45:51+00:00,48.130669,11.869331,0.7400000354,-0.0000000018,0x27c4828e447bc6a85acd0c7f1aa68ca8813c49c8acba4cb26991767f9480ab2c,0.7400000354,0.7400000354,0,false,true,true,true,true,true,5,2026-08-06T21:45:51+00:00,48.130669,0.7400000354,-0.0000000018,0x27c4828e447bc6a85acd0c7f1aa68ca8813c49c8acba4cb26991767f9480ab2c,2026-08-06T21:48:32+00:00,209.130669,90.869331,0.7400000354,-0.0000000018,0xbccf4b322932c442d4347e5059ca3a5cc565d7ccdd1e1d674e4e15c68a4013b8,0.7400000094,0.75,0.0099999906,false,false,false,false
H2-v1-EVENT-M5,H2-v1,rn1:0117,rn1,117,1673810,0x6d3915d2e5aba59d058874238319a7e83309aaeafbc2a389f5a95f4d3d8ebcd9,mlb-wsh-phi-2026-08-06,Philadelphia Phillies,Washington Nationals,2026-08-06T22:06:00+00:00,2026-08-06T22:05:06+00:00,54,true,-1,3347365,Washington Nationals,away,BUY,0.24,0.76,15,3.6,-15,-3.6,0x720e887aa9550c94d9f542bd775f03684380d2710e9a13cc803941cc4e889d42,c7b91c52b52e5a8df183f908e96241d023bb411f5eab194d4c1c9c5b1ad05553,1673810:2026-08-06T22:05:06+00:00,1,1,-15,-3.6,-1,1,,,,,,,,,,,,,,,,,,sharp:0391,2026-08-06T21:45:02.869331+00:00,1203.130669,0.745697896749522,0.0038867214123352,1,3,false,sharp:0391,1203.130669,,,,,rn1:0118,8,true,2026-08-06T22:04:57+00:00,9,0.75,0x1e7b6641cdc6a644198d0899f2711b98f29a821ce11bb1cc3de8f2660d942858,true,true,true,true,-0.004302103250478,0.01,false,true,true,4,2026-08-06T22:05:09+00:00,3,0.75,0,0xfe545f852635cb8c7da89b4f51416f4db6225b41f562b3492e00febc9af45ccc,2026-08-06T22:05:15+00:00,9,1,0.75,0,0xd409cb8b391adf7b4f5152e52acffe6bff35682a9d27f153852c222beb3cdf2b,0.7400000097,0.75,0.0099999903,true,true,true,true,true,true,8,2026-08-06T22:05:09+00:00,3,0.75,0,0xfe545f852635cb8c7da89b4f51416f4db6225b41f562b3492e00febc9af45ccc,2026-08-06T22:05:20+00:00,14,16,0.75,0,0x9f3ae39da74ef5017f3130450392ccf59ddbbd68235b97442fe4caf8bb54c21f,0.7400000097,0.75,0.0099999903,false,false,true,true,false,false,0,,,,,,,,,,,,,,,false,false,false,false,false,false,0,,,,,,,,,,,,,,,false,false,false,false
H2-v1-EVENT-M5,H2-v1,rn1:0118,rn1,118,1673810,0x6d3915d2e5aba59d058874238319a7e83309aaeafbc2a389f5a95f4d3d8ebcd9,mlb-wsh-phi-2026-08-06,Philadelphia Phillies,Washington Nationals,2026-08-06T22:06:00+00:00,2026-08-06T22:05:14+00:00,46,true,1,3347366,Philadelphia Phillies,home,BUY,0.74,0.74,57.692306,42.69230644,57.692306,42.69230644,0x2f5c38ccc05ea67de0d9ecfe180092dacadfabd6410c233cd7dfdc2c844a95c5,bd1ea4c5db51d8c53aeb1de2dbff1fb9f37f799c10dfe7c6a09fd1c4ff5aed07,1673810:2026-08-06T22:05:14+00:00,1,1,57.692306,42.69230644,1,1,,,,,,,,,,,,,,,,,,sharp:0391,2026-08-06T21:45:02.869331+00:00,1211.130669,0.745697896749522,0.0038867214123352,1,3,false,sharp:0391,1211.130669,,,rn1:0117,8,,,true,2026-08-06T22:05:09+00:00,5,0.75,0xfe545f852635cb8c7da89b4f51416f4db6225b41f562b3492e00febc9af45ccc,true,true,true,true,-0.004302103250478,-0.01,true,true,true,5,2026-08-06T22:05:15+00:00,1,0.75,0,0xd409cb8b391adf7b4f5152e52acffe6bff35682a9d27f153852c222beb3cdf2b,2026-08-06T22:05:20+00:00,6,4,0.75,0,0x9f3ae39da74ef5017f3130450392ccf59ddbbd68235b97442fe4caf8bb54c21f,0.75,0.75,0,true,true,true,true,true,true,6,2026-08-06T22:05:15+00:00,1,0.75,0,0xd409cb8b391adf7b4f5152e52acffe6bff35682a9d27f153852c222beb3cdf2b,2026-08-06T22:05:44+00:00,30,0,0.75,0,0x44bb464ada2fcc7e0f17c4b099911930382041861ef144a2f94d3907c8c350f3,0.75,0.75,0,true,true,true,true,false,false,0,,,,,,,,,,,,,,,false,false,false,false,false,false,0,,,,,,,,,,,,,,,false,false,false,false
H2-v1-EVENT-M5,H2-v1,sharp:0392,sharp,392,1673815,0xa5144d487f22937f5bc46c655ab3cf1063edebefef327fa08ffeed421e60688f,mlb-cws-bos-2026-08-06,Boston Red Sox,Chicago White Sox,2026-08-06T23:11:00+00:00,2026-08-05T18:45:01.986126+00:00,102358.013874,false,,,,,,,,,,,,,,,,,,,,,560,0.6089238845144357,,,,,,1,false,smarkets,,,,,0.6089238845144357,3.986126,3.986126,sharp:0392,2026-08-05T18:45:01.986126+00:00,0,0.6089238845144357,,,1,,,,sharp:0393,900.370858,,,,,true,2026-08-05T18:19:29+00:00,1532.986126,0.6099999969,0x61d3f18da996ee4d9ea438a93bdd623ce0bb8c8c240ed75c99c1e90e2a54fb85,false,false,false,false,-0.0010761123855643,,,true,false,0,,,,,,,,,,,,,,,false,false,false,false,true,false,0,,,,,,,,,,,,,,,false,false,false,false,true,false,0,,,,,,,,,,,,,,,false,false,false,false,true,false,0,,,,,,,,,,,,,,,false,false,false,false
H2-v1-EVENT-M5,H2-v1,sharp:0393,sharp,393,1673815,0xa5144d487f22937f5bc46c655ab3cf1063edebefef327fa08ffeed421e60688f,mlb-cws-bos-2026-08-06,Boston Red Sox,Chicago White Sox,2026-08-06T23:11:00+00:00,2026-08-05T19:00:02.356984+00:00,101457.643016,true,-1,,,,,,,,,,,,,,,,,,,,562,0.6073298429319371,0.6089238845144357,-0.0015940415824986,-1,2026-08-05T18:45:01.986126+00:00,900.370858,1,false,smarkets,smarkets,false,,,0.6073298429319371,20.356984,20.356984,sharp:0393,2026-08-05T19:00:02.356984+00:00,0,0.6073298429319371,-0.0015940415824986,-1,1,false,sharp:0392,900.370858,sharp:0394,2699.99338,,,,,true,2026-08-05T18:19:29+00:00,2433.356984,0.6099999969,0x61d3f18da996ee4d9ea438a93bdd623ce0bb8c8c240ed75c99c1e90e2a54fb85,false,false,false,false,-0.0026701539680629,,,true,false,0,,,,,,,,,,,,,,,false,false,false,false,true,false,0,,,,,,,,,,,,,,,false,false,false,false,true,false,0,,,,,,,,,,,,,,,false,false,false,false,true,false,0,,,,,,,,,,,,,,,false,false,false,false
H2-v1-EVENT-M5,H2-v1,sharp:0394,sharp,394,1673815,0xa5144d487f22937f5bc46c655ab3cf1063edebefef327fa08ffeed421e60688f,mlb-cws-bos-2026-08-06,Boston Red Sox,Chicago White Sox,2026-08-06T23:11:00+00:00,2026-08-05T19:45:02.350364+00:00,98757.649636,true,1,,,,,,,,,,,,,,,,,,,,566,0.6161879895561357,0.6073298429319371,0.0088581466241986,1,2026-08-05T19:00:02.356984+00:00,2699.99338,1,false,smarkets,smarkets,false,,,0.6161879895561357,19.350364,19.350364,sharp:0394,2026-08-05T19:45:02.350364+00:00,0,0.6161879895561357,0.0088581466241986,1,1,false,sharp:0393,2699.99338,sharp:0395,900.423629,,,,,true,2026-08-05T18:19:29+00:00,5133.350364,0.6099999969,0x61d3f18da996ee4d9ea438a93bdd623ce0bb8c8c240ed75c99c1e90e2a54fb85,false,false,false,false,0.0061879926561357,,,true,false,0,,,,,,,,,,,,,,,false,false,false,false,true,false,0,,,,,,,,,,,,,,,false,false,false,false,true,false,0,,,,,,,,,,,,,,,false,false,false,false,true,false,0,,,,,,,,,,,,,,,false,false,false,false
H2-v1-EVENT-M5,H2-v1,sharp:0395,sharp,395,1673815,0xa5144d487f22937f5bc46c655ab3cf1063edebefef327fa08ffeed421e60688f,mlb-cws-bos-2026-08-06,Boston Red Sox,Chicago White Sox,2026-08-06T23:11:00+00:00,2026-08-05T20:00:02.773993+00:00,97857.226007,true,0,,,,,,,,,,,,,,,,,,,,568,0.6161879895561357,0.6161879895561357,0,0,2026-08-05T19:45:02.350364+00:00,900.423629,1,false,smarkets,smarkets,false,,,0.6161879895561357,9.773993,9.773993,sharp:0395,2026-08-05T20:00:02.773993+00:00,0,0.6161879895561357,0,0,1,false,sharp:0394,900.423629,sharp:0396,9899.950899,,,,,true,2026-08-05T18:19:29+00:00,6033.773993,0.6099999969,0x61d3f18da996ee4d9ea438a93bdd623ce0bb8c8c240ed75c99c1e90e2a54fb85,false,false,false,false,0.0061879926561357,,,true,false,0,,,,,,,,,,,,,,,false,false,false,false,true,false,0,,,,,,,,,,,,,,,false,false,false,false,true,false,0,,,,,,,,,,,,,,,false,false,false,false,true,false,0,,,,,,,,,,,,,,,false,false,false,false
H2-v1-EVENT-M5,H2-v1,sharp:0396,sharp,396,1673815,0xa5144d487f22937f5bc46c655ab3cf1063edebefef327fa08ffeed421e60688f,mlb-cws-bos-2026-08-06,Boston Red Sox,Chicago White Sox,2026-08-06T23:11:00+00:00,2026-08-05T22:45:02.724892+00:00,87957.275108,true,-1,,,,,,,,,,,,,,,,,,,,657,0.6005089058524172,0.6161879895561357,-0.0156790837037185,-1,2026-08-05T20:00:02.773993+00:00,9899.950899,1,false,smarkets,smarkets,false,,,0.6005089058524172,4.724892,4.724892,sharp:0396,2026-08-05T22:45:02.724892+00:00,0,0.6005089058524172,-0.0156790837037185,-1,1,false,sharp:0395,9899.950899,sharp:0397,899.893303,,,,,true,2026-08-05T21:35:08+00:00,4194.724892,0.6213698392,0x4049c614ac11bb71d90e9345b6f2765ab01e0693109025d1222812221050dd1e,false,false,false,false,-0.0208609333475828,,,true,false,0,,,,,,,,,,,,,,,false,false,false,false,true,false,0,,,,,,,,,,,,,,,false,false,false,false,true,false,0,,,,,,,,,,,,,,,false,false,false,false,true,false,0,,,,,,,,,,,,,,,false,false,false,false
H2-v1-EVENT-M5,H2-v1,sharp:0397,sharp,397,1673815,0xa5144d487f22937f5bc46c655ab3cf1063edebefef327fa08ffeed421e60688f,mlb-cws-bos-2026-08-06,Boston Red Sox,Chicago White Sox,2026-08-06T23:11:00+00:00,2026-08-05T23:00:02.618195+00:00,87057.381805,true,1,,,,,,,,,,,,,,,,,,,,674,0.6035805626598465,0.6005089058524172,0.0030716568074293,1,2026-08-05T22:45:02.724892+00:00,899.893303,1,false,smarkets,smarkets,false,,,0.6035805626598465,8.618195,8.618195,sharp:0397,2026-08-05T23:00:02.618195+00:00,0,0.6035805626598465,0.0030716568074293,1,1,false,sharp:0396,899.893303,sharp:0398,2699.441053,,,,,true,2026-08-05T21:35:08+00:00,5094.618195,0.6213698392,0x4049c614ac11bb71d90e9345b6f2765ab01e0693109025d1222812221050dd1e,false,false,false,false,-0.0177892765401535,,,true,false,0,,,,,,,,,,,,,,,false,false,false,false,true,false,0,,,,,,,,,,,,,,,false,false,false,false,true,false,0,,,,,,,,,,,,,,,false,false,false,false,true,false,0,,,,,,,,,,,,,,,false,false,false,false
H2-v1-EVENT-M5,H2-v1,sharp:0398,sharp,398,1673815,0xa5144d487f22937f5bc46c655ab3cf1063edebefef327fa08ffeed421e60688f,mlb-cws-bos-2026-08-06,Boston Red Sox,Chicago White Sox,2026-08-06T23:11:00+00:00,2026-08-05T23:45:02.059248+00:00,84357.940752,true,1,,,,,,,,,,,,,,,,,,,,723,0.608337481333997,0.6035805626598465,0.0047569186741505,1,2026-08-05T23:00:02.618195+00:00,2699.441053,2,true,matchbook+smarkets,smarkets,true,,0.6146341463414634,0.6020408163265306,3.559248,4.059248,sharp:0398,2026-08-05T23:45:02.059248+00:00,0,0.608337481333997,0.0047569186741505,1,2,true,sharp:0397,2699.441053,sharp:0399,901.267527,,,,,true,2026-08-05T23:42:48+00:00,134.059248,0.6299999987,0xe5c2342687e4db53d2381788bb0166a0743053f504accd53ef497df0d2832a9b,false,false,true,true,-0.021662517366003,,,true,false,0,,,,,,,,,,,,,,,false,false,false,false,true,false,0,,,,,,,,,,,,,,,false,false,false,false,true,false,0,,,,,,,,,,,,,,,false,false,false,false,true,false,0,,,,,,,,,,,,,,,false,false,false,false
H2-v1-EVENT-M5,H2-v1,sharp:0399,sharp,399,1673815,0xa5144d487f22937f5bc46c655ab3cf1063edebefef327fa08ffeed421e60688f,mlb-cws-bos-2026-08-06,Boston Red Sox,Chicago White Sox,2026-08-06T23:11:00+00:00,2026-08-06T00:00:03.326775+00:00,83456.673225,true,1,,,,,,,,,,,,,,,,,,,,740,0.60988117573483425,0.608337481333997,0.00154369440083725,1,2026-08-05T23:45:02.059248+00:00,901.267527,2,true,matchbook+smarkets,matchbook+smarkets,false,,0.6146341463414634,0.6051282051282051,7.826775,8.326775,sharp:0399,2026-08-06T00:00:03.326775+00:00,0,0.60988117573483425,0.00154369440083725,1,2,false,sharp:0398,901.267527,sharp:0400,2699.726978,,,,,true,2026-08-05T23:42:48+00:00,1035.326775,0.6299999987,0xe5c2342687e4db53d2381788bb0166a0743053f504accd53ef497df0d2832a9b,false,false,false,false,-0.02011882296516575,,,true,false,0,,,,,,,,,,,,,,,false,false,false,false,true,false,0,,,,,,,,,,,,,,,false,false,false,false,true,false,0,,,,,,,,,,,,,,,false,false,false,false,true,true,2,2026-08-06T00:03:33+00:00,209.673225,0.6299999981,-0.0000000006,0x51dcaaf748923985ce7e675ac1f015e59fbc5e542eeba7f7f48becbbf8af0f7e,2026-08-06T00:03:33+00:00,209.673225,90.326775,0.6299999998,0.0000000011,0xc329a46f031da0de3d03062176becf824e88fc882a1dc1c3f9a6b95a58593d3d,0.6299999981,0.6299999998,0.0000000017,false,false,false,false
H2-v1-EVENT-M5,H2-v1,sharp:0400,sharp,400,1673815,0xa5144d487f22937f5bc46c655ab3cf1063edebefef327fa08ffeed421e60688f,mlb-cws-bos-2026-08-06,Boston Red Sox,Chicago White Sox,2026-08-06T23:11:00+00:00,2026-08-06T00:45:03.053753+00:00,80756.946247,true,1,,,,,,,,,,,,,,,,,,,,789,0.6119822043783739,0.60988117573483425,0.00210102864353965,1,2026-08-06T00:00:03.326775+00:00,2699.726978,2,true,matchbook+smarkets,matchbook+smarkets,false,,0.6113989637305699,0.6125654450261779,4.053753,5.053753,sharp:0400,2026-08-06T00:45:03.053753+00:00,0,0.6119822043783739,0.00210102864353965,1,2,false,sharp:0399,2699.726978,sharp:0401,62109.58201,,,,,true,2026-08-06T00:05:29+00:00,2374.053753,0.6299999928,0x226c82761726b6dabeb5c3d3e2d420be332d274dbb91c6e81ca863ee10ee1367,false,false,false,false,-0.0180177884216261,,,true,false,0,,,,,,,,,,,,,,,false,false,false,false,true,false,0,,,,,,,,,,,,,,,false,false,false,false,true,false,0,,,,,,,,,,,,,,,false,false,false,false,true,false,0,,,,,,,,,,,,,,,false,false,false,false
H2-v1-EVENT-M5,H2-v1,sharp:0401,sharp,401,1673815,0xa5144d487f22937f5bc46c655ab3cf1063edebefef327fa08ffeed421e60688f,mlb-cws-bos-2026-08-06,Boston Red Sox,Chicago White Sox,2026-08-06T23:11:00+00:00,2026-08-06T18:00:12.635763+00:00,18647.364237,true,1,,,,,,,,,,,,,,,,,,,,1904,0.6340326340326341,0.6119822043783739,0.0220504296542602,1,2026-08-06T00:45:03.053753+00:00,62109.58201,3,true,betfair+matchbook+smarkets,matchbook+smarkets,true,0.6340326340326341,0.6357308584686774,0.6335697399527188,15.635763,15.635763,sharp:0401,2026-08-06T18:00:12.635763+00:00,0,0.6340326340326341,0.0220504296542602,1,3,true,sharp:0400,62109.58201,sharp:0402,10789.8666,,,,,true,2026-08-06T17:51:56+00:00,496.635763,0.64,0x8e097f70ef89c0f8a5d559a4719e5d3e78643840eb901f2515932903ee8bd6be,false,false,false,true,-0.0059673659673659,,,true,false,0,,,,,,,,,,,,,,,false,false,false,false,true,false,0,,,,,,,,,,,,,,,false,false,false,false,true,false,0,,,,,,,,,,,,,,,false,false,false,false,true,true,1,2026-08-06T18:02:03+00:00,110.364237,0.64,0,0x6cec5bb80d2e87b516b273e4be282fa221aa4787a5004bc12c6c801876b51775,2026-08-06T18:02:03+00:00,110.364237,189.635763,0.64,0,0x6cec5bb80d2e87b516b273e4be282fa221aa4787a5004bc12c6c801876b51775,0.64,0.64,0,false,false,false,false
H2-v1-EVENT-M5,H2-v1,sharp:0402,sharp,402,1673815,0xa5144d487f22937f5bc46c655ab3cf1063edebefef327fa08ffeed421e60688f,mlb-cws-bos-2026-08-06,Boston Red Sox,Chicago White Sox,2026-08-06T23:11:00+00:00,2026-08-06T21:00:02.502363+00:00,7857.497637,true,1,,,,,,,,,,,,,,,,,,,,2102,0.6388888888888888,0.6340326340326341,0.0048562548562547,1,2026-08-06T18:00:12.635763+00:00,10789.8666,3,true,betfair+matchbook+smarkets,betfair+matchbook+smarkets,false,0.6388888888888888,0.6388888888888888,0.6384976525821596,5.502363,19.502363,sharp:0402,2026-08-06T21:00:02.502363+00:00,0,0.6388888888888888,0.0048562548562547,1,3,false,sharp:0401,10789.8666,sharp:0403,2700.366968,,,,,true,2026-08-06T20:51:53+00:00,489.502363,0.64,0xa9b57ace132cd324e1f7d5ab383876eebef1593471b9f41d672a86c5a9465488,false,false,false,true,-0.0011111111111112,,,true,false,0,,,,,,,,,,,,,,,false,false,false,false,true,false,0,,,,,,,,,,,,,,,false,false,false,false,true,true,1,2026-08-06T21:00:41+00:00,38.497637,0.64,0,0x2eb25382fa19c8b7c8ab98db5e44055b6f8ef15e0f3a31e26ccae42ded29e47a,2026-08-06T21:00:41+00:00,38.497637,21.502363,0.64,0,0x2eb25382fa19c8b7c8ab98db5e44055b6f8ef15e0f3a31e26ccae42ded29e47a,0.64,0.64,0,false,false,true,true,true,true,3,2026-08-06T21:00:41+00:00,38.497637,0.64,0,0x2eb25382fa19c8b7c8ab98db5e44055b6f8ef15e0f3a31e26ccae42ded29e47a,2026-08-06T21:01:35+00:00,92.497637,207.502363,0.64,0,0x2ea3a886ada836806a5adb4179082f90bb57e4a4bc7d93d20f5ee80d0d7bfb6e,0.64,0.64,0,false,false,false,false
H2-v1-EVENT-M5,H2-v1,sharp:0403,sharp,403,1673815,0xa5144d487f22937f5bc46c655ab3cf1063edebefef327fa08ffeed421e60688f,mlb-cws-bos-2026-08-06,Boston Red Sox,Chicago White Sox,2026-08-06T23:11:00+00:00,2026-08-06T21:45:02.869331+00:00,5157.130669,true,1,,,,,,,,,,,,,,,,,,,,2151,0.6403712296983758,0.6388888888888888,0.001482340809487,1,2026-08-06T21:00:02.502363+00:00,2700.366968,3,true,betfair+matchbook+smarkets,betfair+matchbook+smarkets,false,0.6403712296983758,0.6403712296983758,0.6384976525821596,4.869331,13.869331,sharp:0403,2026-08-06T21:45:02.869331+00:00,0,0.6403712296983758,0.001482340809487,1,3,false,sharp:0402,2700.366968,sharp:0404,4499.471035,,,,,true,2026-08-06T21:43:26+00:00,96.869331,0.64,0xb47fcaca037848688e5b42a12263406b20c11602bd44d99fb56b122dbe4eab67,false,false,true,true,0.0003712296983758,,,true,false,0,,,,,,,,,,,,,,,false,false,false,false,true,true,1,2026-08-06T21:45:21+00:00,18.130669,0.64,0,0xd11f3406c58ffcffdaead6e55c69a04a17e97d5cf27288c0ef1e01d8ff62606f,2026-08-06T21:45:21+00:00,18.130669,11.869331,0.64,0,0xd11f3406c58ffcffdaead6e55c69a04a17e97d5cf27288c0ef1e01d8ff62606f,0.64,0.64,0,false,true,true,true,true,true,2,2026-08-06T21:45:21+00:00,18.130669,0.64,0,0xd11f3406c58ffcffdaead6e55c69a04a17e97d5cf27288c0ef1e01d8ff62606f,2026-08-06T21:46:00+00:00,57.130669,2.869331,0.64,0,0x2540e816a0e69fa851f279953f178c6fdcdf488463395c06cd7ba756a332916e,0.64,0.64,0,true,true,true,true,true,true,8,2026-08-06T21:45:21+00:00,18.130669,0.64,0,0xd11f3406c58ffcffdaead6e55c69a04a17e97d5cf27288c0ef1e01d8ff62606f,2026-08-06T21:49:54+00:00,291.130669,8.869331,0.6300000106,-0.0099999894,0x4f5bf90197ca58cf73f363d1e6057ae7bbafd9c17d0b711e0d4070d6ee55953c,0.63,0.64,0.01,false,true,true,true
H2-v1-EVENT-M5,H2-v1,sharp:0404,sharp,404,1673815,0xa5144d487f22937f5bc46c655ab3cf1063edebefef327fa08ffeed421e60688f,mlb-cws-bos-2026-08-06,Boston Red Sox,Chicago White Sox,2026-08-06T23:11:00+00:00,2026-08-06T23:00:02.340366+00:00,657.659634,true,1,,,,,,,,,,,,,,,,,,,,2234,0.6451612903225806,0.6403712296983758,0.0047900606242048,1,2026-08-06T21:45:02.869331+00:00,4499.471035,3,true,betfair+matchbook+smarkets,betfair+matchbook+smarkets,false,0.6451612903225806,0.6451612903225806,0.6416861826697892,2.340366,11.340366,sharp:0404,2026-08-06T23:00:02.340366+00:00,0,0.6451612903225806,0.0047900606242048,1,3,false,sharp:0403,4499.471035,,,,,,,true,2026-08-06T22:59:51+00:00,11.340366,0.6499999992,0x64907664abbb1c772de4f2694663ed99d8a1f9b1422708aa43aed5e5346bfa37,true,true,true,true,-0.0048387088774194,,,true,false,0,,,,,,,,,,,,,,,false,false,false,false,true,false,0,,,,,,,,,,,,,,,false,false,false,false,true,false,0,,,,,,,,,,,,,,,false,false,false,false,true,true,5,2026-08-06T23:03:18+00:00,195.659634,0.6499999987,-0.0000000005,0x63232712ffd4fc314529657747e03c0ce2035f14ee8bb0530d68af9219511c0a,2026-08-06T23:04:15+00:00,252.659634,47.340366,0.65,0.0000000008,0xf446f05df5183074999e0aa68ae146db5b5031f724374d2c32299316eb469b8f,0.64,0.65,0.01,false,false,false,true
H2-v1-EVENT-M5,H2-v1,sharp:0405,sharp,405,1673812,0x75925ee36022684960b17d5d8842a0d88ab1f9125f975f9590f34496fbd066d5,mlb-mia-atl-2026-08-06,Atlanta Braves,Miami Marlins,2026-08-06T23:16:00+00:00,2026-08-05T19:00:02.356984+00:00,101757.643016,false,,,,,,,,,,,,,,,,,,,,,562,0.5752688172043011,,,,,,1,false,smarkets,,,,,0.5752688172043011,20.356984,20.356984,sharp:0405,2026-08-05T19:00:02.356984+00:00,0,0.5752688172043011,,,1,,,,sharp:0406,2699.99338,,,rn1:0120,101709.643016,true,2026-08-05T12:04:18+00:00,24944.356984,0.579999826,0xb98d9e0f232626e6cc6bea61cee43288a1af79a7cfc84813692294ff202ef0ab,false,false,false,false,-0.0047310087956989,,,true,false,0,,,,,,,,,,,,,,,false,false,false,false,true,false,0,,,,,,,,,,,,,,,false,false,false,false,true,false,0,,,,,,,,,,,,,,,false,false,false,false,true,false,0,,,,,,,,,,,,,,,false,false,false,false
H2-v1-EVENT-M5,H2-v1,sharp:0406,sharp,406,1673812,0x75925ee36022684960b17d5d8842a0d88ab1f9125f975f9590f34496fbd066d5,mlb-mia-atl-2026-08-06,Atlanta Braves,Miami Marlins,2026-08-06T23:16:00+00:00,2026-08-05T19:45:02.350364+00:00,99057.649636,true,1,,,,,,,,,,,,,,,,,,,,566,0.579088471849866,0.5752688172043011,0.0038196546455649,1,2026-08-05T19:00:02.356984+00:00,2699.99338,1,false,smarkets,smarkets,false,,,0.579088471849866,19.350364,19.350364,sharp:0406,2026-08-05T19:45:02.350364+00:00,0,0.579088471849866,0.0038196546455649,1,1,false,sharp:0405,2699.99338,sharp:0407,900.423629,,,rn1:0120,99009.649636,true,2026-08-05T19:25:41+00:00,1161.350364,0.5861603716,0x1a202bec4937a5645770bc284d580cbdad85f7dbb93f10f1b6df87e963738718,false,false,false,false,-0.007071899750134,,,true,false,0,,,,,,,,,,,,,,,false,false,false,false,true,false,0,,,,,,,,,,,,,,,false,false,false,false,true,false,0,,,,,,,,,,,,,,,false,false,false,false,true,false,0,,,,,,,,,,,,,,,false,false,false,false
H2-v1-EVENT-M5,H2-v1,sharp:0407,sharp,407,1673812,0x75925ee36022684960b17d5d8842a0d88ab1f9125f975f9590f34496fbd066d5,mlb-mia-atl-2026-08-06,Atlanta Braves,Miami Marlins,2026-08-06T23:16:00+00:00,2026-08-05T20:00:02.773993+00:00,98157.226007,true,0,,,,,,,,,,,,,,,,,,,,568,0.579088471849866,0.579088471849866,0,0,2026-08-05T19:45:02.350364+00:00,900.423629,1,false,smarkets,smarkets,false,,,0.579088471849866,9.773993,9.773993,sharp:0407,2026-08-05T20:00:02.773993+00:00,0,0.579088471849866,0,0,1,false,sharp:0406,900.423629,sharp:0408,9899.950899,,,rn1:0120,98109.226007,true,2026-08-05T19:25:41+00:00,2061.773993,0.5861603716,0x1a202bec4937a5645770bc284d580cbdad85f7dbb93f10f1b6df87e963738718,false,false,false,false,-0.007071899750134,,,true,false,0,,,,,,,,,,,,,,,false,false,false,false,true,false,0,,,,,,,,,,,,,,,false,false,false,false,true,false,0,,,,,,,,,,,,,,,false,false,false,false,true,false,0,,,,,,,,,,,,,,,false,false,false,false
H2-v1-EVENT-M5,H2-v1,sharp:0408,sharp,408,1673812,0x75925ee36022684960b17d5d8842a0d88ab1f9125f975f9590f34496fbd066d5,mlb-mia-atl-2026-08-06,Atlanta Braves,Miami Marlins,2026-08-06T23:16:00+00:00,2026-08-05T22:45:02.724892+00:00,88257.275108,true,1,,,,,,,,,,,,,,,,,,,,657,0.583554376657825,0.579088471849866,0.004465904807959,1,2026-08-05T20:00:02.773993+00:00,9899.950899,1,false,smarkets,smarkets,false,,,0.583554376657825,4.724892,4.724892,sharp:0408,2026-08-05T22:45:02.724892+00:00,0,0.583554376657825,0.004465904807959,1,1,false,sharp:0407,9899.950899,sharp:0409,899.893303,,,rn1:0120,88209.275108,true,2026-08-05T19:25:41+00:00,11961.724892,0.5861603716,0x1a202bec4937a5645770bc284d580cbdad85f7dbb93f10f1b6df87e963738718,false,false,false,false,-0.002605994942175,,,true,false,0,,,,,,,,,,,,,,,false,false,false,false,true,false,0,,,,,,,,,,,,,,,false,false,false,false,true,false,0,,,,,,,,,,,,,,,false,false,false,false,true,false,0,,,,,,,,,,,,,,,false,false,false,false
H2-v1-EVENT-M5,H2-v1,sharp:0409,sharp,409,1673812,0x75925ee36022684960b17d5d8842a0d88ab1f9125f975f9590f34496fbd066d5,mlb-mia-atl-2026-08-06,Atlanta Braves,Miami Marlins,2026-08-06T23:16:00+00:00,2026-08-05T23:00:02.618195+00:00,87357.381805,true,0,,,,,,,,,,,,,,,,,,,,674,0.583554376657825,0.583554376657825,0,0,2026-08-05T22:45:02.724892+00:00,899.893303,1,false,smarkets,smarkets,false,,,0.583554376657825,8.618195,8.618195,sharp:0409,2026-08-05T23:00:02.618195+00:00,0,0.583554376657825,0,0,1,false,sharp:0408,899.893303,sharp:0410,2699.441053,,,rn1:0120,87309.381805,true,2026-08-05T19:25:41+00:00,12861.618195,0.5861603716,0x1a202bec4937a5645770bc284d580cbdad85f7dbb93f10f1b6df87e963738718,false,false,false,false,-0.002605994942175,,,true,false,0,,,,,,,,,,,,,,,false,false,false,false,true,false,0,,,,,,,,,,,,,,,false,false,false,false,true,false,0,,,,,,,,,,,,,,,false,false,false,false,true,false,0,,,,,,,,,,,,,,,false,false,false,false
H2-v1-EVENT-M5,H2-v1,sharp:0410,sharp,410,1673812,0x75925ee36022684960b17d5d8842a0d88ab1f9125f975f9590f34496fbd066d5,mlb-mia-atl-2026-08-06,Atlanta Braves,Miami Marlins,2026-08-06T23:16:00+00:00,2026-08-05T23:45:02.059248+00:00,84657.940752,true,1,,,,,,,,,,,,,,,,,,,,723,0.5860415274810322,0.583554376657825,0.0024871508232072,1,2026-08-05T23:00:02.618195+00:00,2699.441053,2,true,matchbook+smarkets,smarkets,true,,0.5885286783042394,0.583554376657825,3.559248,4.059248,sharp:0410,2026-08-05T23:45:02.059248+00:00,0,0.5860415274810322,0.0024871508232072,1,2,true,sharp:0409,2699.441053,sharp:0411,901.267527,,,rn1:0120,84609.940752,true,2026-08-05T19:25:41+00:00,15561.059248,0.5861603716,0x1a202bec4937a5645770bc284d580cbdad85f7dbb93f10f1b6df87e963738718,false,false,false,false,-0.0001188441189678,,,true,false,0,,,,,,,,,,,,,,,false,false,false,false,true,false,0,,,,,,,,,,,,,,,false,false,false,false,true,false,0,,,,,,,,,,,,,,,false,false,false,false,true,false,0,,,,,,,,,,,,,,,false,false,false,false
H2-v1-EVENT-M5,H2-v1,sharp:0411,sharp,411,1673812,0x75925ee36022684960b17d5d8842a0d88ab1f9125f975f9590f34496fbd066d5,mlb-mia-atl-2026-08-06,Atlanta Braves,Miami Marlins,2026-08-06T23:16:00+00:00,2026-08-06T00:00:03.326775+00:00,83756.673225,true,0,,,,,,,,,,,,,,,,,,,,740,0.5860415274810322,0.5860415274810322,0,0,2026-08-05T23:45:02.059248+00:00,901.267527,2,true,matchbook+smarkets,matchbook+smarkets,false,,0.5885286783042394,0.583554376657825,7.826775,8.326775,sharp:0411,2026-08-06T00:00:03.326775+00:00,0,0.5860415274810322,0,0,2,false,sharp:0410,901.267527,sharp:0412,2699.726978,,,rn1:0120,83708.673225,true,2026-08-05T19:25:41+00:00,16462.326775,0.5861603716,0x1a202bec4937a5645770bc284d580cbdad85f7dbb93f10f1b6df87e963738718,false,false,false,false,-0.0001188441189678,,,true,false,0,,,,,,,,,,,,,,,false,false,false,false,true,false,0,,,,,,,,,,,,,,,false,false,false,false,true,false,0,,,,,,,,,,,,,,,false,false,false,false,true,false,0,,,,,,,,,,,,,,,false,false,false,false
H2-v1-EVENT-M5,H2-v1,sharp:0412,sharp,412,1673812,0x75925ee36022684960b17d5d8842a0d88ab1f9125f975f9590f34496fbd066d5,mlb-mia-atl-2026-08-06,Atlanta Braves,Miami Marlins,2026-08-06T23:16:00+00:00,2026-08-06T00:45:03.053753+00:00,81056.946247,true,1,,,,,,,,,,,,,,,,,,,,789,0.58706254813040135,0.5860415274810322,0.00102102064936915,1,2026-08-06T00:00:03.326775+00:00,2699.726978,2,true,matchbook+smarkets,matchbook+smarkets,false,,0.5905707196029777,0.583554376657825,4.053753,5.053753,sharp:0412,2026-08-06T00:45:03.053753+00:00,0,0.58706254813040135,0.00102102064936915,1,2,false,sharp:0411,2699.726978,sharp:0413,62109.58201,,,rn1:0120,81008.946247,true,2026-08-05T19:25:41+00:00,19162.053753,0.5861603716,0x1a202bec4937a5645770bc284d580cbdad85f7dbb93f10f1b6df87e963738718,false,false,false,false,0.00090217653040135,,,true,false,0,,,,,,,,,,,,,,,false,false,false,false,true,false,0,,,,,,,,,,,,,,,false,false,false,false,true,false,0,,,,,,,,,,,,,,,false,false,false,false,true,false,0,,,,,,,,,,,,,,,false,false,false,false
H2-v1-EVENT-M5,H2-v1,sharp:0413,sharp,413,1673812,0x75925ee36022684960b17d5d8842a0d88ab1f9125f975f9590f34496fbd066d5,mlb-mia-atl-2026-08-06,Atlanta Braves,Miami Marlins,2026-08-06T23:16:00+00:00,2026-08-06T18:00:12.635763+00:00,18947.364237,true,-1,,,,,,,,,,,,,,,,,,,,1904,0.5749385749385749,0.58706254813040135,-0.01212397319182645,-1,2026-08-06T00:45:03.053753+00:00,62109.58201,3,true,betfair+matchbook+smarkets,matchbook+smarkets,true,0.5749385749385749,0.5749385749385749,0.575,15.635763,15.635763,sharp:0413,2026-08-06T18:00:12.635763+00:00,0,0.5749385749385749,-0.01212397319182645,-1,3,true,sharp:0412,62109.58201,sharp:0414,10789.8666,,,rn1:0120,18899.364237,true,2026-08-06T17:51:42+00:00,510.635763,0.5799999014,0x1bc8354ce6caca94c858150b9f644f84d4424a9077e563d7b0ca3a7db660f8f6,false,false,false,true,-0.0050613264614251,,,true,false,0,,,,,,,,,,,,,,,false,false,false,false,true,false,0,,,,,,,,,,,,,,,false,false,false,false,true,false,0,,,,,,,,,,,,,,,false,false,false,false,true,false,0,,,,,,,,,,,,,,,false,false,false,false
H2-v1-EVENT-M5,H2-v1,sharp:0414,sharp,414,1673812,0x75925ee36022684960b17d5d8842a0d88ab1f9125f975f9590f34496fbd066d5,mlb-mia-atl-2026-08-06,Atlanta Braves,Miami Marlins,2026-08-06T23:16:00+00:00,2026-08-06T21:00:02.502363+00:00,8157.497637,true,1,,,,,,,,,,,,,,,,,,,,2102,0.5942028985507247,0.5749385749385749,0.0192643236121498,1,2026-08-06T18:00:12.635763+00:00,10789.8666,3,true,betfair+matchbook+smarkets,betfair+matchbook+smarkets,false,0.5922330097087379,0.5942028985507247,0.5960591133004925,5.502363,19.502363,sharp:0414,2026-08-06T21:00:02.502363+00:00,0,0.5942028985507247,0.0192643236121498,1,3,false,sharp:0413,10789.8666,sharp:0415,2700.366968,,,rn1:0120,8109.497637,true,2026-08-06T20:57:33+00:00,149.502363,0.5899998466,0x96063c29cfa6246c9441d171364cf8eee379bbca3020e0f9f172ed4233a06fb9,false,false,true,true,0.0042030519507247,,,true,false,0,,,,,,,,,,,,,,,false,false,false,false,true,true,1,2026-08-06T21:00:30+00:00,27.497637,0.5800001764,-0.0099996702,0xc82fe085e018b6dc67d26a89679a92b51cdf5950ba8e078ea64b9a474f01fdcc,2026-08-06T21:00:30+00:00,27.497637,2.502363,0.5800001764,-0.0099996702,0xc82fe085e018b6dc67d26a89679a92b51cdf5950ba8e078ea64b9a474f01fdcc,0.5800001764,0.5800001764,0,true,true,true,true,true,true,1,2026-08-06T21:00:30+00:00,27.497637,0.5800001764,-0.0099996702,0xc82fe085e018b6dc67d26a89679a92b51cdf5950ba8e078ea64b9a474f01fdcc,2026-08-06T21:00:30+00:00,27.497637,32.502363,0.5800001764,-0.0099996702,0xc82fe085e018b6dc67d26a89679a92b51cdf5950ba8e078ea64b9a474f01fdcc,0.5800001764,0.5800001764,0,false,false,false,true,true,true,13,2026-08-06T21:00:30+00:00,27.497637,0.5800001764,-0.0099996702,0xc82fe085e018b6dc67d26a89679a92b51cdf5950ba8e078ea64b9a474f01fdcc,2026-08-06T21:04:05+00:00,242.497637,57.502363,0.59,0.0000001534,0x2411a67dde1ca2634272e4a19d0e5993e92870322509ccc5441311f8c3d26e90,0.5800001764,0.6,0.0199998236,false,false,false,true
H2-v1-EVENT-M5,H2-v1,sharp:0415,sharp,415,1673812,0x75925ee36022684960b17d5d8842a0d88ab1f9125f975f9590f34496fbd066d5,mlb-mia-atl-2026-08-06,Atlanta Braves,Miami Marlins,2026-08-06T23:16:00+00:00,2026-08-06T21:45:02.869331+00:00,5457.130669,true,1,,,,,,,,,,,,,,,,,,,,2151,0.5990338164251208,0.5942028985507247,0.0048309178743961,1,2026-08-06T21:00:02.502363+00:00,2700.366968,3,true,betfair+matchbook+smarkets,betfair+matchbook+smarkets,false,0.5990338164251208,0.5990338164251208,0.5945945945945945,4.869331,13.869331,sharp:0415,2026-08-06T21:45:02.869331+00:00,0,0.5990338164251208,0.0048309178743961,1,3,false,sharp:0414,2700.366968,sharp:0416,4499.471035,,,rn1:0120,5409.130669,true,2026-08-06T21:41:53+00:00,189.869331,0.5900000164,0xa3078040dca39bbc1e8507dea7e0fd2f1d3fa48b06b31fda1ffe8d2fbc3f3f36,false,false,true,true,0.0090338000251208,,,true,false,0,,,,,,,,,,,,,,,false,false,false,false,true,true,1,2026-08-06T21:45:27+00:00,24.130669,0.590000009,-0.0000000074,0x01a33f06aaca0194b19c87c06358ddb43a2b51597c79b8c6b3888dd9783ecc25,2026-08-06T21:45:27+00:00,24.130669,5.869331,0.590000009,-0.0000000074,0x01a33f06aaca0194b19c87c06358ddb43a2b51597c79b8c6b3888dd9783ecc25,0.590000009,0.590000009,0,false,true,true,true,true,true,2,2026-08-06T21:45:27+00:00,24.130669,0.590000009,-0.0000000074,0x01a33f06aaca0194b19c87c06358ddb43a2b51597c79b8c6b3888dd9783ecc25,2026-08-06T21:45:51+00:00,48.130669,11.869331,0.6,0.0099999836,0x711fa97bc66fe5e22a4c40b8ca16601624088907a4020b9dfd1cbe8961d6ccd2,0.590000009,0.6,0.009999991,false,true,true,true,true,true,2,2026-08-06T21:45:27+00:00,24.130669,0.590000009,-0.0000000074,0x01a33f06aaca0194b19c87c06358ddb43a2b51597c79b8c6b3888dd9783ecc25,2026-08-06T21:45:51+00:00,48.130669,251.869331,0.6,0.0099999836,0x711fa97bc66fe5e22a4c40b8ca16601624088907a4020b9dfd1cbe8961d6ccd2,0.590000009,0.6,0.009999991,false,false,false,false
H2-v1-EVENT-M5,H2-v1,sharp:0416,sharp,416,1673812,0x75925ee36022684960b17d5d8842a0d88ab1f9125f975f9590f34496fbd066d5,mlb-mia-atl-2026-08-06,Atlanta Braves,Miami Marlins,2026-08-06T23:16:00+00:00,2026-08-06T23:00:02.340366+00:00,957.659634,true,1,,,,,,,,,,,,,,,,,,,,2234,0.6072289156626507,0.5990338164251208,0.0081950992375299,1,2026-08-06T21:45:02.869331+00:00,4499.471035,3,true,betfair+matchbook+smarkets,betfair+matchbook+smarkets,false,0.6064990732159407,0.6072289156626507,0.608272506082725,2.340366,11.340366,sharp:0416,2026-08-06T23:00:02.340366+00:00,0,0.6072289156626507,0.0081950992375299,1,3,false,sharp:0415,4499.471035,,,,,rn1:0120,909.659634,true,2026-08-06T22:59:39+00:00,23.340366,0.6,0x7c64bda30f3f9fcfc6bb4d158c92214e563ad4891e1983cc14b6cd75586ce42e,true,true,true,true,0.0072289156626507,,,true,true,1,2026-08-06T23:00:06+00:00,3.659634,0.6,0,0xfe966b8e6789619f92b3ce6a83455a5e8b71c1d0fab812b9151015af220b49c8,2026-08-06T23:00:06+00:00,3.659634,6.340366,0.6,0,0xfe966b8e6789619f92b3ce6a83455a5e8b71c1d0fab812b9151015af220b49c8,0.6,0.6,0,false,true,true,true,true,true,1,2026-08-06T23:00:06+00:00,3.659634,0.6,0,0xfe966b8e6789619f92b3ce6a83455a5e8b71c1d0fab812b9151015af220b49c8,2026-08-06T23:00:06+00:00,3.659634,26.340366,0.6,0,0xfe966b8e6789619f92b3ce6a83455a5e8b71c1d0fab812b9151015af220b49c8,0.6,0.6,0,false,false,true,true,true,true,2,2026-08-06T23:00:06+00:00,3.659634,0.6,0,0xfe966b8e6789619f92b3ce6a83455a5e8b71c1d0fab812b9151015af220b49c8,2026-08-06T23:00:47+00:00,44.659634,15.340366,0.6,0,0xfe70527123756c5ff692198ea3ab9c0509c42dba2f76a1c89479725b8e72501e,0.6,0.6,0,false,false,true,true,true,true,38,2026-08-06T23:00:06+00:00,3.659634,0.6,0,0xfe966b8e6789619f92b3ce6a83455a5e8b71c1d0fab812b9151015af220b49c8,2026-08-06T23:04:54+00:00,291.659634,8.340366,0.6,0,0x25bcc2f02ac019157d1c032c91487d995618879b76c765d16df9a439a794ebad,0.6,0.61,0.01,false,true,true,true
H2-v1-EVENT-M5,H2-v1,rn1:0119,rn1,119,1673812,0x75925ee36022684960b17d5d8842a0d88ab1f9125f975f9590f34496fbd066d5,mlb-mia-atl-2026-08-06,Atlanta Braves,Miami Marlins,2026-08-06T23:16:00+00:00,2026-08-06T23:15:12+00:00,48,true,-1,3347369,Miami Marlins,away,BUY,0.38,0.62,2000,760,-2000,-760,0x4e72c90f31044f434e808b70044ff146e6003c936d077d3d186fc9af7607491e,026414258711287bf27f8de519c3b68e8d3ac15900e07678c8b1601d3d6b0a2c,1673812:2026-08-06T23:15:12+00:00,3,2,-2040.85,-774.3385,-1,1,,,,,,,,,,,,,,,,,,sharp:0416,2026-08-06T23:00:02.340366+00:00,909.659634,0.6072289156626507,0.0081950992375299,1,3,false,sharp:0416,909.659634,,,,,rn1:0122,5,true,2026-08-06T23:15:05+00:00,7,0.61,0x721958eac8fe79c96108508613d221111c90c027917e2fd218ac1a9c54e78ba0,true,true,true,true,-0.0027710843373493,0.01,false,true,true,3,2026-08-06T23:15:17+00:00,5,0.6100000802,0.0000000802,0x3934937808b49f0c1f9efaee5325e46c725c31173b7edbdec0e78e7f5e1545a4,2026-08-06T23:15:21+00:00,9,1,0.6199998512,0.0099998512,0xec76d89d72b0e39170c1a89f2acb288f0325a0899073cac960be8812c1cc5ca1,0.6100000576,0.6199998512,0.0099997936,true,true,true,true,true,true,9,2026-08-06T23:15:17+00:00,5,0.6100000802,0.0000000802,0x3934937808b49f0c1f9efaee5325e46c725c31173b7edbdec0e78e7f5e1545a4,2026-08-06T23:15:38+00:00,26,4,0.6100001521,0.0000001521,0xd777cc6016ef5c6aef1868dfa0529c0a3366efacc03efeb37ad28bf023b58669,0.61,0.6199999914,0.0099999914,true,true,true,true,false,false,0,,,,,,,,,,,,,,,false,false,false,false,false,false,0,,,,,,,,,,,,,,,false,false,false,false
H2-v1-EVENT-M5,H2-v1,rn1:0120,rn1,120,1673812,0x75925ee36022684960b17d5d8842a0d88ab1f9125f975f9590f34496fbd066d5,mlb-mia-atl-2026-08-06,Atlanta Braves,Miami Marlins,2026-08-06T23:16:00+00:00,2026-08-06T23:15:12+00:00,48,true,-1,3347369,Miami Marlins,away,BUY,0.38,0.62,46,17.48,-46,-17.48,0x248a7ad2c240875c10cdfc0c561b60165a75bc48db47baf710d788159f0e18e5,8867060f629a32ebbf6b72c055a6a5825f175d647a9e7e82ffa4aa2106b59779,1673812:2026-08-06T23:15:12+00:00,3,1,-2040.85,-774.3385,-1,1,,,,,,,,,,,,,,,,,,sharp:0416,2026-08-06T23:00:02.340366+00:00,909.659634,0.6072289156626507,0.0081950992375299,1,3,false,sharp:0416,909.659634,,,,,rn1:0122,5,true,2026-08-06T23:15:05+00:00,7,0.61,0x721958eac8fe79c96108508613d221111c90c027917e2fd218ac1a9c54e78ba0,true,true,true,true,-0.0027710843373493,0.01,false,true,true,3,2026-08-06T23:15:17+00:00,5,0.6100000802,0.0000000802,0x3934937808b49f0c1f9efaee5325e46c725c31173b7edbdec0e78e7f5e1545a4,2026-08-06T23:15:21+00:00,9,1,0.6199998512,0.0099998512,0xec76d89d72b0e39170c1a89f2acb288f0325a0899073cac960be8812c1cc5ca1,0.6100000576,0.6199998512,0.0099997936,true,true,true,true,true,true,9,2026-08-06T23:15:17+00:00,5,0.6100000802,0.0000000802,0x3934937808b49f0c1f9efaee5325e46c725c31173b7edbdec0e78e7f5e1545a4,2026-08-06T23:15:38+00:00,26,4,0.6100001521,0.0000001521,0xd777cc6016ef5c6aef1868dfa0529c0a3366efacc03efeb37ad28bf023b58669,0.61,0.6199999914,0.0099999914,true,true,true,true,false,false,0,,,,,,,,,,,,,,,false,false,false,false,false,false,0,,,,,,,,,,,,,,,false,false,false,false
H2-v1-EVENT-M5,H2-v1,rn1:0121,rn1,121,1673812,0x75925ee36022684960b17d5d8842a0d88ab1f9125f975f9590f34496fbd066d5,mlb-mia-atl-2026-08-06,Atlanta Braves,Miami Marlins,2026-08-06T23:16:00+00:00,2026-08-06T23:15:12+00:00,48,true,1,3347370,Atlanta Braves,home,BUY,0.61,0.61,5.15,3.1415,5.15,3.1415,0x831954eb15dc8f016e28e73334c70323e1f120335a192ec8498151edc37d6921,f6b4dd7a8546dbeccd7b6bddfc77f07226949236b1db74b414accc08280f5a49,1673812:2026-08-06T23:15:12+00:00,3,3,-2040.85,-774.3385,-1,1,,,,,,,,,,,,,,,,,,sharp:0416,2026-08-06T23:00:02.340366+00:00,909.659634,0.6072289156626507,0.0081950992375299,1,3,false,sharp:0416,909.659634,,,,,rn1:0122,5,true,2026-08-06T23:15:05+00:00,7,0.61,0x721958eac8fe79c96108508613d221111c90c027917e2fd218ac1a9c54e78ba0,true,true,true,true,-0.0027710843373493,0,true,true,true,3,2026-08-06T23:15:17+00:00,5,0.6100000802,0.0000000802,0x3934937808b49f0c1f9efaee5325e46c725c31173b7edbdec0e78e7f5e1545a4,2026-08-06T23:15:21+00:00,9,1,0.6199998512,0.0099998512,0xec76d89d72b0e39170c1a89f2acb288f0325a0899073cac960be8812c1cc5ca1,0.6100000576,0.6199998512,0.0099997936,true,true,true,true,true,true,9,2026-08-06T23:15:17+00:00,5,0.6100000802,0.0000000802,0x3934937808b49f0c1f9efaee5325e46c725c31173b7edbdec0e78e7f5e1545a4,2026-08-06T23:15:38+00:00,26,4,0.6100001521,0.0000001521,0xd777cc6016ef5c6aef1868dfa0529c0a3366efacc03efeb37ad28bf023b58669,0.61,0.6199999914,0.0099999914,true,true,true,true,false,false,0,,,,,,,,,,,,,,,false,false,false,false,false,false,0,,,,,,,,,,,,,,,false,false,false,false
H2-v1-EVENT-M5,H2-v1,rn1:0122,rn1,122,1673812,0x75925ee36022684960b17d5d8842a0d88ab1f9125f975f9590f34496fbd066d5,mlb-mia-atl-2026-08-06,Atlanta Braves,Miami Marlins,2026-08-06T23:16:00+00:00,2026-08-06T23:15:17+00:00,43,true,1,3347370,Atlanta Braves,home,BUY,0.61,0.61,4.615383,2.81538363,4.615383,2.81538363,0x3934937808b49f0c1f9efaee5325e46c725c31173b7edbdec0e78e7f5e1545a4,6815e62244a9d5c0469dcb11bd6c7d9e6d1e45439c20e5b84f67daae2e4bb2bf,1673812:2026-08-06T23:15:17+00:00,2,1,12.07692,7.3669212,1,1,,,,,,,,,,,,,,,,,,sharp:0416,2026-08-06T23:00:02.340366+00:00,914.659634,0.6072289156626507,0.0081950992375299,1,3,false,sharp:0416,914.659634,,,rn1:0121,5,rn1:0124,10,true,2026-08-06T23:15:12+00:00,5,0.61,0x831954eb15dc8f016e28e73334c70323e1f120335a192ec8498151edc37d6921,true,true,true,true,-0.0027710843373493,0,true,true,true,3,2026-08-06T23:15:21+00:00,4,0.6199998512,0.0099998512,0xec76d89d72b0e39170c1a89f2acb288f0325a0899073cac960be8812c1cc5ca1,2026-08-06T23:15:27+00:00,10,0,0.6100000855,0.0000000855,0x2e8103a86bdc5a45f728430ec5e345cf655cb65c9d5c6a8468aeac9bc1d63631,0.6100000855,0.6199999914,0.0099999059,true,true,true,true,true,true,9,2026-08-06T23:15:21+00:00,4,0.6199998512,0.0099998512,0xec76d89d72b0e39170c1a89f2acb288f0325a0899073cac960be8812c1cc5ca1,2026-08-06T23:15:47+00:00,30,0,0.6199999362,0.0099999362,0x065451ffd7eaf75c0c28388ae74cdeb5a7dda83efee15b2996ac72cf13336c93,0.61,0.6199999914,0.0099999914,true,true,true,true,false,false,0,,,,,,,,,,,,,,,false,false,false,false,false,false,0,,,,,,,,,,,,,,,false,false,false,false
H2-v1-EVENT-M5,H2-v1,rn1:0123,rn1,123,1673812,0x75925ee36022684960b17d5d8842a0d88ab1f9125f975f9590f34496fbd066d5,mlb-mia-atl-2026-08-06,Atlanta Braves,Miami Marlins,2026-08-06T23:16:00+00:00,2026-08-06T23:15:17+00:00,43,true,1,3347370,Atlanta Braves,home,BUY,0.61,0.61,7.461537,4.55153757,7.461537,4.55153757,0xa603461015976c52619b21b328acb07380c7a34d7b4aa6dca69be0287f5161c9,f2819ee7dce2d72a3f0418f8633f8b7db1bfda15a2954054fd531bb3a6636192,1673812:2026-08-06T23:15:17+00:00,2,2,12.07692,7.3669212,1,1,,,,,,,,,,,,,,,,,,sharp:0416,2026-08-06T23:00:02.340366+00:00,914.659634,0.6072289156626507,0.0081950992375299,1,3,false,sharp:0416,914.659634,,,rn1:0121,5,rn1:0124,10,true,2026-08-06T23:15:12+00:00,5,0.61,0x831954eb15dc8f016e28e73334c70323e1f120335a192ec8498151edc37d6921,true,true,true,true,-0.0027710843373493,0,true,true,true,3,2026-08-06T23:15:21+00:00,4,0.6199998512,0.0099998512,0xec76d89d72b0e39170c1a89f2acb288f0325a0899073cac960be8812c1cc5ca1,2026-08-06T23:15:27+00:00,10,0,0.6100000855,0.0000000855,0x2e8103a86bdc5a45f728430ec5e345cf655cb65c9d5c6a8468aeac9bc1d63631,0.6100000855,0.6199999914,0.0099999059,true,true,true,true,true,true,9,2026-08-06T23:15:21+00:00,4,0.6199998512,0.0099998512,0xec76d89d72b0e39170c1a89f2acb288f0325a0899073cac960be8812c1cc5ca1,2026-08-06T23:15:47+00:00,30,0,0.6199999362,0.0099999362,0x065451ffd7eaf75c0c28388ae74cdeb5a7dda83efee15b2996ac72cf13336c93,0.61,0.6199999914,0.0099999914,true,true,true,true,false,false,0,,,,,,,,,,,,,,,false,false,false,false,false,false,0,,,,,,,,,,,,,,,false,false,false,false
H2-v1-EVENT-M5,H2-v1,rn1:0124,rn1,124,1673812,0x75925ee36022684960b17d5d8842a0d88ab1f9125f975f9590f34496fbd066d5,mlb-mia-atl-2026-08-06,Atlanta Braves,Miami Marlins,2026-08-06T23:16:00+00:00,2026-08-06T23:15:27+00:00,33,true,1,3347370,Atlanta Braves,home,BUY,0.61,0.61,2.923075,1.78307575,2.923075,1.78307575,0x2e8103a86bdc5a45f728430ec5e345cf655cb65c9d5c6a8468aeac9bc1d63631,36483b0d9ba4a175a7b0f90df7f38518901957e9d1e23cffe1552a8f02f0f55a,1673812:2026-08-06T23:15:27+00:00,1,1,2.923075,1.78307575,1,1,,,,,,,,,,,,,,,,,,sharp:0416,2026-08-06T23:00:02.340366+00:00,924.659634,0.6072289156626507,0.0081950992375299,1,3,false,sharp:0416,924.659634,,,rn1:0123,10,rn1:0125,6,true,2026-08-06T23:15:23+00:00,4,0.6199999914,0xf0a884f699599c2e71df4c913319948c347293ec3329b3f9a1161c9054838df2,true,true,true,true,-0.0127710757373493,-0.0099999914,true,true,true,2,2026-08-06T23:15:33+00:00,6,0.6100000226,-0.0099999688,0x2d70c64375811f9bb0938699e3fb61b1b688f7bd06d64ad4da2a413a38e7bd0a,2026-08-06T23:15:36+00:00,9,1,0.61,-0.0099999914,0xc116ee246be3750760d15c6c045a8dd6de60c82fd1d63b4858e0c08efe560d88,0.61,0.6100000226,0.0000000226,true,true,true,true,true,true,7,2026-08-06T23:15:33+00:00,6,0.6100000226,-0.0099999688,0x2d70c64375811f9bb0938699e3fb61b1b688f7bd06d64ad4da2a413a38e7bd0a,2026-08-06T23:15:51+00:00,24,6,0.6100001521,-0.0099998393,0x75b58ae989b9922048d10fecb3f06d091c1a9aef000db808c2d570c3bc7e910b,0.61,0.6199999362,0.0099999362,false,true,true,true,false,false,0,,,,,,,,,,,,,,,false,false,false,false,false,false,0,,,,,,,,,,,,,,,false,false,false,false
H2-v1-EVENT-M5,H2-v1,rn1:0125,rn1,125,1673812,0x75925ee36022684960b17d5d8842a0d88ab1f9125f975f9590f34496fbd066d5,mlb-mia-atl-2026-08-06,Atlanta Braves,Miami Marlins,2026-08-06T23:16:00+00:00,2026-08-06T23:15:33+00:00,27,true,1,3347370,Atlanta Braves,home,BUY,0.61,0.61,12.820511,7.82051171,12.820511,7.82051171,0x2d70c64375811f9bb0938699e3fb61b1b688f7bd06d64ad4da2a413a38e7bd0a,accc1f62eef6b125fac485ed2d92e277277a95259bea50d8e5bb73d5afdaab39,1673812:2026-08-06T23:15:33+00:00,1,1,12.820511,7.82051171,1,1,,,,,,,,,,,,,,,,,,sharp:0416,2026-08-06T23:00:02.340366+00:00,930.659634,0.6072289156626507,0.0081950992375299,1,3,false,sharp:0416,930.659634,,,rn1:0124,6,rn1:0126,3,true,2026-08-06T23:15:27+00:00,6,0.6100000855,0x2e8103a86bdc5a45f728430ec5e345cf655cb65c9d5c6a8468aeac9bc1d63631,true,true,true,true,-0.0027711698373493,-0.0000000855,true,true,true,3,2026-08-06T23:15:36+00:00,3,0.61,-0.0000000855,0xc116ee246be3750760d15c6c045a8dd6de60c82fd1d63b4858e0c08efe560d88,2026-08-06T23:15:38+00:00,5,5,0.6100001521,0.0000000666,0xd777cc6016ef5c6aef1868dfa0529c0a3366efacc03efeb37ad28bf023b58669,0.61,0.6100001521,0.0000001521,true,true,true,true,false,false,0,,,,,,,,,,,,,,,false,false,false,false,false,false,0,,,,,,,,,,,,,,,false,false,false,false,false,false,0,,,,,,,,,,,,,,,false,false,false,false
H2-v1-EVENT-M5,H2-v1,rn1:0126,rn1,126,1673812,0x75925ee36022684960b17d5d8842a0d88ab1f9125f975f9590f34496fbd066d5,mlb-mia-atl-2026-08-06,Atlanta Braves,Miami Marlins,2026-08-06T23:16:00+00:00,2026-08-06T23:15:36+00:00,24,true,1,3347370,Atlanta Braves,home,BUY,0.61,0.61,32.59,19.8799,32.59,19.8799,0xc116ee246be3750760d15c6c045a8dd6de60c82fd1d63b4858e0c08efe560d88,d09af0a2b6de63d51e283bfe35a5517e823451ad72c3b985e9110ba756dff87a,1673812:2026-08-06T23:15:36+00:00,1,1,32.59,19.8799,1,1,,,,,,,,,,,,,,,,,,sharp:0416,2026-08-06T23:00:02.340366+00:00,933.659634,0.6072289156626507,0.0081950992375299,1,3,false,sharp:0416,933.659634,,,rn1:0125,3,rn1:0128,2,true,2026-08-06T23:15:33+00:00,3,0.6100000226,0x2d70c64375811f9bb0938699e3fb61b1b688f7bd06d64ad4da2a413a38e7bd0a,true,true,true,true,-0.0027711069373493,-0.0000000226,true,true,true,3,2026-08-06T23:15:38+00:00,2,0.6100000268,0.0000000042,0x6e59fc758a57482be2a21a5a5ed4a6f1bf5592982d9a115e68719f4733c6a082,2026-08-06T23:15:44+00:00,8,2,0.6100001521,0.0000001295,0xd951202e5c105f802a430e4a3511bb7afc416b4a6539b1d4b09470f58c598617,0.6100000268,0.6100001521,0.0000001253,true,true,true,true,false,false,0,,,,,,,,,,,,,,,false,false,false,false,false,false,0,,,,,,,,,,,,,,,false,false,false,false,false,false,0,,,,,,,,,,,,,,,false,false,false,false
H2-v1-EVENT-M5,H2-v1,rn1:0127,rn1,127,1673812,0x75925ee36022684960b17d5d8842a0d88ab1f9125f975f9590f34496fbd066d5,mlb-mia-atl-2026-08-06,Atlanta Braves,Miami Marlins,2026-08-06T23:16:00+00:00,2026-08-06T23:15:38+00:00,22,true,1,3347370,Atlanta Braves,home,BUY,0.61,0.61,2.564101,1.56410161,2.564101,1.56410161,0xd777cc6016ef5c6aef1868dfa0529c0a3366efacc03efeb37ad28bf023b58669,99653b1ae546588b71d9a30a9fb0a4aef29b7d9e384e475710840572b8e1e9be,1673812:2026-08-06T23:15:38+00:00,2,2,11.512817,7.02281837,1,1,,,,,,,,,,,,,,,,,,sharp:0416,2026-08-06T23:00:02.340366+00:00,935.659634,0.6072289156626507,0.0081950992375299,1,3,false,sharp:0416,935.659634,,,rn1:0126,2,rn1:0129,6,true,2026-08-06T23:15:36+00:00,2,0.61,0xc116ee246be3750760d15c6c045a8dd6de60c82fd1d63b4858e0c08efe560d88,true,true,true,true,-0.0027710843373493,0,true,true,true,2,2026-08-06T23:15:44+00:00,6,0.6100001521,0.0000001521,0xd951202e5c105f802a430e4a3511bb7afc416b4a6539b1d4b09470f58c598617,2026-08-06T23:15:47+00:00,9,1,0.6199999362,0.0099999362,0x065451ffd7eaf75c0c28388ae74cdeb5a7dda83efee15b2996ac72cf13336c93,0.6100001521,0.6199999362,0.0099997841,true,true,true,true,false,false,0,,,,,,,,,,,,,,,false,false,false,false,false,false,0,,,,,,,,,,,,,,,false,false,false,false,false,false,0,,,,,,,,,,,,,,,false,false,false,false
H2-v1-EVENT-M5,H2-v1,rn1:0128,rn1,128,1673812,0x75925ee36022684960b17d5d8842a0d88ab1f9125f975f9590f34496fbd066d5,mlb-mia-atl-2026-08-06,Atlanta Braves,Miami Marlins,2026-08-06T23:16:00+00:00,2026-08-06T23:15:38+00:00,22,true,1,3347370,Atlanta Braves,home,BUY,0.61,0.61,8.948716,5.45871676,8.948716,5.45871676,0x6e59fc758a57482be2a21a5a5ed4a6f1bf5592982d9a115e68719f4733c6a082,b774a9a9b220dba8c3348a96fdcd122fae1a046717fb6add8adda699d191b454,1673812:2026-08-06T23:15:38+00:00,2,1,11.512817,7.02281837,1,1,,,,,,,,,,,,,,,,,,sharp:0416,2026-08-06T23:00:02.340366+00:00,935.659634,0.6072289156626507,0.0081950992375299,1,3,false,sharp:0416,935.659634,,,rn1:0126,2,rn1:0129,6,true,2026-08-06T23:15:36+00:00,2,0.61,0xc116ee246be3750760d15c6c045a8dd6de60c82fd1d63b4858e0c08efe560d88,true,true,true,true,-0.0027710843373493,0,true,true,true,2,2026-08-06T23:15:44+00:00,6,0.6100001521,0.0000001521,0xd951202e5c105f802a430e4a3511bb7afc416b4a6539b1d4b09470f58c598617,2026-08-06T23:15:47+00:00,9,1,0.6199999362,0.0099999362,0x065451ffd7eaf75c0c28388ae74cdeb5a7dda83efee15b2996ac72cf13336c93,0.6100001521,0.6199999362,0.0099997841,true,true,true,true,false,false,0,,,,,,,,,,,,,,,false,false,false,false,false,false,0,,,,,,,,,,,,,,,false,false,false,false,false,false,0,,,,,,,,,,,,,,,false,false,false,false
H2-v1-EVENT-M5,H2-v1,rn1:0129,rn1,129,1673812,0x75925ee36022684960b17d5d8842a0d88ab1f9125f975f9590f34496fbd066d5,mlb-mia-atl-2026-08-06,Atlanta Braves,Miami Marlins,2026-08-06T23:16:00+00:00,2026-08-06T23:15:44+00:00,16,true,1,3347370,Atlanta Braves,home,BUY,0.61,0.61,2.564101,1.56410161,2.564101,1.56410161,0xd951202e5c105f802a430e4a3511bb7afc416b4a6539b1d4b09470f58c598617,dfef0328f950aae52a54f379affd351da5e140e35dcb833ef0c970a4bc255c94,1673812:2026-08-06T23:15:44+00:00,1,1,2.564101,1.56410161,1,1,,,,,,,,,,,,,,,,,,sharp:0416,2026-08-06T23:00:02.340366+00:00,941.659634,0.6072289156626507,0.0081950992375299,1,3,false,sharp:0416,941.659634,,,rn1:0127,6,rn1:0130,7,true,2026-08-06T23:15:38+00:00,6,0.6100001521,0xd777cc6016ef5c6aef1868dfa0529c0a3366efacc03efeb37ad28bf023b58669,true,true,true,true,-0.0027712364373493,-0.0000001521,true,true,true,2,2026-08-06T23:15:47+00:00,3,0.6199999362,0.0099997841,0x065451ffd7eaf75c0c28388ae74cdeb5a7dda83efee15b2996ac72cf13336c93,2026-08-06T23:15:51+00:00,7,3,0.6100001521,0,0x75b58ae989b9922048d10fecb3f06d091c1a9aef000db808c2d570c3bc7e910b,0.6100001521,0.6199999362,0.0099997841,true,true,true,true,false,false,0,,,,,,,,,,,,,,,false,false,false,false,false,false,0,,,,,,,,,,,,,,,false,false,false,false,false,false,0,,,,,,,,,,,,,,,false,false,false,false
H2-v1-EVENT-M5,H2-v1,rn1:0130,rn1,130,1673812,0x75925ee36022684960b17d5d8842a0d88ab1f9125f975f9590f34496fbd066d5,mlb-mia-atl-2026-08-06,Atlanta Braves,Miami Marlins,2026-08-06T23:16:00+00:00,2026-08-06T23:15:51+00:00,9,true,1,3347370,Atlanta Braves,home,BUY,0.61,0.61,2.564101,1.56410161,2.564101,1.56410161,0x75b58ae989b9922048d10fecb3f06d091c1a9aef000db808c2d570c3bc7e910b,00c736db4d71cbcbab44f372c1b183a9178fade7fbbb1e6a1a89ebac6906d484,1673812:2026-08-06T23:15:51+00:00,1,1,2.564101,1.56410161,1,1,,,,,,,,,,,,,,,,,,sharp:0416,2026-08-06T23:00:02.340366+00:00,948.659634,0.6072289156626507,0.0081950992375299,1,3,false,sharp:0416,948.659634,,,rn1:0129,7,,,true,2026-08-06T23:15:47+00:00,4,0.6199999362,0x065451ffd7eaf75c0c28388ae74cdeb5a7dda83efee15b2996ac72cf13336c93,true,true,true,true,-0.0127710205373493,-0.0099999362,true,false,false,0,,,,,,,,,,,,,,,false,false,false,false,false,false,0,,,,,,,,,,,,,,,false,false,false,false,false,false,0,,,,,,,,,,,,,,,false,false,false,false,false,false,0,,,,,,,,,,,,,,,false,false,false,false
H2-v1-EVENT-M5,H2-v1,sharp:0417,sharp,417,1673805,0x1b54546f205ce9a93ccd91b2847c7fbacd871e072f915a66a6cbe91404878788,mlb-min-kc-2026-08-06,Kansas City Royals,Minnesota Twins,2026-08-06T23:41:00+00:00,2026-08-05T19:00:02.356984+00:00,103257.643016,false,,,,,,,,,,,,,,,,,,,,,562,0.5192307692307693,,,,,,1,false,smarkets,,,,,0.5192307692307693,20.356984,20.356984,sharp:0417,2026-08-05T19:00:02.356984+00:00,0,0.5192307692307693,,,1,,,,sharp:0418,2699.99338,,,rn1:0132,103203.643016,true,2026-08-05T17:26:18+00:00,5624.356984,0.52,0x37b3bc25d23a0c1f014c75464d7bc2f20c05f3e9a608bf0c5c522f395dbb5662,false,false,false,false,-0.0007692307692307,,,true,false,0,,,,,,,,,,,,,,,false,false,false,false,true,false,0,,,,,,,,,,,,,,,false,false,false,false,true,false,0,,,,,,,,,,,,,,,false,false,false,false,true,false,0,,,,,,,,,,,,,,,false,false,false,false
H2-v1-EVENT-M5,H2-v1,sharp:0418,sharp,418,1673805,0x1b54546f205ce9a93ccd91b2847c7fbacd871e072f915a66a6cbe91404878788,mlb-min-kc-2026-08-06,Kansas City Royals,Minnesota Twins,2026-08-06T23:41:00+00:00,2026-08-05T19:45:02.350364+00:00,100557.649636,true,0,,,,,,,,,,,,,,,,,,,,566,0.5192307692307693,0.5192307692307693,0,0,2026-08-05T19:00:02.356984+00:00,2699.99338,1,false,smarkets,smarkets,false,,,0.5192307692307693,19.350364,19.350364,sharp:0418,2026-08-05T19:45:02.350364+00:00,0,0.5192307692307693,0,0,1,false,sharp:0417,2699.99338,sharp:0419,900.423629,,,rn1:0132,100503.649636,true,2026-08-05T17:26:18+00:00,8324.350364,0.52,0x37b3bc25d23a0c1f014c75464d7bc2f20c05f3e9a608bf0c5c522f395dbb5662,false,false,false,false,-0.0007692307692307,,,true,false,0,,,,,,,,,,,,,,,false,false,false,false,true,false,0,,,,,,,,,,,,,,,false,false,false,false,true,false,0,,,,,,,,,,,,,,,false,false,false,false,true,false,0,,,,,,,,,,,,,,,false,false,false,false
H2-v1-EVENT-M5,H2-v1,sharp:0419,sharp,419,1673805,0x1b54546f205ce9a93ccd91b2847c7fbacd871e072f915a66a6cbe91404878788,mlb-min-kc-2026-08-06,Kansas City Royals,Minnesota Twins,2026-08-06T23:41:00+00:00,2026-08-05T20:00:02.773993+00:00,99657.226007,true,0,,,,,,,,,,,,,,,,,,,,568,0.5192307692307693,0.5192307692307693,0,0,2026-08-05T19:45:02.350364+00:00,900.423629,1,false,smarkets,smarkets,false,,,0.5192307692307693,9.773993,9.773993,sharp:0419,2026-08-05T20:00:02.773993+00:00,0,0.5192307692307693,0,0,1,false,sharp:0418,900.423629,sharp:0420,9899.950899,,,rn1:0132,99603.226007,true,2026-08-05T17:26:18+00:00,9224.773993,0.52,0x37b3bc25d23a0c1f014c75464d7bc2f20c05f3e9a608bf0c5c522f395dbb5662,false,false,false,false,-0.0007692307692307,,,true,false,0,,,,,,,,,,,,,,,false,false,false,false,true,false,0,,,,,,,,,,,,,,,false,false,false,false,true,false,0,,,,,,,,,,,,,,,false,false,false,false,true,false,0,,,,,,,,,,,,,,,false,false,false,false
H2-v1-EVENT-M5,H2-v1,sharp:0420,sharp,420,1673805,0x1b54546f205ce9a93ccd91b2847c7fbacd871e072f915a66a6cbe91404878788,mlb-min-kc-2026-08-06,Kansas City Royals,Minnesota Twins,2026-08-06T23:41:00+00:00,2026-08-05T22:45:02.724892+00:00,89757.275108,true,0,,,,,,,,,,,,,,,,,,,,657,0.5192307692307693,0.5192307692307693,0,0,2026-08-05T20:00:02.773993+00:00,9899.950899,1,false,smarkets,smarkets,false,,,0.5192307692307693,4.724892,4.724892,sharp:0420,2026-08-05T22:45:02.724892+00:00,0,0.5192307692307693,0,0,1,false,sharp:0419,9899.950899,sharp:0421,899.893303,,,rn1:0132,89703.275108,true,2026-08-05T17:26:18+00:00,19124.724892,0.52,0x37b3bc25d23a0c1f014c75464d7bc2f20c05f3e9a608bf0c5c522f395dbb5662,false,false,false,false,-0.0007692307692307,,,true,false,0,,,,,,,,,,,,,,,false,false,false,false,true,false,0,,,,,,,,,,,,,,,false,false,false,false,true,false,0,,,,,,,,,,,,,,,false,false,false,false,true,false,0,,,,,,,,,,,,,,,false,false,false,false
H2-v1-EVENT-M5,H2-v1,sharp:0421,sharp,421,1673805,0x1b54546f205ce9a93ccd91b2847c7fbacd871e072f915a66a6cbe91404878788,mlb-min-kc-2026-08-06,Kansas City Royals,Minnesota Twins,2026-08-06T23:41:00+00:00,2026-08-05T23:00:02.618195+00:00,88857.381805,true,0,,,,,,,,,,,,,,,,,,,,674,0.5192307692307693,0.5192307692307693,0,0,2026-08-05T22:45:02.724892+00:00,899.893303,1,false,smarkets,smarkets,false,,,0.5192307692307693,8.618195,8.618195,sharp:0421,2026-08-05T23:00:02.618195+00:00,0,0.5192307692307693,0,0,1,false,sharp:0420,899.893303,sharp:0422,2699.441053,,,rn1:0132,88803.381805,true,2026-08-05T17:26:18+00:00,20024.618195,0.52,0x37b3bc25d23a0c1f014c75464d7bc2f20c05f3e9a608bf0c5c522f395dbb5662,false,false,false,false,-0.0007692307692307,,,true,false,0,,,,,,,,,,,,,,,false,false,false,false,true,false,0,,,,,,,,,,,,,,,false,false,false,false,true,false,0,,,,,,,,,,,,,,,false,false,false,false,true,false,0,,,,,,,,,,,,,,,false,false,false,false
H2-v1-EVENT-M5,H2-v1,sharp:0422,sharp,422,1673805,0x1b54546f205ce9a93ccd91b2847c7fbacd871e072f915a66a6cbe91404878788,mlb-min-kc-2026-08-06,Kansas City Royals,Minnesota Twins,2026-08-06T23:41:00+00:00,2026-08-05T23:45:02.059248+00:00,86157.940752,true,-1,,,,,,,,,,,,,,,,,,,,723,0.5121293800539084,0.5192307692307693,-0.0071013891768609,-1,2026-08-05T23:00:02.618195+00:00,2699.441053,1,false,smarkets,smarkets,false,,,0.5121293800539084,4.059248,4.059248,sharp:0422,2026-08-05T23:45:02.059248+00:00,0,0.5121293800539084,-0.0071013891768609,-1,1,false,sharp:0421,2699.441053,sharp:0423,901.267527,,,rn1:0132,86103.940752,true,2026-08-05T17:26:18+00:00,22724.059248,0.52,0x37b3bc25d23a0c1f014c75464d7bc2f20c05f3e9a608bf0c5c522f395dbb5662,false,false,false,false,-0.0078706199460916,,,true,false,0,,,,,,,,,,,,,,,false,false,false,false,true,false,0,,,,,,,,,,,,,,,false,false,false,false,true,false,0,,,,,,,,,,,,,,,false,false,false,false,true,false,0,,,,,,,,,,,,,,,false,false,false,false
H2-v1-EVENT-M5,H2-v1,sharp:0423,sharp,423,1673805,0x1b54546f205ce9a93ccd91b2847c7fbacd871e072f915a66a6cbe91404878788,mlb-min-kc-2026-08-06,Kansas City Royals,Minnesota Twins,2026-08-06T23:41:00+00:00,2026-08-06T00:00:03.326775+00:00,85256.673225,true,1,,,,,,,,,,,,,,,,,,,,740,0.517922943344016,0.5121293800539084,0.0057935632901076,1,2026-08-05T23:45:02.059248+00:00,901.267527,2,true,matchbook+smarkets,smarkets,true,,0.5181347150259067,0.5177111716621253,7.826775,8.326775,sharp:0423,2026-08-06T00:00:03.326775+00:00,0,0.517922943344016,0.0057935632901076,1,2,true,sharp:0422,901.267527,sharp:0424,2699.726978,,,rn1:0132,85202.673225,true,2026-08-05T17:26:18+00:00,23625.326775,0.52,0x37b3bc25d23a0c1f014c75464d7bc2f20c05f3e9a608bf0c5c522f395dbb5662,false,false,false,false,-0.002077056655984,,,true,false,0,,,,,,,,,,,,,,,false,false,false,false,true,false,0,,,,,,,,,,,,,,,false,false,false,false,true,false,0,,,,,,,,,,,,,,,false,false,false,false,true,false,0,,,,,,,,,,,,,,,false,false,false,false
H2-v1-EVENT-M5,H2-v1,sharp:0424,sharp,424,1673805,0x1b54546f205ce9a93ccd91b2847c7fbacd871e072f915a66a6cbe91404878788,mlb-min-kc-2026-08-06,Kansas City Royals,Minnesota Twins,2026-08-06T23:41:00+00:00,2026-08-06T00:45:03.053753+00:00,82556.946247,true,-1,,,,,,,,,,,,,,,,,,,,789,0.5143317918358063,0.517922943344016,-0.0035911515082097,-1,2026-08-06T00:00:03.326775+00:00,2699.726978,2,true,matchbook+smarkets,matchbook+smarkets,false,,0.5192802056555269,0.5093833780160857,4.053753,5.053753,sharp:0424,2026-08-06T00:45:03.053753+00:00,0,0.5143317918358063,-0.0035911515082097,-1,2,false,sharp:0423,2699.726978,sharp:0425,62109.58201,,,rn1:0132,82502.946247,true,2026-08-05T17:26:18+00:00,26325.053753,0.52,0x37b3bc25d23a0c1f014c75464d7bc2f20c05f3e9a608bf0c5c522f395dbb5662,false,false,false,false,-0.0056682081641937,,,true,false,0,,,,,,,,,,,,,,,false,false,false,false,true,false,0,,,,,,,,,,,,,,,false,false,false,false,true,false,0,,,,,,,,,,,,,,,false,false,false,false,true,false,0,,,,,,,,,,,,,,,false,false,false,false
H2-v1-EVENT-M5,H2-v1,sharp:0425,sharp,425,1673805,0x1b54546f205ce9a93ccd91b2847c7fbacd871e072f915a66a6cbe91404878788,mlb-min-kc-2026-08-06,Kansas City Royals,Minnesota Twins,2026-08-06T23:41:00+00:00,2026-08-06T18:00:12.635763+00:00,20447.364237,true,1,,,,,,,,,,,,,,,,,,,,1904,0.5386533665835411,0.5143317918358063,0.0243215747477348,1,2026-08-06T00:45:03.053753+00:00,62109.58201,3,true,betfair+matchbook+smarkets,matchbook+smarkets,true,0.5386533665835411,0.5386533665835411,0.5367088607594936,15.635763,15.635763,sharp:0425,2026-08-06T18:00:12.635763+00:00,0,0.5386533665835411,0.0243215747477348,1,3,true,sharp:0424,62109.58201,sharp:0426,10789.8666,,,rn1:0132,20393.364237,true,2026-08-06T17:49:24+00:00,648.635763,0.54,0x13edaf61316351dc81cba0cf866e515e4c2fec63555c5b75bde37380846b6283,false,false,false,false,-0.0013466334164589,,,true,false,0,,,,,,,,,,,,,,,false,false,false,false,true,false,0,,,,,,,,,,,,,,,false,false,false,false,true,false,0,,,,,,,,,,,,,,,false,false,false,false,true,false,0,,,,,,,,,,,,,,,false,false,false,false
H2-v1-EVENT-M5,H2-v1,sharp:0426,sharp,426,1673805,0x1b54546f205ce9a93ccd91b2847c7fbacd871e072f915a66a6cbe91404878788,mlb-min-kc-2026-08-06,Kansas City Royals,Minnesota Twins,2026-08-06T23:41:00+00:00,2026-08-06T21:00:02.502363+00:00,9657.497637,true,1,,,,,,,,,,,,,,,,,,,,2102,0.5486284289276808,0.5386533665835411,0.0099750623441397,1,2026-08-06T18:00:12.635763+00:00,10789.8666,3,true,betfair+matchbook+smarkets,betfair+matchbook+smarkets,false,0.5486284289276808,0.5486284289276808,0.5482233502538072,5.502363,19.502363,sharp:0426,2026-08-06T21:00:02.502363+00:00,0,0.5486284289276808,0.0099750623441397,1,3,false,sharp:0425,10789.8666,sharp:0427,2700.366968,,,rn1:0132,9603.497637,true,2026-08-06T20:58:32+00:00,90.502363,0.55,0x3c5bea03a4752a744427b5ae023394b86ba2d90e34fc9c821015d7e119ed619e,false,false,true,true,-0.0013715710723192,,,true,false,0,,,,,,,,,,,,,,,false,false,false,false,true,true,1,2026-08-06T21:00:32+00:00,29.497637,0.55,0,0x539a3bc2ba5004717df950e7d97643c2506d03d0d3c1c2764573e75e2a77c0e3,2026-08-06T21:00:32+00:00,29.497637,0.502363,0.55,0,0x539a3bc2ba5004717df950e7d97643c2506d03d0d3c1c2764573e75e2a77c0e3,0.55,0.55,0,true,true,true,true,true,true,1,2026-08-06T21:00:32+00:00,29.497637,0.55,0,0x539a3bc2ba5004717df950e7d97643c2506d03d0d3c1c2764573e75e2a77c0e3,2026-08-06T21:00:32+00:00,29.497637,30.502363,0.55,0,0x539a3bc2ba5004717df950e7d97643c2506d03d0d3c1c2764573e75e2a77c0e3,0.55,0.55,0,false,false,false,true,true,true,4,2026-08-06T21:00:32+00:00,29.497637,0.55,0,0x539a3bc2ba5004717df950e7d97643c2506d03d0d3c1c2764573e75e2a77c0e3,2026-08-06T21:04:30+00:00,267.497637,32.502363,0.55,0,0x2db14210215f20db43c0f1ebee10f5b5a6862e4fc705c5362ad4403eededde5b,0.55,0.5599999662,0.0099999662,false,false,false,true
H2-v1-EVENT-M5,H2-v1,sharp:0427,sharp,427,1673805,0x1b54546f205ce9a93ccd91b2847c7fbacd871e072f915a66a6cbe91404878788,mlb-min-kc-2026-08-06,Kansas City Royals,Minnesota Twins,2026-08-06T23:41:00+00:00,2026-08-06T21:45:02.869331+00:00,6957.130669,true,1,,,,,,,,,,,,,,,,,,,,2151,0.5522388059701492,0.5486284289276808,0.0036103770424684,1,2026-08-06T21:00:02.502363+00:00,2700.366968,3,true,betfair+matchbook+smarkets,betfair+matchbook+smarkets,false,0.5522388059701492,0.5522388059701492,0.5505050505050506,4.869331,13.869331,sharp:0427,2026-08-06T21:45:02.869331+00:00,0,0.5522388059701492,0.0036103770424684,1,3,false,sharp:0426,2700.366968,sharp:0428,4499.471035,,,rn1:0132,6903.130669,true,2026-08-06T21:44:06+00:00,56.869331,0.55,0x39e0865739385cf0b6e4badf60294af099aaffa98ed6be7565d6abe18662ff36,false,true,true,true,0.0022388059701492,,,true,false,0,,,,,,,,,,,,,,,false,false,false,false,true,false,0,,,,,,,,,,,,,,,false,false,false,false,true,true,1,2026-08-06T21:45:38+00:00,35.130669,0.5599999776,0.0099999776,0x9e27ca4007302f6a28c7dc36a3e4cd58dff4b720cdef908e530107a4eba18935,2026-08-06T21:45:38+00:00,35.130669,24.869331,0.5599999776,0.0099999776,0x9e27ca4007302f6a28c7dc36a3e4cd58dff4b720cdef908e530107a4eba18935,0.5599999776,0.5599999776,0,false,false,true,true,true,true,9,2026-08-06T21:45:38+00:00,35.130669,0.5599999776,0.0099999776,0x9e27ca4007302f6a28c7dc36a3e4cd58dff4b720cdef908e530107a4eba18935,2026-08-06T21:49:03+00:00,240.130669,59.869331,0.56,0.01,0xee25253e4c08a5ff225ff376da6323373fcbac2ab79ff4a310cb876c858a7f22,0.55,0.56,0.01,false,false,false,true
H2-v1-EVENT-M5,H2-v1,sharp:0428,sharp,428,1673805,0x1b54546f205ce9a93ccd91b2847c7fbacd871e072f915a66a6cbe91404878788,mlb-min-kc-2026-08-06,Kansas City Royals,Minnesota Twins,2026-08-06T23:41:00+00:00,2026-08-06T23:00:02.340366+00:00,2457.659634,true,-1,,,,,,,,,,,,,,,,,,,,2234,0.55,0.5522388059701492,-0.0022388059701492,-1,2026-08-06T21:45:02.869331+00:00,4499.471035,3,true,betfair+matchbook+smarkets,betfair+matchbook+smarkets,false,0.55,0.55,0.5468354430379747,2.340366,11.340366,sharp:0428,2026-08-06T23:00:02.340366+00:00,0,0.55,-0.0022388059701492,-1,3,false,sharp:0427,4499.471035,,,,,rn1:0132,2403.659634,true,2026-08-06T22:59:45+00:00,17.340366,0.55,0x029b08951a7e9f97a7624f942b4785344ed0385197ca2adebb366b6928a5a739,true,true,true,true,0,,,true,false,0,,,,,,,,,,,,,,,false,false,false,false,true,true,1,2026-08-06T23:00:32+00:00,29.659634,0.55,0,0xa505776e2fc49cde20552a33bd6418e56573c5a78b3127252647f97d325187cd,2026-08-06T23:00:32+00:00,29.659634,0.340366,0.55,0,0xa505776e2fc49cde20552a33bd6418e56573c5a78b3127252647f97d325187cd,0.55,0.55,0,true,true,true,true,true,true,2,2026-08-06T23:00:32+00:00,29.659634,0.55,0,0xa505776e2fc49cde20552a33bd6418e56573c5a78b3127252647f97d325187cd,2026-08-06T23:00:47+00:00,44.659634,15.340366,0.55,0,0x5897b2f02380adbafd92220743e090fd0f370bd76ba76a58c5f812b301a23183,0.55,0.55,0,false,false,true,true,true,true,5,2026-08-06T23:00:32+00:00,29.659634,0.55,0,0xa505776e2fc49cde20552a33bd6418e56573c5a78b3127252647f97d325187cd,2026-08-06T23:04:14+00:00,251.659634,48.340366,0.56,0.01,0x179ec3e203cf65e04c13b4a460f113ea3c92d6cb13af007bba5d87ad07534f04,0.55,0.56,0.01,false,false,false,true
H2-v1-EVENT-M5,H2-v1,rn1:0131,rn1,131,1673805,0x1b54546f205ce9a93ccd91b2847c7fbacd871e072f915a66a6cbe91404878788,mlb-min-kc-2026-08-06,Kansas City Royals,Minnesota Twins,2026-08-06T23:41:00+00:00,2026-08-06T23:40:06+00:00,54,true,1,3347356,Kansas City Royals,home,BUY,0.54,0.54,961,518.94,961,518.94,0xa079715b53b11f7db4663ad3b8b6a509c9a0cc45bc686bb477c4b8701720d7b9,1300e013f187d60866c40b3cba15d2be37799896edee0130e02a28ca080e3ad3,1673805:2026-08-06T23:40:06+00:00,3,2,1908,1030.32,1,1,,,,,,,,,,,,,,,,,,sharp:0428,2026-08-06T23:00:02.340366+00:00,2403.659634,0.55,-0.0022388059701492,-1,3,false,sharp:0428,2403.659634,,,,,rn1:0134,2,true,2026-08-06T23:40:05+00:00,1,0.54,0xb5776e6190ff1677921ba05b767caf0eeef13235692a4f7a7dd3708ff65a40ee,true,true,true,true,0.01,0,false,true,true,5,2026-08-06T23:40:08+00:00,2,0.54,0,0x90130c9899dba365c72029d39fd21650eb6de5849a9a3f4d033c9a3d04d6fb8a,2026-08-06T23:40:15+00:00,9,1,0.549999956,0.009999956,0x7ba869cacaa6929fbfb0f8161ef02e8c1087244abc97bbb684b09da944c2bcb3,0.53,0.56,0.03,true,true,true,true,true,true,9,2026-08-06T23:40:08+00:00,2,0.54,0,0x90130c9899dba365c72029d39fd21650eb6de5849a9a3f4d033c9a3d04d6fb8a,2026-08-06T23:40:35+00:00,29,1,0.549999956,0.009999956,0xa0192772a506e7864e60b71ea722a9d1775f7ec53ed746b052ec6fa9728c1550,0.53,0.56,0.03,true,true,true,true,false,false,0,,,,,,,,,,,,,,,false,false,false,false,false,false,0,,,,,,,,,,,,,,,false,false,false,false
H2-v1-EVENT-M5,H2-v1,rn1:0132,rn1,132,1673805,0x1b54546f205ce9a93ccd91b2847c7fbacd871e072f915a66a6cbe91404878788,mlb-min-kc-2026-08-06,Kansas City Royals,Minnesota Twins,2026-08-06T23:41:00+00:00,2026-08-06T23:40:06+00:00,54,true,1,3347356,Kansas City Royals,home,BUY,0.54,0.54,277.15,149.661,277.15,149.661,0x85c912aad019216503301d5e93858f3511c1eef460a10c9ad336bd339473e5a5,18e021f0602c3a8d34b647e90e34d7644c5e0209a3e3f5b39622c83ba75b6243,1673805:2026-08-06T23:40:06+00:00,3,1,1908,1030.32,1,1,,,,,,,,,,,,,,,,,,sharp:0428,2026-08-06T23:00:02.340366+00:00,2403.659634,0.55,-0.0022388059701492,-1,3,false,sharp:0428,2403.659634,,,,,rn1:0134,2,true,2026-08-06T23:40:05+00:00,1,0.54,0xb5776e6190ff1677921ba05b767caf0eeef13235692a4f7a7dd3708ff65a40ee,true,true,true,true,0.01,0,false,true,true,5,2026-08-06T23:40:08+00:00,2,0.54,0,0x90130c9899dba365c72029d39fd21650eb6de5849a9a3f4d033c9a3d04d6fb8a,2026-08-06T23:40:15+00:00,9,1,0.549999956,0.009999956,0x7ba869cacaa6929fbfb0f8161ef02e8c1087244abc97bbb684b09da944c2bcb3,0.53,0.56,0.03,true,true,true,true,true,true,9,2026-08-06T23:40:08+00:00,2,0.54,0,0x90130c9899dba365c72029d39fd21650eb6de5849a9a3f4d033c9a3d04d6fb8a,2026-08-06T23:40:35+00:00,29,1,0.549999956,0.009999956,0xa0192772a506e7864e60b71ea722a9d1775f7ec53ed746b052ec6fa9728c1550,0.53,0.56,0.03,true,true,true,true,false,false,0,,,,,,,,,,,,,,,false,false,false,false,false,false,0,,,,,,,,,,,,,,,false,false,false,false
H2-v1-EVENT-M5,H2-v1,rn1:0133,rn1,133,1673805,0x1b54546f205ce9a93ccd91b2847c7fbacd871e072f915a66a6cbe91404878788,mlb-min-kc-2026-08-06,Kansas City Royals,Minnesota Twins,2026-08-06T23:41:00+00:00,2026-08-06T23:40:06+00:00,54,true,1,3347356,Kansas City Royals,home,BUY,0.54,0.54,669.85,361.719,669.85,361.719,0xd93a28bff50301e54fc0579a953ed2b59ca9a03d8b9d0e53a15d3472f923b77c,76e27ad46f4b76349aa6a3351a7cd133f23b42d3b7d4deb93d46869399f2a655,1673805:2026-08-06T23:40:06+00:00,3,3,1908,1030.32,1,1,,,,,,,,,,,,,,,,,,sharp:0428,2026-08-06T23:00:02.340366+00:00,2403.659634,0.55,-0.0022388059701492,-1,3,false,sharp:0428,2403.659634,,,,,rn1:0134,2,true,2026-08-06T23:40:05+00:00,1,0.54,0xb5776e6190ff1677921ba05b767caf0eeef13235692a4f7a7dd3708ff65a40ee,true,true,true,true,0.01,0,false,true,true,5,2026-08-06T23:40:08+00:00,2,0.54,0,0x90130c9899dba365c72029d39fd21650eb6de5849a9a3f4d033c9a3d04d6fb8a,2026-08-06T23:40:15+00:00,9,1,0.549999956,0.009999956,0x7ba869cacaa6929fbfb0f8161ef02e8c1087244abc97bbb684b09da944c2bcb3,0.53,0.56,0.03,true,true,true,true,true,true,9,2026-08-06T23:40:08+00:00,2,0.54,0,0x90130c9899dba365c72029d39fd21650eb6de5849a9a3f4d033c9a3d04d6fb8a,2026-08-06T23:40:35+00:00,29,1,0.549999956,0.009999956,0xa0192772a506e7864e60b71ea722a9d1775f7ec53ed746b052ec6fa9728c1550,0.53,0.56,0.03,true,true,true,true,false,false,0,,,,,,,,,,,,,,,false,false,false,false,false,false,0,,,,,,,,,,,,,,,false,false,false,false
H2-v1-EVENT-M5,H2-v1,rn1:0134,rn1,134,1673805,0x1b54546f205ce9a93ccd91b2847c7fbacd871e072f915a66a6cbe91404878788,mlb-min-kc-2026-08-06,Kansas City Royals,Minnesota Twins,2026-08-06T23:41:00+00:00,2026-08-06T23:40:08+00:00,52,true,-1,3347355,Minnesota Twins,away,BUY,0.44,0.56,7.34,3.2296,-7.34,-3.2296,0xba41cbb26e4eb28d8f12702609a9459dba464603d4ebcc515420ab22bd713754,48538b44822b91300f5220d3f3a1ca2472ddaeba798811df9ab91a610e9225ad,1673805:2026-08-06T23:40:08+00:00,1,1,-7.34,-3.2296,-1,1,,,,,,,,,,,,,,,,,,sharp:0428,2026-08-06T23:00:02.340366+00:00,2405.659634,0.55,-0.0022388059701492,-1,3,false,sharp:0428,2405.659634,,,rn1:0133,2,rn1:0135,7,true,2026-08-06T23:40:06+00:00,2,0.54,0xd93a28bff50301e54fc0579a953ed2b59ca9a03d8b9d0e53a15d3472f923b77c,true,true,true,true,0.01,0.02,true,true,true,4,2026-08-06T23:40:09+00:00,1,0.559999832,0.019999832,0xb659c1cc4136bb664eceec85a8bf240d48a45b8eb560015e6b6a0f331d0d4016,2026-08-06T23:40:18+00:00,10,0,0.549999956,0.009999956,0xf2ffc4abeeb0f22ad3b8af6d5fcf7c83f13e433ef82c07db2904da2bba78c059,0.53,0.559999832,0.029999832,true,true,true,true,true,true,10,2026-08-06T23:40:09+00:00,1,0.559999832,0.019999832,0xb659c1cc4136bb664eceec85a8bf240d48a45b8eb560015e6b6a0f331d0d4016,2026-08-06T23:40:38+00:00,30,0,0.55,0.01,0x8d8fe371b36abc8e9192d7508680057b757a12b3dfdf892e6f31b33544e35b45,0.53,0.559999832,0.029999832,true,true,true,true,false,false,0,,,,,,,,,,,,,,,false,false,false,false,false,false,0,,,,,,,,,,,,,,,false,false,false,false
H2-v1-EVENT-M5,H2-v1,rn1:0135,rn1,135,1673805,0x1b54546f205ce9a93ccd91b2847c7fbacd871e072f915a66a6cbe91404878788,mlb-min-kc-2026-08-06,Kansas City Royals,Minnesota Twins,2026-08-06T23:41:00+00:00,2026-08-06T23:40:15+00:00,45,true,-1,3347355,Minnesota Twins,away,BUY,0.45,0.55,9.090908,4.0909086,-9.090908,-4.0909086,0x7ba869cacaa6929fbfb0f8161ef02e8c1087244abc97bbb684b09da944c2bcb3,3337530e4a86457c35ff08e62c18eb6a20c0c59f1f9fdc0f892de8b96b3d420a,1673805:2026-08-06T23:40:15+00:00,1,1,-9.090908,-4.0909086,-1,1,,,,,,,,,,,,,,,,,,sharp:0428,2026-08-06T23:00:02.340366+00:00,2412.659634,0.55,-0.0022388059701492,-1,3,false,sharp:0428,2412.659634,,,rn1:0134,7,rn1:0136,3,true,2026-08-06T23:40:11+00:00,4,0.53,0x65d4da45f6b2ec0f2437f554f5930fa3dc350d7a647169ef16d720aa50c93553,true,true,true,true,0.02,0.02,true,true,true,3,2026-08-06T23:40:18+00:00,3,0.549999956,0.019999956,0xf2ffc4abeeb0f22ad3b8af6d5fcf7c83f13e433ef82c07db2904da2bba78c059,2026-08-06T23:40:23+00:00,8,2,0.5499999662,0.0199999662,0xf6f0424ad771ec8d3be1e237c51ec3381d3c0485035e22a4d34e9f111e3533d4,0.5499998942,0.5499999662,0.000000072,true,true,true,true,true,true,12,2026-08-06T23:40:18+00:00,3,0.549999956,0.019999956,0xf2ffc4abeeb0f22ad3b8af6d5fcf7c83f13e433ef82c07db2904da2bba78c059,2026-08-06T23:40:44+00:00,29,1,0.5500001018,0.0200001018,0xb5955c6f9f271f020b805718d3e6c9f46b3e12172bd1efbf5bfa31022260899c,0.5400000586,0.5500001018,0.0100000432,true,true,true,true,false,false,0,,,,,,,,,,,,,,,false,false,false,false,false,false,0,,,,,,,,,,,,,,,false,false,false,false
H2-v1-EVENT-M5,H2-v1,rn1:0136,rn1,136,1673805,0x1b54546f205ce9a93ccd91b2847c7fbacd871e072f915a66a6cbe91404878788,mlb-min-kc-2026-08-06,Kansas City Royals,Minnesota Twins,2026-08-06T23:41:00+00:00,2026-08-06T23:40:18+00:00,42,true,-1,3347355,Minnesota Twins,away,BUY,0.45,0.55,9.090908,4.0909086,-9.090908,-4.0909086,0xf2ffc4abeeb0f22ad3b8af6d5fcf7c83f13e433ef82c07db2904da2bba78c059,257d826c333786afad3306b654163e8ad12e212162829c45e375bda307bfa41d,1673805:2026-08-06T23:40:18+00:00,1,1,-9.090908,-4.0909086,-1,1,,,,,,,,,,,,,,,,,,sharp:0428,2026-08-06T23:00:02.340366+00:00,2415.659634,0.55,-0.0022388059701492,-1,3,false,sharp:0428,2415.659634,,,rn1:0135,3,rn1:0137,3,true,2026-08-06T23:40:15+00:00,3,0.549999956,0x7ba869cacaa6929fbfb0f8161ef02e8c1087244abc97bbb684b09da944c2bcb3,true,true,true,true,0.000000044,0.000000044,true,true,true,2,2026-08-06T23:40:21+00:00,3,0.5499998942,-0.0000000618,0xdc7c02d4d976d23fa7a8465c682d4984999a598d01f3809d75938db38a452b92,2026-08-06T23:40:23+00:00,5,5,0.5499999662,0.0000000102,0xf6f0424ad771ec8d3be1e237c51ec3381d3c0485035e22a4d34e9f111e3533d4,0.5499998942,0.5499999662,0.000000072,true,true,true,true,true,true,11,2026-08-06T23:40:21+00:00,3,0.5499998942,-0.0000000618,0xdc7c02d4d976d23fa7a8465c682d4984999a598d01f3809d75938db38a452b92,2026-08-06T23:40:44+00:00,26,4,0.5500001018,0.0000001458,0xb5955c6f9f271f020b805718d3e6c9f46b3e12172bd1efbf5bfa31022260899c,0.5400000586,0.5500001018,0.0100000432,true,true,true,true,false,false,0,,,,,,,,,,,,,,,false,false,false,false,false,false,0,,,,,,,,,,,,,,,false,false,false,false
H2-v1-EVENT-M5,H2-v1,rn1:0137,rn1,137,1673805,0x1b54546f205ce9a93ccd91b2847c7fbacd871e072f915a66a6cbe91404878788,mlb-min-kc-2026-08-06,Kansas City Royals,Minnesota Twins,2026-08-06T23:41:00+00:00,2026-08-06T23:40:21+00:00,39,true,-1,3347355,Minnesota Twins,away,BUY,0.45,0.55,2.363635,1.06363575,-2.363635,-1.06363575,0xdc7c02d4d976d23fa7a8465c682d4984999a598d01f3809d75938db38a452b92,872772d031c1f29b169a265d5d63c15b3aaa7d1ccb0716079750bfd481b1745d,1673805:2026-08-06T23:40:21+00:00,1,1,-2.363635,-1.06363575,-1,1,,,,,,,,,,,,,,,,,,sharp:0428,2026-08-06T23:00:02.340366+00:00,2418.659634,0.55,-0.0022388059701492,-1,3,false,sharp:0428,2418.659634,,,rn1:0136,3,rn1:0138,2,true,2026-08-06T23:40:18+00:00,3,0.549999956,0xf2ffc4abeeb0f22ad3b8af6d5fcf7c83f13e433ef82c07db2904da2bba78c059,true,true,true,true,0.000000044,0.000000044,true,true,true,1,2026-08-06T23:40:23+00:00,2,0.5499999662,0.0000000102,0xf6f0424ad771ec8d3be1e237c51ec3381d3c0485035e22a4d34e9f111e3533d4,2026-08-06T23:40:23+00:00,2,8,0.5499999662,0.0000000102,0xf6f0424ad771ec8d3be1e237c51ec3381d3c0485035e22a4d34e9f111e3533d4,0.5499999662,0.5499999662,0,false,true,true,true,true,true,10,2026-08-06T23:40:23+00:00,2,0.5499999662,0.0000000102,0xf6f0424ad771ec8d3be1e237c51ec3381d3c0485035e22a4d34e9f111e3533d4,2026-08-06T23:40:44+00:00,23,7,0.5500001018,0.0000001458,0xb5955c6f9f271f020b805718d3e6c9f46b3e12172bd1efbf5bfa31022260899c,0.5400000586,0.5500001018,0.0100000432,false,true,true,true,false,false,0,,,,,,,,,,,,,,,false,false,false,false,false,false,0,,,,,,,,,,,,,,,false,false,false,false
H2-v1-EVENT-M5,H2-v1,rn1:0138,rn1,138,1673805,0x1b54546f205ce9a93ccd91b2847c7fbacd871e072f915a66a6cbe91404878788,mlb-min-kc-2026-08-06,Kansas City Royals,Minnesota Twins,2026-08-06T23:41:00+00:00,2026-08-06T23:40:23+00:00,37,true,-1,3347355,Minnesota Twins,away,BUY,0.45,0.55,8.872726,3.9927267,-8.872726,-3.9927267,0xf6f0424ad771ec8d3be1e237c51ec3381d3c0485035e22a4d34e9f111e3533d4,8e932444a41ff73fdce3dd4a16ab9accf6f4a36ead046181c69351e130e44323,1673805:2026-08-06T23:40:23+00:00,1,1,-8.872726,-3.9927267,-1,1,,,,,,,,,,,,,,,,,,sharp:0428,2026-08-06T23:00:02.340366+00:00,2420.659634,0.55,-0.0022388059701492,-1,3,false,sharp:0428,2420.659634,,,rn1:0137,2,rn1:0139,12,true,2026-08-06T23:40:21+00:00,2,0.5499998942,0xdc7c02d4d976d23fa7a8465c682d4984999a598d01f3809d75938db38a452b92,true,true,true,true,0.0000001058,0.0000001058,true,true,false,0,,,,,,,,,,,,,,,false,false,false,false,true,true,9,2026-08-06T23:40:35+00:00,12,0.549999956,0.0000000618,0xa0192772a506e7864e60b71ea722a9d1775f7ec53ed746b052ec6fa9728c1550,2026-08-06T23:40:44+00:00,21,9,0.5500001018,0.0000002076,0xb5955c6f9f271f020b805718d3e6c9f46b3e12172bd1efbf5bfa31022260899c,0.5400000586,0.5500001018,0.0100000432,false,true,true,true,false,false,0,,,,,,,,,,,,,,,false,false,false,false,false,false,0,,,,,,,,,,,,,,,false,false,false,false
H2-v1-EVENT-M5,H2-v1,rn1:0139,rn1,139,1673805,0x1b54546f205ce9a93ccd91b2847c7fbacd871e072f915a66a6cbe91404878788,mlb-min-kc-2026-08-06,Kansas City Royals,Minnesota Twins,2026-08-06T23:41:00+00:00,2026-08-06T23:40:35+00:00,25,true,-1,3347355,Minnesota Twins,away,BUY,0.45,0.55,9.090908,4.0909086,-9.090908,-4.0909086,0xa0192772a506e7864e60b71ea722a9d1775f7ec53ed746b052ec6fa9728c1550,a8944f4da82e9c382748d5f95d6caaaa964497006e34bc9525c3e5b337b181f4,1673805:2026-08-06T23:40:35+00:00,1,1,-9.090908,-4.0909086,-1,1,,,,,,,,,,,,,,,,,,sharp:0428,2026-08-06T23:00:02.340366+00:00,2432.659634,0.55,-0.0022388059701492,-1,3,false,sharp:0428,2432.659634,,,rn1:0138,12,rn1:0141,3,true,2026-08-06T23:40:23+00:00,12,0.5499999662,0xf6f0424ad771ec8d3be1e237c51ec3381d3c0485035e22a4d34e9f111e3533d4,true,true,true,true,0.0000000338,0.0000000338,true,true,true,8,2026-08-06T23:40:38+00:00,3,0.55,0.0000000338,0x2a9e24aa2761aca839d9eac7081eed1a0b04e5f48ee466a92019b03e2e46b414,2026-08-06T23:40:44+00:00,9,1,0.5500001018,0.0000001356,0xb5955c6f9f271f020b805718d3e6c9f46b3e12172bd1efbf5bfa31022260899c,0.5400000586,0.5500001018,0.0100000432,true,true,true,true,false,false,0,,,,,,,,,,,,,,,false,false,false,false,false,false,0,,,,,,,,,,,,,,,false,false,false,false,false,false,0,,,,,,,,,,,,,,,false,false,false,false
H2-v1-EVENT-M5,H2-v1,rn1:0140,rn1,140,1673805,0x1b54546f205ce9a93ccd91b2847c7fbacd871e072f915a66a6cbe91404878788,mlb-min-kc-2026-08-06,Kansas City Royals,Minnesota Twins,2026-08-06T23:41:00+00:00,2026-08-06T23:40:38+00:00,22,true,-1,3347355,Minnesota Twins,away,BUY,0.45,0.55,1.81818,0.818181,-1.81818,-0.818181,0x8d8fe371b36abc8e9192d7508680057b757a12b3dfdf892e6f31b33544e35b45,8a5a8cef3e149f61c359c4dcf5cf4ffe43932fab85a041e775a8bcd92b58e5f2,1673805:2026-08-06T23:40:38+00:00,2,2,-8.73818,-3.932181,-1,1,,,,,,,,,,,,,,,,,,sharp:0428,2026-08-06T23:00:02.340366+00:00,2435.659634,0.55,-0.0022388059701492,-1,3,false,sharp:0428,2435.659634,,,rn1:0139,3,rn1:0142,1,true,2026-08-06T23:40:35+00:00,3,0.549999956,0xa0192772a506e7864e60b71ea722a9d1775f7ec53ed746b052ec6fa9728c1550,true,true,true,true,0.000000044,0.000000044,true,true,true,5,2026-08-06T23:40:39+00:00,1,0.55,0.000000044,0xf39d029b6225a6b69ca7dec3ab9bd0e942809379a074c27d1e47a3fe682a546f,2026-08-06T23:40:44+00:00,6,4,0.5500001018,0.0000001458,0xb5955c6f9f271f020b805718d3e6c9f46b3e12172bd1efbf5bfa31022260899c,0.55,0.5500001018,0.0000001018,true,true,true,true,false,false,0,,,,,,,,,,,,,,,false,false,false,false,false,false,0,,,,,,,,,,,,,,,false,false,false,false,false,false,0,,,,,,,,,,,,,,,false,false,false,false
H2-v1-EVENT-M5,H2-v1,rn1:0141,rn1,141,1673805,0x1b54546f205ce9a93ccd91b2847c7fbacd871e072f915a66a6cbe91404878788,mlb-min-kc-2026-08-06,Kansas City Royals,Minnesota Twins,2026-08-06T23:41:00+00:00,2026-08-06T23:40:38+00:00,22,true,-1,3347355,Minnesota Twins,away,BUY,0.45,0.55,6.92,3.114,-6.92,-3.114,0x2a9e24aa2761aca839d9eac7081eed1a0b04e5f48ee466a92019b03e2e46b414,fc0690b2749ab809b14f1e51b2f5cd8a594b449019bb4b75b20263e17b0e672f,1673805:2026-08-06T23:40:38+00:00,2,1,-8.73818,-3.932181,-1,1,,,,,,,,,,,,,,,,,,sharp:0428,2026-08-06T23:00:02.340366+00:00,2435.659634,0.55,-0.0022388059701492,-1,3,false,sharp:0428,2435.659634,,,rn1:0139,3,rn1:0142,1,true,2026-08-06T23:40:35+00:00,3,0.549999956,0xa0192772a506e7864e60b71ea722a9d1775f7ec53ed746b052ec6fa9728c1550,true,true,true,true,0.000000044,0.000000044,true,true,true,5,2026-08-06T23:40:39+00:00,1,0.55,0.000000044,0xf39d029b6225a6b69ca7dec3ab9bd0e942809379a074c27d1e47a3fe682a546f,2026-08-06T23:40:44+00:00,6,4,0.5500001018,0.0000001458,0xb5955c6f9f271f020b805718d3e6c9f46b3e12172bd1efbf5bfa31022260899c,0.55,0.5500001018,0.0000001018,true,true,true,true,false,false,0,,,,,,,,,,,,,,,false,false,false,false,false,false,0,,,,,,,,,,,,,,,false,false,false,false,false,false,0,,,,,,,,,,,,,,,false,false,false,false
H2-v1-EVENT-M5,H2-v1,rn1:0142,rn1,142,1673805,0x1b54546f205ce9a93ccd91b2847c7fbacd871e072f915a66a6cbe91404878788,mlb-min-kc-2026-08-06,Kansas City Royals,Minnesota Twins,2026-08-06T23:41:00+00:00,2026-08-06T23:40:39+00:00,21,true,-1,3347355,Minnesota Twins,away,BUY,0.45,0.55,1860.71,837.3195,-1860.71,-837.3195,0xf39d029b6225a6b69ca7dec3ab9bd0e942809379a074c27d1e47a3fe682a546f,3bb1ac8714159c4ca07c9d825dbb5f76de1f1268368554f200365a92effcba11,1673805:2026-08-06T23:40:39+00:00,1,1,-1860.71,-837.3195,-1,1,,,,,,,,,,,,,,,,,,sharp:0428,2026-08-06T23:00:02.340366+00:00,2436.659634,0.55,-0.0022388059701492,-1,3,false,sharp:0428,2436.659634,,,rn1:0140,1,,,true,2026-08-06T23:40:38+00:00,1,0.55,0x8d8fe371b36abc8e9192d7508680057b757a12b3dfdf892e6f31b33544e35b45,true,true,true,true,0,0,true,true,true,4,2026-08-06T23:40:41+00:00,2,0.5500000882,0.0000000882,0x4114ccb54d08549707f4ea444f1e599c7309c242341f1519fc86c68740368db9,2026-08-06T23:40:44+00:00,5,5,0.5500001018,0.0000001018,0xb5955c6f9f271f020b805718d3e6c9f46b3e12172bd1efbf5bfa31022260899c,0.55,0.5500001018,0.0000001018,true,true,true,true,false,false,0,,,,,,,,,,,,,,,false,false,false,false,false,false,0,,,,,,,,,,,,,,,false,false,false,false,false,false,0,,,,,,,,,,,,,,,false,false,false,false
H2-v1-EVENT-M5,H2-v1,sharp:0429,sharp,429,1673845,0x71fa2b9df79ae3aed7721dfde68b16673f191b93cfcc24909ccd237fbe1a334c,mlb-nym-pit-2026-08-07,Pittsburgh Pirates,New York Mets,2026-08-07T22:42:14+00:00,2026-08-06T21:45:02.869331+00:00,89831.130669,false,,,,,,,,,,,,,,,,,,,,,2151,0.5597826086956522,,,,,,1,false,smarkets,,,,,0.5597826086956522,4.869331,4.869331,sharp:0429,2026-08-06T21:45:02.869331+00:00,0,0.5597826086956522,,,1,,,,sharp:0430,4499.471035,,,rn1:0143,89749.130669,true,2026-08-06T21:01:03+00:00,2639.869331,0.5699998906,0x3420c6eb4036d3a7cefee67bcee186b57a759e25e4248352a25eb1f3fff4c51e,false,false,false,false,-0.0102172819043478,,,true,false,0,,,,,,,,,,,,,,,false,false,false,false,true,false,0,,,,,,,,,,,,,,,false,false,false,false,true,false,0,,,,,,,,,,,,,,,false,false,false,false,true,false,0,,,,,,,,,,,,,,,false,false,false,false
H2-v1-EVENT-M5,H2-v1,sharp:0430,sharp,430,1673845,0x71fa2b9df79ae3aed7721dfde68b16673f191b93cfcc24909ccd237fbe1a334c,mlb-nym-pit-2026-08-07,Pittsburgh Pirates,New York Mets,2026-08-07T22:42:14+00:00,2026-08-06T23:00:02.340366+00:00,85331.659634,true,1,,,,,,,,,,,,,,,,,,,,2234,0.5648075054651445,0.5597826086956522,0.0050248967694923,1,2026-08-06T21:45:02.869331+00:00,4499.471035,2,true,matchbook+smarkets,smarkets,true,,0.5698324022346368,0.5597826086956522,2.340366,2.340366,sharp:0430,2026-08-06T23:00:02.340366+00:00,0,0.5648075054651445,0.0050248967694923,1,2,true,sharp:0429,4499.471035,sharp:0431,3600.154995,,,rn1:0143,85249.659634,true,2026-08-06T21:01:03+00:00,7139.340366,0.5699998906,0x3420c6eb4036d3a7cefee67bcee186b57a759e25e4248352a25eb1f3fff4c51e,false,false,false,false,-0.0051923851348555,,,true,false,0,,,,,,,,,,,,,,,false,false,false,false,true,false,0,,,,,,,,,,,,,,,false,false,false,false,true,false,0,,,,,,,,,,,,,,,false,false,false,false,true,false,0,,,,,,,,,,,,,,,false,false,false,false
H2-v1-EVENT-M5,H2-v1,sharp:0431,sharp,431,1673845,0x71fa2b9df79ae3aed7721dfde68b16673f191b93cfcc24909ccd237fbe1a334c,mlb-nym-pit-2026-08-07,Pittsburgh Pirates,New York Mets,2026-08-07T22:42:14+00:00,2026-08-07T00:00:02.495361+00:00,81731.504639,true,1,,,,,,,,,,,,,,,,,,,,2300,0.56823473347402825,0.5648075054651445,0.00342722800888375,1,2026-08-06T23:00:02.340366+00:00,3600.154995,2,true,matchbook+smarkets,matchbook+smarkets,false,,0.5743073047858943,0.5621621621621622,7.495361,8.495361,sharp:0431,2026-08-07T00:00:02.495361+00:00,0,0.56823473347402825,0.00342722800888375,1,2,false,sharp:0430,3600.154995,sharp:0432,13500.356281,,,rn1:0143,81649.504639,true,2026-08-06T23:43:06+00:00,1016.495361,0.57,0x132d42f9dffdc276acd13e18cbcbc8a98442aef2ba7c0e30745aa2aa5f803488,false,false,false,false,-0.00176526652597175,,,true,false,0,,,,,,,,,,,,,,,false,false,false,false,true,false,0,,,,,,,,,,,,,,,false,false,false,false,true,false,0,,,,,,,,,,,,,,,false,false,false,false,true,false,0,,,,,,,,,,,,,,,false,false,false,false
H2-v1-EVENT-M5,H2-v1,sharp:0432,sharp,432,1673845,0x71fa2b9df79ae3aed7721dfde68b16673f191b93cfcc24909ccd237fbe1a334c,mlb-nym-pit-2026-08-07,Pittsburgh Pirates,New York Mets,2026-08-07T22:42:14+00:00,2026-08-07T03:45:02.851642+00:00,68231.148358,true,-1,,,,,,,,,,,,,,,,,,,,2547,0.56373517131685335,0.56823473347402825,-0.0044995621571749,-1,2026-08-07T00:00:02.495361+00:00,13500.356281,2,true,matchbook+smarkets,matchbook+smarkets,false,,0.5620253164556962,0.5654450261780105,4.351642,5.851642,sharp:0432,2026-08-07T03:45:02.851642+00:00,0,0.56373517131685335,-0.0044995621571749,-1,2,false,sharp:0431,13500.356281,sharp:0433,3599.357702,,,rn1:0143,68149.148358,true,2026-08-07T03:23:00+00:00,1322.851642,0.56,0x4608a24dadeea1af4e131ea23ee9bdf620e0af50d5c195316d5fbd1a3b3e4145,false,false,false,false,0.00373517131685335,,,true,false,0,,,,,,,,,,,,,,,false,false,false,false,true,false,0,,,,,,,,,,,,,,,false,false,false,false,true,false,0,,,,,,,,,,,,,,,false,false,false,false,true,true,1,2026-08-07T03:47:48+00:00,165.148358,0.57,0.01,0x1b6ae9bbd214a6c9e38ce2d372f1a9dc5f21ac2c3583b6b56fb8c890c94c84c5,2026-08-07T03:47:48+00:00,165.148358,134.851642,0.57,0.01,0x1b6ae9bbd214a6c9e38ce2d372f1a9dc5f21ac2c3583b6b56fb8c890c94c84c5,0.57,0.57,0,false,false,false,false
H2-v1-EVENT-M5,H2-v1,sharp:0433,sharp,433,1673845,0x71fa2b9df79ae3aed7721dfde68b16673f191b93cfcc24909ccd237fbe1a334c,mlb-nym-pit-2026-08-07,Pittsburgh Pirates,New York Mets,2026-08-07T22:42:14+00:00,2026-08-07T04:45:02.209344+00:00,64631.790656,true,1,,,,,,,,,,,,,,,,,,,,2613,0.56635297236397375,0.56373517131685335,0.0026178010471204,1,2026-08-07T03:45:02.851642+00:00,3599.357702,2,true,matchbook+smarkets,matchbook+smarkets,false,,0.5620253164556962,0.5706806282722513,5.709344,6.209344,sharp:0433,2026-08-07T04:45:02.209344+00:00,0,0.56635297236397375,0.0026178010471204,1,2,false,sharp:0432,3599.357702,sharp:0434,47700.619906,,,rn1:0143,64549.790656,true,2026-08-07T04:36:48+00:00,494.209344,0.56,0x5a927cfc04bc540fc50e1d597623e12b4a4e5b30341f4c3254786002298f4abc,false,false,false,true,0.00635297236397375,,,true,false,0,,,,,,,,,,,,,,,false,false,false,false,true,false,0,,,,,,,,,,,,,,,false,false,false,false,true,false,0,,,,,,,,,,,,,,,false,false,false,false,true,true,2,2026-08-07T04:49:04+00:00,241.790656,0.5699998233,0.0099998233,0x44bb138cbdd9fee0de29a565ca321a145194196dba491fff6759fab19622b990,2026-08-07T04:49:40+00:00,277.790656,22.209344,0.5600001936,0.0000001936,0xdd94d1ae69fa3786044d2c3ecf08efda4819bffe8aa4003cd6ec1a3ed80d35da,0.5600001936,0.5699998233,0.0099996297,false,false,true,true
H2-v1-EVENT-M5,H2-v1,sharp:0434,sharp,434,1673845,0x71fa2b9df79ae3aed7721dfde68b16673f191b93cfcc24909ccd237fbe1a334c,mlb-nym-pit-2026-08-07,Pittsburgh Pirates,New York Mets,2026-08-07T22:42:14+00:00,2026-08-07T18:00:02.829250+00:00,16931.17075,true,-1,,,,,,,,,,,,,,,,,,,,3462,0.5522388059701492,0.56635297236397375,-0.01411416639382455,-1,2026-08-07T04:45:02.209344+00:00,47700.619906,3,true,betfair+matchbook+smarkets,matchbook+smarkets,true,0.5522388059701492,0.5522388059701492,0.5505050505050506,16.32925,21.82925,sharp:0434,2026-08-07T18:00:02.829250+00:00,0,0.5522388059701492,-0.01411416639382455,-1,3,true,sharp:0433,47700.619906,sharp:0435,2699.352093,,,rn1:0143,16849.17075,true,2026-08-07T17:58:27+00:00,95.82925,0.5599999776,0x1eafba00a2ed79e3c8db03552140a2098ea1ebe5d25bec517a6d85c33896d18b,false,false,true,true,-0.0077611716298508,,,true,false,0,,,,,,,,,,,,,,,false,false,false,false,true,false,0,,,,,,,,,,,,,,,false,false,false,false,true,false,0,,,,,,,,,,,,,,,false,false,false,false,true,true,2,2026-08-07T18:03:48+00:00,225.17075,0.550000045,-0.0099999326,0xa733dca87e818c3ccd3da43589277bad1aa1ca90c661f71e54cc432d00f9fce1,2026-08-07T18:04:37+00:00,274.17075,25.82925,0.5599999776,0,0x8e9023e532026bb903dfbed2f908e383569f4d2cd604a90a4c4ec27e78c71b8e,0.550000045,0.5599999776,0.0099999326,false,false,true,true
H2-v1-EVENT-M5,H2-v1,sharp:0435,sharp,435,1673845,0x71fa2b9df79ae3aed7721dfde68b16673f191b93cfcc24909ccd237fbe1a334c,mlb-nym-pit-2026-08-07,Pittsburgh Pirates,New York Mets,2026-08-07T22:42:14+00:00,2026-08-07T18:45:02.181343+00:00,14231.818657,true,1,,,,,,,,,,,,,,,,,,,,3511,0.5558312655086849,0.5522388059701492,0.0035924595385357,1,2026-08-07T18:00:02.829250+00:00,2699.352093,3,true,betfair+matchbook+smarkets,betfair+matchbook+smarkets,false,0.5558312655086849,0.5558312655086849,0.5527638190954773,8.681343,19.181343,sharp:0435,2026-08-07T18:45:02.181343+00:00,0,0.5558312655086849,0.0035924595385357,1,3,false,sharp:0434,2699.352093,sharp:0436,900.932203,,,rn1:0143,14149.818657,true,2026-08-07T18:35:39+00:00,563.181343,0.55,0x5c108dafc01bb30a80d67a176a8f278172519cf48121bd3e0ac0a7dfff5e61cc,false,false,false,true,0.0058312655086849,,,true,false,0,,,,,,,,,,,,,,,false,false,false,false,true,false,0,,,,,,,,,,,,,,,false,false,false,false,true,false,0,,,,,,,,,,,,,,,false,false,false,false,true,true,2,2026-08-07T18:47:01+00:00,118.818657,0.550000045,0.000000045,0x7682150c0fbec2447b65e83562b199df61f30f775899372cf156603d221f16e3,2026-08-07T18:49:40+00:00,277.818657,22.181343,0.55,0,0x8f334d824ed5ebe0fa5625261fdb3d2598e3ec901853517749fc6f8efecc48d1,0.55,0.550000045,0.000000045,false,false,true,true
H2-v1-EVENT-M5,H2-v1,sharp:0436,sharp,436,1673845,0x71fa2b9df79ae3aed7721dfde68b16673f191b93cfcc24909ccd237fbe1a334c,mlb-nym-pit-2026-08-07,Pittsburgh Pirates,New York Mets,2026-08-07T22:42:14+00:00,2026-08-07T19:00:03.113546+00:00,13330.886454,true,0,,,,,,,,,,,,,,,,,,,,3528,0.5558312655086849,0.5558312655086849,0,0,2026-08-07T18:45:02.181343+00:00,900.932203,3,true,betfair+matchbook+smarkets,betfair+matchbook+smarkets,false,0.5558312655086849,0.5558312655086849,0.5527638190954773,17.113546,32.113546,sharp:0436,2026-08-07T19:00:03.113546+00:00,0,0.5558312655086849,0,0,3,false,sharp:0435,900.932203,sharp:0437,2699.359458,,,rn1:0143,13248.886454,true,2026-08-07T18:56:28+00:00,215.113546,0.5500001559,0x46cfe2a30b7be28db2b5cf6103fcd3f0f32e8f56124d567f50804cc35d796965,false,false,true,true,0.0058311096086849,,,true,false,0,,,,,,,,,,,,,,,false,false,false,false,true,false,0,,,,,,,,,,,,,,,false,false,false,false,true,false,0,,,,,,,,,,,,,,,false,false,false,false,true,true,2,2026-08-07T19:02:39+00:00,155.886454,0.56,0.0099998441,0xc3a5b0cd150d8fe584581e285d18332df13baf3195712d2ec1a48d5a5562cafe,2026-08-07T19:04:15+00:00,251.886454,48.113546,0.5500001174,-0.0000000385,0xff9e923f410718bc9ecf232b9686589655c6a5abc4161dfae39b32b889c0b8df,0.5500001174,0.56,0.0099998826,false,false,false,true
H2-v1-EVENT-M5,H2-v1,sharp:0437,sharp,437,1673845,0x71fa2b9df79ae3aed7721dfde68b16673f191b93cfcc24909ccd237fbe1a334c,mlb-nym-pit-2026-08-07,Pittsburgh Pirates,New York Mets,2026-08-07T22:42:14+00:00,2026-08-07T19:45:02.473004+00:00,10631.526996,true,1,,,,,,,,,,,,,,,,,,,,3577,0.5594059405940595,0.5558312655086849,0.0035746750853746,1,2026-08-07T19:00:03.113546+00:00,2699.359458,3,true,betfair+matchbook+smarkets,betfair+matchbook+smarkets,false,0.5594059405940595,0.5594059405940595,0.5550000000000002,9.473004,16.473004,sharp:0437,2026-08-07T19:45:02.473004+00:00,0,0.5594059405940595,0.0035746750853746,1,3,false,sharp:0436,2699.359458,sharp:0438,899.854367,,,rn1:0143,10549.526996,true,2026-08-07T19:36:54+00:00,488.473004,0.5500000375,0x9a2140147a77ed81c490b1aed11d48c1c7ceb873b33790e28a1c71b499de61c0,false,false,false,true,0.0094059030940595,,,true,false,0,,,,,,,,,,,,,,,false,false,false,false,true,false,0,,,,,,,,,,,,,,,false,false,false,false,true,false,0,,,,,,,,,,,,,,,false,false,false,false,true,false,0,,,,,,,,,,,,,,,false,false,false,false
H2-v1-EVENT-M5,H2-v1,sharp:0438,sharp,438,1673845,0x71fa2b9df79ae3aed7721dfde68b16673f191b93cfcc24909ccd237fbe1a334c,mlb-nym-pit-2026-08-07,Pittsburgh Pirates,New York Mets,2026-08-07T22:42:14+00:00,2026-08-07T20:00:02.327371+00:00,9731.672629,true,-1,,,,,,,,,,,,,,,,,,,,3594,0.5558312655086849,0.5594059405940595,-0.0035746750853746,-1,2026-08-07T19:45:02.473004+00:00,899.854367,3,true,betfair+matchbook+smarkets,betfair+matchbook+smarkets,false,0.5558312655086849,0.5558312655086849,0.5541561712846348,12.327371,18.327371,sharp:0438,2026-08-07T20:00:02.327371+00:00,0,0.5558312655086849,-0.0035746750853746,-1,3,false,sharp:0437,899.854367,sharp:0439,2700.005086,,,rn1:0143,9649.672629,true,2026-08-07T19:58:39+00:00,83.327371,0.550000045,0x8387c5293596f6d4f1175581931f794bddb1cd3968e3832d3f036bf7d27e8a62,false,false,true,true,0.0058312205086849,,,true,false,0,,,,,,,,,,,,,,,false,false,false,false,true,false,0,,,,,,,,,,,,,,,false,false,false,false,true,false,0,,,,,,,,,,,,,,,false,false,false,false,true,true,4,2026-08-07T20:01:43+00:00,100.672629,0.5599999964,0.0099999514,0x12b7ccc08aa554ae24b4b98dfa652e223fd5603aa963137f2cc77754349aeda0,2026-08-07T20:04:19+00:00,256.672629,43.327371,0.559999996,0.009999951,0x846b69d935a58a72bc0e77826f92238588e1567775ed7370bbe6a9c72acf0ea0,0.5599999851,0.559999999,0.0000000139,false,false,false,true
H2-v1-EVENT-M5,H2-v1,sharp:0439,sharp,439,1673845,0x71fa2b9df79ae3aed7721dfde68b16673f191b93cfcc24909ccd237fbe1a334c,mlb-nym-pit-2026-08-07,Pittsburgh Pirates,New York Mets,2026-08-07T22:42:14+00:00,2026-08-07T20:45:02.332457+00:00,7031.667543,true,1,,,,,,,,,,,,,,,,,,,,3643,0.5572139303482587,0.5558312655086849,0.0013826648395738,1,2026-08-07T20:00:02.327371+00:00,2700.005086,3,true,betfair+matchbook+smarkets,betfair+matchbook+smarkets,false,0.5572139303482587,0.5558312655086849,0.5614035087719298,15.832457,21.332457,sharp:0439,2026-08-07T20:45:02.332457+00:00,0,0.5572139303482587,0.0013826648395738,1,3,false,sharp:0438,2700.005086,sharp:0440,901.31295,,,rn1:0143,6949.667543,true,2026-08-07T20:41:21+00:00,221.332457,0.56,0xe2277c8d28c3e8725f64cea7d911be643a39c16c168891f2a99996e47d2dcd7b,false,false,true,true,-0.0027860696517413,,,true,false,0,,,,,,,,,,,,,,,false,false,false,false,true,false,0,,,,,,,,,,,,,,,false,false,false,false,true,false,0,,,,,,,,,,,,,,,false,false,false,false,true,true,3,2026-08-07T20:47:13+00:00,130.667543,0.5599999919,-0.0000000081,0x43b51157d83aa579b4ea72dc192cd947fdff21440a8c7b8c78b90f72fcc89a61,2026-08-07T20:49:30+00:00,267.667543,32.332457,0.5500000353,-0.0099999647,0xcad644cffde434aa49decaac1531c0c24c5574f83e59c3e504bbc8657ab1be7e,0.5500000353,0.5599999919,0.0099999566,false,false,false,true
H2-v1-EVENT-M5,H2-v1,sharp:0440,sharp,440,1673845,0x71fa2b9df79ae3aed7721dfde68b16673f191b93cfcc24909ccd237fbe1a334c,mlb-nym-pit-2026-08-07,Pittsburgh Pirates,New York Mets,2026-08-07T22:42:14+00:00,2026-08-07T21:00:03.645407+00:00,6130.354593,true,-1,,,,,,,,,,,,,,,,,,,,3660,0.5536159600997507,0.5572139303482587,-0.003597970248508,-1,2026-08-07T20:45:02.332457+00:00,901.31295,3,true,betfair+matchbook+smarkets,betfair+matchbook+smarkets,false,0.5536159600997507,0.5522388059701492,0.5569620253164557,18.145407,24.645407,sharp:0440,2026-08-07T21:00:03.645407+00:00,0,0.5536159600997507,-0.003597970248508,-1,3,false,sharp:0439,901.31295,sharp:0441,2699.063185,,,rn1:0143,6048.354593,true,2026-08-07T20:58:06+00:00,117.645407,0.5500000203,0x2358113aafd5db7f9e93c3d4c3426e4af9b43f2a1b49f65c92bd99a44b846ea9,false,false,true,true,0.0036159397997507,,,true,false,0,,,,,,,,,,,,,,,false,false,false,false,true,false,0,,,,,,,,,,,,,,,false,false,false,false,true,false,0,,,,,,,,,,,,,,,false,false,false,false,true,true,4,2026-08-07T21:02:07+00:00,123.354593,0.5599999963,0.009999976,0x1cceb0f381e56b274fc0a4da1dfd245aa9dca1b1ec911d88fd356226e0cbb51c,2026-08-07T21:04:52+00:00,288.354593,11.645407,0.5500000045,-0.0000000158,0x10f3474f3ee87666289896a3fb053afb457093bbe6d07bb1c06dd7e586e1258c,0.5500000045,0.5599999992,0.0099999947,false,true,true,true
H2-v1-EVENT-M5,H2-v1,sharp:0441,sharp,441,1673845,0x71fa2b9df79ae3aed7721dfde68b16673f191b93cfcc24909ccd237fbe1a334c,mlb-nym-pit-2026-08-07,Pittsburgh Pirates,New York Mets,2026-08-07T22:42:14+00:00,2026-08-07T21:45:02.708592+00:00,3431.291408,true,0,,,,,,,,,,,,,,,,,,,,3709,0.5536159600997507,0.5536159600997507,0,0,2026-08-07T21:00:03.645407+00:00,2699.063185,3,true,betfair+matchbook+smarkets,betfair+matchbook+smarkets,false,0.5536159600997507,0.5536159600997507,0.5569620253164557,12.708592,19.708592,sharp:0441,2026-08-07T21:45:02.708592+00:00,0,0.5536159600997507,0,0,3,false,sharp:0440,2699.063185,sharp:0442,900.66421,,,rn1:0143,3349.291408,true,2026-08-07T21:43:42+00:00,80.708592,0.56,0xf7b31ece2d1665b233179aff7b9fa5995f14af09c0cb2479f78da8b855363cfe,false,false,true,true,-0.0063840399002493,,,true,false,0,,,,,,,,,,,,,,,false,false,false,false,true,false,0,,,,,,,,,,,,,,,false,false,false,false,true,true,1,2026-08-07T21:45:39+00:00,36.291408,0.5599999664,-0.0000000336,0xa6c635a0ecaef0eea0270419f88bc8676175ad0b8a8007ddb73feab6915b65a8,2026-08-07T21:45:39+00:00,36.291408,23.708592,0.5599999664,-0.0000000336,0xa6c635a0ecaef0eea0270419f88bc8676175ad0b8a8007ddb73feab6915b65a8,0.5599999664,0.5599999664,0,false,false,true,true,true,true,1,2026-08-07T21:45:39+00:00,36.291408,0.5599999664,-0.0000000336,0xa6c635a0ecaef0eea0270419f88bc8676175ad0b8a8007ddb73feab6915b65a8,2026-08-07T21:45:39+00:00,36.291408,263.708592,0.5599999664,-0.0000000336,0xa6c635a0ecaef0eea0270419f88bc8676175ad0b8a8007ddb73feab6915b65a8,0.5599999664,0.5599999664,0,false,false,false,false
H2-v1-EVENT-M5,H2-v1,sharp:0442,sharp,442,1673845,0x71fa2b9df79ae3aed7721dfde68b16673f191b93cfcc24909ccd237fbe1a334c,mlb-nym-pit-2026-08-07,Pittsburgh Pirates,New York Mets,2026-08-07T22:42:14+00:00,2026-08-07T22:00:03.372802+00:00,2530.627198,true,-1,,,,,,,,,,,,,,,,,,,,3726,0.5522388059701492,0.5536159600997507,-0.0013771541296015,-1,2026-08-07T21:45:02.708592+00:00,900.66421,3,true,betfair+matchbook+smarkets,betfair+matchbook+smarkets,false,0.5522388059701492,0.5522388059701492,0.5541561712846348,12.872802,24.372802,sharp:0442,2026-08-07T22:00:03.372802+00:00,0,0.5522388059701492,-0.0013771541296015,-1,3,false,sharp:0441,900.66421,,,,,rn1:0143,2448.627198,true,2026-08-07T21:59:30+00:00,33.372802,0.5599999776,0x270fb909353549b8dff16d5d3a05d159a37f6e2cc5d86a70c8d8953551544920,false,true,true,true,-0.0077611716298508,,,true,false,0,,,,,,,,,,,,,,,false,false,false,false,true,false,0,,,,,,,,,,,,,,,false,false,false,false,true,false,0,,,,,,,,,,,,,,,false,false,false,false,true,true,6,2026-08-07T22:01:21+00:00,77.627198,0.56,0.0000000224,0x1722195c056cca828643dc732917d79ce23f87ea32b742374202644e24f273af,2026-08-07T22:04:54+00:00,290.627198,9.372802,0.56,0.0000000224,0xd70cf7ae7b4d5ca8d0df68efe2da9c326677ba74167926350aeee3c554750c6c,0.55,0.56,0.01,false,true,true,true
H2-v1-EVENT-M5,H2-v1,rn1:0143,rn1,143,1673845,0x71fa2b9df79ae3aed7721dfde68b16673f191b93cfcc24909ccd237fbe1a334c,mlb-nym-pit-2026-08-07,Pittsburgh Pirates,New York Mets,2026-08-07T22:42:14+00:00,2026-08-07T22:40:52+00:00,82,true,-1,3347435,New York Mets,away,BUY,0.44,0.56,12.5,5.5,-12.5,-5.5,0x0ce079df9c27bee211c206df1c7705c2d5ac412bec4559dcb0fba72ded65b3d8,a6e06d5b79120518bab8d999d222e0a456d6517bee6559fdeb118e18b7b8158e,1673845:2026-08-07T22:40:52+00:00,1,1,-12.5,-5.5,-1,1,,,,,,,,,,,,,,,,,,sharp:0442,2026-08-07T22:00:03.372802+00:00,2448.627198,0.5522388059701492,-0.0013771541296015,-1,3,false,sharp:0442,2448.627198,,,,,rn1:0144,9,true,2026-08-07T22:39:33+00:00,79,0.55,0x735d5d9edc3c7ec447d541c1f048d97f750802ed06fe0d67b29e31c38c980427,false,false,true,true,0.0022388059701492,0.01,true,true,true,1,2026-08-07T22:41:01+00:00,9,0.55,0,0x6c2327cf3b5efef35fb81cd0b19cd7b26becd14d2f3eb3fd347b7d49a77ae5a1,2026-08-07T22:41:01+00:00,9,1,0.55,0,0x6c2327cf3b5efef35fb81cd0b19cd7b26becd14d2f3eb3fd347b7d49a77ae5a1,0.55,0.55,0,true,true,true,true,true,true,5,2026-08-07T22:41:01+00:00,9,0.55,0,0x6c2327cf3b5efef35fb81cd0b19cd7b26becd14d2f3eb3fd347b7d49a77ae5a1,2026-08-07T22:41:19+00:00,27,3,0.5599999664,0.0099999664,0xa10980a1ef38687f6b7c7852b3270d2089dd9c5be265747f99c93d43f19f50bd,0.55,0.5599999664,0.0099999664,true,true,true,true,true,true,5,2026-08-07T22:41:01+00:00,9,0.55,0,0x6c2327cf3b5efef35fb81cd0b19cd7b26becd14d2f3eb3fd347b7d49a77ae5a1,2026-08-07T22:41:19+00:00,27,33,0.5599999664,0.0099999664,0xa10980a1ef38687f6b7c7852b3270d2089dd9c5be265747f99c93d43f19f50bd,0.55,0.5599999664,0.0099999664,false,false,false,true,false,false,0,,,,,,,,,,,,,,,false,false,false,false
H2-v1-EVENT-M5,H2-v1,rn1:0144,rn1,144,1673845,0x71fa2b9df79ae3aed7721dfde68b16673f191b93cfcc24909ccd237fbe1a334c,mlb-nym-pit-2026-08-07,Pittsburgh Pirates,New York Mets,2026-08-07T22:42:14+00:00,2026-08-07T22:41:01+00:00,73,true,1,3347436,Pittsburgh Pirates,home,BUY,0.55,0.55,51.41,28.2755,51.41,28.2755,0x6c2327cf3b5efef35fb81cd0b19cd7b26becd14d2f3eb3fd347b7d49a77ae5a1,20e19210f0144822a4f629df4405118e5b46c2048fc82a6e2acdfc24ebc0125e,1673845:2026-08-07T22:41:01+00:00,1,1,51.41,28.2755,1,1,,,,,,,,,,,,,,,,,,sharp:0442,2026-08-07T22:00:03.372802+00:00,2457.627198,0.5522388059701492,-0.0013771541296015,-1,3,false,sharp:0442,2457.627198,,,rn1:0143,9,rn1:0146,2,true,2026-08-07T22:40:52+00:00,9,0.56,0x0ce079df9c27bee211c206df1c7705c2d5ac412bec4559dcb0fba72ded65b3d8,true,true,true,true,-0.0077611940298508,-0.01,false,true,true,2,2026-08-07T22:41:03+00:00,2,0.5599999026,-0.0000000974,0x53a73fbcbbf02c9781ec5987cdb477f511011f6a1a9b8d5d2b353a7d2b1a779a,2026-08-07T22:41:03+00:00,2,8,0.5599999664,-0.0000000336,0xe407421ff072fc5bdbeee1a097ccddc2c4a397b4e451d0a43e8330739920ba6c,0.5599999026,0.5599999664,0.0000000638,false,true,true,true,true,true,4,2026-08-07T22:41:03+00:00,2,0.5599999026,-0.0000000974,0x53a73fbcbbf02c9781ec5987cdb477f511011f6a1a9b8d5d2b353a7d2b1a779a,2026-08-07T22:41:19+00:00,18,12,0.5599999664,-0.0000000336,0xa10980a1ef38687f6b7c7852b3270d2089dd9c5be265747f99c93d43f19f50bd,0.5500000142,0.5599999664,0.0099999522,false,true,true,true,true,true,4,2026-08-07T22:41:03+00:00,2,0.5599999026,-0.0000000974,0x53a73fbcbbf02c9781ec5987cdb477f511011f6a1a9b8d5d2b353a7d2b1a779a,2026-08-07T22:41:19+00:00,18,42,0.5599999664,-0.0000000336,0xa10980a1ef38687f6b7c7852b3270d2089dd9c5be265747f99c93d43f19f50bd,0.5500000142,0.5599999664,0.0099999522,false,false,false,true,false,false,0,,,,,,,,,,,,,,,false,false,false,false
H2-v1-EVENT-M5,H2-v1,rn1:0145,rn1,145,1673845,0x71fa2b9df79ae3aed7721dfde68b16673f191b93cfcc24909ccd237fbe1a334c,mlb-nym-pit-2026-08-07,Pittsburgh Pirates,New York Mets,2026-08-07T22:42:14+00:00,2026-08-07T22:41:03+00:00,71,true,-1,3347435,New York Mets,away,BUY,0.44,0.56,3.571427,1.57142788,-3.571427,-1.57142788,0xe407421ff072fc5bdbeee1a097ccddc2c4a397b4e451d0a43e8330739920ba6c,38521b252aefe19cc0aa03c684f4c4b23ad75d7a6fc93dcdeb177bb8f4882735,1673845:2026-08-07T22:41:03+00:00,2,2,-7.678567,-3.37856948,-1,1,,,,,,,,,,,,,,,,,,sharp:0442,2026-08-07T22:00:03.372802+00:00,2459.627198,0.5522388059701492,-0.0013771541296015,-1,3,false,sharp:0442,2459.627198,,,rn1:0144,2,rn1:0147,15,true,2026-08-07T22:41:01+00:00,2,0.55,0x6c2327cf3b5efef35fb81cd0b19cd7b26becd14d2f3eb3fd347b7d49a77ae5a1,true,true,true,true,0.0022388059701492,0.01,true,true,false,0,,,,,,,,,,,,,,,false,false,false,false,true,true,2,2026-08-07T22:41:18+00:00,15,0.5500000142,0.0000000142,0x9729939cce3830b9fa6fefdd0ba03cb2bb9d77dbfad1653126c72de89091e9ba,2026-08-07T22:41:19+00:00,16,14,0.5599999664,0.0099999664,0xa10980a1ef38687f6b7c7852b3270d2089dd9c5be265747f99c93d43f19f50bd,0.5500000142,0.5599999664,0.0099999522,false,true,true,true,true,true,2,2026-08-07T22:41:18+00:00,15,0.5500000142,0.0000000142,0x9729939cce3830b9fa6fefdd0ba03cb2bb9d77dbfad1653126c72de89091e9ba,2026-08-07T22:41:19+00:00,16,44,0.5599999664,0.0099999664,0xa10980a1ef38687f6b7c7852b3270d2089dd9c5be265747f99c93d43f19f50bd,0.5500000142,0.5599999664,0.0099999522,false,false,false,true,false,false,0,,,,,,,,,,,,,,,false,false,false,false
H2-v1-EVENT-M5,H2-v1,rn1:0146,rn1,146,1673845,0x71fa2b9df79ae3aed7721dfde68b16673f191b93cfcc24909ccd237fbe1a334c,mlb-nym-pit-2026-08-07,Pittsburgh Pirates,New York Mets,2026-08-07T22:42:14+00:00,2026-08-07T22:41:03+00:00,71,true,-1,3347435,New York Mets,away,BUY,0.44,0.56,4.10714,1.8071416,-4.10714,-1.8071416,0x53a73fbcbbf02c9781ec5987cdb477f511011f6a1a9b8d5d2b353a7d2b1a779a,9ee3144ac7a72c8f48bda200abb6b08570ee8d42b8522598fa47d6a856c3c07a,1673845:2026-08-07T22:41:03+00:00,2,1,-7.678567,-3.37856948,-1,1,,,,,,,,,,,,,,,,,,sharp:0442,2026-08-07T22:00:03.372802+00:00,2459.627198,0.5522388059701492,-0.0013771541296015,-1,3,false,sharp:0442,2459.627198,,,rn1:0144,2,rn1:0147,15,true,2026-08-07T22:41:01+00:00,2,0.55,0x6c2327cf3b5efef35fb81cd0b19cd7b26becd14d2f3eb3fd347b7d49a77ae5a1,true,true,true,true,0.0022388059701492,0.01,true,true,false,0,,,,,,,,,,,,,,,false,false,false,false,true,true,2,2026-08-07T22:41:18+00:00,15,0.5500000142,0.0000000142,0x9729939cce3830b9fa6fefdd0ba03cb2bb9d77dbfad1653126c72de89091e9ba,2026-08-07T22:41:19+00:00,16,14,0.5599999664,0.0099999664,0xa10980a1ef38687f6b7c7852b3270d2089dd9c5be265747f99c93d43f19f50bd,0.5500000142,0.5599999664,0.0099999522,false,true,true,true,true,true,2,2026-08-07T22:41:18+00:00,15,0.5500000142,0.0000000142,0x9729939cce3830b9fa6fefdd0ba03cb2bb9d77dbfad1653126c72de89091e9ba,2026-08-07T22:41:19+00:00,16,44,0.5599999664,0.0099999664,0xa10980a1ef38687f6b7c7852b3270d2089dd9c5be265747f99c93d43f19f50bd,0.5500000142,0.5599999664,0.0099999522,false,false,false,true,false,false,0,,,,,,,,,,,,,,,false,false,false,false
H2-v1-EVENT-M5,H2-v1,rn1:0147,rn1,147,1673845,0x71fa2b9df79ae3aed7721dfde68b16673f191b93cfcc24909ccd237fbe1a334c,mlb-nym-pit-2026-08-07,Pittsburgh Pirates,New York Mets,2026-08-07T22:42:14+00:00,2026-08-07T22:41:18+00:00,56,true,1,3347436,Pittsburgh Pirates,home,BUY,0.55,0.55,21.155554,11.6355547,21.155554,11.6355547,0x9729939cce3830b9fa6fefdd0ba03cb2bb9d77dbfad1653126c72de89091e9ba,f97937d7349ea794cf3c719928ffabfd4e46177f706e86f97ca5783becb27ab9,1673845:2026-08-07T22:41:18+00:00,1,1,21.155554,11.6355547,1,1,,,,,,,,,,,,,,,,,,sharp:0442,2026-08-07T22:00:03.372802+00:00,2474.627198,0.5522388059701492,-0.0013771541296015,-1,3,false,sharp:0442,2474.627198,,,rn1:0145,15,rn1:0148,1,true,2026-08-07T22:41:03+00:00,15,0.5599999664,0xe407421ff072fc5bdbeee1a097ccddc2c4a397b4e451d0a43e8330739920ba6c,true,true,true,true,-0.0077611604298508,-0.0099999664,false,true,true,1,2026-08-07T22:41:19+00:00,1,0.5599999664,0,0xa10980a1ef38687f6b7c7852b3270d2089dd9c5be265747f99c93d43f19f50bd,2026-08-07T22:41:19+00:00,1,9,0.5599999664,0,0xa10980a1ef38687f6b7c7852b3270d2089dd9c5be265747f99c93d43f19f50bd,0.5599999664,0.5599999664,0,false,true,true,true,true,true,1,2026-08-07T22:41:19+00:00,1,0.5599999664,0,0xa10980a1ef38687f6b7c7852b3270d2089dd9c5be265747f99c93d43f19f50bd,2026-08-07T22:41:19+00:00,1,29,0.5599999664,0,0xa10980a1ef38687f6b7c7852b3270d2089dd9c5be265747f99c93d43f19f50bd,0.5599999664,0.5599999664,0,false,false,true,true,false,false,0,,,,,,,,,,,,,,,false,false,false,false,false,false,0,,,,,,,,,,,,,,,false,false,false,false
H2-v1-EVENT-M5,H2-v1,rn1:0148,rn1,148,1673845,0x71fa2b9df79ae3aed7721dfde68b16673f191b93cfcc24909ccd237fbe1a334c,mlb-nym-pit-2026-08-07,Pittsburgh Pirates,New York Mets,2026-08-07T22:42:14+00:00,2026-08-07T22:41:19+00:00,55,true,-1,3347435,New York Mets,away,BUY,0.44,0.56,3.571427,1.57142788,-3.571427,-1.57142788,0xa10980a1ef38687f6b7c7852b3270d2089dd9c5be265747f99c93d43f19f50bd,e9cd1ec78f3289daa35ab2eabcd748bd3ea9b6db54c89e6a5948f6970d97fc97,1673845:2026-08-07T22:41:19+00:00,1,1,-3.571427,-1.57142788,-1,1,,,,,,,,,,,,,,,,,,sharp:0442,2026-08-07T22:00:03.372802+00:00,2475.627198,0.5522388059701492,-0.0013771541296015,-1,3,false,sharp:0442,2475.627198,,,rn1:0147,1,,,true,2026-08-07T22:41:18+00:00,1,0.5500000142,0x9729939cce3830b9fa6fefdd0ba03cb2bb9d77dbfad1653126c72de89091e9ba,true,true,true,true,0.0022387917701492,0.0099999858,true,true,false,0,,,,,,,,,,,,,,,false,false,false,false,true,false,0,,,,,,,,,,,,,,,false,false,false,false,false,false,0,,,,,,,,,,,,,,,false,false,false,false,false,false,0,,,,,,,,,,,,,,,false,false,false,false
H2-v1-EVENT-M5,H2-v1,sharp:0443,sharp,443,1673887,0x1834230745e97fd13fd6417f8e598f6d9b0c02bab0e15ba8838c84284d25b442,mlb-laa-mia-2026-08-07,Miami Marlins,Los Angeles Angels,2026-08-07T23:11:00+00:00,2026-08-06T21:00:02.502363+00:00,94257.497637,false,,,,,,,,,,,,,,,,,,,,,2102,0.5941644562334217,,,,,,1,false,smarkets,,,,,0.5941644562334217,10.502363,10.502363,sharp:0443,2026-08-06T21:00:02.502363+00:00,0,0.5941644562334217,,,1,,,,sharp:0444,2700.366968,,,,,true,2026-08-06T17:32:29+00:00,12453.502363,0.5900000191,0x5f5ea2ec4d1b5ccbe66f3922683c1a7e970438e8b77221642679a15a7ce662a9,false,false,false,false,0.0041644371334217,,,true,false,0,,,,,,,,,,,,,,,false,false,false,false,true,false,0,,,,,,,,,,,,,,,false,false,false,false,true,false,0,,,,,,,,,,,,,,,false,false,false,false,true,false,0,,,,,,,,,,,,,,,false,false,false,false
H2-v1-EVENT-M5,H2-v1,sharp:0444,sharp,444,1673887,0x1834230745e97fd13fd6417f8e598f6d9b0c02bab0e15ba8838c84284d25b442,mlb-laa-mia-2026-08-07,Miami Marlins,Los Angeles Angels,2026-08-07T23:11:00+00:00,2026-08-06T21:45:02.869331+00:00,91557.130669,true,0,,,,,,,,,,,,,,,,,,,,2151,0.5941644562334217,0.5941644562334217,0,0,2026-08-06T21:00:02.502363+00:00,2700.366968,1,false,smarkets,smarkets,false,,,0.5941644562334217,4.869331,4.869331,sharp:0444,2026-08-06T21:45:02.869331+00:00,0,0.5941644562334217,0,0,1,false,sharp:0443,2700.366968,sharp:0445,4499.471035,,,,,true,2026-08-06T17:32:29+00:00,15153.869331,0.5900000191,0x5f5ea2ec4d1b5ccbe66f3922683c1a7e970438e8b77221642679a15a7ce662a9,false,false,false,false,0.0041644371334217,,,true,false,0,,,,,,,,,,,,,,,false,false,false,false,true,false,0,,,,,,,,,,,,,,,false,false,false,false,true,false,0,,,,,,,,,,,,,,,false,false,false,false,true,false,0,,,,,,,,,,,,,,,false,false,false,false
H2-v1-EVENT-M5,H2-v1,sharp:0445,sharp,445,1673887,0x1834230745e97fd13fd6417f8e598f6d9b0c02bab0e15ba8838c84284d25b442,mlb-laa-mia-2026-08-07,Miami Marlins,Los Angeles Angels,2026-08-07T23:11:00+00:00,2026-08-06T23:00:02.340366+00:00,87057.659634,true,0,,,,,,,,,,,,,,,,,,,,2234,0.5941644562334217,0.5941644562334217,0,0,2026-08-06T21:45:02.869331+00:00,4499.471035,1,false,smarkets,smarkets,false,,,0.5941644562334217,2.340366,2.340366,sharp:0445,2026-08-06T23:00:02.340366+00:00,0,0.5941644562334217,0,0,1,false,sharp:0444,4499.471035,sharp:0446,3600.154995,,,,,true,2026-08-06T17:32:29+00:00,19653.340366,0.5900000191,0x5f5ea2ec4d1b5ccbe66f3922683c1a7e970438e8b77221642679a15a7ce662a9,false,false,false,false,0.0041644371334217,,,true,false,0,,,,,,,,,,,,,,,false,false,false,false,true,false,0,,,,,,,,,,,,,,,false,false,false,false,true,false,0,,,,,,,,,,,,,,,false,false,false,false,true,false,0,,,,,,,,,,,,,,,false,false,false,false
H2-v1-EVENT-M5,H2-v1,sharp:0446,sharp,446,1673887,0x1834230745e97fd13fd6417f8e598f6d9b0c02bab0e15ba8838c84284d25b442,mlb-laa-mia-2026-08-07,Miami Marlins,Los Angeles Angels,2026-08-07T23:11:00+00:00,2026-08-07T00:00:02.495361+00:00,83457.504639,true,-1,,,,,,,,,,,,,,,,,,,,2300,0.593186124220607,0.5941644562334217,-0.0009783320128147,-1,2026-08-06T23:00:02.340366+00:00,3600.154995,2,true,matchbook+smarkets,smarkets,true,,0.5922077922077923,0.5941644562334217,7.495361,8.495361,sharp:0446,2026-08-07T00:00:02.495361+00:00,0,0.593186124220607,-0.0009783320128147,-1,2,true,sharp:0445,3600.154995,sharp:0447,13500.356281,,,,,true,2026-08-06T17:32:29+00:00,23253.495361,0.5900000191,0x5f5ea2ec4d1b5ccbe66f3922683c1a7e970438e8b77221642679a15a7ce662a9,false,false,false,false,0.003186105120607,,,true,false,0,,,,,,,,,,,,,,,false,false,false,false,true,false,0,,,,,,,,,,,,,,,false,false,false,false,true,false,0,,,,,,,,,,,,,,,false,false,false,false,true,false,0,,,,,,,,,,,,,,,false,false,false,false
H2-v1-EVENT-M5,H2-v1,sharp:0447,sharp,447,1673887,0x1834230745e97fd13fd6417f8e598f6d9b0c02bab0e15ba8838c84284d25b442,mlb-laa-mia-2026-08-07,Miami Marlins,Los Angeles Angels,2026-08-07T23:11:00+00:00,2026-08-07T03:45:02.851642+00:00,69957.148358,true,1,,,,,,,,,,,,,,,,,,,,2547,0.5971425163351049,0.593186124220607,0.0039563921144979,1,2026-08-07T00:00:02.495361+00:00,13500.356281,2,true,matchbook+smarkets,matchbook+smarkets,false,,0.598984771573604,0.5953002610966058,4.351642,5.851642,sharp:0447,2026-08-07T03:45:02.851642+00:00,0,0.5971425163351049,0.0039563921144979,1,2,false,sharp:0446,13500.356281,sharp:0448,3599.357702,,,,,true,2026-08-07T02:42:33+00:00,3749.851642,0.6,0x77e0617a5b74b97361effba7b095d53fe710c52c0be409da929f7ccaaccecc0f,false,false,false,false,-0.0028574836648951,,,true,false,0,,,,,,,,,,,,,,,false,false,false,false,true,false,0,,,,,,,,,,,,,,,false,false,false,false,true,false,0,,,,,,,,,,,,,,,false,false,false,false,true,false,0,,,,,,,,,,,,,,,false,false,false,false
H2-v1-EVENT-M5,H2-v1,sharp:0448,sharp,448,1673887,0x1834230745e97fd13fd6417f8e598f6d9b0c02bab0e15ba8838c84284d25b442,mlb-laa-mia-2026-08-07,Miami Marlins,Los Angeles Angels,2026-08-07T23:11:00+00:00,2026-08-07T04:45:02.209344+00:00,66357.790656,true,1,,,,,,,,,,,,,,,,,,,,2613,0.598177430202962,0.5971425163351049,0.0010349138678571,1,2026-08-07T03:45:02.851642+00:00,3599.357702,2,true,matchbook+smarkets,matchbook+smarkets,false,,0.5994962216624685,0.5968586387434555,5.709344,6.209344,sharp:0448,2026-08-07T04:45:02.209344+00:00,0,0.598177430202962,0.0010349138678571,1,2,false,sharp:0447,3599.357702,sharp:0449,47700.619906,,,,,true,2026-08-07T04:31:06+00:00,836.209344,0.6099999786,0x96f5dcb34127be53de33b36df6f7febc7cdc45582cb138b197acd3351434d828,false,false,false,false,-0.011822548397038,,,true,false,0,,,,,,,,,,,,,,,false,false,false,false,true,false,0,,,,,,,,,,,,,,,false,false,false,false,true,false,0,,,,,,,,,,,,,,,false,false,false,false,true,false,0,,,,,,,,,,,,,,,false,false,false,false
H2-v1-EVENT-M5,H2-v1,sharp:0449,sharp,449,1673887,0x1834230745e97fd13fd6417f8e598f6d9b0c02bab0e15ba8838c84284d25b442,mlb-laa-mia-2026-08-07,Miami Marlins,Los Angeles Angels,2026-08-07T23:11:00+00:00,2026-08-07T18:00:02.829250+00:00,18657.17075,true,-1,,,,,,,,,,,,,,,,,,,,3462,0.5784313725490196,0.598177430202962,-0.0197460576539424,-1,2026-08-07T04:45:02.209344+00:00,47700.619906,3,true,betfair+matchbook+smarkets,matchbook+smarkets,true,0.5784313725490196,0.5784313725490196,0.582089552238806,16.32925,21.82925,sharp:0449,2026-08-07T18:00:02.829250+00:00,0,0.5784313725490196,-0.0197460576539424,-1,3,true,sharp:0448,47700.619906,sharp:0450,2699.352093,,,,,true,2026-08-07T17:42:18+00:00,1064.82925,0.579999826,0xf76e47b072b814208595cd527f14e48b0f3463bfad46d47f8f79a1da05d613b2,false,false,false,false,-0.0015684534509804,,,true,false,0,,,,,,,,,,,,,,,false,false,false,false,true,false,0,,,,,,,,,,,,,,,false,false,false,false,true,false,0,,,,,,,,,,,,,,,false,false,false,false,true,false,0,,,,,,,,,,,,,,,false,false,false,false
H2-v1-EVENT-M5,H2-v1,sharp:0450,sharp,450,1673887,0x1834230745e97fd13fd6417f8e598f6d9b0c02bab0e15ba8838c84284d25b442,mlb-laa-mia-2026-08-07,Miami Marlins,Los Angeles Angels,2026-08-07T23:11:00+00:00,2026-08-07T18:45:02.181343+00:00,15957.818657,true,1,,,,,,,,,,,,,,,,,,,,3511,0.5804878048780489,0.5784313725490196,0.0020564323290293,1,2026-08-07T18:00:02.829250+00:00,2699.352093,3,true,betfair+matchbook+smarkets,betfair+matchbook+smarkets,false,0.5804878048780489,0.5804878048780489,0.582089552238806,8.681343,19.181343,sharp:0450,2026-08-07T18:45:02.181343+00:00,0,0.5804878048780489,0.0020564323290293,1,3,false,sharp:0449,2699.352093,sharp:0451,900.932203,,,,,true,2026-08-07T18:42:33+00:00,149.181343,0.5799999983,0x51dcadd82675245c987717340b8284743c45f2a7431f665443c14250f525da4a,false,false,true,true,0.0004878065780489,,,true,false,0,,,,,,,,,,,,,,,false,false,false,false,true,false,0,,,,,,,,,,,,,,,false,false,false,false,true,false,0,,,,,,,,,,,,,,,false,false,false,false,true,false,0,,,,,,,,,,,,,,,false,false,false,false
H2-v1-EVENT-M5,H2-v1,sharp:0451,sharp,451,1673887,0x1834230745e97fd13fd6417f8e598f6d9b0c02bab0e15ba8838c84284d25b442,mlb-laa-mia-2026-08-07,Miami Marlins,Los Angeles Angels,2026-08-07T23:11:00+00:00,2026-08-07T19:00:03.113546+00:00,15056.886454,true,0,,,,,,,,,,,,,,,,,,,,3528,0.5804878048780489,0.5804878048780489,0,0,2026-08-07T18:45:02.181343+00:00,900.932203,3,true,betfair+matchbook+smarkets,betfair+matchbook+smarkets,false,0.5804878048780489,0.5804878048780489,0.582089552238806,17.113546,32.113546,sharp:0451,2026-08-07T19:00:03.113546+00:00,0,0.5804878048780489,0,0,3,false,sharp:0450,900.932203,sharp:0452,2699.359458,,,,,true,2026-08-07T18:59:22+00:00,41.113546,0.579999994,0xbc2d780f4ff9c5016216b91395c3d020aa952adf66cbe440769c51c592973556,false,true,true,true,0.0004878108780489,,,true,false,0,,,,,,,,,,,,,,,false,false,false,false,true,false,0,,,,,,,,,,,,,,,false,false,false,false,true,false,0,,,,,,,,,,,,,,,false,false,false,false,true,false,0,,,,,,,,,,,,,,,false,false,false,false
H2-v1-EVENT-M5,H2-v1,sharp:0452,sharp,452,1673887,0x1834230745e97fd13fd6417f8e598f6d9b0c02bab0e15ba8838c84284d25b442,mlb-laa-mia-2026-08-07,Miami Marlins,Los Angeles Angels,2026-08-07T23:11:00+00:00,2026-08-07T19:45:02.473004+00:00,12357.526996,true,0,,,,,,,,,,,,,,,,,,,,3577,0.5804878048780489,0.5804878048780489,0,0,2026-08-07T19:00:03.113546+00:00,2699.359458,3,true,betfair+matchbook+smarkets,betfair+matchbook+smarkets,false,0.5784313725490196,0.5804878048780489,0.582089552238806,9.473004,16.473004,sharp:0452,2026-08-07T19:45:02.473004+00:00,0,0.5804878048780489,0,0,3,false,sharp:0451,2699.359458,sharp:0453,899.854367,,,,,true,2026-08-07T19:42:31+00:00,151.473004,0.57,0x4bcbcb1036286fe988744406c880f06615e657ed24ff1d4d49d477ce29916b9c,false,false,true,true,0.0104878048780489,,,true,false,0,,,,,,,,,,,,,,,false,false,false,false,true,false,0,,,,,,,,,,,,,,,false,false,false,false,true,false,0,,,,,,,,,,,,,,,false,false,false,false,true,false,0,,,,,,,,,,,,,,,false,false,false,false
H2-v1-EVENT-M5,H2-v1,sharp:0453,sharp,453,1673887,0x1834230745e97fd13fd6417f8e598f6d9b0c02bab0e15ba8838c84284d25b442,mlb-laa-mia-2026-08-07,Miami Marlins,Los Angeles Angels,2026-08-07T23:11:00+00:00,2026-08-07T20:00:02.327371+00:00,11457.672629,true,1,,,,,,,,,,,,,,,,,,,,3594,0.5819070904645476,0.5804878048780489,0.0014192855864987,1,2026-08-07T19:45:02.473004+00:00,899.854367,3,true,betfair+matchbook+smarkets,betfair+matchbook+smarkets,false,0.5819070904645476,0.5804878048780489,0.5841584158415841,12.327371,18.327371,sharp:0453,2026-08-07T20:00:02.327371+00:00,0,0.5819070904645476,0.0014192855864987,1,3,false,sharp:0452,899.854367,sharp:0454,2700.005086,,,,,true,2026-08-07T19:55:10+00:00,292.327371,0.5899999242,0x3b3a8682993ad35e97557da91c90bf0b5d6a8b7e069076e875726af1833352ff,false,false,true,true,-0.0080928337354524,,,true,true,1,2026-08-07T20:00:10+00:00,7.672629,0.5800000168,-0.0099999074,0xcd2a763002fbecc0f6271e42af5fa005182a34650e5f83d7cd0524ca0fa438c1,2026-08-07T20:00:10+00:00,7.672629,2.327371,0.5800000168,-0.0099999074,0xcd2a763002fbecc0f6271e42af5fa005182a34650e5f83d7cd0524ca0fa438c1,0.5800000168,0.5800000168,0,true,true,true,true,true,true,1,2026-08-07T20:00:10+00:00,7.672629,0.5800000168,-0.0099999074,0xcd2a763002fbecc0f6271e42af5fa005182a34650e5f83d7cd0524ca0fa438c1,2026-08-07T20:00:10+00:00,7.672629,22.327371,0.5800000168,-0.0099999074,0xcd2a763002fbecc0f6271e42af5fa005182a34650e5f83d7cd0524ca0fa438c1,0.5800000168,0.5800000168,0,false,false,true,true,true,true,2,2026-08-07T20:00:10+00:00,7.672629,0.5800000168,-0.0099999074,0xcd2a763002fbecc0f6271e42af5fa005182a34650e5f83d7cd0524ca0fa438c1,2026-08-07T20:00:49+00:00,46.672629,13.327371,0.5899999953,0.0000000711,0xb30abe3fcb5ede68f9286bcb803c97a29fcae8e5a3646e69e8695878e5b3dd0c,0.5800000168,0.5899999953,0.0099999785,false,true,true,true,true,true,6,2026-08-07T20:00:10+00:00,7.672629,0.5800000168,-0.0099999074,0xcd2a763002fbecc0f6271e42af5fa005182a34650e5f83d7cd0524ca0fa438c1,2026-08-07T20:04:22+00:00,259.672629,40.327371,0.5899999993,0.0000000751,0x6c5fcff50247f4eb715ca3512611f949fda030f70df75ee90fe6971d41011f94,0.5800000168,0.59,0.0099999832,false,false,false,true
H2-v1-EVENT-M5,H2-v1,sharp:0454,sharp,454,1673887,0x1834230745e97fd13fd6417f8e598f6d9b0c02bab0e15ba8838c84284d25b442,mlb-laa-mia-2026-08-07,Miami Marlins,Los Angeles Angels,2026-08-07T23:11:00+00:00,2026-08-07T20:45:02.332457+00:00,8757.667543,true,0,,,,,,,,,,,,,,,,,,,,3643,0.5819070904645476,0.5819070904645476,0,0,2026-08-07T20:00:02.327371+00:00,2700.005086,3,true,betfair+matchbook+smarkets,betfair+matchbook+smarkets,false,0.5819070904645476,0.5819070904645476,0.582089552238806,15.832457,21.332457,sharp:0454,2026-08-07T20:45:02.332457+00:00,0,0.5819070904645476,0,0,3,false,sharp:0453,2700.005086,sharp:0455,901.31295,,,,,true,2026-08-07T20:41:51+00:00,191.332457,0.5800000055,0xa8b9042de9212aa5bde406030232689033af9e2a869c93d0e9defb644cc2ebc8,false,false,true,true,0.0019070849645476,,,true,false,0,,,,,,,,,,,,,,,false,false,false,false,true,false,0,,,,,,,,,,,,,,,false,false,false,false,true,false,0,,,,,,,,,,,,,,,false,false,false,false,true,false,0,,,,,,,,,,,,,,,false,false,false,false
H2-v1-EVENT-M5,H2-v1,sharp:0455,sharp,455,1673887,0x1834230745e97fd13fd6417f8e598f6d9b0c02bab0e15ba8838c84284d25b442,mlb-laa-mia-2026-08-07,Miami Marlins,Los Angeles Angels,2026-08-07T23:11:00+00:00,2026-08-07T21:00:03.645407+00:00,7856.354593,true,1,,,,,,,,,,,,,,,,,,,,3660,0.5853658536585367,0.5819070904645476,0.0034587631939891,1,2026-08-07T20:45:02.332457+00:00,901.31295,3,true,betfair+matchbook+smarkets,betfair+matchbook+smarkets,false,0.5853658536585367,0.583941605839416,0.5856079404466502,18.145407,24.645407,sharp:0455,2026-08-07T21:00:03.645407+00:00,0,0.5853658536585367,0.0034587631939891,1,3,false,sharp:0454,901.31295,sharp:0456,2699.063185,,,,,true,2026-08-07T20:51:16+00:00,527.645407,0.5899999998,0x6fb294e2802f4fbef1ac9a0a64574c1f5f578b79f88950c85276749a5425a529,false,false,false,true,-0.0046341461414633,,,true,false,0,,,,,,,,,,,,,,,false,false,false,false,true,false,0,,,,,,,,,,,,,,,false,false,false,false,true,false,0,,,,,,,,,,,,,,,false,false,false,false,true,true,1,2026-08-07T21:03:37+00:00,213.354593,0.580000007,-0.0099999928,0x09b70804aa308cd9c32a0280c2477c10485241e5f4a7cadc40b2909ceaec9a3d,2026-08-07T21:03:37+00:00,213.354593,86.645407,0.580000007,-0.0099999928,0x09b70804aa308cd9c32a0280c2477c10485241e5f4a7cadc40b2909ceaec9a3d,0.580000007,0.580000007,0,false,false,false,false
H2-v1-EVENT-M5,H2-v1,sharp:0456,sharp,456,1673887,0x1834230745e97fd13fd6417f8e598f6d9b0c02bab0e15ba8838c84284d25b442,mlb-laa-mia-2026-08-07,Miami Marlins,Los Angeles Angels,2026-08-07T23:11:00+00:00,2026-08-07T21:45:02.708592+00:00,5157.291408,true,-1,,,,,,,,,,,,,,,,,,,,3709,0.5819070904645476,0.5853658536585367,-0.0034587631939891,-1,2026-08-07T21:00:03.645407+00:00,2699.063185,3,true,betfair+matchbook+smarkets,betfair+matchbook+smarkets,false,0.5819070904645476,0.5819070904645476,0.5856079404466502,12.708592,19.708592,sharp:0456,2026-08-07T21:45:02.708592+00:00,0,0.5819070904645476,-0.0034587631939891,-1,3,false,sharp:0455,2699.063185,sharp:0457,900.66421,,,,,true,2026-08-07T21:41:22+00:00,220.708592,0.5899999675,0x45638a8d9a933e314545d5a16785d6c5c03a15767755f33ae452108ddfae7f96,false,false,true,true,-0.0080928770354524,,,true,false,0,,,,,,,,,,,,,,,false,false,false,false,true,false,0,,,,,,,,,,,,,,,false,false,false,false,true,false,0,,,,,,,,,,,,,,,false,false,false,false,true,false,0,,,,,,,,,,,,,,,false,false,false,false
H2-v1-EVENT-M5,H2-v1,sharp:0457,sharp,457,1673887,0x1834230745e97fd13fd6417f8e598f6d9b0c02bab0e15ba8838c84284d25b442,mlb-laa-mia-2026-08-07,Miami Marlins,Los Angeles Angels,2026-08-07T23:11:00+00:00,2026-08-07T22:00:03.372802+00:00,4256.627198,true,0,,,,,,,,,,,,,,,,,,,,3726,0.5819070904645476,0.5819070904645476,0,0,2026-08-07T21:45:02.708592+00:00,900.66421,3,true,betfair+matchbook+smarkets,betfair+matchbook+smarkets,false,0.5819070904645476,0.5819070904645476,0.5856079404466502,12.872802,24.372802,sharp:0457,2026-08-07T22:00:03.372802+00:00,0,0.5819070904645476,0,0,3,false,sharp:0456,900.66421,sharp:0458,2698.574759,,,,,true,2026-08-07T21:54:58+00:00,305.372802,0.5899999705,0xbf7c134c7123a4440d52396a59237cf8a024ca204a0d18b26bbfd4e07942d4ff,false,false,false,true,-0.0080928800354524,,,true,false,0,,,,,,,,,,,,,,,false,false,false,false,true,false,0,,,,,,,,,,,,,,,false,false,false,false,true,false,0,,,,,,,,,,,,,,,false,false,false,false,true,false,0,,,,,,,,,,,,,,,false,false,false,false
H2-v1-EVENT-M5,H2-v1,sharp:0458,sharp,458,1673887,0x1834230745e97fd13fd6417f8e598f6d9b0c02bab0e15ba8838c84284d25b442,mlb-laa-mia-2026-08-07,Miami Marlins,Los Angeles Angels,2026-08-07T23:11:00+00:00,2026-08-07T22:45:01.947561+00:00,1558.052439,true,1,,,,,,,,,,,,,,,,,,,,3775,0.58230706075533665,0.5819070904645476,0.00039997029078905,1,2026-08-07T22:00:03.372802+00:00,2698.574759,3,true,betfair+matchbook+smarkets,betfair+matchbook+smarkets,false,0.58230706075533665,0.5784313725490196,0.5835411471321695,9.447561,19.947561,sharp:0458,2026-08-07T22:45:01.947561+00:00,0,0.58230706075533665,0.00039997029078905,1,3,false,sharp:0457,2698.574759,sharp:0459,902.048048,,,,,true,2026-08-07T22:41:45+00:00,196.947561,0.58,0x653762085329e657ee0e42dc97f947c1ca5c5a0fc2164c449bae42cd8d4936b7,false,false,true,true,0.00230706075533665,,,true,false,0,,,,,,,,,,,,,,,false,false,false,false,true,false,0,,,,,,,,,,,,,,,false,false,false,false,true,false,0,,,,,,,,,,,,,,,false,false,false,false,true,true,1,2026-08-07T22:46:03+00:00,61.052439,0.59,0.01,0xfc4b3172a1f6a90f99b2444ebe463c62ea2938928036353dbcd5d34bd452c142,2026-08-07T22:46:03+00:00,61.052439,238.947561,0.59,0.01,0xfc4b3172a1f6a90f99b2444ebe463c62ea2938928036353dbcd5d34bd452c142,0.59,0.59,0,false,false,false,false
H2-v1-EVENT-M5,H2-v1,sharp:0459,sharp,459,1673887,0x1834230745e97fd13fd6417f8e598f6d9b0c02bab0e15ba8838c84284d25b442,mlb-laa-mia-2026-08-07,Miami Marlins,Los Angeles Angels,2026-08-07T23:11:00+00:00,2026-08-07T23:00:03.995609+00:00,656.004391,true,-1,,,,,,,,,,,,,,,,,,,,3792,0.5784313725490196,0.58230706075533665,-0.00387568820631705,-1,2026-08-07T22:45:01.947561+00:00,902.048048,3,true,betfair+matchbook+smarkets,betfair+matchbook+smarkets,false,0.5784313725490196,0.5784313725490196,0.5806451612903225,12.495609,12.995609,sharp:0459,2026-08-07T23:00:03.995609+00:00,0,0.5784313725490196,-0.00387568820631705,-1,3,false,sharp:0458,902.048048,,,,,,,true,2026-08-07T22:59:33+00:00,30.995609,0.59,0xca128b80d5968f38d2708c1e7e3e01f341ae564442340402d84893ad2661ab1e,false,true,true,true,-0.0115686274509804,,,true,false,0,,,,,,,,,,,,,,,false,false,false,false,true,false,0,,,,,,,,,,,,,,,false,false,false,false,true,true,1,2026-08-07T23:00:42+00:00,38.004391,0.5800000023,-0.0099999977,0x2e9f42fb9d02279c7ad39a6e22f6d5637f4e4475a3e9f9db82f91a31d17732b0,2026-08-07T23:00:42+00:00,38.004391,21.995609,0.5800000023,-0.0099999977,0x2e9f42fb9d02279c7ad39a6e22f6d5637f4e4475a3e9f9db82f91a31d17732b0,0.5800000023,0.5800000023,0,false,false,true,true,true,true,2,2026-08-07T23:00:42+00:00,38.004391,0.5800000023,-0.0099999977,0x2e9f42fb9d02279c7ad39a6e22f6d5637f4e4475a3e9f9db82f91a31d17732b0,2026-08-07T23:04:28+00:00,264.004391,35.995609,0.5800000168,-0.0099999832,0x67b8f291e1aff7d573ab827ef41f75b6d6a8ecab3f93f41dba62021d33479ccf,0.5800000023,0.5800000168,0.0000000145,false,false,false,true
H2-v1-EVENT-M5,H2-v1,sharp:0460,sharp,460,1673882,0x977c0519cc902a6bf7a8a6015ab745581615790f3f19b6f98b88c38054790d68,mlb-oak-bos-2026-08-07,Boston Red Sox,Athletics,2026-08-07T23:11:00+00:00,2026-08-06T23:00:02.340366+00:00,87057.659634,false,,,,,,,,,,,,,,,,,,,,,2234,0.6776470588235294,,,,,,1,false,smarkets,,,,,0.6776470588235294,2.340366,2.340366,sharp:0460,2026-08-06T23:00:02.340366+00:00,0,0.6776470588235294,,,1,,,,sharp:0461,3600.154995,,,rn1:0149,87001.659634,true,2026-08-06T22:28:57+00:00,1865.340366,0.71,0x983bbc4ba7c4fd8cd73671eb372bef93aabcdb1123700fb30021132c8f860247,false,false,false,false,-0.0323529411764706,,,true,false,0,,,,,,,,,,,,,,,false,false,false,false,true,false,0,,,,,,,,,,,,,,,false,false,false,false,true,false,0,,,,,,,,,,,,,,,false,false,false,false,true,false,0,,,,,,,,,,,,,,,false,false,false,false
H2-v1-EVENT-M5,H2-v1,sharp:0461,sharp,461,1673882,0x977c0519cc902a6bf7a8a6015ab745581615790f3f19b6f98b88c38054790d68,mlb-oak-bos-2026-08-07,Boston Red Sox,Athletics,2026-08-07T23:11:00+00:00,2026-08-07T00:00:02.495361+00:00,83457.504639,true,-1,,,,,,,,,,,,,,,,,,,,2300,0.6773939830897293,0.6776470588235294,-0.0002530757338001,-1,2026-08-06T23:00:02.340366+00:00,3600.154995,2,true,matchbook+smarkets,smarkets,true,,0.6849315068493151,0.6698564593301435,7.495361,8.495361,sharp:0461,2026-08-07T00:00:02.495361+00:00,0,0.6773939830897293,-0.0002530757338001,-1,2,true,sharp:0460,3600.154995,sharp:0462,13500.356281,,,rn1:0149,83401.504639,true,2026-08-06T23:22:20+00:00,2262.495361,0.7099999745,0x7139082c30b990cf6cff67ebb535ad418062e18376f1c25a703ac2aa6e93da84,false,false,false,false,-0.0326059914102707,,,true,false,0,,,,,,,,,,,,,,,false,false,false,false,true,false,0,,,,,,,,,,,,,,,false,false,false,false,true,false,0,,,,,,,,,,,,,,,false,false,false,false,true,false,0,,,,,,,,,,,,,,,false,false,false,false
H2-v1-EVENT-M5,H2-v1,sharp:0462,sharp,462,1673882,0x977c0519cc902a6bf7a8a6015ab745581615790f3f19b6f98b88c38054790d68,mlb-oak-bos-2026-08-07,Boston Red Sox,Athletics,2026-08-07T23:11:00+00:00,2026-08-07T03:45:02.851642+00:00,69957.148358,true,1,,,,,,,,,,,,,,,,,,,,2547,0.6783966981335402,0.6773939830897293,0.0010027150438109,1,2026-08-07T00:00:02.495361+00:00,13500.356281,2,true,matchbook+smarkets,matchbook+smarkets,false,,0.6869369369369369,0.6698564593301435,4.351642,5.851642,sharp:0462,2026-08-07T03:45:02.851642+00:00,0,0.6783966981335402,0.0010027150438109,1,2,false,sharp:0461,13500.356281,sharp:0463,3599.357702,,,rn1:0149,69901.148358,true,2026-08-07T03:41:43+00:00,199.851642,0.71,0xf32ae7a7e7a195223fe66bc4a37e90558b99845c99e0b661fb58c6aa4990feee,false,false,true,true,-0.0316033018664598,,,true,false,0,,,,,,,,,,,,,,,false,false,false,false,true,false,0,,,,,,,,,,,,,,,false,false,false,false,true,false,0,,,,,,,,,,,,,,,false,false,false,false,true,false,0,,,,,,,,,,,,,,,false,false,false,false
H2-v1-EVENT-M5,H2-v1,sharp:0463,sharp,463,1673882,0x977c0519cc902a6bf7a8a6015ab745581615790f3f19b6f98b88c38054790d68,mlb-oak-bos-2026-08-07,Boston Red Sox,Athletics,2026-08-07T23:11:00+00:00,2026-08-07T04:45:02.209344+00:00,66357.790656,true,1,,,,,,,,,,,,,,,,,,,,2613,0.6880577060597581,0.6783966981335402,0.0096610079262179,1,2026-08-07T03:45:02.851642+00:00,3599.357702,2,true,matchbook+smarkets,matchbook+smarkets,false,,0.695364238410596,0.6807511737089202,5.709344,6.209344,sharp:0463,2026-08-07T04:45:02.209344+00:00,0,0.6880577060597581,0.0096610079262179,1,2,false,sharp:0462,3599.357702,sharp:0464,47700.619906,,,rn1:0149,66301.790656,true,2026-08-07T04:42:06+00:00,176.209344,0.7099999702,0x043a1997d9fe5d959ba537a17aac25c0e5abcedefc5d0c172d369eafab490d69,false,false,true,true,-0.0219422641402419,,,true,false,0,,,,,,,,,,,,,,,false,false,false,false,true,false,0,,,,,,,,,,,,,,,false,false,false,false,true,true,1,2026-08-07T04:45:46+00:00,43.790656,0.7000000072,-0.009999963,0x111410a197105994424addc477348dd27995567ed67de0f3dcb47934c265120d,2026-08-07T04:45:46+00:00,43.790656,16.209344,0.7000000072,-0.009999963,0x111410a197105994424addc477348dd27995567ed67de0f3dcb47934c265120d,0.7000000072,0.7000000072,0,false,false,true,true,true,true,1,2026-08-07T04:45:46+00:00,43.790656,0.7000000072,-0.009999963,0x111410a197105994424addc477348dd27995567ed67de0f3dcb47934c265120d,2026-08-07T04:45:46+00:00,43.790656,256.209344,0.7000000072,-0.009999963,0x111410a197105994424addc477348dd27995567ed67de0f3dcb47934c265120d,0.7000000072,0.7000000072,0,false,false,false,false
H2-v1-EVENT-M5,H2-v1,sharp:0464,sharp,464,1673882,0x977c0519cc902a6bf7a8a6015ab745581615790f3f19b6f98b88c38054790d68,mlb-oak-bos-2026-08-07,Boston Red Sox,Athletics,2026-08-07T23:11:00+00:00,2026-08-07T18:00:02.829250+00:00,18657.17075,true,1,,,,,,,,,,,,,,,,,,,,3462,0.7128099173553719,0.6880577060597581,0.0247522112956138,1,2026-08-07T04:45:02.209344+00:00,47700.619906,3,true,betfair+matchbook+smarkets,matchbook+smarkets,true,0.7128099173553719,0.7128099173553719,0.7097457627118644,16.32925,21.82925,sharp:0464,2026-08-07T18:00:02.829250+00:00,0,0.7128099173553719,0.0247522112956138,1,3,true,sharp:0463,47700.619906,sharp:0465,2699.352093,,,rn1:0149,18601.17075,true,2026-08-07T17:53:27+00:00,395.82925,0.7099999432,0xf2ce0ffea0a9ffc63dba45ec461f6913a4fbfa0fbd859c8ae5a415e3f9daf668,false,false,false,true,0.0028099741553719,,,true,false,0,,,,,,,,,,,,,,,false,false,false,false,true,false,0,,,,,,,,,,,,,,,false,false,false,false,true,false,0,,,,,,,,,,,,,,,false,false,false,false,true,false,0,,,,,,,,,,,,,,,false,false,false,false
H2-v1-EVENT-M5,H2-v1,sharp:0465,sharp,465,1673882,0x977c0519cc902a6bf7a8a6015ab745581615790f3f19b6f98b88c38054790d68,mlb-oak-bos-2026-08-07,Boston Red Sox,Athletics,2026-08-07T23:11:00+00:00,2026-08-07T18:45:02.181343+00:00,15957.818657,true,-1,,,,,,,,,,,,,,,,,,,,3511,0.7097457627118644,0.7128099173553719,-0.0030641546435075,-1,2026-08-07T18:00:02.829250+00:00,2699.352093,3,true,betfair+matchbook+smarkets,betfair+matchbook+smarkets,false,0.7083333333333334,0.7113402061855669,0.7097457627118644,8.681343,19.181343,sharp:0465,2026-08-07T18:45:02.181343+00:00,0,0.7097457627118644,-0.0030641546435075,-1,3,false,sharp:0464,2699.352093,sharp:0466,900.932203,,,rn1:0149,15901.818657,true,2026-08-07T18:43:16+00:00,106.181343,0.7,0x74a2578c603e31fb933df915e1a6c39669dee544355481655fedc1ad21a6137f,false,false,true,true,0.0097457627118644,,,true,false,0,,,,,,,,,,,,,,,false,false,false,false,true,false,0,,,,,,,,,,,,,,,false,false,false,false,true,false,0,,,,,,,,,,,,,,,false,false,false,false,true,true,1,2026-08-07T18:49:19+00:00,256.818657,0.7099999999,0.0099999999,0xe15620d1db6ccb6cbaf1c857a3d9c4859097e5090574759ca3b822b4617042e3,2026-08-07T18:49:19+00:00,256.818657,43.181343,0.7099999999,0.0099999999,0xe15620d1db6ccb6cbaf1c857a3d9c4859097e5090574759ca3b822b4617042e3,0.7099999999,0.7099999999,0,false,false,false,true
H2-v1-EVENT-M5,H2-v1,sharp:0466,sharp,466,1673882,0x977c0519cc902a6bf7a8a6015ab745581615790f3f19b6f98b88c38054790d68,mlb-oak-bos-2026-08-07,Boston Red Sox,Athletics,2026-08-07T23:11:00+00:00,2026-08-07T19:00:03.113546+00:00,15056.886454,true,1,,,,,,,,,,,,,,,,,,,,3528,0.70983676975945015,0.7097457627118644,0.00009100704758575,1,2026-08-07T18:45:02.181343+00:00,900.932203,3,true,betfair+matchbook+smarkets,betfair+matchbook+smarkets,false,0.70983676975945015,0.7113402061855669,0.7097457627118644,17.113546,32.113546,sharp:0466,2026-08-07T19:00:03.113546+00:00,0,0.70983676975945015,0.00009100704758575,1,3,false,sharp:0465,900.932203,sharp:0467,2699.359458,,,rn1:0149,15000.886454,true,2026-08-07T18:59:55+00:00,8.113546,0.7099999533,0x2c55d2b5e64b177357a27b0774bbf1482d2a1fe02cd6ece29153a04823a43cb1,true,true,true,true,-0.00016318354054985,,,true,false,0,,,,,,,,,,,,,,,false,false,false,false,true,false,0,,,,,,,,,,,,,,,false,false,false,false,true,false,0,,,,,,,,,,,,,,,false,false,false,false,true,true,2,2026-08-07T19:02:13+00:00,129.886454,0.7099999815,0.0000000282,0xcf6b84eadf2553e7f5cd077ec91d6287b677f2039e1c91df4c71c901117ebe07,2026-08-07T19:02:36+00:00,152.886454,147.113546,0.7000000257,-0.0099999276,0xd55c537eaf0c393aeb303e0dd5332aaa6f9d246f232ce93988d5b70c5022701e,0.7000000257,0.7099999815,0.0099999558,false,false,false,false
H2-v1-EVENT-M5,H2-v1,sharp:0467,sharp,467,1673882,0x977c0519cc902a6bf7a8a6015ab745581615790f3f19b6f98b88c38054790d68,mlb-oak-bos-2026-08-07,Boston Red Sox,Athletics,2026-08-07T23:11:00+00:00,2026-08-07T19:45:02.473004+00:00,12357.526996,true,-1,,,,,,,,,,,,,,,,,,,,3577,0.7083333333333334,0.70983676975945015,-0.00150343642611675,-1,2026-08-07T19:00:03.113546+00:00,2699.359458,3,true,betfair+matchbook+smarkets,betfair+matchbook+smarkets,false,0.7083333333333334,0.7083333333333334,0.7097457627118644,9.473004,16.473004,sharp:0467,2026-08-07T19:45:02.473004+00:00,0,0.7083333333333334,-0.00150343642611675,-1,3,false,sharp:0466,2699.359458,sharp:0468,899.854367,,,rn1:0149,12301.526996,true,2026-08-07T19:39:36+00:00,326.473004,0.7099999702,0x90cb7a13ccaa23045c805e52bbbc1b12e1322a7a7eea5d34387ac373768f17ad,false,false,false,true,-0.0016666368666666,,,true,false,0,,,,,,,,,,,,,,,false,false,false,false,true,false,0,,,,,,,,,,,,,,,false,false,false,false,true,false,0,,,,,,,,,,,,,,,false,false,false,false,true,false,0,,,,,,,,,,,,,,,false,false,false,false
H2-v1-EVENT-M5,H2-v1,sharp:0468,sharp,468,1673882,0x977c0519cc902a6bf7a8a6015ab745581615790f3f19b6f98b88c38054790d68,mlb-oak-bos-2026-08-07,Boston Red Sox,Athletics,2026-08-07T23:11:00+00:00,2026-08-07T20:00:02.327371+00:00,11457.672629,true,0,,,,,,,,,,,,,,,,,,,,3594,0.7083333333333334,0.7083333333333334,0,0,2026-08-07T19:45:02.473004+00:00,899.854367,3,true,betfair+matchbook+smarkets,betfair+matchbook+smarkets,false,0.7083333333333334,0.7083333333333334,0.7051282051282052,12.327371,18.327371,sharp:0468,2026-08-07T20:00:02.327371+00:00,0,0.7083333333333334,0,0,3,false,sharp:0467,899.854367,sharp:0469,2700.005086,,,rn1:0149,11401.672629,true,2026-08-07T19:55:34+00:00,268.327371,0.7000000394,0x67339565230d8e1983f6cb27bd1f600c0ac8c0218184ed8c84918ff55273f7af,false,false,true,true,0.0083332939333334,,,true,false,0,,,,,,,,,,,,,,,false,false,false,false,true,false,0,,,,,,,,,,,,,,,false,false,false,false,true,true,2,2026-08-07T20:00:33+00:00,30.672629,0.7099999702,0.0099999308,0x3dd6ce0a414f83692d7d81cba17ac704acae571014c63b1a07cd86b6a254009e,2026-08-07T20:00:45+00:00,42.672629,17.327371,0.7099999702,0.0099999308,0x376205bfae07548882911afa60807a22b370eaa69c469882a577242367936ff3,0.7099999702,0.7099999702,0,false,false,true,true,true,true,3,2026-08-07T20:00:33+00:00,30.672629,0.7099999702,0.0099999308,0x3dd6ce0a414f83692d7d81cba17ac704acae571014c63b1a07cd86b6a254009e,2026-08-07T20:03:30+00:00,207.672629,92.327371,0.71,0.0099999606,0x8f5b88b6128ecff20abd76c5106125aa2138786fbdb9e367e4dfcfecd534e48a,0.7099999702,0.71,0.0000000298,false,false,false,false
H2-v1-EVENT-M5,H2-v1,sharp:0469,sharp,469,1673882,0x977c0519cc902a6bf7a8a6015ab745581615790f3f19b6f98b88c38054790d68,mlb-oak-bos-2026-08-07,Boston Red Sox,Athletics,2026-08-07T23:11:00+00:00,2026-08-07T20:45:02.332457+00:00,8757.667543,true,1,,,,,,,,,,,,,,,,,,,,3643,0.7157464212678937,0.7083333333333334,0.0074130879345603,1,2026-08-07T20:00:02.327371+00:00,2700.005086,3,true,betfair+matchbook+smarkets,betfair+matchbook+smarkets,false,0.7157464212678937,0.7172131147540984,0.7142857142857143,15.832457,21.332457,sharp:0469,2026-08-07T20:45:02.332457+00:00,0,0.7157464212678937,0.0074130879345603,1,3,false,sharp:0468,2700.005086,sharp:0470,901.31295,,,rn1:0149,8701.667543,true,2026-08-07T20:41:48+00:00,194.332457,0.719999856,0x759070ea591d7106e850b935b46b07d65c9fa0935df2050cb76b1d4400965a07,false,false,true,true,-0.0042534347321063,,,true,false,0,,,,,,,,,,,,,,,false,false,false,false,true,true,1,2026-08-07T20:45:31+00:00,28.667543,0.7199999831,0.0000001271,0x8bacdd9a8618e458d6a2c824e9e03466c10215111ba6482d6d60e2a845e4ba63,2026-08-07T20:45:31+00:00,28.667543,1.332457,0.7199999831,0.0000001271,0x8bacdd9a8618e458d6a2c824e9e03466c10215111ba6482d6d60e2a845e4ba63,0.7199999831,0.7199999831,0,true,true,true,true,true,true,2,2026-08-07T20:45:31+00:00,28.667543,0.7199999831,0.0000001271,0x8bacdd9a8618e458d6a2c824e9e03466c10215111ba6482d6d60e2a845e4ba63,2026-08-07T20:45:33+00:00,30.667543,29.332457,0.72,0.000000144,0xefcbac136ee72d8cb994647237e57f5b8a415486c63c5e6821b281360754f77a,0.7199999831,0.72,0.0000000169,false,false,true,true,true,true,6,2026-08-07T20:45:31+00:00,28.667543,0.7199999831,0.0000001271,0x8bacdd9a8618e458d6a2c824e9e03466c10215111ba6482d6d60e2a845e4ba63,2026-08-07T20:49:57+00:00,294.667543,5.332457,0.719999997,0.000000141,0xecf108e51fb7f34cb30dd30441cacc45ce9141a9b7910674134bf871250b703e,0.7100000044,0.72,0.0099999956,false,true,true,true
H2-v1-EVENT-M5,H2-v1,sharp:0470,sharp,470,1673882,0x977c0519cc902a6bf7a8a6015ab745581615790f3f19b6f98b88c38054790d68,mlb-oak-bos-2026-08-07,Boston Red Sox,Athletics,2026-08-07T23:11:00+00:00,2026-08-07T21:00:03.645407+00:00,7856.354593,true,1,,,,,,,,,,,,,,,,,,,,3660,0.7172131147540984,0.7157464212678937,0.0014666934862047,1,2026-08-07T20:45:02.332457+00:00,901.31295,3,true,betfair+matchbook+smarkets,betfair+matchbook+smarkets,false,0.7172131147540984,0.7200811359026369,0.7157676348547718,18.145407,24.645407,sharp:0470,2026-08-07T21:00:03.645407+00:00,0,0.7172131147540984,0.0014666934862047,1,3,false,sharp:0469,901.31295,sharp:0471,2699.063185,,,rn1:0149,7800.354593,true,2026-08-07T20:53:51+00:00,372.645407,0.7100001334,0x4c17f9d9637723f213fb3a1f7204257ec50cfaf896edbf9936766295e8b6e239,false,false,false,true,0.0072129813540984,,,true,false,0,,,,,,,,,,,,,,,false,false,false,false,true,false,0,,,,,,,,,,,,,,,false,false,false,false,true,false,0,,,,,,,,,,,,,,,false,false,false,false,true,false,0,,,,,,,,,,,,,,,false,false,false,false
H2-v1-EVENT-M5,H2-v1,sharp:0471,sharp,471,1673882,0x977c0519cc902a6bf7a8a6015ab745581615790f3f19b6f98b88c38054790d68,mlb-oak-bos-2026-08-07,Boston Red Sox,Athletics,2026-08-07T23:11:00+00:00,2026-08-07T21:45:02.708592+00:00,5157.291408,true,0,,,,,,,,,,,,,,,,,,,,3709,0.7172131147540984,0.7172131147540984,0,0,2026-08-07T21:00:03.645407+00:00,2699.063185,3,true,betfair+matchbook+smarkets,betfair+matchbook+smarkets,false,0.7172131147540984,0.7172131147540984,0.7157676348547718,12.708592,19.708592,sharp:0471,2026-08-07T21:45:02.708592+00:00,0,0.7172131147540984,0,0,3,false,sharp:0470,2699.063185,sharp:0472,900.66421,,,rn1:0149,5101.291408,true,2026-08-07T21:43:45+00:00,77.708592,0.7199999981,0x93b72df702a799373a09e31d8af2ef7a27448410177b7ad5aabe8dc446967856,false,false,true,true,-0.0027868833459016,,,true,false,0,,,,,,,,,,,,,,,false,false,false,false,true,false,0,,,,,,,,,,,,,,,false,false,false,false,true,false,0,,,,,,,,,,,,,,,false,false,false,false,true,true,2,2026-08-07T21:46:21+00:00,78.291408,0.7100000093,-0.0099999888,0x58b6c4537b412edbddad02b691ffbcf1f83ca7426414e4219f881cf65b53bc87,2026-08-07T21:49:33+00:00,270.291408,29.708592,0.7199999697,-0.0000000284,0x7a04f19b4d2f0443a66172217e684658c9527b5544e0b385a354e2ddd94b6d68,0.7100000093,0.7199999697,0.0099999604,false,false,true,true
H2-v1-EVENT-M5,H2-v1,sharp:0472,sharp,472,1673882,0x977c0519cc902a6bf7a8a6015ab745581615790f3f19b6f98b88c38054790d68,mlb-oak-bos-2026-08-07,Boston Red Sox,Athletics,2026-08-07T23:11:00+00:00,2026-08-07T22:00:03.372802+00:00,4256.627198,true,-1,,,,,,,,,,,,,,,,,,,,3726,0.7157676348547718,0.7172131147540984,-0.0014454798993266,-1,2026-08-07T21:45:02.708592+00:00,900.66421,3,true,betfair+matchbook+smarkets,betfair+matchbook+smarkets,false,0.7157464212678937,0.7200811359026369,0.7157676348547718,12.872802,24.372802,sharp:0472,2026-08-07T22:00:03.372802+00:00,0,0.7157676348547718,-0.0014454798993266,-1,3,false,sharp:0471,900.66421,sharp:0473,2698.574759,,,rn1:0149,4200.627198,true,2026-08-07T21:57:22+00:00,161.372802,0.7199999856,0xbb158c36513bdb1d028cbfbf975364a3e5138bc4a57e0e7c4656f5f68ae43c65,false,false,true,true,-0.0042323507452282,,,true,false,0,,,,,,,,,,,,,,,false,false,false,false,true,false,0,,,,,,,,,,,,,,,false,false,false,false,true,true,1,2026-08-07T22:00:55+00:00,51.627198,0.7199999965,0.0000000109,0x886413edd151687bb25e3c1edd446deb335e1e0ddc9d6f4b275b33bbc09885cc,2026-08-07T22:00:55+00:00,51.627198,8.372802,0.7199999965,0.0000000109,0x886413edd151687bb25e3c1edd446deb335e1e0ddc9d6f4b275b33bbc09885cc,0.7199999965,0.7199999965,0,false,true,true,true,true,true,5,2026-08-07T22:00:55+00:00,51.627198,0.7199999965,0.0000000109,0x886413edd151687bb25e3c1edd446deb335e1e0ddc9d6f4b275b33bbc09885cc,2026-08-07T22:04:06+00:00,242.627198,57.372802,0.7100000212,-0.0099999644,0xf407719f94826b1669060ef9a3fe30324c6948784ddf6493f708bdbc2b7dd257,0.7100000212,0.7199999965,0.0099999753,false,false,false,true
H2-v1-EVENT-M5,H2-v1,sharp:0473,sharp,473,1673882,0x977c0519cc902a6bf7a8a6015ab745581615790f3f19b6f98b88c38054790d68,mlb-oak-bos-2026-08-07,Boston Red Sox,Athletics,2026-08-07T23:11:00+00:00,2026-08-07T22:45:01.947561+00:00,1558.052439,true,-1,,,,,,,,,,,,,,,,,,,,3775,0.7157464212678937,0.7157676348547718,-0.0000212135868781,-1,2026-08-07T22:00:03.372802+00:00,2698.574759,3,true,betfair+matchbook+smarkets,betfair+matchbook+smarkets,false,0.7157464212678937,0.7157464212678937,0.7157676348547718,9.447561,19.947561,sharp:0473,2026-08-07T22:45:01.947561+00:00,0,0.7157464212678937,-0.0000212135868781,-1,3,false,sharp:0472,2698.574759,sharp:0474,902.048048,,,rn1:0149,1502.052439,true,2026-08-07T22:44:10+00:00,51.947561,0.72,0x6eab672ff1f0ba636fe880e4f2c2a704ede80226e8a8f39199b5cca3031f426a,false,true,true,true,-0.0042535787321063,,,true,false,0,,,,,,,,,,,,,,,false,false,false,false,true,false,0,,,,,,,,,,,,,,,false,false,false,false,true,false,0,,,,,,,,,,,,,,,false,false,false,false,true,true,1,2026-08-07T22:48:49+00:00,227.052439,0.7100000522,-0.0099999478,0xa1a7dbb5ff33e803ad35d4f56803cc0b18de949318fe7f4331eba491676f6803,2026-08-07T22:48:49+00:00,227.052439,72.947561,0.7100000522,-0.0099999478,0xa1a7dbb5ff33e803ad35d4f56803cc0b18de949318fe7f4331eba491676f6803,0.7100000522,0.7100000522,0,false,false,false,false
H2-v1-EVENT-M5,H2-v1,sharp:0474,sharp,474,1673882,0x977c0519cc902a6bf7a8a6015ab745581615790f3f19b6f98b88c38054790d68,mlb-oak-bos-2026-08-07,Boston Red Sox,Athletics,2026-08-07T23:11:00+00:00,2026-08-07T23:00:03.995609+00:00,656.004391,true,1,,,,,,,,,,,,,,,,,,,,3792,0.7157676348547718,0.7157464212678937,0.0000212135868781,1,2026-08-07T22:45:01.947561+00:00,902.048048,3,true,betfair+matchbook+smarkets,betfair+matchbook+smarkets,false,0.71647976801099605,0.7157464212678937,0.7157676348547718,12.495609,12.995609,sharp:0474,2026-08-07T23:00:03.995609+00:00,0,0.7157676348547718,0.0000212135868781,1,3,false,sharp:0473,902.048048,,,,,rn1:0149,600.004391,true,2026-08-07T22:59:58+00:00,5.995609,0.7100001614,0xb6ed1532fd1b01b30c0af9a7dca3c41501c51b79905701dc6af13fe74510cb68,true,true,true,true,0.0057674734547718,,,true,false,0,,,,,,,,,,,,,,,false,false,false,false,true,true,4,2026-08-07T23:00:21+00:00,17.004391,0.72,0.0099998386,0xae25abef1107a85d83cc54454575a3346206721e6e421e75551fb760dbe6f938,2026-08-07T23:00:25+00:00,21.004391,8.995609,0.710000076,-0.0000000854,0x9439cf1af63b1dfdbb2036f3ba98888ba4017e6fee99a43d65afd34e6933ac3b,0.7100000725,0.72,0.0099999275,false,true,true,true,true,true,11,2026-08-07T23:00:21+00:00,17.004391,0.72,0.0099998386,0xae25abef1107a85d83cc54454575a3346206721e6e421e75551fb760dbe6f938,2026-08-07T23:01:03+00:00,59.004391,0.995609,0.7100000064,-0.000000155,0x691e5be42b9649f31ebe429a88cc04ea7266b344675a2ae898aef667cfd05909,0.7100000064,0.72,0.0099999936,true,true,true,true,true,true,81,2026-08-07T23:00:21+00:00,17.004391,0.72,0.0099998386,0xae25abef1107a85d83cc54454575a3346206721e6e421e75551fb760dbe6f938,2026-08-07T23:05:03+00:00,299.004391,0.995609,0.72,0.0099998386,0x8a2631764c844bc11d09d3dd8eccc09fbcca455562cbf0fcdf11c498f1697091,0.710000001,0.72,0.009999999,true,true,true,true
H2-v1-EVENT-M5,H2-v1,rn1:0149,rn1,149,1673882,0x977c0519cc902a6bf7a8a6015ab745581615790f3f19b6f98b88c38054790d68,mlb-oak-bos-2026-08-07,Boston Red Sox,Athletics,2026-08-07T23:11:00+00:00,2026-08-07T23:10:04+00:00,56,true,1,3347510,Boston Red Sox,home,BUY,0.71,0.71,117,83.07,117,83.07,0x9be8b0c9333f9c8a703b05149f6c5c7c2d0c142a674a1dee03c12be7d58b8033,d1dd6455b1f594673ef2c484194271efd3c1ed410f2db88c14c854133b92130e,1673882:2026-08-07T23:10:04+00:00,1,1,117,83.07,1,1,,,,,,,,,,,,,,,,,,sharp:0474,2026-08-07T23:00:03.995609+00:00,600.004391,0.7157676348547718,0.0000212135868781,1,3,false,sharp:0474,600.004391,,,,,,,true,2026-08-07T23:09:33+00:00,31,0.71,0x637efd05157fc6f02c66bec812ef5d7809073e1dc8c8921c1ae3aa08826348fb,false,true,true,true,0.0057676348547718,0,true,true,true,2,2026-08-07T23:10:06+00:00,2,0.7299998102,0.0199998102,0xbb6a5490ab00816bd4ed4d9c377a305a9eeef14c214e043be64233b9e45155d5,2026-08-07T23:10:06+00:00,2,8,0.7299999087,0.0199999087,0xd7b9906dc5f4df60fa5488a659bb55581fde1a38aa150492670e360ade83eb86,0.7299998102,0.7299999087,0.0000000985,false,true,true,true,true,true,3,2026-08-07T23:10:06+00:00,2,0.7299998102,0.0199998102,0xbb6a5490ab00816bd4ed4d9c377a305a9eeef14c214e043be64233b9e45155d5,2026-08-07T23:10:24+00:00,20,10,0.729999958,0.019999958,0x484509b68caec1b5021288e5bf3d9e51324e7d809dd61039c8daab80bfc31056,0.7299998102,0.729999958,0.0000001478,false,true,true,true,false,false,0,,,,,,,,,,,,,,,false,false,false,false,false,false,0,,,,,,,,,,,,,,,false,false,false,false
H2-v1-EVENT-M5,H2-v1,sharp:0475,sharp,475,1673893,0x396c671d5f43d443da553cecd9a2922ae6f3ef60fef77961d47c554241817409,mlb-cle-cws-2026-08-07,Chicago White Sox,Cleveland Guardians,2026-08-07T23:41:00+00:00,2026-08-06T23:00:02.340366+00:00,88857.659634,false,,,,,,,,,,,,,,,,,,,,,2234,0.4807692307692309,,,,,,1,false,smarkets,,,,,0.4807692307692309,2.340366,2.340366,sharp:0475,2026-08-06T23:00:02.340366+00:00,0,0.4807692307692309,,,1,,,,sharp:0476,3600.154995,,,,,true,2026-08-06T22:05:48+00:00,3254.340366,0.49,0x34400ac7b11a747cd073f2affc8dd35ac28d152aa6e8e0142f689b33b26d7277,false,false,false,false,-0.0092307692307691,,,true,false,0,,,,,,,,,,,,,,,false,false,false,false,true,false,0,,,,,,,,,,,,,,,false,false,false,false,true,false,0,,,,,,,,,,,,,,,false,false,false,false,true,false,0,,,,,,,,,,,,,,,false,false,false,false
H2-v1-EVENT-M5,H2-v1,sharp:0476,sharp,476,1673893,0x396c671d5f43d443da553cecd9a2922ae6f3ef60fef77961d47c554241817409,mlb-cle-cws-2026-08-07,Chicago White Sox,Cleveland Guardians,2026-08-07T23:41:00+00:00,2026-08-07T00:00:02.495361+00:00,85257.504639,true,-1,,,,,,,,,,,,,,,,,,,,2300,0.47203734310090677,0.4807692307692309,-0.00873188766832413,-1,2026-08-06T23:00:02.340366+00:00,3600.154995,2,true,matchbook+smarkets,smarkets,true,,0.47540983606557374,0.4686648501362398,7.495361,8.495361,sharp:0476,2026-08-07T00:00:02.495361+00:00,0,0.47203734310090677,-0.00873188766832413,-1,2,true,sharp:0475,3600.154995,sharp:0477,13500.356281,,,,,true,2026-08-06T23:56:17+00:00,225.495361,0.4700000413,0x5b2feff1f9293c70eeca2c628959322efd435f59b4fd57827d06c0ec3084a075,false,false,true,true,0.00203730180090677,,,true,false,0,,,,,,,,,,,,,,,false,false,false,false,true,false,0,,,,,,,,,,,,,,,false,false,false,false,true,false,0,,,,,,,,,,,,,,,false,false,false,false,true,false,0,,,,,,,,,,,,,,,false,false,false,false
H2-v1-EVENT-M5,H2-v1,sharp:0477,sharp,477,1673893,0x396c671d5f43d443da553cecd9a2922ae6f3ef60fef77961d47c554241817409,mlb-cle-cws-2026-08-07,Chicago White Sox,Cleveland Guardians,2026-08-07T23:41:00+00:00,2026-08-07T03:45:02.851642+00:00,71757.148358,true,-1,,,,,,,,,,,,,,,,,,,,2547,0.45125383115073835,0.47203734310090677,-0.02078351195016842,-1,2026-08-07T00:00:02.495361+00:00,13500.356281,2,true,matchbook+smarkets,matchbook+smarkets,false,,0.4484536082474227,0.454054054054054,4.351642,5.851642,sharp:0477,2026-08-07T03:45:02.851642+00:00,0,0.45125383115073835,-0.02078351195016842,-1,2,false,sharp:0476,13500.356281,sharp:0478,3599.357702,,,,,true,2026-08-07T03:42:06+00:00,176.851642,0.4400000108,0x6c8203dc99cfc073baed17c48e8d51bea844fd6202b1f162e0b8988a64f356c0,false,false,true,true,0.01125382035073835,,,true,false,0,,,,,,,,,,,,,,,false,false,false,false,true,false,0,,,,,,,,,,,,,,,false,false,false,false,true,false,0,,,,,,,,,,,,,,,false,false,false,false,true,false,0,,,,,,,,,,,,,,,false,false,false,false
H2-v1-EVENT-M5,H2-v1,sharp:0478,sharp,478,1673893,0x396c671d5f43d443da553cecd9a2922ae6f3ef60fef77961d47c554241817409,mlb-cle-cws-2026-08-07,Chicago White Sox,Cleveland Guardians,2026-08-07T23:41:00+00:00,2026-08-07T04:45:02.209344+00:00,68157.790656,true,1,,,,,,,,,,,,,,,,,,,,2613,0.452318491719157585,0.45125383115073835,0.001064660568419235,1,2026-08-07T03:45:02.851642+00:00,3599.357702,2,true,matchbook+smarkets,matchbook+smarkets,false,,0.4598930481283422,0.44474393530997297,5.709344,6.209344,sharp:0478,2026-08-07T04:45:02.209344+00:00,0,0.452318491719157585,0.001064660568419235,1,2,false,sharp:0477,3599.357702,sharp:0479,47700.619906,,,,,true,2026-08-07T04:31:12+00:00,830.209344,0.4300000941,0xa2de7c8981ff0edd57c6effcdf5cbb8e3bcc29bf435b656bbc9a76ccc99661ab,false,false,false,false,0.022318397619157585,,,true,false,0,,,,,,,,,,,,,,,false,false,false,false,true,true,3,2026-08-07T04:45:27+00:00,24.790656,0.4499999983,0.0199999042,0x05ec393f0d2e7fc348e915c479304bd71e15705da639824e9af8e053088f9a37,2026-08-07T04:45:30+00:00,27.790656,2.209344,0.4360938733,0.0060937792,0xc791f2380431549ff48187bf16788fb232a0a1d69104d7912b68c2d7d53d1229,0.4360938733,0.4499999983,0.013906125,true,true,true,true,true,true,4,2026-08-07T04:45:27+00:00,24.790656,0.4499999983,0.0199999042,0x05ec393f0d2e7fc348e915c479304bd71e15705da639824e9af8e053088f9a37,2026-08-07T04:45:48+00:00,45.790656,14.209344,0.4399999427,0.0099998486,0xb4b18a0114e9758b2472512999d5c5a8e408b5b5a2b484b7eb016a3b8ea01ff3,0.4360938733,0.4499999983,0.013906125,false,true,true,true,true,true,4,2026-08-07T04:45:27+00:00,24.790656,0.4499999983,0.0199999042,0x05ec393f0d2e7fc348e915c479304bd71e15705da639824e9af8e053088f9a37,2026-08-07T04:45:48+00:00,45.790656,254.209344,0.4399999427,0.0099998486,0xb4b18a0114e9758b2472512999d5c5a8e408b5b5a2b484b7eb016a3b8ea01ff3,0.4360938733,0.4499999983,0.013906125,false,false,false,false
H2-v1-EVENT-M5,H2-v1,sharp:0479,sharp,479,1673893,0x396c671d5f43d443da553cecd9a2922ae6f3ef60fef77961d47c554241817409,mlb-cle-cws-2026-08-07,Chicago White Sox,Cleveland Guardians,2026-08-07T23:41:00+00:00,2026-08-07T18:00:02.829250+00:00,20457.17075,true,-1,,,,,,,,,,,,,,,,,,,,3462,0.425061425061425,0.452318491719157585,-0.027257066657732585,-1,2026-08-07T04:45:02.209344+00:00,47700.619906,3,true,betfair+matchbook+smarkets,matchbook+smarkets,true,0.425061425061425,0.425061425061425,0.42786069651741293,16.32925,21.82925,sharp:0479,2026-08-07T18:00:02.829250+00:00,0,0.425061425061425,-0.027257066657732585,-1,3,true,sharp:0478,47700.619906,sharp:0480,2699.352093,,,,,true,2026-08-07T17:55:07+00:00,295.82925,0.429999828,0x4867bafc8cc52e9f9b348e8e1865884ad9b9f4ffabe52a8074a27072de3b02d6,false,false,true,true,-0.004938402938575,,,true,false,0,,,,,,,,,,,,,,,false,false,false,false,true,false,0,,,,,,,,,,,,,,,false,false,false,false,true,false,0,,,,,,,,,,,,,,,false,false,false,false,true,false,0,,,,,,,,,,,,,,,false,false,false,false
H2-v1-EVENT-M5,H2-v1,sharp:0480,sharp,480,1673893,0x396c671d5f43d443da553cecd9a2922ae6f3ef60fef77961d47c554241817409,mlb-cle-cws-2026-08-07,Chicago White Sox,Cleveland Guardians,2026-08-07T23:41:00+00:00,2026-08-07T18:45:02.181343+00:00,17757.818657,true,1,,,,,,,,,,,,,,,,,,,,3511,0.42716049382716054,0.425061425061425,0.00209906876573554,1,2026-08-07T18:00:02.829250+00:00,2699.352093,3,true,betfair+matchbook+smarkets,betfair+matchbook+smarkets,false,0.42716049382716054,0.425061425061425,0.42999999999999994,8.681343,19.181343,sharp:0480,2026-08-07T18:45:02.181343+00:00,0,0.42716049382716054,0.00209906876573554,1,3,false,sharp:0479,2699.352093,sharp:0481,900.932203,,,,,true,2026-08-07T18:31:58+00:00,784.181343,0.4200000141,0x0805fa4e088d75ed35542fbfe4b71c63438eb3ed31869655adce12cc7ddc0dc7,false,false,false,false,0.00716047972716054,,,true,false,0,,,,,,,,,,,,,,,false,false,false,false,true,false,0,,,,,,,,,,,,,,,false,false,false,false,true,false,0,,,,,,,,,,,,,,,false,false,false,false,true,false,0,,,,,,,,,,,,,,,false,false,false,false
H2-v1-EVENT-M5,H2-v1,sharp:0481,sharp,481,1673893,0x396c671d5f43d443da553cecd9a2922ae6f3ef60fef77961d47c554241817409,mlb-cle-cws-2026-08-07,Chicago White Sox,Cleveland Guardians,2026-08-07T23:41:00+00:00,2026-08-07T19:00:03.113546+00:00,16856.886454,true,0,,,,,,,,,,,,,,,,,,,,3528,0.42716049382716054,0.42716049382716054,0,0,2026-08-07T18:45:02.181343+00:00,900.932203,3,true,betfair+matchbook+smarkets,betfair+matchbook+smarkets,false,0.42716049382716054,0.42716049382716054,0.42999999999999994,17.113546,32.113546,sharp:0481,2026-08-07T19:00:03.113546+00:00,0,0.42716049382716054,0,0,3,false,sharp:0480,900.932203,sharp:0482,2699.359458,,,,,true,2026-08-07T18:59:09+00:00,54.113546,0.4200000033,0x995a8adb08fb2965a3063034cb146df1a899d47355cb6c937972585e6b6be33b,false,true,true,true,0.00716049052716054,,,true,false,0,,,,,,,,,,,,,,,false,false,false,false,true,false,0,,,,,,,,,,,,,,,false,false,false,false,true,false,0,,,,,,,,,,,,,,,false,false,false,false,true,true,1,2026-08-07T19:04:51+00:00,287.886454,0.42,-0.0000000033,0x6e858fe8980a5154ca4c88339bb64502477f7419cab013c44cc88721a42256cc,2026-08-07T19:04:51+00:00,287.886454,12.113546,0.42,-0.0000000033,0x6e858fe8980a5154ca4c88339bb64502477f7419cab013c44cc88721a42256cc,0.42,0.42,0,false,true,true,true
H2-v1-EVENT-M5,H2-v1,sharp:0482,sharp,482,1673893,0x396c671d5f43d443da553cecd9a2922ae6f3ef60fef77961d47c554241817409,mlb-cle-cws-2026-08-07,Chicago White Sox,Cleveland Guardians,2026-08-07T23:41:00+00:00,2026-08-07T19:45:02.473004+00:00,14157.526996,true,-1,,,,,,,,,,,,,,,,,,,,3577,0.425061425061425,0.42716049382716054,-0.00209906876573554,-1,2026-08-07T19:00:03.113546+00:00,2699.359458,3,true,betfair+matchbook+smarkets,betfair+matchbook+smarkets,false,0.425061425061425,0.425061425061425,0.42999999999999994,9.473004,16.473004,sharp:0482,2026-08-07T19:45:02.473004+00:00,0,0.425061425061425,-0.00209906876573554,-1,3,false,sharp:0481,2699.359458,sharp:0483,899.854367,,,,,true,2026-08-07T19:21:48+00:00,1394.473004,0.4200000139,0x7b91af33fde18b076d5ac512a1a191bb516d07c215aef81d4442a9d76adef4b0,false,false,false,false,0.005061411161425,,,true,false,0,,,,,,,,,,,,,,,false,false,false,false,true,false,0,,,,,,,,,,,,,,,false,false,false,false,true,false,0,,,,,,,,,,,,,,,false,false,false,false,true,false,0,,,,,,,,,,,,,,,false,false,false,false
H2-v1-EVENT-M5,H2-v1,sharp:0483,sharp,483,1673893,0x396c671d5f43d443da553cecd9a2922ae6f3ef60fef77961d47c554241817409,mlb-cle-cws-2026-08-07,Chicago White Sox,Cleveland Guardians,2026-08-07T23:41:00+00:00,2026-08-07T20:00:02.327371+00:00,13257.672629,true,1,,,,,,,,,,,,,,,,,,,,3594,0.42611095944429277,0.425061425061425,0.00104953438286777,1,2026-08-07T19:45:02.473004+00:00,899.854367,3,true,betfair+matchbook+smarkets,betfair+matchbook+smarkets,false,0.42611095944429277,0.425061425061425,0.4285714285714286,12.327371,18.327371,sharp:0483,2026-08-07T20:00:02.327371+00:00,0,0.42611095944429277,0.00104953438286777,1,3,false,sharp:0482,899.854367,sharp:0484,2700.005086,,,,,true,2026-08-07T19:58:52+00:00,70.327371,0.42,0xdb29518c302d68a9156d4c215df39e19472b5bfdc18f3e2140146df3ee9d7703,false,false,true,true,0.00611095944429277,,,true,true,1,2026-08-07T20:00:09+00:00,6.672629,0.42,0,0xd2ae89af57f4f2a4c6dbd42ed7934bb331682d076334129418b6b3d123de4c57,2026-08-07T20:00:09+00:00,6.672629,3.327371,0.42,0,0xd2ae89af57f4f2a4c6dbd42ed7934bb331682d076334129418b6b3d123de4c57,0.42,0.42,0,true,true,true,true,true,true,1,2026-08-07T20:00:09+00:00,6.672629,0.42,0,0xd2ae89af57f4f2a4c6dbd42ed7934bb331682d076334129418b6b3d123de4c57,2026-08-07T20:00:09+00:00,6.672629,23.327371,0.42,0,0xd2ae89af57f4f2a4c6dbd42ed7934bb331682d076334129418b6b3d123de4c57,0.42,0.42,0,false,false,true,true,true,true,1,2026-08-07T20:00:09+00:00,6.672629,0.42,0,0xd2ae89af57f4f2a4c6dbd42ed7934bb331682d076334129418b6b3d123de4c57,2026-08-07T20:00:09+00:00,6.672629,53.327371,0.42,0,0xd2ae89af57f4f2a4c6dbd42ed7934bb331682d076334129418b6b3d123de4c57,0.42,0.42,0,false,false,false,true,true,true,1,2026-08-07T20:00:09+00:00,6.672629,0.42,0,0xd2ae89af57f4f2a4c6dbd42ed7934bb331682d076334129418b6b3d123de4c57,2026-08-07T20:00:09+00:00,6.672629,293.327371,0.42,0,0xd2ae89af57f4f2a4c6dbd42ed7934bb331682d076334129418b6b3d123de4c57,0.42,0.42,0,false,false,false,false
H2-v1-EVENT-M5,H2-v1,sharp:0484,sharp,484,1673893,0x396c671d5f43d443da553cecd9a2922ae6f3ef60fef77961d47c554241817409,mlb-cle-cws-2026-08-07,Chicago White Sox,Cleveland Guardians,2026-08-07T23:41:00+00:00,2026-08-07T20:45:02.332457+00:00,10557.667543,true,1,,,,,,,,,,,,,,,,,,,,3643,0.43216080402010054,0.42611095944429277,0.00604984457580777,1,2026-08-07T20:00:02.327371+00:00,2700.005086,3,true,betfair+matchbook+smarkets,betfair+matchbook+smarkets,false,0.43209876543209885,0.43349753694581283,0.43216080402010054,15.832457,21.332457,sharp:0484,2026-08-07T20:45:02.332457+00:00,0,0.43216080402010054,0.00604984457580777,1,3,false,sharp:0483,2700.005086,sharp:0485,901.31295,,,,,true,2026-08-07T20:44:51+00:00,11.332457,0.43,0x2315b898646b8009c599d2740b9416ffe543aeb74e343278ffb7a8e062478194,true,true,true,true,0.00216080402010054,,,true,false,0,,,,,,,,,,,,,,,false,false,false,false,true,true,2,2026-08-07T20:45:18+00:00,15.667543,0.4200000795,-0.0099999205,0xd99c2ceb68fba0854f87280c8a4843a082860e79707d1221addbf06a048aa915,2026-08-07T20:45:24+00:00,21.667543,8.332457,0.420000041,-0.009999959,0x5a0da0bef76ef09a402acd73d93976162c02686a20938f61f156aa5ff9fea6b5,0.420000041,0.4200000795,0.0000000385,false,true,true,true,true,true,2,2026-08-07T20:45:18+00:00,15.667543,0.4200000795,-0.0099999205,0xd99c2ceb68fba0854f87280c8a4843a082860e79707d1221addbf06a048aa915,2026-08-07T20:45:24+00:00,21.667543,38.332457,0.420000041,-0.009999959,0x5a0da0bef76ef09a402acd73d93976162c02686a20938f61f156aa5ff9fea6b5,0.420000041,0.4200000795,0.0000000385,false,false,false,true,true,true,6,2026-08-07T20:45:18+00:00,15.667543,0.4200000795,-0.0099999205,0xd99c2ceb68fba0854f87280c8a4843a082860e79707d1221addbf06a048aa915,2026-08-07T20:48:37+00:00,214.667543,85.332457,0.4299999961,-0.0000000039,0xc1d4c4cc7484ed5ac45c93f88297c0be47d4dfc3fd6d12553cadd21b76635c59,0.4200000155,0.43,0.0099999845,false,false,false,false
H2-v1-EVENT-M5,H2-v1,sharp:0485,sharp,485,1673893,0x396c671d5f43d443da553cecd9a2922ae6f3ef60fef77961d47c554241817409,mlb-cle-cws-2026-08-07,Chicago White Sox,Cleveland Guardians,2026-08-07T23:41:00+00:00,2026-08-07T21:00:03.645407+00:00,9656.354593,true,-1,,,,,,,,,,,,,,,,,,,,3660,0.42997542997543,0.43216080402010054,-0.00218537404467054,-1,2026-08-07T20:45:02.332457+00:00,901.31295,3,true,betfair+matchbook+smarkets,betfair+matchbook+smarkets,false,0.4285714285714286,0.42997542997543,0.43216080402010054,18.145407,24.645407,sharp:0485,2026-08-07T21:00:03.645407+00:00,0,0.42997542997543,-0.00218537404467054,-1,3,false,sharp:0484,901.31295,sharp:0486,2699.063185,,,,,true,2026-08-07T20:59:30+00:00,33.645407,0.43,0x7826f56251f05a872aba1bd018b8055252da59827a01995dfa0d047cc514ffbe,false,true,true,true,-0.00002457002457,,,true,false,0,,,,,,,,,,,,,,,false,false,false,false,true,false,0,,,,,,,,,,,,,,,false,false,false,false,true,false,0,,,,,,,,,,,,,,,false,false,false,false,true,true,3,2026-08-07T21:01:21+00:00,77.354593,0.43,0,0x809dbe824a885e8ebea2b9858681284f25bc735549de77ffdd29f830883e58fd,2026-08-07T21:05:00+00:00,296.354593,3.645407,0.43,0,0x91e94c89c2e9c0d815f0d68961e7f68272032349295caa903bb5607fef3efda8,0.43,0.43,0,true,true,true,true
H2-v1-EVENT-M5,H2-v1,sharp:0486,sharp,486,1673893,0x396c671d5f43d443da553cecd9a2922ae6f3ef60fef77961d47c554241817409,mlb-cle-cws-2026-08-07,Chicago White Sox,Cleveland Guardians,2026-08-07T23:41:00+00:00,2026-08-07T21:45:02.708592+00:00,6957.291408,true,1,,,,,,,,,,,,,,,,,,,,3709,0.43353949853709125,0.42997542997543,0.00356406856166125,1,2026-08-07T21:00:03.645407+00:00,2699.063185,3,true,betfair+matchbook+smarkets,betfair+matchbook+smarkets,false,0.43353949853709125,0.4342431761786601,0.4307304785894207,12.708592,19.708592,sharp:0486,2026-08-07T21:45:02.708592+00:00,0,0.43353949853709125,0.00356406856166125,1,3,false,sharp:0485,2699.063185,sharp:0487,900.66421,,,,,true,2026-08-07T21:43:25+00:00,97.708592,0.43,0x05cc91e77eff067236018345840b8781453d8d0e2ebfb47605b30f09087b4616,false,false,true,true,0.00353949853709125,,,true,false,0,,,,,,,,,,,,,,,false,false,false,false,true,true,1,2026-08-07T21:45:15+00:00,12.291408,0.43,0,0x735a3ca8ec611de07bdea4d4ab486dc8ee91671778d62799385579c52178fb74,2026-08-07T21:45:15+00:00,12.291408,17.708592,0.43,0,0x735a3ca8ec611de07bdea4d4ab486dc8ee91671778d62799385579c52178fb74,0.43,0.43,0,false,false,true,true,true,true,1,2026-08-07T21:45:15+00:00,12.291408,0.43,0,0x735a3ca8ec611de07bdea4d4ab486dc8ee91671778d62799385579c52178fb74,2026-08-07T21:45:15+00:00,12.291408,47.708592,0.43,0,0x735a3ca8ec611de07bdea4d4ab486dc8ee91671778d62799385579c52178fb74,0.43,0.43,0,false,false,false,true,true,true,5,2026-08-07T21:45:15+00:00,12.291408,0.43,0,0x735a3ca8ec611de07bdea4d4ab486dc8ee91671778d62799385579c52178fb74,2026-08-07T21:48:55+00:00,232.291408,67.708592,0.43,0,0x680da99f21cd7796a457803df0860be5a4db8bab7b03b4113246abaa4dd3d82b,0.42,0.43,0.01,false,false,false,false
H2-v1-EVENT-M5,H2-v1,sharp:0487,sharp,487,1673893,0x396c671d5f43d443da553cecd9a2922ae6f3ef60fef77961d47c554241817409,mlb-cle-cws-2026-08-07,Chicago White Sox,Cleveland Guardians,2026-08-07T23:41:00+00:00,2026-08-07T22:00:03.372802+00:00,6056.627198,true,-1,,,,,,,,,,,,,,,,,,,,3726,0.4328358208955224,0.43353949853709125,-0.00070367764156885,-1,2026-08-07T21:45:02.708592+00:00,900.66421,3,true,betfair+matchbook+smarkets,betfair+matchbook+smarkets,false,0.4328358208955224,0.4342431761786601,0.4307304785894207,12.872802,24.372802,sharp:0487,2026-08-07T22:00:03.372802+00:00,0,0.4328358208955224,-0.00070367764156885,-1,3,false,sharp:0486,900.66421,sharp:0488,2698.574759,,,,,true,2026-08-07T21:59:54+00:00,9.372802,0.43,0x95e093ff9e8d361fed5b8af3ba0f15e7f478fc3f47f6f558d7eeff2222567143,true,true,true,true,0.0028358208955224,,,true,false,0,,,,,,,,,,,,,,,false,false,false,false,true,false,0,,,,,,,,,,,,,,,false,false,false,false,true,false,0,,,,,,,,,,,,,,,false,false,false,false,true,true,2,2026-08-07T22:01:43+00:00,99.627198,0.43,0,0x037e7dcaa0af34e303782ddf9a5ebde7cd86ea9c8e00c08f527c19c385ed113b,2026-08-07T22:03:33+00:00,209.627198,90.372802,0.43,0,0x4184d89a41f5bb3ba0490680dfe9560fc4ad3b0cfd04e9c83f36296f2cb95108,0.43,0.43,0,false,false,false,false
H2-v1-EVENT-M5,H2-v1,sharp:0488,sharp,488,1673893,0x396c671d5f43d443da553cecd9a2922ae6f3ef60fef77961d47c554241817409,mlb-cle-cws-2026-08-07,Chicago White Sox,Cleveland Guardians,2026-08-07T23:41:00+00:00,2026-08-07T22:45:01.947561+00:00,3358.052439,true,-1,,,,,,,,,,,,,,,,,,,,3775,0.42716049382716054,0.4328358208955224,-0.00567532706836186,-1,2026-08-07T22:00:03.372802+00:00,2698.574759,3,true,betfair+matchbook+smarkets,betfair+matchbook+smarkets,false,0.42716049382716054,0.42716049382716054,0.42643391521197016,9.447561,19.947561,sharp:0488,2026-08-07T22:45:01.947561+00:00,0,0.42716049382716054,-0.00567532706836186,-1,3,false,sharp:0487,2698.574759,sharp:0489,902.048048,,,,,true,2026-08-07T22:43:49+00:00,72.947561,0.43,0x459390cd6fbe1909e848443001cd2984fff2de7452f3da3334dd5e0cbbeb3cfa,false,false,true,true,-0.00283950617283946,,,true,false,0,,,,,,,,,,,,,,,false,false,false,false,true,true,1,2026-08-07T22:45:13+00:00,11.052439,0.4200000139,-0.0099999861,0xc78e081eafdd50f7ac9545730803dd4711737a2055de11dad1147f6f573c1fb2,2026-08-07T22:45:13+00:00,11.052439,18.947561,0.4200000139,-0.0099999861,0xc78e081eafdd50f7ac9545730803dd4711737a2055de11dad1147f6f573c1fb2,0.4200000139,0.4200000139,0,false,false,true,true,true,true,2,2026-08-07T22:45:13+00:00,11.052439,0.4200000139,-0.0099999861,0xc78e081eafdd50f7ac9545730803dd4711737a2055de11dad1147f6f573c1fb2,2026-08-07T22:45:39+00:00,37.052439,22.947561,0.43,0,0x408cbd21cf2e2c1bc28180f72887a82982522ded22387bc0deba8ba78bea97bc,0.4200000139,0.43,0.0099999861,false,false,true,true,true,true,4,2026-08-07T22:45:13+00:00,11.052439,0.4200000139,-0.0099999861,0xc78e081eafdd50f7ac9545730803dd4711737a2055de11dad1147f6f573c1fb2,2026-08-07T22:49:19+00:00,257.052439,42.947561,0.43,0,0xff2a23a6662618d48164ba3859e67e4dc7686c5f6ffe5a6e823ee9688fa8a405,0.4200000139,0.43,0.0099999861,false,false,false,true
H2-v1-EVENT-M5,H2-v1,sharp:0489,sharp,489,1673893,0x396c671d5f43d443da553cecd9a2922ae6f3ef60fef77961d47c554241817409,mlb-cle-cws-2026-08-07,Chicago White Sox,Cleveland Guardians,2026-08-07T23:41:00+00:00,2026-08-07T23:00:03.995609+00:00,2456.004391,true,0,,,,,,,,,,,,,,,,,,,,3792,0.42716049382716054,0.42716049382716054,0,0,2026-08-07T22:45:01.947561+00:00,902.048048,3,true,betfair+matchbook+smarkets,betfair+matchbook+smarkets,false,0.42716049382716054,0.42716049382716054,0.42643391521197016,12.495609,12.995609,sharp:0489,2026-08-07T23:00:03.995609+00:00,0,0.42716049382716054,0,0,3,false,sharp:0488,902.048048,,,,,,,true,2026-08-07T22:58:28+00:00,95.995609,0.43,0x45fe445d0261ef0b91c9dc3332e15ff92ee7c304f83b20e170325faaa8f0b2a6,false,false,true,true,-0.00283950617283946,,,true,false,0,,,,,,,,,,,,,,,false,false,false,false,true,true,2,2026-08-07T23:00:18+00:00,14.004391,0.43,0,0xc7e48db90f8112f7c5d5069da0f181e7bdbb6ad53ce8f3139f29426e0fef25df,2026-08-07T23:00:28+00:00,24.004391,5.995609,0.4200000041,-0.0099999959,0x6e29fa7f8b776a882d24fb86f8da81e75d537ed9d7a66d74bd7ec95f32ea1744,0.4200000041,0.43,0.0099999959,false,true,true,true,true,true,2,2026-08-07T23:00:18+00:00,14.004391,0.43,0,0xc7e48db90f8112f7c5d5069da0f181e7bdbb6ad53ce8f3139f29426e0fef25df,2026-08-07T23:00:28+00:00,24.004391,35.995609,0.4200000041,-0.0099999959,0x6e29fa7f8b776a882d24fb86f8da81e75d537ed9d7a66d74bd7ec95f32ea1744,0.4200000041,0.43,0.0099999959,false,false,false,true,true,true,5,2026-08-07T23:00:18+00:00,14.004391,0.43,0,0xc7e48db90f8112f7c5d5069da0f181e7bdbb6ad53ce8f3139f29426e0fef25df,2026-08-07T23:04:39+00:00,275.004391,24.995609,0.42,-0.01,0x62820110344a0360becf30fb737cb92a1774447651712cbce24c1f2fcd50210b,0.42,0.43,0.01,false,false,true,true
H2-v1-EVENT-M5,H2-v1,sharp:0490,sharp,490,1673903,0x538589f4b0ba89623a2067830f6e137c0ed13eb4414cb8d5755abf19e9f94419,mlb-min-mil-2026-08-07,Milwaukee Brewers,Minnesota Twins,2026-08-07T23:41:00+00:00,2026-08-07T04:45:02.209344+00:00,68157.790656,false,,,,,,,,,,,,,,,,,,,,,2613,0.5978835978835979,,,,,,1,false,smarkets,,,,,0.5978835978835979,5.209344,5.209344,sharp:0490,2026-08-07T04:45:02.209344+00:00,0,0.5978835978835979,,,1,,,,sharp:0491,47700.619906,,,,,true,2026-08-07T04:42:12+00:00,170.209344,0.6199999628,0xab553bbf7847d9d9a92be0bfe200f8d547c4a21fa6019a8b1d9eff5382925875,false,false,true,true,-0.0221163649164021,,,true,false,0,,,,,,,,,,,,,,,false,false,false,false,true,false,0,,,,,,,,,,,,,,,false,false,false,false,true,false,0,,,,,,,,,,,,,,,false,false,false,false,true,false,0,,,,,,,,,,,,,,,false,false,false,false
H2-v1-EVENT-M5,H2-v1,sharp:0491,sharp,491,1673903,0x538589f4b0ba89623a2067830f6e137c0ed13eb4414cb8d5755abf19e9f94419,mlb-min-mil-2026-08-07,Milwaukee Brewers,Minnesota Twins,2026-08-07T23:41:00+00:00,2026-08-07T18:00:02.829250+00:00,20457.17075,true,1,,,,,,,,,,,,,,,,,,,,3462,0.6193853427895982,0.5978835978835979,0.0215017449060003,1,2026-08-07T04:45:02.209344+00:00,47700.619906,3,true,betfair+matchbook+smarkets,smarkets,true,0.6193853427895982,0.6193853427895982,0.6198547215496368,16.32925,21.82925,sharp:0491,2026-08-07T18:00:02.829250+00:00,0,0.6193853427895982,0.0215017449060003,1,3,true,sharp:0490,47700.619906,sharp:0492,2699.352093,,,,,true,2026-08-07T17:58:42+00:00,80.82925,0.6199999722,0x2aa94506b6b5637ee62fd6eab8f7d902e4d38bc71e9f25105e9fa59de8445850,false,false,true,true,-0.0006146294104018,,,true,false,0,,,,,,,,,,,,,,,false,false,false,false,true,false,0,,,,,,,,,,,,,,,false,false,false,false,true,false,0,,,,,,,,,,,,,,,false,false,false,false,true,true,2,2026-08-07T18:02:33+00:00,150.17075,0.61,-0.0099999722,0x9a0f02f7d2117a0ca94c3939bf2695a29b56f9ae542f106b56e40a8755c1b42f,2026-08-07T18:04:48+00:00,285.17075,14.82925,0.6100000226,-0.0099999496,0x9d9c636beabeb8519c6166faf566ac646ab515efa15765be3d9ea298e1870972,0.61,0.6100000226,0.0000000226,false,true,true,true
H2-v1-EVENT-M5,H2-v1,sharp:0492,sharp,492,1673903,0x538589f4b0ba89623a2067830f6e137c0ed13eb4414cb8d5755abf19e9f94419,mlb-min-mil-2026-08-07,Milwaukee Brewers,Minnesota Twins,2026-08-07T23:41:00+00:00,2026-08-07T18:45:02.181343+00:00,17757.818657,true,-1,,,,,,,,,,,,,,,,,,,,3511,0.6175771971496438,0.6193853427895982,-0.0018081456399544,-1,2026-08-07T18:00:02.829250+00:00,2699.352093,3,true,betfair+matchbook+smarkets,betfair+matchbook+smarkets,false,0.6175771971496438,0.6175771971496438,0.6180048661800486,8.681343,19.181343,sharp:0492,2026-08-07T18:45:02.181343+00:00,0,0.6175771971496438,-0.0018081456399544,-1,3,false,sharp:0491,2699.352093,sharp:0493,900.932203,,,,,true,2026-08-07T18:42:21+00:00,161.181343,0.6199999864,0xc6928e0de5b88cbed350b186e498ec60c964e1723b7c4ac4fd1c2f2e7062d184,false,false,true,true,-0.0024227892503562,,,true,false,0,,,,,,,,,,,,,,,false,false,false,false,true,false,0,,,,,,,,,,,,,,,false,false,false,false,true,false,0,,,,,,,,,,,,,,,false,false,false,false,true,false,0,,,,,,,,,,,,,,,false,false,false,false
H2-v1-EVENT-M5,H2-v1,sharp:0493,sharp,493,1673903,0x538589f4b0ba89623a2067830f6e137c0ed13eb4414cb8d5755abf19e9f94419,mlb-min-mil-2026-08-07,Milwaukee Brewers,Minnesota Twins,2026-08-07T23:41:00+00:00,2026-08-07T19:00:03.113546+00:00,16856.886454,true,0,,,,,,,,,,,,,,,,,,,,3528,0.6175771971496438,0.6175771971496438,0,0,2026-08-07T18:45:02.181343+00:00,900.932203,3,true,betfair+matchbook+smarkets,betfair+matchbook+smarkets,false,0.6175771971496438,0.6175771971496438,0.6180048661800486,17.113546,32.113546,sharp:0493,2026-08-07T19:00:03.113546+00:00,0,0.6175771971496438,0,0,3,false,sharp:0492,900.932203,sharp:0494,2699.359458,,,,,true,2026-08-07T19:00:01+00:00,2.113546,0.62,0x2df8005b39bea9e9230011e567c15d7059283f6e69b5d176a326d11e16082e0c,true,true,true,true,-0.0024228028503562,,,true,false,0,,,,,,,,,,,,,,,false,false,false,false,true,false,0,,,,,,,,,,,,,,,false,false,false,false,true,false,0,,,,,,,,,,,,,,,false,false,false,false,true,false,0,,,,,,,,,,,,,,,false,false,false,false
H2-v1-EVENT-M5,H2-v1,sharp:0494,sharp,494,1673903,0x538589f4b0ba89623a2067830f6e137c0ed13eb4414cb8d5755abf19e9f94419,mlb-min-mil-2026-08-07,Milwaukee Brewers,Minnesota Twins,2026-08-07T23:41:00+00:00,2026-08-07T19:45:02.473004+00:00,14157.526996,true,0,,,,,,,,,,,,,,,,,,,,3577,0.6175771971496438,0.6175771971496438,0,0,2026-08-07T19:00:03.113546+00:00,2699.359458,3,true,betfair+matchbook+smarkets,betfair+matchbook+smarkets,false,0.6175771971496438,0.6175771971496438,0.6180048661800486,9.473004,16.473004,sharp:0494,2026-08-07T19:45:02.473004+00:00,0,0.6175771971496438,0,0,3,false,sharp:0493,2699.359458,sharp:0495,899.854367,,,,,true,2026-08-07T19:41:19+00:00,223.473004,0.62,0xcc69a70c3b7cbf76b4c74bc9ebcf2fe908d56e8c2e619c380f52aa2b9bfae968,false,false,true,true,-0.0024228028503562,,,true,false,0,,,,,,,,,,,,,,,false,false,false,false,true,false,0,,,,,,,,,,,,,,,false,false,false,false,true,true,2,2026-08-07T19:45:40+00:00,37.526996,0.62,0,0x2ecb028f1e9a0130528da75d4428a87c2e3207d32b04f8d8db9ae68c61e891b5,2026-08-07T19:45:45+00:00,42.526996,17.473004,0.6199999863,-0.0000000137,0x6f2b11950735de69155b166d3394a1312698e5526c3f939dca333302ba51d299,0.6199999863,0.62,0.0000000137,false,false,true,true,true,true,2,2026-08-07T19:45:40+00:00,37.526996,0.62,0,0x2ecb028f1e9a0130528da75d4428a87c2e3207d32b04f8d8db9ae68c61e891b5,2026-08-07T19:45:45+00:00,42.526996,257.473004,0.6199999863,-0.0000000137,0x6f2b11950735de69155b166d3394a1312698e5526c3f939dca333302ba51d299,0.6199999863,0.62,0.0000000137,false,false,false,false
H2-v1-EVENT-M5,H2-v1,sharp:0495,sharp,495,1673903,0x538589f4b0ba89623a2067830f6e137c0ed13eb4414cb8d5755abf19e9f94419,mlb-min-mil-2026-08-07,Milwaukee Brewers,Minnesota Twins,2026-08-07T23:41:00+00:00,2026-08-07T20:00:02.327371+00:00,13257.672629,true,0,,,,,,,,,,,,,,,,,,,,3594,0.6175771971496438,0.6175771971496438,0,0,2026-08-07T19:45:02.473004+00:00,899.854367,3,true,betfair+matchbook+smarkets,betfair+matchbook+smarkets,false,0.6175771971496438,0.6175771971496438,0.6180048661800486,12.327371,18.327371,sharp:0495,2026-08-07T20:00:02.327371+00:00,0,0.6175771971496438,0,0,3,false,sharp:0494,899.854367,sharp:0496,2700.005086,,,,,true,2026-08-07T19:56:34+00:00,208.327371,0.62,0xbfb20a1ba1c724b5ad349ffddb4d7e63fe6c9feb73866f06743f9ef39aeea258,false,false,true,true,-0.0024228028503562,,,true,false,0,,,,,,,,,,,,,,,false,false,false,false,true,false,0,,,,,,,,,,,,,,,false,false,false,false,true,false,0,,,,,,,,,,,,,,,false,false,false,false,true,true,3,2026-08-07T20:01:09+00:00,66.672629,0.6100000226,-0.0099999774,0xa4f3388a8eeed22ba4a86a8f2a730d542ce071d720889963ca69514ef739f114,2026-08-07T20:04:13+00:00,250.672629,49.327371,0.6199999982,-0.0000000018,0xf9b0f28b18ab5209c60702c953da27b2f417db8aad93a0106b60139ff4b859a0,0.6100000226,0.62,0.0099999774,false,false,false,true
H2-v1-EVENT-M5,H2-v1,sharp:0496,sharp,496,1673903,0x538589f4b0ba89623a2067830f6e137c0ed13eb4414cb8d5755abf19e9f94419,mlb-min-mil-2026-08-07,Milwaukee Brewers,Minnesota Twins,2026-08-07T23:41:00+00:00,2026-08-07T20:45:02.332457+00:00,10557.667543,true,-1,,,,,,,,,,,,,,,,,,,,3643,0.6157517899761337,0.6175771971496438,-0.0018254071735101,-1,2026-08-07T20:00:02.327371+00:00,2700.005086,3,true,betfair+matchbook+smarkets,betfair+matchbook+smarkets,false,0.6157517899761337,0.6157517899761337,0.6146341463414634,15.832457,21.332457,sharp:0496,2026-08-07T20:45:02.332457+00:00,0,0.6157517899761337,-0.0018254071735101,-1,3,false,sharp:0495,2700.005086,sharp:0497,901.31295,,,,,true,2026-08-07T20:35:07+00:00,595.332457,0.6199999798,0xf6271fc673c72f4fbcaa5fc3d0294ce3e869df69622210d1e114988adfa8f4a7,false,false,false,true,-0.0042481898238663,,,true,false,0,,,,,,,,,,,,,,,false,false,false,false,true,false,0,,,,,,,,,,,,,,,false,false,false,false,true,false,0,,,,,,,,,,,,,,,false,false,false,false,true,true,2,2026-08-07T20:48:15+00:00,192.667543,0.6100000112,-0.0099999686,0x02054f7ee01355fa867615922fe670cc16f7fd7ba95215ce3c34081fb59ccec3,2026-08-07T20:49:42+00:00,279.667543,20.332457,0.6199999993,0.0000000195,0x0984d6291fd47869ed4683a4b53b87044ca85f6ec3af32586f3ce7d9e919583d,0.6100000112,0.6199999993,0.0099999881,false,false,true,true
H2-v1-EVENT-M5,H2-v1,sharp:0497,sharp,497,1673903,0x538589f4b0ba89623a2067830f6e137c0ed13eb4414cb8d5755abf19e9f94419,mlb-min-mil-2026-08-07,Milwaukee Brewers,Minnesota Twins,2026-08-07T23:41:00+00:00,2026-08-07T21:00:03.645407+00:00,9656.354593,true,1,,,,,,,,,,,,,,,,,,,,3660,0.6161137440758293,0.6157517899761337,0.0003619540996956,1,2026-08-07T20:45:02.332457+00:00,901.31295,3,true,betfair+matchbook+smarkets,betfair+matchbook+smarkets,false,0.6157517899761337,0.6161137440758293,0.616504854368932,18.145407,24.645407,sharp:0497,2026-08-07T21:00:03.645407+00:00,0,0.6161137440758293,0.0003619540996956,1,3,false,sharp:0496,901.31295,sharp:0498,2699.063185,,,,,true,2026-08-07T20:58:52+00:00,71.645407,0.61,0xccbf2af4cc6c82651f6625e7e8955dbe916569a67a902b546e2f1498a7f3de22,false,false,true,true,0.0061137440758293,,,true,false,0,,,,,,,,,,,,,,,false,false,false,false,true,false,0,,,,,,,,,,,,,,,false,false,false,false,true,false,0,,,,,,,,,,,,,,,false,false,false,false,true,true,5,2026-08-07T21:01:42+00:00,98.354593,0.61,0,0xcaf3111626ed86f756ae306ce25ecf5c61fd15ca4ca149ca20ea0aa284dd73e3,2026-08-07T21:05:00+00:00,296.354593,3.645407,0.61,0,0x9896491f4a10298a0e588ca2042ac06a5b079178e30dc0ca152a30c02de77ee1,0.61,0.6199999999,0.0099999999,true,true,true,true
H2-v1-EVENT-M5,H2-v1,sharp:0498,sharp,498,1673903,0x538589f4b0ba89623a2067830f6e137c0ed13eb4414cb8d5755abf19e9f94419,mlb-min-mil-2026-08-07,Milwaukee Brewers,Minnesota Twins,2026-08-07T23:41:00+00:00,2026-08-07T21:45:02.708592+00:00,6957.291408,true,1,,,,,,,,,,,,,,,,,,,,3709,0.6175771971496438,0.6161137440758293,0.0014634530738145,1,2026-08-07T21:00:03.645407+00:00,2699.063185,3,true,betfair+matchbook+smarkets,betfair+matchbook+smarkets,false,0.6157517899761337,0.6175771971496438,0.6216867469879519,12.708592,19.708592,sharp:0498,2026-08-07T21:45:02.708592+00:00,0,0.6175771971496438,0.0014634530738145,1,3,false,sharp:0497,2699.063185,sharp:0499,900.66421,,,,,true,2026-08-07T21:44:36+00:00,26.708592,0.61,0x00fa3cf3e04f12b4f7273a6c6a3a6dfa09bc31efb705a7dec2334593fba3ee02,true,true,true,true,0.0075771971496438,,,true,false,0,,,,,,,,,,,,,,,false,false,false,false,true,false,0,,,,,,,,,,,,,,,false,false,false,false,true,false,0,,,,,,,,,,,,,,,false,false,false,false,true,true,6,2026-08-07T21:46:13+00:00,70.291408,0.61,0,0x219326b983bb957d031e4fcb904b22c3414644299113631c7ff3c7168f615d78,2026-08-07T21:49:31+00:00,268.291408,31.708592,0.61,0,0xad72d2bd44f7bb1ffaf5ee9271d5cc748747c5b35f338536fcaf10cc6320fee0,0.61,0.62,0.01,false,false,false,true
H2-v1-EVENT-M5,H2-v1,sharp:0499,sharp,499,1673903,0x538589f4b0ba89623a2067830f6e137c0ed13eb4414cb8d5755abf19e9f94419,mlb-min-mil-2026-08-07,Milwaukee Brewers,Minnesota Twins,2026-08-07T23:41:00+00:00,2026-08-07T22:00:03.372802+00:00,6056.627198,true,1,,,,,,,,,,,,,,,,,,,,3726,0.6208530805687204,0.6175771971496438,0.0032758834190766,1,2026-08-07T21:45:02.708592+00:00,900.66421,3,true,betfair+matchbook+smarkets,betfair+matchbook+smarkets,false,0.6208530805687204,0.6193853427895982,0.6216867469879519,12.872802,24.372802,sharp:0499,2026-08-07T22:00:03.372802+00:00,0,0.6208530805687204,0.0032758834190766,1,3,false,sharp:0498,900.66421,sharp:0500,2698.574759,,,,,true,2026-08-07T21:59:27+00:00,36.372802,0.61,0x8b82fcdf2120c830f9202f11e51324ce7522185d502fb87ffb8f2816539fc848,false,true,true,true,0.0108530805687204,,,true,false,0,,,,,,,,,,,,,,,false,false,false,false,true,false,0,,,,,,,,,,,,,,,false,false,false,false,true,false,0,,,,,,,,,,,,,,,false,false,false,false,true,true,4,2026-08-07T22:01:04+00:00,60.627198,0.61,0,0x03190cdf353f438c793f2bd0c515b13cff8d08fc649d049cf995f29d36374f8f,2026-08-07T22:04:22+00:00,258.627198,41.372802,0.61,0,0x8a8a30b3f3d3a5ecaaa9ad97c0a1481f21eca877e7b816621e581d55f5e6266e,0.61,0.6199999942,0.0099999942,false,false,false,true
H2-v1-EVENT-M5,H2-v1,sharp:0500,sharp,500,1673903,0x538589f4b0ba89623a2067830f6e137c0ed13eb4414cb8d5755abf19e9f94419,mlb-min-mil-2026-08-07,Milwaukee Brewers,Minnesota Twins,2026-08-07T23:41:00+00:00,2026-08-07T22:45:01.947561+00:00,3358.052439,true,0,,,,,,,,,,,,,,,,,,,,3775,0.6208530805687204,0.6208530805687204,0,0,2026-08-07T22:00:03.372802+00:00,2698.574759,3,true,betfair+matchbook+smarkets,betfair+matchbook+smarkets,false,0.6208530805687204,0.6208530805687204,0.625,9.447561,19.947561,sharp:0500,2026-08-07T22:45:01.947561+00:00,0,0.6208530805687204,0,0,3,false,sharp:0499,2698.574759,sharp:0501,902.048048,,,,,true,2026-08-07T22:43:57+00:00,64.947561,0.61,0x77dbea8adc84c000be9514eadc0b283213cb4069a24e38f3d6fc845b4733bc31,false,false,true,true,0.0108530805687204,,,true,false,0,,,,,,,,,,,,,,,false,false,false,false,true,false,0,,,,,,,,,,,,,,,false,false,false,false,true,true,2,2026-08-07T22:45:36+00:00,34.052439,0.61,0,0x0b17c18334ccb538ab5b6694828785fe93ba66935dd5d4fa74fe0e8c4e6fa4c0,2026-08-07T22:45:52+00:00,50.052439,9.947561,0.6199998512,0.0099998512,0x7385bdcbc790775d0f8435edcd49cf738d24329d3892a434f0ee572576ec01a9,0.61,0.6199998512,0.0099998512,false,true,true,true,true,true,7,2026-08-07T22:45:36+00:00,34.052439,0.61,0,0x0b17c18334ccb538ab5b6694828785fe93ba66935dd5d4fa74fe0e8c4e6fa4c0,2026-08-07T22:48:54+00:00,232.052439,67.947561,0.61,0,0x2a932dfdaa03ccd6b3ccb1bc4b2288fa363303350f40c35cba2de03dc52b7349,0.61,0.62,0.01,false,false,false,false
H2-v1-EVENT-M5,H2-v1,sharp:0501,sharp,501,1673903,0x538589f4b0ba89623a2067830f6e137c0ed13eb4414cb8d5755abf19e9f94419,mlb-min-mil-2026-08-07,Milwaukee Brewers,Minnesota Twins,2026-08-07T23:41:00+00:00,2026-08-07T23:00:03.995609+00:00,2456.004391,true,0,,,,,,,,,,,,,,,,,,,,3792,0.6208530805687204,0.6208530805687204,0,0,2026-08-07T22:45:01.947561+00:00,902.048048,3,true,betfair+matchbook+smarkets,betfair+matchbook+smarkets,false,0.6208530805687204,0.6208530805687204,0.625,12.495609,12.995609,sharp:0501,2026-08-07T23:00:03.995609+00:00,0,0.6208530805687204,0,0,3,false,sharp:0500,902.048048,,,,,,,true,2026-08-07T22:59:54+00:00,9.995609,0.62,0x11cd66ed29ed7422ff095bb3e47bc97127cde4ecb7b40352dd22d95974bc8901,true,true,true,true,0.0008530805687204,,,true,false,0,,,,,,,,,,,,,,,false,false,false,false,true,true,1,2026-08-07T23:00:25+00:00,21.004391,0.61,-0.01,0xea1a87908c855e8839ee1e858c8355898d0ad6be69e16f040c948d6bf3b7578e,2026-08-07T23:00:25+00:00,21.004391,8.995609,0.61,-0.01,0xea1a87908c855e8839ee1e858c8355898d0ad6be69e16f040c948d6bf3b7578e,0.61,0.61,0,false,true,true,true,true,true,1,2026-08-07T23:00:25+00:00,21.004391,0.61,-0.01,0xea1a87908c855e8839ee1e858c8355898d0ad6be69e16f040c948d6bf3b7578e,2026-08-07T23:00:25+00:00,21.004391,38.995609,0.61,-0.01,0xea1a87908c855e8839ee1e858c8355898d0ad6be69e16f040c948d6bf3b7578e,0.61,0.61,0,false,false,false,true,true,true,5,2026-08-07T23:00:25+00:00,21.004391,0.61,-0.01,0xea1a87908c855e8839ee1e858c8355898d0ad6be69e16f040c948d6bf3b7578e,2026-08-07T23:03:43+00:00,219.004391,80.995609,0.61,-0.01,0x34d9694f7083c2d194b3303a455c409a7cd2ae6c375d584d8127ed1258e8adee,0.61,0.62,0.01,false,false,false,false
H2-v1-EVENT-M5,H2-v1,sharp:0502,sharp,502,1673863,0x85103a46008451b326ce5cac11e4377e7c06baef3631a6a78e6ddfc593d68a5d,mlb-cin-wsh-2026-08-07,Washington Nationals,Cincinnati Reds,2026-08-07T23:46:00+00:00,2026-08-07T18:00:02.829250+00:00,20757.17075,false,,,,,,,,,,,,,,,,,,,,,3462,0.5188916876574307,,,,,,3,true,betfair+matchbook+smarkets,,,0.5188916876574307,0.5175879396984925,0.5204081632653061,16.32925,21.82925,sharp:0502,2026-08-07T18:00:02.829250+00:00,0,0.5188916876574307,,,3,,,,sharp:0503,2699.352093,,,rn1:0150,17544.17075,true,2026-08-07T17:48:55+00:00,667.82925,0.5299998781,0x48259158f4996f75c1f5642e1a520f282d96e4192436f7a3551b48d22dcdf8bc,false,false,false,false,-0.0111081904425693,,,true,false,0,,,,,,,,,,,,,,,false,false,false,false,true,false,0,,,,,,,,,,,,,,,false,false,false,false,true,false,0,,,,,,,,,,,,,,,false,false,false,false,true,true,2,2026-08-07T18:04:09+00:00,246.17075,0.5200000432,-0.0099998349,0x27dbada93fee6531288d50839b51c9b685080ab101a6598af1464e80dc01f839,2026-08-07T18:04:45+00:00,282.17075,17.82925,0.52,-0.0099998781,0x98d0bd97b3f6b4beb5cc272d7c20fec25a60c97e65ecd1be7f344bf1a1d27a26,0.52,0.5200000432,0.0000000432,false,false,true,true
H2-v1-EVENT-M5,H2-v1,sharp:0503,sharp,503,1673863,0x85103a46008451b326ce5cac11e4377e7c06baef3631a6a78e6ddfc593d68a5d,mlb-cin-wsh-2026-08-07,Washington Nationals,Cincinnati Reds,2026-08-07T23:46:00+00:00,2026-08-07T18:45:02.181343+00:00,18057.818657,true,1,,,,,,,,,,,,,,,,,,,,3511,0.5213032581453634,0.5188916876574307,0.0024115704879327,1,2026-08-07T18:00:02.829250+00:00,2699.352093,3,true,betfair+matchbook+smarkets,betfair+matchbook+smarkets,false,0.5226130653266332,0.5213032581453634,0.5190839694656489,8.681343,19.181343,sharp:0503,2026-08-07T18:45:02.181343+00:00,0,0.5213032581453634,0.0024115704879327,1,3,false,sharp:0502,2699.352093,sharp:0504,900.932203,,,rn1:0150,14844.818657,true,2026-08-07T18:07:54+00:00,2228.181343,0.52,0xeeffe6668894c43bbffe885f71ecc1a9f2b6dfdfe22bd8dd6e856aa2ad19ca55,false,false,false,false,0.0013032581453634,,,true,false,0,,,,,,,,,,,,,,,false,false,false,false,true,false,0,,,,,,,,,,,,,,,false,false,false,false,true,false,0,,,,,,,,,,,,,,,false,false,false,false,true,false,0,,,,,,,,,,,,,,,false,false,false,false
H2-v1-EVENT-M5,H2-v1,sharp:0504,sharp,504,1673863,0x85103a46008451b326ce5cac11e4377e7c06baef3631a6a78e6ddfc593d68a5d,mlb-cin-wsh-2026-08-07,Washington Nationals,Cincinnati Reds,2026-08-07T23:46:00+00:00,2026-08-07T19:00:03.113546+00:00,17156.886454,true,1,,,,,,,,,,,,,,,,,,,,3528,0.5226130653266332,0.5213032581453634,0.0013098071812698,1,2026-08-07T18:45:02.181343+00:00,900.932203,3,true,betfair+matchbook+smarkets,betfair+matchbook+smarkets,false,0.5226130653266332,0.5226130653266332,0.5190839694656489,17.113546,32.113546,sharp:0504,2026-08-07T19:00:03.113546+00:00,0,0.5226130653266332,0.0013098071812698,1,3,false,sharp:0503,900.932203,sharp:0505,2699.359458,,,rn1:0150,13943.886454,true,2026-08-07T18:57:09+00:00,174.113546,0.52,0x37ea9e4545fb42fb522ac6a91a9146ac65b4838ff5db2ce3a9602ff6faafee72,false,false,true,true,0.0026130653266332,,,true,false,0,,,,,,,,,,,,,,,false,false,false,false,true,false,0,,,,,,,,,,,,,,,false,false,false,false,true,false,0,,,,,,,,,,,,,,,false,false,false,false,true,false,0,,,,,,,,,,,,,,,false,false,false,false
H2-v1-EVENT-M5,H2-v1,sharp:0505,sharp,505,1673863,0x85103a46008451b326ce5cac11e4377e7c06baef3631a6a78e6ddfc593d68a5d,mlb-cin-wsh-2026-08-07,Washington Nationals,Cincinnati Reds,2026-08-07T23:46:00+00:00,2026-08-07T19:45:02.473004+00:00,14457.526996,true,-1,,,,,,,,,,,,,,,,,,,,3577,0.5188916876574307,0.5226130653266332,-0.0037213776692025,-1,2026-08-07T19:00:03.113546+00:00,2699.359458,3,true,betfair+matchbook+smarkets,betfair+matchbook+smarkets,false,0.5188916876574307,0.5188916876574307,0.5204081632653061,9.473004,16.473004,sharp:0505,2026-08-07T19:45:02.473004+00:00,0,0.5188916876574307,-0.0037213776692025,-1,3,false,sharp:0504,2699.359458,sharp:0506,899.854367,,,rn1:0150,11244.526996,true,2026-08-07T19:44:55+00:00,7.473004,0.5299999883,0x8c8e50c1864d16f123f9068bb1be2122208a52150393650c5572f4f6dedc20b0,true,true,true,true,-0.0111083006425693,,,true,true,1,2026-08-07T19:45:10+00:00,7.526996,0.52,-0.0099999883,0xe332d714638b7d7add6dd8ff65f7bf1bb63f4dd6e0a22af0746a4d2f8a234a23,2026-08-07T19:45:10+00:00,7.526996,2.473004,0.52,-0.0099999883,0xe332d714638b7d7add6dd8ff65f7bf1bb63f4dd6e0a22af0746a4d2f8a234a23,0.52,0.52,0,true,true,true,true,true,true,1,2026-08-07T19:45:10+00:00,7.526996,0.52,-0.0099999883,0xe332d714638b7d7add6dd8ff65f7bf1bb63f4dd6e0a22af0746a4d2f8a234a23,2026-08-07T19:45:10+00:00,7.526996,22.473004,0.52,-0.0099999883,0xe332d714638b7d7add6dd8ff65f7bf1bb63f4dd6e0a22af0746a4d2f8a234a23,0.52,0.52,0,false,false,true,true,true,true,2,2026-08-07T19:45:10+00:00,7.526996,0.52,-0.0099999883,0xe332d714638b7d7add6dd8ff65f7bf1bb63f4dd6e0a22af0746a4d2f8a234a23,2026-08-07T19:45:54+00:00,51.526996,8.473004,0.52,-0.0099999883,0x0c22a681e3166314f45dcae93f1bf8ec43ef807fbae45ecb89786692c4656692,0.52,0.52,0,false,true,true,true,true,true,2,2026-08-07T19:45:10+00:00,7.526996,0.52,-0.0099999883,0xe332d714638b7d7add6dd8ff65f7bf1bb63f4dd6e0a22af0746a4d2f8a234a23,2026-08-07T19:45:54+00:00,51.526996,248.473004,0.52,-0.0099999883,0x0c22a681e3166314f45dcae93f1bf8ec43ef807fbae45ecb89786692c4656692,0.52,0.52,0,false,false,false,false
H2-v1-EVENT-M5,H2-v1,sharp:0506,sharp,506,1673863,0x85103a46008451b326ce5cac11e4377e7c06baef3631a6a78e6ddfc593d68a5d,mlb-cin-wsh-2026-08-07,Washington Nationals,Cincinnati Reds,2026-08-07T23:46:00+00:00,2026-08-07T20:00:02.327371+00:00,13557.672629,true,0,,,,,,,,,,,,,,,,,,,,3594,0.5188916876574307,0.5188916876574307,0,0,2026-08-07T19:45:02.473004+00:00,899.854367,3,true,betfair+matchbook+smarkets,betfair+matchbook+smarkets,false,0.5188916876574307,0.5188916876574307,0.5204081632653061,12.327371,18.327371,sharp:0506,2026-08-07T20:00:02.327371+00:00,0,0.5188916876574307,0,0,3,false,sharp:0505,899.854367,sharp:0507,2700.005086,,,rn1:0150,10344.672629,true,2026-08-07T19:59:15+00:00,47.327371,0.529999965,0xe705f6365016c827663263662e3aeaa8271a55a4a6150c2f06f7f952f6bc6380,false,true,true,true,-0.0111082773425693,,,true,false,0,,,,,,,,,,,,,,,false,false,false,false,true,false,0,,,,,,,,,,,,,,,false,false,false,false,true,false,0,,,,,,,,,,,,,,,false,false,false,false,true,false,0,,,,,,,,,,,,,,,false,false,false,false
H2-v1-EVENT-M5,H2-v1,sharp:0507,sharp,507,1673863,0x85103a46008451b326ce5cac11e4377e7c06baef3631a6a78e6ddfc593d68a5d,mlb-cin-wsh-2026-08-07,Washington Nationals,Cincinnati Reds,2026-08-07T23:46:00+00:00,2026-08-07T20:45:02.332457+00:00,10857.667543,true,1,,,,,,,,,,,,,,,,,,,,3643,0.5329949238578681,0.5188916876574307,0.0141032362004374,1,2026-08-07T20:00:02.327371+00:00,2700.005086,3,true,betfair+matchbook+smarkets,betfair+matchbook+smarkets,false,0.5326633165829147,0.5349999999999999,0.5329949238578681,15.832457,21.332457,sharp:0507,2026-08-07T20:45:02.332457+00:00,0,0.5329949238578681,0.0141032362004374,1,3,false,sharp:0506,2700.005086,sharp:0508,901.31295,,,rn1:0150,7644.667543,true,2026-08-07T20:44:12+00:00,50.332457,0.5200000173,0xd96fb7f546e26e4183f3d35077e915b9dea0f9ddd377707c9e24eb8be13191fa,false,true,true,true,0.0129949065578681,,,true,false,0,,,,,,,,,,,,,,,false,false,false,false,true,true,1,2026-08-07T20:45:18+00:00,15.667543,0.52,-0.0000000173,0x426e7059f4683b7488405f220afea92ece40a36e3e32324153d47e3ca3b12de4,2026-08-07T20:45:18+00:00,15.667543,14.332457,0.52,-0.0000000173,0x426e7059f4683b7488405f220afea92ece40a36e3e32324153d47e3ca3b12de4,0.52,0.52,0,false,true,true,true,true,true,1,2026-08-07T20:45:18+00:00,15.667543,0.52,-0.0000000173,0x426e7059f4683b7488405f220afea92ece40a36e3e32324153d47e3ca3b12de4,2026-08-07T20:45:18+00:00,15.667543,44.332457,0.52,-0.0000000173,0x426e7059f4683b7488405f220afea92ece40a36e3e32324153d47e3ca3b12de4,0.52,0.52,0,false,false,false,true,true,true,3,2026-08-07T20:45:18+00:00,15.667543,0.52,-0.0000000173,0x426e7059f4683b7488405f220afea92ece40a36e3e32324153d47e3ca3b12de4,2026-08-07T20:48:07+00:00,184.667543,115.332457,0.52,-0.0000000173,0x9da03d72c4b06a0a7cc77d7d476802619a0467460cfbd62c07afa96b6d02c729,0.52,0.5299999982,0.0099999982,false,false,false,false
H2-v1-EVENT-M5,H2-v1,sharp:0508,sharp,508,1673863,0x85103a46008451b326ce5cac11e4377e7c06baef3631a6a78e6ddfc593d68a5d,mlb-cin-wsh-2026-08-07,Washington Nationals,Cincinnati Reds,2026-08-07T23:46:00+00:00,2026-08-07T21:00:03.645407+00:00,9956.354593,true,1,,,,,,,,,,,,,,,,,,,,3660,0.5338316582914573,0.5329949238578681,0.0008367344335892,1,2026-08-07T20:45:02.332457+00:00,901.31295,3,true,betfair+matchbook+smarkets,betfair+matchbook+smarkets,false,0.5338316582914573,0.5349999999999999,0.5329949238578681,18.145407,24.645407,sharp:0508,2026-08-07T21:00:03.645407+00:00,0,0.5338316582914573,0.0008367344335892,1,3,false,sharp:0507,901.31295,sharp:0509,2699.063185,,,rn1:0150,6743.354593,true,2026-08-07T20:56:21+00:00,222.645407,0.52,0x8452487ef6f77a3a7ac6610fdce364d8b77e1063b3b03bf04cd98b299e49a2eb,false,false,true,true,0.0138316582914573,,,true,false,0,,,,,,,,,,,,,,,false,false,false,false,true,false,0,,,,,,,,,,,,,,,false,false,false,false,true,false,0,,,,,,,,,,,,,,,false,false,false,false,true,true,1,2026-08-07T21:01:45+00:00,101.354593,0.5299998781,0.0099998781,0x509e14d584a6410ca7403f6823e960441f04ca57420d4571eb3153ff30830b4b,2026-08-07T21:01:45+00:00,101.354593,198.645407,0.5299998781,0.0099998781,0x509e14d584a6410ca7403f6823e960441f04ca57420d4571eb3153ff30830b4b,0.5299998781,0.5299998781,0,false,false,false,false
H2-v1-EVENT-M5,H2-v1,sharp:0509,sharp,509,1673863,0x85103a46008451b326ce5cac11e4377e7c06baef3631a6a78e6ddfc593d68a5d,mlb-cin-wsh-2026-08-07,Washington Nationals,Cincinnati Reds,2026-08-07T23:46:00+00:00,2026-08-07T21:45:02.708592+00:00,7257.291408,true,1,,,,,,,,,,,,,,,,,,,,3709,0.5349999999999999,0.5338316582914573,0.0011683417085426,1,2026-08-07T21:00:03.645407+00:00,2699.063185,3,true,betfair+matchbook+smarkets,betfair+matchbook+smarkets,false,0.5363408521303258,0.5349999999999999,0.5329949238578681,12.708592,19.708592,sharp:0509,2026-08-07T21:45:02.708592+00:00,0,0.5349999999999999,0.0011683417085426,1,3,false,sharp:0508,2699.063185,sharp:0510,900.66421,,,rn1:0150,4044.291408,true,2026-08-07T21:41:24+00:00,218.708592,0.53,0x275153a4c24b6e742d46a7437a236d6e76b49a46c16e35cd2de8e4974e922c38,false,false,true,true,0.0049999999999999,,,true,false,0,,,,,,,,,,,,,,,false,false,false,false,true,false,0,,,,,,,,,,,,,,,false,false,false,false,true,false,0,,,,,,,,,,,,,,,false,false,false,false,true,true,2,2026-08-07T21:46:28+00:00,85.291408,0.53,0,0xbd8ec4f0312d36be94f3660a24281cdfe4846bf5440ff707d7744e0e12220183,2026-08-07T21:48:39+00:00,216.291408,83.708592,0.53,0,0x2669060eb9de1fded2fabd774dd5b85383373d7423dbf16342644fe92af8d5e4,0.53,0.53,0,false,false,false,false
H2-v1-EVENT-M5,H2-v1,sharp:0510,sharp,510,1673863,0x85103a46008451b326ce5cac11e4377e7c06baef3631a6a78e6ddfc593d68a5d,mlb-cin-wsh-2026-08-07,Washington Nationals,Cincinnati Reds,2026-08-07T23:46:00+00:00,2026-08-07T22:00:03.372802+00:00,6356.627198,true,0,,,,,,,,,,,,,,,,,,,,3726,0.5349999999999999,0.5349999999999999,0,0,2026-08-07T21:45:02.708592+00:00,900.66421,3,true,betfair+matchbook+smarkets,betfair+matchbook+smarkets,false,0.5349999999999999,0.5349999999999999,0.5329949238578681,12.872802,24.372802,sharp:0510,2026-08-07T22:00:03.372802+00:00,0,0.5349999999999999,0,0,3,false,sharp:0509,900.66421,sharp:0511,2698.574759,,,rn1:0150,3143.627198,true,2026-08-07T21:57:18+00:00,165.372802,0.5399999527,0xf092baaf5a34424b369e850761530ef08591d7feb1a6ff5a10bc3a69b2fddaf1,false,false,true,true,-0.0049999527000001,,,true,false,0,,,,,,,,,,,,,,,false,false,false,false,true,false,0,,,,,,,,,,,,,,,false,false,false,false,true,false,0,,,,,,,,,,,,,,,false,false,false,false,true,false,0,,,,,,,,,,,,,,,false,false,false,false
H2-v1-EVENT-M5,H2-v1,sharp:0511,sharp,511,1673863,0x85103a46008451b326ce5cac11e4377e7c06baef3631a6a78e6ddfc593d68a5d,mlb-cin-wsh-2026-08-07,Washington Nationals,Cincinnati Reds,2026-08-07T23:46:00+00:00,2026-08-07T22:45:01.947561+00:00,3658.052439,true,0,,,,,,,,,,,,,,,,,,,,3775,0.5349999999999999,0.5349999999999999,0,0,2026-08-07T22:00:03.372802+00:00,2698.574759,3,true,betfair+matchbook+smarkets,betfair+matchbook+smarkets,false,0.53500334377089855,0.5349999999999999,0.5329949238578681,9.447561,19.947561,sharp:0511,2026-08-07T22:45:01.947561+00:00,0,0.5349999999999999,0,0,3,false,sharp:0510,2698.574759,sharp:0512,902.048048,,,rn1:0150,445.052439,true,2026-08-07T22:44:33+00:00,28.947561,0.53,0x1cab4cb31839e1972e6147d3159137d92b7ab96bb0b1e7a9f5ef7a7846151a94,true,true,true,true,0.0049999999999999,,,true,false,0,,,,,,,,,,,,,,,false,false,false,false,true,false,0,,,,,,,,,,,,,,,false,false,false,false,true,false,0,,,,,,,,,,,,,,,false,false,false,false,true,false,0,,,,,,,,,,,,,,,false,false,false,false
H2-v1-EVENT-M5,H2-v1,rn1:0150,rn1,150,1673863,0x85103a46008451b326ce5cac11e4377e7c06baef3631a6a78e6ddfc593d68a5d,mlb-cin-wsh-2026-08-07,Washington Nationals,Cincinnati Reds,2026-08-07T23:46:00+00:00,2026-08-07T22:52:27+00:00,3213,true,1,3347472,Washington Nationals,home,BUY,0.53,0.53,21.276594,11.27659482,21.276594,11.27659482,0x5727f284de08d7e4d9eded8d4d0bc632d95d949b28807b3dc9e2020de4e94010,112d94a2aa7bcba084b59aed29890e4553cd480128a981469ab0dca691320054,1673863:2026-08-07T22:52:27+00:00,1,1,21.276594,11.27659482,1,1,,,,,,,,,,,,,,,,,,sharp:0511,2026-08-07T22:45:01.947561+00:00,445.052439,0.5349999999999999,0,0,3,false,sharp:0511,445.052439,sharp:0512,456.995609,,,rn1:0151,1,true,2026-08-07T22:44:33+00:00,474,0.53,0x1cab4cb31839e1972e6147d3159137d92b7ab96bb0b1e7a9f5ef7a7846151a94,false,false,false,true,0.0049999999999999,0,,true,true,1,2026-08-07T22:52:28+00:00,1,0.5399999784,0.0099999784,0xd7b260860e1e85a115efd917a2eb5bfb57d8aaaa3cb36f1f51d44220ff38a8a1,2026-08-07T22:52:28+00:00,1,9,0.5399999784,0.0099999784,0xd7b260860e1e85a115efd917a2eb5bfb57d8aaaa3cb36f1f51d44220ff38a8a1,0.5399999784,0.5399999784,0,false,true,true,true,true,true,1,2026-08-07T22:52:28+00:00,1,0.5399999784,0.0099999784,0xd7b260860e1e85a115efd917a2eb5bfb57d8aaaa3cb36f1f51d44220ff38a8a1,2026-08-07T22:52:28+00:00,1,29,0.5399999784,0.0099999784,0xd7b260860e1e85a115efd917a2eb5bfb57d8aaaa3cb36f1f51d44220ff38a8a1,0.5399999784,0.5399999784,0,false,false,true,true,true,true,1,2026-08-07T22:52:28+00:00,1,0.5399999784,0.0099999784,0xd7b260860e1e85a115efd917a2eb5bfb57d8aaaa3cb36f1f51d44220ff38a8a1,2026-08-07T22:52:28+00:00,1,59,0.5399999784,0.0099999784,0xd7b260860e1e85a115efd917a2eb5bfb57d8aaaa3cb36f1f51d44220ff38a8a1,0.5399999784,0.5399999784,0,false,false,false,true,true,true,10,2026-08-07T22:52:28+00:00,1,0.5399999784,0.0099999784,0xd7b260860e1e85a115efd917a2eb5bfb57d8aaaa3cb36f1f51d44220ff38a8a1,2026-08-07T22:56:24+00:00,237,63,0.54,0.01,0x9d942004957423db7dc7a12ea4fe814c01720b989f0bbdd95b0ca56dfb60e2c9,0.5300000227,0.54,0.0099999773,false,false,false,false
H2-v1-EVENT-M5,H2-v1,rn1:0151,rn1,151,1673863,0x85103a46008451b326ce5cac11e4377e7c06baef3631a6a78e6ddfc593d68a5d,mlb-cin-wsh-2026-08-07,Washington Nationals,Cincinnati Reds,2026-08-07T23:46:00+00:00,2026-08-07T22:52:28+00:00,3212,true,-1,3347471,Cincinnati Reds,away,BUY,0.46,0.54,3.703702,1.70370292,-3.703702,-1.70370292,0xd7b260860e1e85a115efd917a2eb5bfb57d8aaaa3cb36f1f51d44220ff38a8a1,efd34e70e4b8d77b33d307fa8d7ae6b148e678d5b3aaef1e1a7a889ac944ecfc,1673863:2026-08-07T22:52:28+00:00,1,1,-3.703702,-1.70370292,-1,1,,,,,,,,,,,,,,,,,,sharp:0511,2026-08-07T22:45:01.947561+00:00,446.052439,0.5349999999999999,0,0,3,false,sharp:0511,446.052439,sharp:0512,455.995609,rn1:0150,1,rn1:0153,65,true,2026-08-07T22:52:27+00:00,1,0.5300000085,0x5727f284de08d7e4d9eded8d4d0bc632d95d949b28807b3dc9e2020de4e94010,true,true,true,true,0.0049999914999999,0.0099999915,,true,false,0,,,,,,,,,,,,,,,false,false,false,false,true,false,0,,,,,,,,,,,,,,,false,false,false,false,true,false,0,,,,,,,,,,,,,,,false,false,false,false,true,true,9,2026-08-07T22:53:33+00:00,65,0.5399999932,0.0099999847,0x180c39d1df6664ebdd254920146574e6de96768fbfebc5d47b7b6019e5d26ce4,2026-08-07T22:56:24+00:00,236,64,0.54,0.0099999915,0x9d942004957423db7dc7a12ea4fe814c01720b989f0bbdd95b0ca56dfb60e2c9,0.5300000227,0.54,0.0099999773,false,false,false,false
H2-v1-EVENT-M5,H2-v1,rn1:0152,rn1,152,1673863,0x85103a46008451b326ce5cac11e4377e7c06baef3631a6a78e6ddfc593d68a5d,mlb-cin-wsh-2026-08-07,Washington Nationals,Cincinnati Reds,2026-08-07T23:46:00+00:00,2026-08-07T22:53:33+00:00,3147,true,1,3347472,Washington Nationals,home,BUY,0.53,0.53,20.255318,10.73531854,20.255318,10.73531854,0xf354a241c1fc0549cdbf663d2f31490c28426c6e11f44cde2ac6c51b65ac5272,2cb69b0d1ff20d00c62df9f492ac5207da53032cb1473ef22bc0be5096178783,1673863:2026-08-07T22:53:33+00:00,2,2,2.62569,2.62568966,1,1,,,,,,,,,,,,,,,,,,sharp:0511,2026-08-07T22:45:01.947561+00:00,511.052439,0.5349999999999999,0,0,3,false,sharp:0511,511.052439,sharp:0512,390.995609,rn1:0151,65,rn1:0154,1,true,2026-08-07T22:52:28+00:00,65,0.5399999784,0xd7b260860e1e85a115efd917a2eb5bfb57d8aaaa3cb36f1f51d44220ff38a8a1,false,false,true,true,-0.0049999784000001,-0.0099999784,,true,true,1,2026-08-07T22:53:34+00:00,1,0.5399999784,0,0xe5f78487b0c3f1210f1cdeb4a69b3f046756525068b3170ce69fb39b63dd12e0,2026-08-07T22:53:34+00:00,1,9,0.5399999784,0,0xe5f78487b0c3f1210f1cdeb4a69b3f046756525068b3170ce69fb39b63dd12e0,0.5399999784,0.5399999784,0,false,true,true,true,true,true,1,2026-08-07T22:53:34+00:00,1,0.5399999784,0,0xe5f78487b0c3f1210f1cdeb4a69b3f046756525068b3170ce69fb39b63dd12e0,2026-08-07T22:53:34+00:00,1,29,0.5399999784,0,0xe5f78487b0c3f1210f1cdeb4a69b3f046756525068b3170ce69fb39b63dd12e0,0.5399999784,0.5399999784,0,false,false,true,true,true,true,2,2026-08-07T22:53:34+00:00,1,0.5399999784,0,0xe5f78487b0c3f1210f1cdeb4a69b3f046756525068b3170ce69fb39b63dd12e0,2026-08-07T22:54:04+00:00,31,29,0.5399999903,0.0000000119,0x3a1e0e4e7ca3318ae32c699c481257c8cf3e01b20cb1ab1a49243913d896d21f,0.5399999784,0.5399999903,0.0000000119,false,false,true,true,true,true,10,2026-08-07T22:53:34+00:00,1,0.5399999784,0,0xe5f78487b0c3f1210f1cdeb4a69b3f046756525068b3170ce69fb39b63dd12e0,2026-08-07T22:58:30+00:00,297,3,0.5300000227,-0.0099999557,0xa19f38f1b891ee7ad97cf04647088a8a1e22b45e1f1b68239afd6ba1037cb2c2,0.5300000227,0.54,0.0099999773,true,true,true,true
H2-v1-EVENT-M5,H2-v1,rn1:0153,rn1,153,1673863,0x85103a46008451b326ce5cac11e4377e7c06baef3631a6a78e6ddfc593d68a5d,mlb-cin-wsh-2026-08-07,Washington Nationals,Cincinnati Reds,2026-08-07T23:46:00+00:00,2026-08-07T22:53:33+00:00,3147,true,-1,3347471,Cincinnati Reds,away,BUY,0.46,0.54,17.629628,8.10962888,-17.629628,-8.10962888,0x180c39d1df6664ebdd254920146574e6de96768fbfebc5d47b7b6019e5d26ce4,e53abafc6f96703b617b30ea05a8f88a93c122a8d85a440415630810a4c84df9,1673863:2026-08-07T22:53:33+00:00,2,1,2.62569,2.62568966,1,1,,,,,,,,,,,,,,,,,,sharp:0511,2026-08-07T22:45:01.947561+00:00,511.052439,0.5349999999999999,0,0,3,false,sharp:0511,511.052439,sharp:0512,390.995609,rn1:0151,65,rn1:0154,1,true,2026-08-07T22:52:28+00:00,65,0.5399999784,0xd7b260860e1e85a115efd917a2eb5bfb57d8aaaa3cb36f1f51d44220ff38a8a1,false,false,true,true,-0.0049999784000001,0.0000000216,,true,true,1,2026-08-07T22:53:34+00:00,1,0.5399999784,0,0xe5f78487b0c3f1210f1cdeb4a69b3f046756525068b3170ce69fb39b63dd12e0,2026-08-07T22:53:34+00:00,1,9,0.5399999784,0,0xe5f78487b0c3f1210f1cdeb4a69b3f046756525068b3170ce69fb39b63dd12e0,0.5399999784,0.5399999784,0,false,true,true,true,true,true,1,2026-08-07T22:53:34+00:00,1,0.5399999784,0,0xe5f78487b0c3f1210f1cdeb4a69b3f046756525068b3170ce69fb39b63dd12e0,2026-08-07T22:53:34+00:00,1,29,0.5399999784,0,0xe5f78487b0c3f1210f1cdeb4a69b3f046756525068b3170ce69fb39b63dd12e0,0.5399999784,0.5399999784,0,false,false,true,true,true,true,2,2026-08-07T22:53:34+00:00,1,0.5399999784,0,0xe5f78487b0c3f1210f1cdeb4a69b3f046756525068b3170ce69fb39b63dd12e0,2026-08-07T22:54:04+00:00,31,29,0.5399999903,0.0000000119,0x3a1e0e4e7ca3318ae32c699c481257c8cf3e01b20cb1ab1a49243913d896d21f,0.5399999784,0.5399999903,0.0000000119,false,false,true,true,true,true,10,2026-08-07T22:53:34+00:00,1,0.5399999784,0,0xe5f78487b0c3f1210f1cdeb4a69b3f046756525068b3170ce69fb39b63dd12e0,2026-08-07T22:58:30+00:00,297,3,0.5300000227,-0.0099999557,0xa19f38f1b891ee7ad97cf04647088a8a1e22b45e1f1b68239afd6ba1037cb2c2,0.5300000227,0.54,0.0099999773,true,true,true,true
H2-v1-EVENT-M5,H2-v1,rn1:0154,rn1,154,1673863,0x85103a46008451b326ce5cac11e4377e7c06baef3631a6a78e6ddfc593d68a5d,mlb-cin-wsh-2026-08-07,Washington Nationals,Cincinnati Reds,2026-08-07T23:46:00+00:00,2026-08-07T22:53:34+00:00,3146,true,-1,3347471,Cincinnati Reds,away,BUY,0.46,0.54,3.703702,1.70370292,-3.703702,-1.70370292,0xe5f78487b0c3f1210f1cdeb4a69b3f046756525068b3170ce69fb39b63dd12e0,ba9337101068643daa127d2ebf57cf287a8330c101d945540f4da297b0a861b3,1673863:2026-08-07T22:53:34+00:00,1,1,-3.703702,-1.70370292,-1,1,,,,,,,,,,,,,,,,,,sharp:0511,2026-08-07T22:45:01.947561+00:00,512.052439,0.5349999999999999,0,0,3,false,sharp:0511,512.052439,sharp:0512,389.995609,rn1:0152,1,rn1:0155,30,true,2026-08-07T22:53:33+00:00,1,0.5300000227,0xf354a241c1fc0549cdbf663d2f31490c28426c6e11f44cde2ac6c51b65ac5272,true,true,true,true,0.0049999772999999,0.0099999773,,true,false,0,,,,,,,,,,,,,,,false,false,false,false,true,true,1,2026-08-07T22:54:04+00:00,30,0.5399999903,0.0099999676,0x3a1e0e4e7ca3318ae32c699c481257c8cf3e01b20cb1ab1a49243913d896d21f,2026-08-07T22:54:04+00:00,30,0,0.5399999903,0.0099999676,0x3a1e0e4e7ca3318ae32c699c481257c8cf3e01b20cb1ab1a49243913d896d21f,0.5399999903,0.5399999903,0,true,true,true,true,true,true,1,2026-08-07T22:54:04+00:00,30,0.5399999903,0.0099999676,0x3a1e0e4e7ca3318ae32c699c481257c8cf3e01b20cb1ab1a49243913d896d21f,2026-08-07T22:54:04+00:00,30,30,0.5399999903,0.0099999676,0x3a1e0e4e7ca3318ae32c699c481257c8cf3e01b20cb1ab1a49243913d896d21f,0.5399999903,0.5399999903,0,false,false,true,true,true,true,9,2026-08-07T22:54:04+00:00,30,0.5399999903,0.0099999676,0x3a1e0e4e7ca3318ae32c699c481257c8cf3e01b20cb1ab1a49243913d896d21f,2026-08-07T22:58:30+00:00,296,4,0.5300000227,0,0xa19f38f1b891ee7ad97cf04647088a8a1e22b45e1f1b68239afd6ba1037cb2c2,0.5300000227,0.54,0.0099999773,true,true,true,true
H2-v1-EVENT-M5,H2-v1,rn1:0155,rn1,155,1673863,0x85103a46008451b326ce5cac11e4377e7c06baef3631a6a78e6ddfc593d68a5d,mlb-cin-wsh-2026-08-07,Washington Nationals,Cincinnati Reds,2026-08-07T23:46:00+00:00,2026-08-07T22:54:04+00:00,3116,true,-1,3347471,Cincinnati Reds,away,BUY,0.46,0.54,18.518517,8.51851782,-18.518517,-8.51851782,0x3a1e0e4e7ca3318ae32c699c481257c8cf3e01b20cb1ab1a49243913d896d21f,c50dfb08daa5c4d4c0b54701cd41c74f4e2b5c338fc8363eae9566eaffc11e87,1673863:2026-08-07T22:54:04+00:00,1,1,-18.518517,-8.51851782,-1,1,,,,,,,,,,,,,,,,,,sharp:0511,2026-08-07T22:45:01.947561+00:00,542.052439,0.5349999999999999,0,0,3,false,sharp:0511,542.052439,sharp:0512,359.995609,rn1:0154,30,rn1:0156,114,true,2026-08-07T22:53:34+00:00,30,0.5399999784,0xe5f78487b0c3f1210f1cdeb4a69b3f046756525068b3170ce69fb39b63dd12e0,true,true,true,true,-0.0049999784000001,0.0000000216,,true,false,0,,,,,,,,,,,,,,,false,false,false,false,true,false,0,,,,,,,,,,,,,,,false,false,false,false,true,false,0,,,,,,,,,,,,,,,false,false,false,false,true,true,8,2026-08-07T22:55:58+00:00,114,0.5399999932,0.0000000148,0x1384f2031d77ac8b3b69aa6945dfc80c4734d6a330c25d991a52471b88270b52,2026-08-07T22:58:30+00:00,266,34,0.5300000227,-0.0099999557,0xa19f38f1b891ee7ad97cf04647088a8a1e22b45e1f1b68239afd6ba1037cb2c2,0.5300000227,0.54,0.0099999773,false,false,false,true
H2-v1-EVENT-M5,H2-v1,rn1:0156,rn1,156,1673863,0x85103a46008451b326ce5cac11e4377e7c06baef3631a6a78e6ddfc593d68a5d,mlb-cin-wsh-2026-08-07,Washington Nationals,Cincinnati Reds,2026-08-07T23:46:00+00:00,2026-08-07T22:55:58+00:00,3002,true,-1,3347471,Cincinnati Reds,away,BUY,0.46,0.54,17.629628,8.10962888,-17.629628,-8.10962888,0x1384f2031d77ac8b3b69aa6945dfc80c4734d6a330c25d991a52471b88270b52,e65e587482fe6b66e66edbe9d8288e3cebe6c850440f1363620333fe26cddf94,1673863:2026-08-07T22:55:58+00:00,1,1,-17.629628,-8.10962888,-1,1,,,,,,,,,,,,,,,,,,sharp:0511,2026-08-07T22:45:01.947561+00:00,656.052439,0.5349999999999999,0,0,3,false,sharp:0511,656.052439,sharp:0512,245.995609,rn1:0155,114,rn1:0158,3,true,2026-08-07T22:54:04+00:00,114,0.5399999903,0x3a1e0e4e7ca3318ae32c699c481257c8cf3e01b20cb1ab1a49243913d896d21f,false,false,true,true,-0.0049999903000001,0.0000000097,,true,true,2,2026-08-07T22:56:01+00:00,3,0.5399999784,-0.0000000119,0x9f4b31ab97f779575a10a0ac72595d877ff0581b1b71c8b7f9f30e996f229ce9,2026-08-07T22:56:01+00:00,3,7,0.5300000227,-0.0099999676,0xa78bc45afd5e340f0eeebe64dd38ab45390c2fddde2e0bbadce512349b80c6d3,0.5300000227,0.5399999784,0.0099999557,false,true,true,true,true,true,4,2026-08-07T22:56:01+00:00,3,0.5399999784,-0.0000000119,0x9f4b31ab97f779575a10a0ac72595d877ff0581b1b71c8b7f9f30e996f229ce9,2026-08-07T22:56:24+00:00,26,4,0.54,0.0000000097,0x9d942004957423db7dc7a12ea4fe814c01720b989f0bbdd95b0ca56dfb60e2c9,0.5300000227,0.54,0.0099999773,true,true,true,true,true,true,4,2026-08-07T22:56:01+00:00,3,0.5399999784,-0.0000000119,0x9f4b31ab97f779575a10a0ac72595d877ff0581b1b71c8b7f9f30e996f229ce9,2026-08-07T22:56:24+00:00,26,34,0.54,0.0000000097,0x9d942004957423db7dc7a12ea4fe814c01720b989f0bbdd95b0ca56dfb60e2c9,0.5300000227,0.54,0.0099999773,false,false,false,true,true,true,7,2026-08-07T22:56:01+00:00,3,0.5399999784,-0.0000000119,0x9f4b31ab97f779575a10a0ac72595d877ff0581b1b71c8b7f9f30e996f229ce9,2026-08-07T22:58:30+00:00,152,148,0.5300000227,-0.0099999676,0xa19f38f1b891ee7ad97cf04647088a8a1e22b45e1f1b68239afd6ba1037cb2c2,0.5300000227,0.54,0.0099999773,false,false,false,false
H2-v1-EVENT-M5,H2-v1,rn1:0157,rn1,157,1673863,0x85103a46008451b326ce5cac11e4377e7c06baef3631a6a78e6ddfc593d68a5d,mlb-cin-wsh-2026-08-07,Washington Nationals,Cincinnati Reds,2026-08-07T23:46:00+00:00,2026-08-07T22:56:01+00:00,2999,true,1,3347472,Washington Nationals,home,BUY,0.53,0.53,20.255318,10.73531854,20.255318,10.73531854,0xa78bc45afd5e340f0eeebe64dd38ab45390c2fddde2e0bbadce512349b80c6d3,ae2e61c14b06953964932258787bffd6d4a1e3cc657ae16b9dd7852cc0c70cc6,1673863:2026-08-07T22:56:01+00:00,2,2,16.551616,9.03161562,1,1,,,,,,,,,,,,,,,,,,sharp:0511,2026-08-07T22:45:01.947561+00:00,659.052439,0.5349999999999999,0,0,3,false,sharp:0511,659.052439,sharp:0512,242.995609,rn1:0156,3,rn1:0159,21,true,2026-08-07T22:55:58+00:00,3,0.5399999932,0x1384f2031d77ac8b3b69aa6945dfc80c4734d6a330c25d991a52471b88270b52,true,true,true,true,-0.0049999932000001,-0.0099999932,,true,false,0,,,,,,,,,,,,,,,false,false,false,false,true,true,2,2026-08-07T22:56:22+00:00,21,0.5300001222,-0.009999871,0x35bdff15d0981e62028836ed65e9def2c81c09b081ccadbad58dcef2abc5dc60,2026-08-07T22:56:24+00:00,23,7,0.54,0.0000000068,0x9d942004957423db7dc7a12ea4fe814c01720b989f0bbdd95b0ca56dfb60e2c9,0.5300001222,0.54,0.0099998778,false,true,true,true,true,true,2,2026-08-07T22:56:22+00:00,21,0.5300001222,-0.009999871,0x35bdff15d0981e62028836ed65e9def2c81c09b081ccadbad58dcef2abc5dc60,2026-08-07T22:56:24+00:00,23,37,0.54,0.0000000068,0x9d942004957423db7dc7a12ea4fe814c01720b989f0bbdd95b0ca56dfb60e2c9,0.5300001222,0.54,0.0099998778,false,false,false,true,true,true,8,2026-08-07T22:56:22+00:00,21,0.5300001222,-0.009999871,0x35bdff15d0981e62028836ed65e9def2c81c09b081ccadbad58dcef2abc5dc60,2026-08-07T23:01:01+00:00,300,0,0.5399999784,-0.0000000148,0x8637a4124d792008225c13e15280aa1a4ddbc1cf32470ba906e9c74a0e52af21,0.5300000227,0.54,0.0099999773,true,true,true,true
H2-v1-EVENT-M5,H2-v1,rn1:0158,rn1,158,1673863,0x85103a46008451b326ce5cac11e4377e7c06baef3631a6a78e6ddfc593d68a5d,mlb-cin-wsh-2026-08-07,Washington Nationals,Cincinnati Reds,2026-08-07T23:46:00+00:00,2026-08-07T22:56:01+00:00,2999,true,-1,3347471,Cincinnati Reds,away,BUY,0.46,0.54,3.703702,1.70370292,-3.703702,-1.70370292,0x9f4b31ab97f779575a10a0ac72595d877ff0581b1b71c8b7f9f30e996f229ce9,d8ffc3315b58098b6188342c5ee2396cbd12fbe7d233def7a64e1398f2d45b04,1673863:2026-08-07T22:56:01+00:00,2,1,16.551616,9.03161562,1,1,,,,,,,,,,,,,,,,,,sharp:0511,2026-08-07T22:45:01.947561+00:00,659.052439,0.5349999999999999,0,0,3,false,sharp:0511,659.052439,sharp:0512,242.995609,rn1:0156,3,rn1:0159,21,true,2026-08-07T22:55:58+00:00,3,0.5399999932,0x1384f2031d77ac8b3b69aa6945dfc80c4734d6a330c25d991a52471b88270b52,true,true,true,true,-0.0049999932000001,0.0000000068,,true,false,0,,,,,,,,,,,,,,,false,false,false,false,true,true,2,2026-08-07T22:56:22+00:00,21,0.5300001222,-0.009999871,0x35bdff15d0981e62028836ed65e9def2c81c09b081ccadbad58dcef2abc5dc60,2026-08-07T22:56:24+00:00,23,7,0.54,0.0000000068,0x9d942004957423db7dc7a12ea4fe814c01720b989f0bbdd95b0ca56dfb60e2c9,0.5300001222,0.54,0.0099998778,false,true,true,true,true,true,2,2026-08-07T22:56:22+00:00,21,0.5300001222,-0.009999871,0x35bdff15d0981e62028836ed65e9def2c81c09b081ccadbad58dcef2abc5dc60,2026-08-07T22:56:24+00:00,23,37,0.54,0.0000000068,0x9d942004957423db7dc7a12ea4fe814c01720b989f0bbdd95b0ca56dfb60e2c9,0.5300001222,0.54,0.0099998778,false,false,false,true,true,true,8,2026-08-07T22:56:22+00:00,21,0.5300001222,-0.009999871,0x35bdff15d0981e62028836ed65e9def2c81c09b081ccadbad58dcef2abc5dc60,2026-08-07T23:01:01+00:00,300,0,0.5399999784,-0.0000000148,0x8637a4124d792008225c13e15280aa1a4ddbc1cf32470ba906e9c74a0e52af21,0.5300000227,0.54,0.0099999773,true,true,true,true
H2-v1-EVENT-M5,H2-v1,rn1:0159,rn1,159,1673863,0x85103a46008451b326ce5cac11e4377e7c06baef3631a6a78e6ddfc593d68a5d,mlb-cin-wsh-2026-08-07,Washington Nationals,Cincinnati Reds,2026-08-07T23:46:00+00:00,2026-08-07T22:56:22+00:00,2978,true,1,3347472,Washington Nationals,home,BUY,0.53,0.53,2.127658,1.12765874,2.127658,1.12765874,0x35bdff15d0981e62028836ed65e9def2c81c09b081ccadbad58dcef2abc5dc60,c37fc919021234d8d7d3797eb341c329c0af873a7fe32a8ee9d430a94c57d2a2,1673863:2026-08-07T22:56:22+00:00,1,1,2.127658,1.12765874,1,1,,,,,,,,,,,,,,,,,,sharp:0511,2026-08-07T22:45:01.947561+00:00,680.052439,0.5349999999999999,0,0,3,false,sharp:0511,680.052439,sharp:0512,221.995609,rn1:0157,21,rn1:0160,2,true,2026-08-07T22:56:01+00:00,21,0.5300000227,0xa78bc45afd5e340f0eeebe64dd38ab45390c2fddde2e0bbadce512349b80c6d3,true,true,true,true,0.0049999772999999,-0.0000000227,,true,true,1,2026-08-07T22:56:24+00:00,2,0.54,0.0099999773,0x9d942004957423db7dc7a12ea4fe814c01720b989f0bbdd95b0ca56dfb60e2c9,2026-08-07T22:56:24+00:00,2,8,0.54,0.0099999773,0x9d942004957423db7dc7a12ea4fe814c01720b989f0bbdd95b0ca56dfb60e2c9,0.54,0.54,0,false,true,true,true,true,true,1,2026-08-07T22:56:24+00:00,2,0.54,0.0099999773,0x9d942004957423db7dc7a12ea4fe814c01720b989f0bbdd95b0ca56dfb60e2c9,2026-08-07T22:56:24+00:00,2,28,0.54,0.0099999773,0x9d942004957423db7dc7a12ea4fe814c01720b989f0bbdd95b0ca56dfb60e2c9,0.54,0.54,0,false,false,true,true,true,true,1,2026-08-07T22:56:24+00:00,2,0.54,0.0099999773,0x9d942004957423db7dc7a12ea4fe814c01720b989f0bbdd95b0ca56dfb60e2c9,2026-08-07T22:56:24+00:00,2,58,0.54,0.0099999773,0x9d942004957423db7dc7a12ea4fe814c01720b989f0bbdd95b0ca56dfb60e2c9,0.54,0.54,0,false,false,false,true,true,true,7,2026-08-07T22:56:24+00:00,2,0.54,0.0099999773,0x9d942004957423db7dc7a12ea4fe814c01720b989f0bbdd95b0ca56dfb60e2c9,2026-08-07T23:01:01+00:00,279,21,0.5399999784,0.0099999557,0x8637a4124d792008225c13e15280aa1a4ddbc1cf32470ba906e9c74a0e52af21,0.5300000227,0.54,0.0099999773,false,false,true,true
H2-v1-EVENT-M5,H2-v1,rn1:0160,rn1,160,1673863,0x85103a46008451b326ce5cac11e4377e7c06baef3631a6a78e6ddfc593d68a5d,mlb-cin-wsh-2026-08-07,Washington Nationals,Cincinnati Reds,2026-08-07T23:46:00+00:00,2026-08-07T22:56:24+00:00,2976,true,-1,3347471,Cincinnati Reds,away,BUY,0.46,0.54,1.85185,0.851851,-1.85185,-0.851851,0x9d942004957423db7dc7a12ea4fe814c01720b989f0bbdd95b0ca56dfb60e2c9,c7a145f039c308b34a95f4fc910a55b699f877ac6654ce32e564591898cd3596,1673863:2026-08-07T22:56:24+00:00,1,1,-1.85185,-0.851851,-1,1,,,,,,,,,,,,,,,,,,sharp:0511,2026-08-07T22:45:01.947561+00:00,682.052439,0.5349999999999999,0,0,3,false,sharp:0511,682.052439,sharp:0512,219.995609,rn1:0159,2,rn1:0161,124,true,2026-08-07T22:56:22+00:00,2,0.5300001222,0x35bdff15d0981e62028836ed65e9def2c81c09b081ccadbad58dcef2abc5dc60,true,true,true,true,0.0049998777999999,0.0099998778,,true,false,0,,,,,,,,,,,,,,,false,false,false,false,true,false,0,,,,,,,,,,,,,,,false,false,false,false,true,false,0,,,,,,,,,,,,,,,false,false,false,false,true,true,6,2026-08-07T22:58:28+00:00,124,0.5399999932,0.009999871,0x4c482aaf8ff3252de8a59215b4d28bd8f01effdd5e8788f777f8056d610ac2e2,2026-08-07T23:01:01+00:00,277,23,0.5399999784,0.0099998562,0x8637a4124d792008225c13e15280aa1a4ddbc1cf32470ba906e9c74a0e52af21,0.5300000227,0.5399999932,0.0099999705,false,false,true,true
H2-v1-EVENT-M5,H2-v1,rn1:0161,rn1,161,1673863,0x85103a46008451b326ce5cac11e4377e7c06baef3631a6a78e6ddfc593d68a5d,mlb-cin-wsh-2026-08-07,Washington Nationals,Cincinnati Reds,2026-08-07T23:46:00+00:00,2026-08-07T22:58:28+00:00,2852,true,-1,3347471,Cincinnati Reds,away,BUY,0.46,0.54,17.629628,8.10962888,-17.629628,-8.10962888,0x4c482aaf8ff3252de8a59215b4d28bd8f01effdd5e8788f777f8056d610ac2e2,f095cffe55153c1747cd947d1b9021bf26dea3bb6f1245b4cf3d9676cb3d90c8,1673863:2026-08-07T22:58:28+00:00,1,1,-17.629628,-8.10962888,-1,1,,,,,,,,,,,,,,,,,,sharp:0511,2026-08-07T22:45:01.947561+00:00,806.052439,0.5349999999999999,0,0,3,false,sharp:0511,806.052439,sharp:0512,95.995609,rn1:0160,124,rn1:0162,2,true,2026-08-07T22:56:24+00:00,124,0.54,0x9d942004957423db7dc7a12ea4fe814c01720b989f0bbdd95b0ca56dfb60e2c9,false,false,true,true,-0.0050000000000001,0,,true,true,2,2026-08-07T22:58:30+00:00,2,0.5399999784,-0.0000000216,0x0d85e41a23e9f180322e1cf5bff1ba745bccd1388669418c1e11bbf3ff9e929b,2026-08-07T22:58:30+00:00,2,8,0.5300000227,-0.0099999773,0xa19f38f1b891ee7ad97cf04647088a8a1e22b45e1f1b68239afd6ba1037cb2c2,0.5300000227,0.5399999784,0.0099999557,false,true,true,true,true,true,2,2026-08-07T22:58:30+00:00,2,0.5399999784,-0.0000000216,0x0d85e41a23e9f180322e1cf5bff1ba745bccd1388669418c1e11bbf3ff9e929b,2026-08-07T22:58:30+00:00,2,28,0.5300000227,-0.0099999773,0xa19f38f1b891ee7ad97cf04647088a8a1e22b45e1f1b68239afd6ba1037cb2c2,0.5300000227,0.5399999784,0.0099999557,false,false,true,true,true,true,2,2026-08-07T22:58:30+00:00,2,0.5399999784,-0.0000000216,0x0d85e41a23e9f180322e1cf5bff1ba745bccd1388669418c1e11bbf3ff9e929b,2026-08-07T22:58:30+00:00,2,58,0.5300000227,-0.0099999773,0xa19f38f1b891ee7ad97cf04647088a8a1e22b45e1f1b68239afd6ba1037cb2c2,0.5300000227,0.5399999784,0.0099999557,false,false,false,true,true,true,8,2026-08-07T22:58:30+00:00,2,0.5399999784,-0.0000000216,0x0d85e41a23e9f180322e1cf5bff1ba745bccd1388669418c1e11bbf3ff9e929b,2026-08-07T23:03:28+00:00,300,0,0.5399999784,-0.0000000216,0xd7184d77096917a41189b8330cf35d6c0595d6d867f01c669d7f78cc1962eed0,0.5300000227,0.5399999932,0.0099999705,true,true,true,true
H2-v1-EVENT-M5,H2-v1,rn1:0162,rn1,162,1673863,0x85103a46008451b326ce5cac11e4377e7c06baef3631a6a78e6ddfc593d68a5d,mlb-cin-wsh-2026-08-07,Washington Nationals,Cincinnati Reds,2026-08-07T23:46:00+00:00,2026-08-07T22:58:30+00:00,2850,true,-1,3347471,Cincinnati Reds,away,BUY,0.46,0.54,3.703702,1.70370292,-3.703702,-1.70370292,0x0d85e41a23e9f180322e1cf5bff1ba745bccd1388669418c1e11bbf3ff9e929b,823e760506598e0d372deab1715d2726d5c68b912912bf53d57d9f6101d9cadb,1673863:2026-08-07T22:58:30+00:00,2,1,16.551616,9.03161562,1,1,,,,,,,,,,,,,,,,,,sharp:0511,2026-08-07T22:45:01.947561+00:00,808.052439,0.5349999999999999,0,0,3,false,sharp:0511,808.052439,sharp:0512,93.995609,rn1:0161,2,rn1:0164,150,true,2026-08-07T22:58:28+00:00,2,0.5399999932,0x4c482aaf8ff3252de8a59215b4d28bd8f01effdd5e8788f777f8056d610ac2e2,true,true,true,true,-0.0049999932000001,0.0000000068,,true,false,0,,,,,,,,,,,,,,,false,false,false,false,true,false,0,,,,,,,,,,,,,,,false,false,false,false,true,false,0,,,,,,,,,,,,,,,false,false,false,false,true,true,6,2026-08-07T23:01:00+00:00,150,0.5399999932,0,0xefb7e2043c2d6a0303ae422dfc65d8d42d077a0265cd334b07fdcf9ef8516161,2026-08-07T23:03:28+00:00,298,2,0.5399999784,-0.0000000148,0xd7184d77096917a41189b8330cf35d6c0595d6d867f01c669d7f78cc1962eed0,0.5300000227,0.5399999932,0.0099999705,true,true,true,true
H2-v1-EVENT-M5,H2-v1,rn1:0163,rn1,163,1673863,0x85103a46008451b326ce5cac11e4377e7c06baef3631a6a78e6ddfc593d68a5d,mlb-cin-wsh-2026-08-07,Washington Nationals,Cincinnati Reds,2026-08-07T23:46:00+00:00,2026-08-07T22:58:30+00:00,2850,true,1,3347472,Washington Nationals,home,BUY,0.53,0.53,20.255318,10.73531854,20.255318,10.73531854,0xa19f38f1b891ee7ad97cf04647088a8a1e22b45e1f1b68239afd6ba1037cb2c2,935193ca62e89ad420baa89863e9554e5dae8d4f859b9172a31cbd807747069b,1673863:2026-08-07T22:58:30+00:00,2,2,16.551616,9.03161562,1,1,,,,,,,,,,,,,,,,,,sharp:0511,2026-08-07T22:45:01.947561+00:00,808.052439,0.5349999999999999,0,0,3,false,sharp:0511,808.052439,sharp:0512,93.995609,rn1:0161,2,rn1:0164,150,true,2026-08-07T22:58:28+00:00,2,0.5399999932,0x4c482aaf8ff3252de8a59215b4d28bd8f01effdd5e8788f777f8056d610ac2e2,true,true,true,true,-0.0049999932000001,-0.0099999932,,true,false,0,,,,,,,,,,,,,,,false,false,false,false,true,false,0,,,,,,,,,,,,,,,false,false,false,false,true,false,0,,,,,,,,,,,,,,,false,false,false,false,true,true,6,2026-08-07T23:01:00+00:00,150,0.5399999932,0,0xefb7e2043c2d6a0303ae422dfc65d8d42d077a0265cd334b07fdcf9ef8516161,2026-08-07T23:03:28+00:00,298,2,0.5399999784,-0.0000000148,0xd7184d77096917a41189b8330cf35d6c0595d6d867f01c669d7f78cc1962eed0,0.5300000227,0.5399999932,0.0099999705,true,true,true,true
H2-v1-EVENT-M5,H2-v1,sharp:0512,sharp,512,1673863,0x85103a46008451b326ce5cac11e4377e7c06baef3631a6a78e6ddfc593d68a5d,mlb-cin-wsh-2026-08-07,Washington Nationals,Cincinnati Reds,2026-08-07T23:46:00+00:00,2026-08-07T23:00:03.995609+00:00,2756.004391,true,-1,,,,,,,,,,,,,,,,,,,,3792,0.5343511450381679,0.5349999999999999,-0.000648854961832,-1,2026-08-07T22:45:01.947561+00:00,902.048048,3,true,betfair+matchbook+smarkets,betfair+matchbook+smarkets,false,0.5376884422110553,0.5263157894736842,0.5343511450381679,12.495609,12.995609,sharp:0512,2026-08-07T23:00:03.995609+00:00,0,0.5343511450381679,-0.000648854961832,-1,3,false,sharp:0511,902.048048,sharp:0513,2698.367725,rn1:0163,93.995609,rn1:0164,56.004391,true,2026-08-07T22:58:30+00:00,93.995609,0.5300000227,0xa19f38f1b891ee7ad97cf04647088a8a1e22b45e1f1b68239afd6ba1037cb2c2,false,false,true,true,0.0043511223381679,,,true,false,0,,,,,,,,,,,,,,,false,false,false,false,true,false,0,,,,,,,,,,,,,,,false,false,false,false,true,true,3,2026-08-07T23:01:00+00:00,56.004391,0.5399999932,0.0099999705,0xefb7e2043c2d6a0303ae422dfc65d8d42d077a0265cd334b07fdcf9ef8516161,2026-08-07T23:01:01+00:00,57.004391,2.995609,0.5399999784,0.0099999557,0x8637a4124d792008225c13e15280aa1a4ddbc1cf32470ba906e9c74a0e52af21,0.5300000227,0.5399999932,0.0099999705,true,true,true,true,true,true,6,2026-08-07T23:01:00+00:00,56.004391,0.5399999932,0.0099999705,0xefb7e2043c2d6a0303ae422dfc65d8d42d077a0265cd334b07fdcf9ef8516161,2026-08-07T23:03:28+00:00,204.004391,95.995609,0.5399999784,0.0099999557,0xd7184d77096917a41189b8330cf35d6c0595d6d867f01c669d7f78cc1962eed0,0.5300000227,0.5399999932,0.0099999705,false,false,false,false
H2-v1-EVENT-M5,H2-v1,rn1:0164,rn1,164,1673863,0x85103a46008451b326ce5cac11e4377e7c06baef3631a6a78e6ddfc593d68a5d,mlb-cin-wsh-2026-08-07,Washington Nationals,Cincinnati Reds,2026-08-07T23:46:00+00:00,2026-08-07T23:01:00+00:00,2700,true,-1,3347471,Cincinnati Reds,away,BUY,0.46,0.54,17.629628,8.10962888,-17.629628,-8.10962888,0xefb7e2043c2d6a0303ae422dfc65d8d42d077a0265cd334b07fdcf9ef8516161,18e40f24ffed5a5fbda9531e4af5f359ea9fbf6106a5ee28ff7aa901c8bb83d7,1673863:2026-08-07T23:01:00+00:00,1,1,-17.629628,-8.10962888,-1,1,,,,,,,,,,,,,,,,,,sharp:0512,2026-08-07T23:00:03.995609+00:00,56.004391,0.5343511450381679,-0.000648854961832,-1,3,false,sharp:0512,56.004391,sharp:0513,2642.363334,rn1:0163,150,rn1:0166,1,true,2026-08-07T22:58:30+00:00,150,0.5300000227,0xa19f38f1b891ee7ad97cf04647088a8a1e22b45e1f1b68239afd6ba1037cb2c2,false,false,true,true,0.0043511223381679,0.0099999773,true,true,true,2,2026-08-07T23:01:01+00:00,1,0.5300000227,0,0x4482687aa846b1f6764dfbd22c39e9b1330d670be2bc3df7db7d5b2ddebf41c3,2026-08-07T23:01:01+00:00,1,9,0.5399999784,0.0099999557,0x8637a4124d792008225c13e15280aa1a4ddbc1cf32470ba906e9c74a0e52af21,0.5300000227,0.5399999784,0.0099999557,false,true,true,true,true,true,2,2026-08-07T23:01:01+00:00,1,0.5300000227,0,0x4482687aa846b1f6764dfbd22c39e9b1330d670be2bc3df7db7d5b2ddebf41c3,2026-08-07T23:01:01+00:00,1,29,0.5399999784,0.0099999557,0x8637a4124d792008225c13e15280aa1a4ddbc1cf32470ba906e9c74a0e52af21,0.5300000227,0.5399999784,0.0099999557,false,false,true,true,true,true,2,2026-08-07T23:01:01+00:00,1,0.5300000227,0,0x4482687aa846b1f6764dfbd22c39e9b1330d670be2bc3df7db7d5b2ddebf41c3,2026-08-07T23:01:01+00:00,1,59,0.5399999784,0.0099999557,0x8637a4124d792008225c13e15280aa1a4ddbc1cf32470ba906e9c74a0e52af21,0.5300000227,0.5399999784,0.0099999557,false,false,false,true,true,true,9,2026-08-07T23:01:01+00:00,1,0.5300000227,0,0x4482687aa846b1f6764dfbd22c39e9b1330d670be2bc3df7db7d5b2ddebf41c3,2026-08-07T23:05:58+00:00,298,2,0.5399999784,0.0099999557,0xc7a351e1fc92a98d516de290255ce005ec8ff4eac1ac742d09f15dd1af6aeeea,0.5300000227,0.54,0.0099999773,true,true,true,true
H2-v1-EVENT-M5,H2-v1,rn1:0165,rn1,165,1673863,0x85103a46008451b326ce5cac11e4377e7c06baef3631a6a78e6ddfc593d68a5d,mlb-cin-wsh-2026-08-07,Washington Nationals,Cincinnati Reds,2026-08-07T23:46:00+00:00,2026-08-07T23:01:01+00:00,2699,true,-1,3347471,Cincinnati Reds,away,BUY,0.46,0.54,3.703702,1.70370292,-3.703702,-1.70370292,0x8637a4124d792008225c13e15280aa1a4ddbc1cf32470ba906e9c74a0e52af21,d324cbfb7250425614e687d8b24cfaf3a5e60630618f3af43d13ef74064e7766,1673863:2026-08-07T23:01:01+00:00,2,2,16.551616,9.03161562,1,1,,,,,,,,,,,,,,,,,,sharp:0512,2026-08-07T23:00:03.995609+00:00,57.004391,0.5343511450381679,-0.000648854961832,-1,3,false,sharp:0512,57.004391,sharp:0513,2641.363334,rn1:0164,1,rn1:0168,146,true,2026-08-07T23:01:00+00:00,1,0.5399999932,0xefb7e2043c2d6a0303ae422dfc65d8d42d077a0265cd334b07fdcf9ef8516161,true,true,true,true,-0.0056488481618321,0.0000000068,true,true,false,0,,,,,,,,,,,,,,,false,false,false,false,true,false,0,,,,,,,,,,,,,,,false,false,false,false,true,false,0,,,,,,,,,,,,,,,false,false,false,false,true,true,8,2026-08-07T23:03:27+00:00,146,0.5300000227,-0.0099999705,0x8c51699c0dc62a3d2832d37dc48f61e5e0af21b144a047a70b5ae369cebfec0b,2026-08-07T23:06:01+00:00,300,0,0.5300001222,-0.009999871,0xe24ec3f7b0db2992c24b1a3006f84ddaa51a9801319d88794a22fefe0923bdfd,0.5300000227,0.54,0.0099999773,true,true,true,true
H2-v1-EVENT-M5,H2-v1,rn1:0166,rn1,166,1673863,0x85103a46008451b326ce5cac11e4377e7c06baef3631a6a78e6ddfc593d68a5d,mlb-cin-wsh-2026-08-07,Washington Nationals,Cincinnati Reds,2026-08-07T23:46:00+00:00,2026-08-07T23:01:01+00:00,2699,true,1,3347472,Washington Nationals,home,BUY,0.53,0.53,20.255318,10.73531854,20.255318,10.73531854,0x4482687aa846b1f6764dfbd22c39e9b1330d670be2bc3df7db7d5b2ddebf41c3,f1dc20799b76916f7d6a2d68d8d77d9f9ad80947a73819d70eb11cfbe715a9a7,1673863:2026-08-07T23:01:01+00:00,2,1,16.551616,9.03161562,1,1,,,,,,,,,,,,,,,,,,sharp:0512,2026-08-07T23:00:03.995609+00:00,57.004391,0.5343511450381679,-0.000648854961832,-1,3,false,sharp:0512,57.004391,sharp:0513,2641.363334,rn1:0164,1,rn1:0168,146,true,2026-08-07T23:01:00+00:00,1,0.5399999932,0xefb7e2043c2d6a0303ae422dfc65d8d42d077a0265cd334b07fdcf9ef8516161,true,true,true,true,-0.0056488481618321,-0.0099999932,false,true,false,0,,,,,,,,,,,,,,,false,false,false,false,true,false,0,,,,,,,,,,,,,,,false,false,false,false,true,false,0,,,,,,,,,,,,,,,false,false,false,false,true,true,8,2026-08-07T23:03:27+00:00,146,0.5300000227,-0.0099999705,0x8c51699c0dc62a3d2832d37dc48f61e5e0af21b144a047a70b5ae369cebfec0b,2026-08-07T23:06:01+00:00,300,0,0.5300001222,-0.009999871,0xe24ec3f7b0db2992c24b1a3006f84ddaa51a9801319d88794a22fefe0923bdfd,0.5300000227,0.54,0.0099999773,true,true,true,true
H2-v1-EVENT-M5,H2-v1,rn1:0167,rn1,167,1673863,0x85103a46008451b326ce5cac11e4377e7c06baef3631a6a78e6ddfc593d68a5d,mlb-cin-wsh-2026-08-07,Washington Nationals,Cincinnati Reds,2026-08-07T23:46:00+00:00,2026-08-07T23:03:27+00:00,2553,true,-1,3347471,Cincinnati Reds,away,BUY,0.46,0.54,17.629628,8.10962888,-17.629628,-8.10962888,0xe00d4806880554dbbd82130b7690035895d8de78db36ff58065e8330d768cd7f,6c25c34b30e3026e6348e33119fa2133066780ab674b3e0962116a9f84395a7e,1673863:2026-08-07T23:03:27+00:00,2,2,2.62569,2.62568966,1,1,,,,,,,,,,,,,,,,,,sharp:0512,2026-08-07T23:00:03.995609+00:00,203.004391,0.5343511450381679,-0.000648854961832,-1,3,false,sharp:0512,203.004391,sharp:0513,2495.363334,rn1:0165,146,rn1:0169,1,true,2026-08-07T23:01:01+00:00,146,0.5399999784,0x8637a4124d792008225c13e15280aa1a4ddbc1cf32470ba906e9c74a0e52af21,false,false,true,true,-0.0056488333618321,0.0000000216,true,true,true,1,2026-08-07T23:03:28+00:00,1,0.5399999784,0,0xd7184d77096917a41189b8330cf35d6c0595d6d867f01c669d7f78cc1962eed0,2026-08-07T23:03:28+00:00,1,9,0.5399999784,0,0xd7184d77096917a41189b8330cf35d6c0595d6d867f01c669d7f78cc1962eed0,0.5399999784,0.5399999784,0,false,true,true,true,true,true,1,2026-08-07T23:03:28+00:00,1,0.5399999784,0,0xd7184d77096917a41189b8330cf35d6c0595d6d867f01c669d7f78cc1962eed0,2026-08-07T23:03:28+00:00,1,29,0.5399999784,0,0xd7184d77096917a41189b8330cf35d6c0595d6d867f01c669d7f78cc1962eed0,0.5399999784,0.5399999784,0,false,false,true,true,true,true,1,2026-08-07T23:03:28+00:00,1,0.5399999784,0,0xd7184d77096917a41189b8330cf35d6c0595d6d867f01c669d7f78cc1962eed0,2026-08-07T23:03:28+00:00,1,59,0.5399999784,0,0xd7184d77096917a41189b8330cf35d6c0595d6d867f01c669d7f78cc1962eed0,0.5399999784,0.5399999784,0,false,false,false,true,true,true,9,2026-08-07T23:03:28+00:00,1,0.5399999784,0,0xd7184d77096917a41189b8330cf35d6c0595d6d867f01c669d7f78cc1962eed0,2026-08-07T23:08:25+00:00,298,2,0.5399999784,0,0x8727c91345d35ba06f059326ebf266b7418654d0dc4597c610153dbcb03d6e93,0.5300000227,0.54,0.0099999773,true,true,true,true
H2-v1-EVENT-M5,H2-v1,rn1:0168,rn1,168,1673863,0x85103a46008451b326ce5cac11e4377e7c06baef3631a6a78e6ddfc593d68a5d,mlb-cin-wsh-2026-08-07,Washington Nationals,Cincinnati Reds,2026-08-07T23:46:00+00:00,2026-08-07T23:03:27+00:00,2553,true,1,3347472,Washington Nationals,home,BUY,0.53,0.53,20.255318,10.73531854,20.255318,10.73531854,0x8c51699c0dc62a3d2832d37dc48f61e5e0af21b144a047a70b5ae369cebfec0b,93307466e1e144e7ace8d77dd3651e7df1df42436f7d028d8bf03b5a89cfb8f4,1673863:2026-08-07T23:03:27+00:00,2,1,2.62569,2.62568966,1,1,,,,,,,,,,,,,,,,,,sharp:0512,2026-08-07T23:00:03.995609+00:00,203.004391,0.5343511450381679,-0.000648854961832,-1,3,false,sharp:0512,203.004391,sharp:0513,2495.363334,rn1:0165,146,rn1:0169,1,true,2026-08-07T23:01:01+00:00,146,0.5399999784,0x8637a4124d792008225c13e15280aa1a4ddbc1cf32470ba906e9c74a0e52af21,false,false,true,true,-0.0056488333618321,-0.0099999784,false,true,true,1,2026-08-07T23:03:28+00:00,1,0.5399999784,0,0xd7184d77096917a41189b8330cf35d6c0595d6d867f01c669d7f78cc1962eed0,2026-08-07T23:03:28+00:00,1,9,0.5399999784,0,0xd7184d77096917a41189b8330cf35d6c0595d6d867f01c669d7f78cc1962eed0,0.5399999784,0.5399999784,0,false,true,true,true,true,true,1,2026-08-07T23:03:28+00:00,1,0.5399999784,0,0xd7184d77096917a41189b8330cf35d6c0595d6d867f01c669d7f78cc1962eed0,2026-08-07T23:03:28+00:00,1,29,0.5399999784,0,0xd7184d77096917a41189b8330cf35d6c0595d6d867f01c669d7f78cc1962eed0,0.5399999784,0.5399999784,0,false,false,true,true,true,true,1,2026-08-07T23:03:28+00:00,1,0.5399999784,0,0xd7184d77096917a41189b8330cf35d6c0595d6d867f01c669d7f78cc1962eed0,2026-08-07T23:03:28+00:00,1,59,0.5399999784,0,0xd7184d77096917a41189b8330cf35d6c0595d6d867f01c669d7f78cc1962eed0,0.5399999784,0.5399999784,0,false,false,false,true,true,true,9,2026-08-07T23:03:28+00:00,1,0.5399999784,0,0xd7184d77096917a41189b8330cf35d6c0595d6d867f01c669d7f78cc1962eed0,2026-08-07T23:08:25+00:00,298,2,0.5399999784,0,0x8727c91345d35ba06f059326ebf266b7418654d0dc4597c610153dbcb03d6e93,0.5300000227,0.54,0.0099999773,true,true,true,true
H2-v1-EVENT-M5,H2-v1,rn1:0169,rn1,169,1673863,0x85103a46008451b326ce5cac11e4377e7c06baef3631a6a78e6ddfc593d68a5d,mlb-cin-wsh-2026-08-07,Washington Nationals,Cincinnati Reds,2026-08-07T23:46:00+00:00,2026-08-07T23:03:28+00:00,2552,true,-1,3347471,Cincinnati Reds,away,BUY,0.46,0.54,3.703702,1.70370292,-3.703702,-1.70370292,0xd7184d77096917a41189b8330cf35d6c0595d6d867f01c669d7f78cc1962eed0,0ea252b03a88536aebef126aedbb0ce60a9ae25e6b5f34143861142d7c0e317e,1673863:2026-08-07T23:03:28+00:00,1,1,-3.703702,-1.70370292,-1,1,,,,,,,,,,,,,,,,,,sharp:0512,2026-08-07T23:00:03.995609+00:00,204.004391,0.5343511450381679,-0.000648854961832,-1,3,false,sharp:0512,204.004391,sharp:0513,2494.363334,rn1:0167,1,rn1:0170,147,true,2026-08-07T23:03:27+00:00,1,0.5399999932,0xe00d4806880554dbbd82130b7690035895d8de78db36ff58065e8330d768cd7f,true,true,true,true,-0.0056488481618321,0.0000000068,true,true,false,0,,,,,,,,,,,,,,,false,false,false,false,true,false,0,,,,,,,,,,,,,,,false,false,false,false,true,false,0,,,,,,,,,,,,,,,false,false,false,false,true,true,8,2026-08-07T23:05:55+00:00,147,0.5300000227,-0.0099999705,0x421fcb9a301dd0a0cdcc67e612c0b464f15ab2a3764dbf8099dc78cd998f32ac,2026-08-07T23:08:25+00:00,297,3,0.5399999784,-0.0000000148,0x8727c91345d35ba06f059326ebf266b7418654d0dc4597c610153dbcb03d6e93,0.5300000227,0.54,0.0099999773,true,true,true,true
H2-v1-EVENT-M5,H2-v1,rn1:0170,rn1,170,1673863,0x85103a46008451b326ce5cac11e4377e7c06baef3631a6a78e6ddfc593d68a5d,mlb-cin-wsh-2026-08-07,Washington Nationals,Cincinnati Reds,2026-08-07T23:46:00+00:00,2026-08-07T23:05:55+00:00,2405,true,1,3347472,Washington Nationals,home,BUY,0.53,0.53,20.255318,10.73531854,20.255318,10.73531854,0x421fcb9a301dd0a0cdcc67e612c0b464f15ab2a3764dbf8099dc78cd998f32ac,859cf5a583ba85398bda28192dfc26ff24935ac2fdaf4025738618528580ea1d,1673863:2026-08-07T23:05:55+00:00,2,1,2.62569,2.62568966,1,1,,,,,,,,,,,,,,,,,,sharp:0512,2026-08-07T23:00:03.995609+00:00,351.004391,0.5343511450381679,-0.000648854961832,-1,3,false,sharp:0512,351.004391,sharp:0513,2347.363334,rn1:0169,147,rn1:0172,3,true,2026-08-07T23:03:28+00:00,147,0.5399999784,0xd7184d77096917a41189b8330cf35d6c0595d6d867f01c669d7f78cc1962eed0,false,false,true,true,-0.0056488333618321,-0.0099999784,false,true,true,3,2026-08-07T23:05:58+00:00,3,0.54,0.0000000216,0xad2cdc3b91e6e3e2602fc90c8cf570003190bba3244c91adaa0af7c1899f04ba,2026-08-07T23:06:01+00:00,6,4,0.5300001222,-0.0099998562,0xe24ec3f7b0db2992c24b1a3006f84ddaa51a9801319d88794a22fefe0923bdfd,0.5300001222,0.54,0.0099998778,true,true,true,true,true,true,3,2026-08-07T23:05:58+00:00,3,0.54,0.0000000216,0xad2cdc3b91e6e3e2602fc90c8cf570003190bba3244c91adaa0af7c1899f04ba,2026-08-07T23:06:01+00:00,6,24,0.5300001222,-0.0099998562,0xe24ec3f7b0db2992c24b1a3006f84ddaa51a9801319d88794a22fefe0923bdfd,0.5300001222,0.54,0.0099998778,false,false,true,true,true,true,3,2026-08-07T23:05:58+00:00,3,0.54,0.0000000216,0xad2cdc3b91e6e3e2602fc90c8cf570003190bba3244c91adaa0af7c1899f04ba,2026-08-07T23:06:01+00:00,6,54,0.5300001222,-0.0099998562,0xe24ec3f7b0db2992c24b1a3006f84ddaa51a9801319d88794a22fefe0923bdfd,0.5300001222,0.54,0.0099998778,false,false,false,true,true,true,9,2026-08-07T23:05:58+00:00,3,0.54,0.0000000216,0xad2cdc3b91e6e3e2602fc90c8cf570003190bba3244c91adaa0af7c1899f04ba,2026-08-07T23:10:54+00:00,299,1,0.5399999784,0,0x09696b1bb72c57a65434a13e80b0e4eb7cd37e84d3e7d1e350438a3d7b199578,0.5300000227,0.54,0.0099999773,true,true,true,true
H2-v1-EVENT-M5,H2-v1,rn1:0171,rn1,171,1673863,0x85103a46008451b326ce5cac11e4377e7c06baef3631a6a78e6ddfc593d68a5d,mlb-cin-wsh-2026-08-07,Washington Nationals,Cincinnati Reds,2026-08-07T23:46:00+00:00,2026-08-07T23:05:55+00:00,2405,true,-1,3347471,Cincinnati Reds,away,BUY,0.46,0.54,17.629628,8.10962888,-17.629628,-8.10962888,0x6630a827b93ceb05082eaef69d4004605fa4e2b8082bcd9c687c9e389de7443c,8f6269d0b258d9cbbc934d6073c838cde7c2688c7b3c40c221b319c2ef06355f,1673863:2026-08-07T23:05:55+00:00,2,2,2.62569,2.62568966,1,1,,,,,,,,,,,,,,,,,,sharp:0512,2026-08-07T23:00:03.995609+00:00,351.004391,0.5343511450381679,-0.000648854961832,-1,3,false,sharp:0512,351.004391,sharp:0513,2347.363334,rn1:0169,147,rn1:0172,3,true,2026-08-07T23:03:28+00:00,147,0.5399999784,0xd7184d77096917a41189b8330cf35d6c0595d6d867f01c669d7f78cc1962eed0,false,false,true,true,-0.0056488333618321,0.0000000216,true,true,true,3,2026-08-07T23:05:58+00:00,3,0.54,0.0000000216,0xad2cdc3b91e6e3e2602fc90c8cf570003190bba3244c91adaa0af7c1899f04ba,2026-08-07T23:06:01+00:00,6,4,0.5300001222,-0.0099998562,0xe24ec3f7b0db2992c24b1a3006f84ddaa51a9801319d88794a22fefe0923bdfd,0.5300001222,0.54,0.0099998778,true,true,true,true,true,true,3,2026-08-07T23:05:58+00:00,3,0.54,0.0000000216,0xad2cdc3b91e6e3e2602fc90c8cf570003190bba3244c91adaa0af7c1899f04ba,2026-08-07T23:06:01+00:00,6,24,0.5300001222,-0.0099998562,0xe24ec3f7b0db2992c24b1a3006f84ddaa51a9801319d88794a22fefe0923bdfd,0.5300001222,0.54,0.0099998778,false,false,true,true,true,true,3,2026-08-07T23:05:58+00:00,3,0.54,0.0000000216,0xad2cdc3b91e6e3e2602fc90c8cf570003190bba3244c91adaa0af7c1899f04ba,2026-08-07T23:06:01+00:00,6,54,0.5300001222,-0.0099998562,0xe24ec3f7b0db2992c24b1a3006f84ddaa51a9801319d88794a22fefe0923bdfd,0.5300001222,0.54,0.0099998778,false,false,false,true,true,true,9,2026-08-07T23:05:58+00:00,3,0.54,0.0000000216,0xad2cdc3b91e6e3e2602fc90c8cf570003190bba3244c91adaa0af7c1899f04ba,2026-08-07T23:10:54+00:00,299,1,0.5399999784,0,0x09696b1bb72c57a65434a13e80b0e4eb7cd37e84d3e7d1e350438a3d7b199578,0.5300000227,0.54,0.0099999773,true,true,true,true
H2-v1-EVENT-M5,H2-v1,rn1:0172,rn1,172,1673863,0x85103a46008451b326ce5cac11e4377e7c06baef3631a6a78e6ddfc593d68a5d,mlb-cin-wsh-2026-08-07,Washington Nationals,Cincinnati Reds,2026-08-07T23:46:00+00:00,2026-08-07T23:05:58+00:00,2402,true,-1,3347471,Cincinnati Reds,away,BUY,0.46,0.54,1.85185,0.851851,-1.85185,-0.851851,0xad2cdc3b91e6e3e2602fc90c8cf570003190bba3244c91adaa0af7c1899f04ba,4b102fe2c29993846538ad50a5b6e83d98d8b59962253a145e1bc5a809693ef9,1673863:2026-08-07T23:05:58+00:00,2,1,-5.555552,-2.55555392,-1,1,,,,,,,,,,,,,,,,,,sharp:0512,2026-08-07T23:00:03.995609+00:00,354.004391,0.5343511450381679,-0.000648854961832,-1,3,false,sharp:0512,354.004391,sharp:0513,2344.363334,rn1:0171,3,rn1:0174,3,true,2026-08-07T23:05:55+00:00,3,0.5399999932,0x6630a827b93ceb05082eaef69d4004605fa4e2b8082bcd9c687c9e389de7443c,true,true,true,true,-0.0056488481618321,0.0000000068,true,true,true,1,2026-08-07T23:06:01+00:00,3,0.5300001222,-0.009999871,0xe24ec3f7b0db2992c24b1a3006f84ddaa51a9801319d88794a22fefe0923bdfd,2026-08-07T23:06:01+00:00,3,7,0.5300001222,-0.009999871,0xe24ec3f7b0db2992c24b1a3006f84ddaa51a9801319d88794a22fefe0923bdfd,0.5300001222,0.5300001222,0,false,true,true,true,true,true,1,2026-08-07T23:06:01+00:00,3,0.5300001222,-0.009999871,0xe24ec3f7b0db2992c24b1a3006f84ddaa51a9801319d88794a22fefe0923bdfd,2026-08-07T23:06:01+00:00,3,27,0.5300001222,-0.009999871,0xe24ec3f7b0db2992c24b1a3006f84ddaa51a9801319d88794a22fefe0923bdfd,0.5300001222,0.5300001222,0,false,false,true,true,true,true,1,2026-08-07T23:06:01+00:00,3,0.5300001222,-0.009999871,0xe24ec3f7b0db2992c24b1a3006f84ddaa51a9801319d88794a22fefe0923bdfd,2026-08-07T23:06:01+00:00,3,57,0.5300001222,-0.009999871,0xe24ec3f7b0db2992c24b1a3006f84ddaa51a9801319d88794a22fefe0923bdfd,0.5300001222,0.5300001222,0,false,false,false,true,true,true,7,2026-08-07T23:06:01+00:00,3,0.5300001222,-0.009999871,0xe24ec3f7b0db2992c24b1a3006f84ddaa51a9801319d88794a22fefe0923bdfd,2026-08-07T23:10:54+00:00,296,4,0.5399999784,-0.0000000148,0x09696b1bb72c57a65434a13e80b0e4eb7cd37e84d3e7d1e350438a3d7b199578,0.5300000227,0.5399999932,0.0099999705,true,true,true,true
H2-v1-EVENT-M5,H2-v1,rn1:0173,rn1,173,1673863,0x85103a46008451b326ce5cac11e4377e7c06baef3631a6a78e6ddfc593d68a5d,mlb-cin-wsh-2026-08-07,Washington Nationals,Cincinnati Reds,2026-08-07T23:46:00+00:00,2026-08-07T23:05:58+00:00,2402,true,-1,3347471,Cincinnati Reds,away,BUY,0.46,0.54,3.703702,1.70370292,-3.703702,-1.70370292,0xc7a351e1fc92a98d516de290255ce005ec8ff4eac1ac742d09f15dd1af6aeeea,f40e4b612addba02df4738df43b9fae8682924893c7498339af23b6ac8fc6865,1673863:2026-08-07T23:05:58+00:00,2,2,-5.555552,-2.55555392,-1,1,,,,,,,,,,,,,,,,,,sharp:0512,2026-08-07T23:00:03.995609+00:00,354.004391,0.5343511450381679,-0.000648854961832,-1,3,false,sharp:0512,354.004391,sharp:0513,2344.363334,rn1:0171,3,rn1:0174,3,true,2026-08-07T23:05:55+00:00,3,0.5399999932,0x6630a827b93ceb05082eaef69d4004605fa4e2b8082bcd9c687c9e389de7443c,true,true,true,true,-0.0056488481618321,0.0000000068,true,true,true,1,2026-08-07T23:06:01+00:00,3,0.5300001222,-0.009999871,0xe24ec3f7b0db2992c24b1a3006f84ddaa51a9801319d88794a22fefe0923bdfd,2026-08-07T23:06:01+00:00,3,7,0.5300001222,-0.009999871,0xe24ec3f7b0db2992c24b1a3006f84ddaa51a9801319d88794a22fefe0923bdfd,0.5300001222,0.5300001222,0,false,true,true,true,true,true,1,2026-08-07T23:06:01+00:00,3,0.5300001222,-0.009999871,0xe24ec3f7b0db2992c24b1a3006f84ddaa51a9801319d88794a22fefe0923bdfd,2026-08-07T23:06:01+00:00,3,27,0.5300001222,-0.009999871,0xe24ec3f7b0db2992c24b1a3006f84ddaa51a9801319d88794a22fefe0923bdfd,0.5300001222,0.5300001222,0,false,false,true,true,true,true,1,2026-08-07T23:06:01+00:00,3,0.5300001222,-0.009999871,0xe24ec3f7b0db2992c24b1a3006f84ddaa51a9801319d88794a22fefe0923bdfd,2026-08-07T23:06:01+00:00,3,57,0.5300001222,-0.009999871,0xe24ec3f7b0db2992c24b1a3006f84ddaa51a9801319d88794a22fefe0923bdfd,0.5300001222,0.5300001222,0,false,false,false,true,true,true,7,2026-08-07T23:06:01+00:00,3,0.5300001222,-0.009999871,0xe24ec3f7b0db2992c24b1a3006f84ddaa51a9801319d88794a22fefe0923bdfd,2026-08-07T23:10:54+00:00,296,4,0.5399999784,-0.0000000148,0x09696b1bb72c57a65434a13e80b0e4eb7cd37e84d3e7d1e350438a3d7b199578,0.5300000227,0.5399999932,0.0099999705,true,true,true,true
H2-v1-EVENT-M5,H2-v1,rn1:0174,rn1,174,1673863,0x85103a46008451b326ce5cac11e4377e7c06baef3631a6a78e6ddfc593d68a5d,mlb-cin-wsh-2026-08-07,Washington Nationals,Cincinnati Reds,2026-08-07T23:46:00+00:00,2026-08-07T23:06:01+00:00,2399,true,1,3347472,Washington Nationals,home,BUY,0.53,0.53,2.127658,1.12765874,2.127658,1.12765874,0xe24ec3f7b0db2992c24b1a3006f84ddaa51a9801319d88794a22fefe0923bdfd,0809d37589d1a50ca12b17819e9b80b20787134d38dc0eacf9bf99a7512b1a84,1673863:2026-08-07T23:06:01+00:00,1,1,2.127658,1.12765874,1,1,,,,,,,,,,,,,,,,,,sharp:0512,2026-08-07T23:00:03.995609+00:00,357.004391,0.5343511450381679,-0.000648854961832,-1,3,false,sharp:0512,357.004391,sharp:0513,2341.363334,rn1:0173,3,rn1:0176,143,true,2026-08-07T23:05:58+00:00,3,0.5399999784,0xc7a351e1fc92a98d516de290255ce005ec8ff4eac1ac742d09f15dd1af6aeeea,true,true,true,true,-0.0056488333618321,-0.0099999784,false,true,false,0,,,,,,,,,,,,,,,false,false,false,false,true,false,0,,,,,,,,,,,,,,,false,false,false,false,true,false,0,,,,,,,,,,,,,,,false,false,false,false,true,true,6,2026-08-07T23:08:24+00:00,143,0.5399999932,0.0000000148,0x9b6c0d7740f9a976dd8345551ab86512c6c7d3ce6401cd690bb4496f75b47204,2026-08-07T23:10:54+00:00,293,7,0.5399999784,0,0x09696b1bb72c57a65434a13e80b0e4eb7cd37e84d3e7d1e350438a3d7b199578,0.5300000227,0.5399999932,0.0099999705,false,true,true,true
H2-v1-EVENT-M5,H2-v1,rn1:0175,rn1,175,1673863,0x85103a46008451b326ce5cac11e4377e7c06baef3631a6a78e6ddfc593d68a5d,mlb-cin-wsh-2026-08-07,Washington Nationals,Cincinnati Reds,2026-08-07T23:46:00+00:00,2026-08-07T23:08:24+00:00,2256,true,1,3347472,Washington Nationals,home,BUY,0.53,0.53,20.255318,10.73531854,20.255318,10.73531854,0xf8f7ddecc096fc9ff0d819fee49d2c20b5cd1625ac5d6aca1836e0d7b9bddd11,7f8658ef8d01af129622280c15bc15a4288cbf4fee77f40269a7c9ca0a1cdc89,1673863:2026-08-07T23:08:24+00:00,2,2,2.62569,2.62568966,1,1,,,,,,,,,,,,,,,,,,sharp:0512,2026-08-07T23:00:03.995609+00:00,500.004391,0.5343511450381679,-0.000648854961832,-1,3,false,sharp:0512,500.004391,sharp:0513,2198.363334,rn1:0174,143,rn1:0177,1,true,2026-08-07T23:06:01+00:00,143,0.5300001222,0xe24ec3f7b0db2992c24b1a3006f84ddaa51a9801319d88794a22fefe0923bdfd,false,false,true,true,0.0043510228381679,-0.0000001222,false,true,true,1,2026-08-07T23:08:25+00:00,1,0.5399999784,0.0099998562,0x8727c91345d35ba06f059326ebf266b7418654d0dc4597c610153dbcb03d6e93,2026-08-07T23:08:25+00:00,1,9,0.5399999784,0.0099998562,0x8727c91345d35ba06f059326ebf266b7418654d0dc4597c610153dbcb03d6e93,0.5399999784,0.5399999784,0,false,true,true,true,true,true,1,2026-08-07T23:08:25+00:00,1,0.5399999784,0.0099998562,0x8727c91345d35ba06f059326ebf266b7418654d0dc4597c610153dbcb03d6e93,2026-08-07T23:08:25+00:00,1,29,0.5399999784,0.0099998562,0x8727c91345d35ba06f059326ebf266b7418654d0dc4597c610153dbcb03d6e93,0.5399999784,0.5399999784,0,false,false,true,true,true,true,1,2026-08-07T23:08:25+00:00,1,0.5399999784,0.0099998562,0x8727c91345d35ba06f059326ebf266b7418654d0dc4597c610153dbcb03d6e93,2026-08-07T23:08:25+00:00,1,59,0.5399999784,0.0099998562,0x8727c91345d35ba06f059326ebf266b7418654d0dc4597c610153dbcb03d6e93,0.5399999784,0.5399999784,0,false,false,false,true,true,true,11,2026-08-07T23:08:25+00:00,1,0.5399999784,0.0099998562,0x8727c91345d35ba06f059326ebf266b7418654d0dc4597c610153dbcb03d6e93,2026-08-07T23:13:24+00:00,300,0,0.5399999784,0.0099998562,0x5a87035effcfa7226a34649233d476078eea06979ecb8db55be480a306f1a41e,0.5300000227,0.54,0.0099999773,true,true,true,true
H2-v1-EVENT-M5,H2-v1,rn1:0176,rn1,176,1673863,0x85103a46008451b326ce5cac11e4377e7c06baef3631a6a78e6ddfc593d68a5d,mlb-cin-wsh-2026-08-07,Washington Nationals,Cincinnati Reds,2026-08-07T23:46:00+00:00,2026-08-07T23:08:24+00:00,2256,true,-1,3347471,Cincinnati Reds,away,BUY,0.46,0.54,17.629628,8.10962888,-17.629628,-8.10962888,0x9b6c0d7740f9a976dd8345551ab86512c6c7d3ce6401cd690bb4496f75b47204,b0af2b6171ce3bf5a47645f365ccd11c4159e48bc38e7e77736ac0a616e93675,1673863:2026-08-07T23:08:24+00:00,2,1,2.62569,2.62568966,1,1,,,,,,,,,,,,,,,,,,sharp:0512,2026-08-07T23:00:03.995609+00:00,500.004391,0.5343511450381679,-0.000648854961832,-1,3,false,sharp:0512,500.004391,sharp:0513,2198.363334,rn1:0174,143,rn1:0177,1,true,2026-08-07T23:06:01+00:00,143,0.5300001222,0xe24ec3f7b0db2992c24b1a3006f84ddaa51a9801319d88794a22fefe0923bdfd,false,false,true,true,0.0043510228381679,0.0099998778,true,true,true,1,2026-08-07T23:08:25+00:00,1,0.5399999784,0.0099998562,0x8727c91345d35ba06f059326ebf266b7418654d0dc4597c610153dbcb03d6e93,2026-08-07T23:08:25+00:00,1,9,0.5399999784,0.0099998562,0x8727c91345d35ba06f059326ebf266b7418654d0dc4597c610153dbcb03d6e93,0.5399999784,0.5399999784,0,false,true,true,true,true,true,1,2026-08-07T23:08:25+00:00,1,0.5399999784,0.0099998562,0x8727c91345d35ba06f059326ebf266b7418654d0dc4597c610153dbcb03d6e93,2026-08-07T23:08:25+00:00,1,29,0.5399999784,0.0099998562,0x8727c91345d35ba06f059326ebf266b7418654d0dc4597c610153dbcb03d6e93,0.5399999784,0.5399999784,0,false,false,true,true,true,true,1,2026-08-07T23:08:25+00:00,1,0.5399999784,0.0099998562,0x8727c91345d35ba06f059326ebf266b7418654d0dc4597c610153dbcb03d6e93,2026-08-07T23:08:25+00:00,1,59,0.5399999784,0.0099998562,0x8727c91345d35ba06f059326ebf266b7418654d0dc4597c610153dbcb03d6e93,0.5399999784,0.5399999784,0,false,false,false,true,true,true,11,2026-08-07T23:08:25+00:00,1,0.5399999784,0.0099998562,0x8727c91345d35ba06f059326ebf266b7418654d0dc4597c610153dbcb03d6e93,2026-08-07T23:13:24+00:00,300,0,0.5399999784,0.0099998562,0x5a87035effcfa7226a34649233d476078eea06979ecb8db55be480a306f1a41e,0.5300000227,0.54,0.0099999773,true,true,true,true
H2-v1-EVENT-M5,H2-v1,rn1:0177,rn1,177,1673863,0x85103a46008451b326ce5cac11e4377e7c06baef3631a6a78e6ddfc593d68a5d,mlb-cin-wsh-2026-08-07,Washington Nationals,Cincinnati Reds,2026-08-07T23:46:00+00:00,2026-08-07T23:08:25+00:00,2255,true,-1,3347471,Cincinnati Reds,away,BUY,0.46,0.54,3.703702,1.70370292,-3.703702,-1.70370292,0x8727c91345d35ba06f059326ebf266b7418654d0dc4597c610153dbcb03d6e93,78caa64abfe797bc905061f9c383cf5c58cffec2ede1f7188b8eb05102dc1f94,1673863:2026-08-07T23:08:25+00:00,1,1,-3.703702,-1.70370292,-1,1,,,,,,,,,,,,,,,,,,sharp:0512,2026-08-07T23:00:03.995609+00:00,501.004391,0.5343511450381679,-0.000648854961832,-1,3,false,sharp:0512,501.004391,sharp:0513,2197.363334,rn1:0175,1,rn1:0178,147,true,2026-08-07T23:08:24+00:00,1,0.5300000227,0xf8f7ddecc096fc9ff0d819fee49d2c20b5cd1625ac5d6aca1836e0d7b9bddd11,true,true,true,true,0.0043511223381679,0.0099999773,true,true,false,0,,,,,,,,,,,,,,,false,false,false,false,true,false,0,,,,,,,,,,,,,,,false,false,false,false,true,false,0,,,,,,,,,,,,,,,false,false,false,false,true,true,10,2026-08-07T23:10:52+00:00,147,0.5300000227,0,0x46a0dc6ab9df852ea9fadbb20c7835c49594a7a25cc583a77ee58326ab75ddb3,2026-08-07T23:13:24+00:00,299,1,0.5399999784,0.0099999557,0x5a87035effcfa7226a34649233d476078eea06979ecb8db55be480a306f1a41e,0.5300000227,0.54,0.0099999773,true,true,true,true
H2-v1-EVENT-M5,H2-v1,rn1:0178,rn1,178,1673863,0x85103a46008451b326ce5cac11e4377e7c06baef3631a6a78e6ddfc593d68a5d,mlb-cin-wsh-2026-08-07,Washington Nationals,Cincinnati Reds,2026-08-07T23:46:00+00:00,2026-08-07T23:10:52+00:00,2108,true,1,3347472,Washington Nationals,home,BUY,0.53,0.53,20.255318,10.73531854,20.255318,10.73531854,0x46a0dc6ab9df852ea9fadbb20c7835c49594a7a25cc583a77ee58326ab75ddb3,0cad27e9ac12ccbeb6a88932d64544bdc3dd3ca2e8bd8a21dff38c0a25328c01,1673863:2026-08-07T23:10:52+00:00,2,1,2.62569,2.62568966,1,1,,,,,,,,,,,,,,,,,,sharp:0512,2026-08-07T23:00:03.995609+00:00,648.004391,0.5343511450381679,-0.000648854961832,-1,3,false,sharp:0512,648.004391,sharp:0513,2050.363334,rn1:0177,147,rn1:0180,2,true,2026-08-07T23:08:25+00:00,147,0.5399999784,0x8727c91345d35ba06f059326ebf266b7418654d0dc4597c610153dbcb03d6e93,false,false,true,true,-0.0056488333618321,-0.0099999784,false,true,true,1,2026-08-07T23:10:54+00:00,2,0.5399999784,0,0x09696b1bb72c57a65434a13e80b0e4eb7cd37e84d3e7d1e350438a3d7b199578,2026-08-07T23:10:54+00:00,2,8,0.5399999784,0,0x09696b1bb72c57a65434a13e80b0e4eb7cd37e84d3e7d1e350438a3d7b199578,0.5399999784,0.5399999784,0,false,true,true,true,true,true,5,2026-08-07T23:10:54+00:00,2,0.5399999784,0,0x09696b1bb72c57a65434a13e80b0e4eb7cd37e84d3e7d1e350438a3d7b199578,2026-08-07T23:11:09+00:00,17,13,0.5300000464,-0.009999932,0xbc19eaafa8cd320729d0af54fe87224b7be94c6da629e239ba0dde46ef7bf804,0.5300000464,0.54,0.0099999536,false,true,true,true,true,true,5,2026-08-07T23:10:54+00:00,2,0.5399999784,0,0x09696b1bb72c57a65434a13e80b0e4eb7cd37e84d3e7d1e350438a3d7b199578,2026-08-07T23:11:09+00:00,17,43,0.5300000464,-0.009999932,0xbc19eaafa8cd320729d0af54fe87224b7be94c6da629e239ba0dde46ef7bf804,0.5300000464,0.54,0.0099999536,false,false,false,true,true,true,11,2026-08-07T23:10:54+00:00,2,0.5399999784,0,0x09696b1bb72c57a65434a13e80b0e4eb7cd37e84d3e7d1e350438a3d7b199578,2026-08-07T23:15:51+00:00,299,1,0.5399999784,0,0xfe421ce4bc3b1a0777cca4e07d7f58be85addc0b1d341f03e2ea8289ed9b57e2,0.5300000227,0.54,0.0099999773,true,true,true,true
H2-v1-EVENT-M5,H2-v1,rn1:0179,rn1,179,1673863,0x85103a46008451b326ce5cac11e4377e7c06baef3631a6a78e6ddfc593d68a5d,mlb-cin-wsh-2026-08-07,Washington Nationals,Cincinnati Reds,2026-08-07T23:46:00+00:00,2026-08-07T23:10:52+00:00,2108,true,-1,3347471,Cincinnati Reds,away,BUY,0.46,0.54,17.629628,8.10962888,-17.629628,-8.10962888,0xa3e35370342905e2cef5fbe39681766cf69e6a10f82dfe524bb1abc2799812c0,ab5a2ab4ea61e1e60effc3198692b3bc653fca6ca1d1a3bd4d7f50be71acd90c,1673863:2026-08-07T23:10:52+00:00,2,2,2.62569,2.62568966,1,1,,,,,,,,,,,,,,,,,,sharp:0512,2026-08-07T23:00:03.995609+00:00,648.004391,0.5343511450381679,-0.000648854961832,-1,3,false,sharp:0512,648.004391,sharp:0513,2050.363334,rn1:0177,147,rn1:0180,2,true,2026-08-07T23:08:25+00:00,147,0.5399999784,0x8727c91345d35ba06f059326ebf266b7418654d0dc4597c610153dbcb03d6e93,false,false,true,true,-0.0056488333618321,0.0000000216,true,true,true,1,2026-08-07T23:10:54+00:00,2,0.5399999784,0,0x09696b1bb72c57a65434a13e80b0e4eb7cd37e84d3e7d1e350438a3d7b199578,2026-08-07T23:10:54+00:00,2,8,0.5399999784,0,0x09696b1bb72c57a65434a13e80b0e4eb7cd37e84d3e7d1e350438a3d7b199578,0.5399999784,0.5399999784,0,false,true,true,true,true,true,5,2026-08-07T23:10:54+00:00,2,0.5399999784,0,0x09696b1bb72c57a65434a13e80b0e4eb7cd37e84d3e7d1e350438a3d7b199578,2026-08-07T23:11:09+00:00,17,13,0.5300000464,-0.009999932,0xbc19eaafa8cd320729d0af54fe87224b7be94c6da629e239ba0dde46ef7bf804,0.5300000464,0.54,0.0099999536,false,true,true,true,true,true,5,2026-08-07T23:10:54+00:00,2,0.5399999784,0,0x09696b1bb72c57a65434a13e80b0e4eb7cd37e84d3e7d1e350438a3d7b199578,2026-08-07T23:11:09+00:00,17,43,0.5300000464,-0.009999932,0xbc19eaafa8cd320729d0af54fe87224b7be94c6da629e239ba0dde46ef7bf804,0.5300000464,0.54,0.0099999536,false,false,false,true,true,true,11,2026-08-07T23:10:54+00:00,2,0.5399999784,0,0x09696b1bb72c57a65434a13e80b0e4eb7cd37e84d3e7d1e350438a3d7b199578,2026-08-07T23:15:51+00:00,299,1,0.5399999784,0,0xfe421ce4bc3b1a0777cca4e07d7f58be85addc0b1d341f03e2ea8289ed9b57e2,0.5300000227,0.54,0.0099999773,true,true,true,true
H2-v1-EVENT-M5,H2-v1,rn1:0180,rn1,180,1673863,0x85103a46008451b326ce5cac11e4377e7c06baef3631a6a78e6ddfc593d68a5d,mlb-cin-wsh-2026-08-07,Washington Nationals,Cincinnati Reds,2026-08-07T23:46:00+00:00,2026-08-07T23:10:54+00:00,2106,true,-1,3347471,Cincinnati Reds,away,BUY,0.46,0.54,3.703702,1.70370292,-3.703702,-1.70370292,0x09696b1bb72c57a65434a13e80b0e4eb7cd37e84d3e7d1e350438a3d7b199578,cac998a6567c3ef56366baae7b32bb122768028d34ff0b21cb2dd515ab9c7831,1673863:2026-08-07T23:10:54+00:00,1,1,-3.703702,-1.70370292,-1,1,,,,,,,,,,,,,,,,,,sharp:0512,2026-08-07T23:00:03.995609+00:00,650.004391,0.5343511450381679,-0.000648854961832,-1,3,false,sharp:0512,650.004391,sharp:0513,2048.363334,rn1:0179,2,rn1:0181,9,true,2026-08-07T23:10:52+00:00,2,0.5399999932,0xa3e35370342905e2cef5fbe39681766cf69e6a10f82dfe524bb1abc2799812c0,true,true,true,true,-0.0056488481618321,0.0000000068,true,true,true,3,2026-08-07T23:11:03+00:00,9,0.5399999784,-0.0000000148,0x3b6f4f3794a27f89aa768e3edf2143a80a739362550a3e53f69c5a828fa36ad9,2026-08-07T23:11:04+00:00,10,0,0.54,0.0000000068,0xa1978d2377a90efb324fa8635f543d0ff9a2daea2ffaa64a2c6c15541068900b,0.5300001222,0.54,0.0099998778,true,true,true,true,true,true,4,2026-08-07T23:11:03+00:00,9,0.5399999784,-0.0000000148,0x3b6f4f3794a27f89aa768e3edf2143a80a739362550a3e53f69c5a828fa36ad9,2026-08-07T23:11:09+00:00,15,15,0.5300000464,-0.0099999468,0xbc19eaafa8cd320729d0af54fe87224b7be94c6da629e239ba0dde46ef7bf804,0.5300000464,0.54,0.0099999536,false,true,true,true,true,true,4,2026-08-07T23:11:03+00:00,9,0.5399999784,-0.0000000148,0x3b6f4f3794a27f89aa768e3edf2143a80a739362550a3e53f69c5a828fa36ad9,2026-08-07T23:11:09+00:00,15,45,0.5300000464,-0.0099999468,0xbc19eaafa8cd320729d0af54fe87224b7be94c6da629e239ba0dde46ef7bf804,0.5300000464,0.54,0.0099999536,false,false,false,true,true,true,10,2026-08-07T23:11:03+00:00,9,0.5399999784,-0.0000000148,0x3b6f4f3794a27f89aa768e3edf2143a80a739362550a3e53f69c5a828fa36ad9,2026-08-07T23:15:51+00:00,297,3,0.5399999784,-0.0000000148,0xfe421ce4bc3b1a0777cca4e07d7f58be85addc0b1d341f03e2ea8289ed9b57e2,0.5300000227,0.54,0.0099999773,true,true,true,true
H2-v1-EVENT-M5,H2-v1,rn1:0181,rn1,181,1673863,0x85103a46008451b326ce5cac11e4377e7c06baef3631a6a78e6ddfc593d68a5d,mlb-cin-wsh-2026-08-07,Washington Nationals,Cincinnati Reds,2026-08-07T23:46:00+00:00,2026-08-07T23:11:03+00:00,2097,true,-1,3347471,Cincinnati Reds,away,BUY,0.46,0.54,3.703702,1.70370292,-3.703702,-1.70370292,0x3b6f4f3794a27f89aa768e3edf2143a80a739362550a3e53f69c5a828fa36ad9,d918dc679a85e3a4ab73da874353d4708257d96f96cac4c249474287d826a7ea,1673863:2026-08-07T23:11:03+00:00,1,1,-3.703702,-1.70370292,-1,1,,,,,,,,,,,,,,,,,,sharp:0512,2026-08-07T23:00:03.995609+00:00,659.004391,0.5343511450381679,-0.000648854961832,-1,3,false,sharp:0512,659.004391,sharp:0513,2039.363334,rn1:0180,9,rn1:0183,1,true,2026-08-07T23:10:54+00:00,9,0.5399999784,0x09696b1bb72c57a65434a13e80b0e4eb7cd37e84d3e7d1e350438a3d7b199578,true,true,true,true,-0.0056488333618321,0.0000000216,true,true,true,3,2026-08-07T23:11:04+00:00,1,0.5300001222,-0.0099998562,0x22d62fb8f062ddb1d2458efa07a3168190078bd8bfe19411468667a1d812f85c,2026-08-07T23:11:09+00:00,6,4,0.5300000464,-0.009999932,0xbc19eaafa8cd320729d0af54fe87224b7be94c6da629e239ba0dde46ef7bf804,0.5300000464,0.54,0.0099999536,true,true,true,true,true,true,3,2026-08-07T23:11:04+00:00,1,0.5300001222,-0.0099998562,0x22d62fb8f062ddb1d2458efa07a3168190078bd8bfe19411468667a1d812f85c,2026-08-07T23:11:09+00:00,6,24,0.5300000464,-0.009999932,0xbc19eaafa8cd320729d0af54fe87224b7be94c6da629e239ba0dde46ef7bf804,0.5300000464,0.54,0.0099999536,false,false,true,true,true,true,3,2026-08-07T23:11:04+00:00,1,0.5300001222,-0.0099998562,0x22d62fb8f062ddb1d2458efa07a3168190078bd8bfe19411468667a1d812f85c,2026-08-07T23:11:09+00:00,6,54,0.5300000464,-0.009999932,0xbc19eaafa8cd320729d0af54fe87224b7be94c6da629e239ba0dde46ef7bf804,0.5300000464,0.54,0.0099999536,false,false,false,true,true,true,9,2026-08-07T23:11:04+00:00,1,0.5300001222,-0.0099998562,0x22d62fb8f062ddb1d2458efa07a3168190078bd8bfe19411468667a1d812f85c,2026-08-07T23:15:51+00:00,288,12,0.5399999784,0,0xfe421ce4bc3b1a0777cca4e07d7f58be85addc0b1d341f03e2ea8289ed9b57e2,0.5300000227,0.54,0.0099999773,false,true,true,true
H2-v1-EVENT-M5,H2-v1,rn1:0182,rn1,182,1673863,0x85103a46008451b326ce5cac11e4377e7c06baef3631a6a78e6ddfc593d68a5d,mlb-cin-wsh-2026-08-07,Washington Nationals,Cincinnati Reds,2026-08-07T23:46:00+00:00,2026-08-07T23:11:04+00:00,2096,true,-1,3347471,Cincinnati Reds,away,BUY,0.46,0.54,1.85185,0.851851,-1.85185,-0.851851,0xa1978d2377a90efb324fa8635f543d0ff9a2daea2ffaa64a2c6c15541068900b,6e0ecb3017e48b11ae0f1a934de7de9121ddaade0370abd46bd94bd740a1bd8e,1673863:2026-08-07T23:11:04+00:00,2,2,0.275808,0.27580774,1,1,,,,,,,,,,,,,,,,,,sharp:0512,2026-08-07T23:00:03.995609+00:00,660.004391,0.5343511450381679,-0.000648854961832,-1,3,false,sharp:0512,660.004391,sharp:0513,2038.363334,rn1:0181,1,rn1:0184,5,true,2026-08-07T23:11:03+00:00,1,0.5399999784,0x3b6f4f3794a27f89aa768e3edf2143a80a739362550a3e53f69c5a828fa36ad9,true,true,true,true,-0.0056488333618321,0.0000000216,true,true,true,1,2026-08-07T23:11:09+00:00,5,0.5300000464,-0.009999932,0xbc19eaafa8cd320729d0af54fe87224b7be94c6da629e239ba0dde46ef7bf804,2026-08-07T23:11:09+00:00,5,5,0.5300000464,-0.009999932,0xbc19eaafa8cd320729d0af54fe87224b7be94c6da629e239ba0dde46ef7bf804,0.5300000464,0.5300000464,0,true,true,true,true,true,true,1,2026-08-07T23:11:09+00:00,5,0.5300000464,-0.009999932,0xbc19eaafa8cd320729d0af54fe87224b7be94c6da629e239ba0dde46ef7bf804,2026-08-07T23:11:09+00:00,5,25,0.5300000464,-0.009999932,0xbc19eaafa8cd320729d0af54fe87224b7be94c6da629e239ba0dde46ef7bf804,0.5300000464,0.5300000464,0,false,false,true,true,true,true,1,2026-08-07T23:11:09+00:00,5,0.5300000464,-0.009999932,0xbc19eaafa8cd320729d0af54fe87224b7be94c6da629e239ba0dde46ef7bf804,2026-08-07T23:11:09+00:00,5,55,0.5300000464,-0.009999932,0xbc19eaafa8cd320729d0af54fe87224b7be94c6da629e239ba0dde46ef7bf804,0.5300000464,0.5300000464,0,false,false,false,true,true,true,7,2026-08-07T23:11:09+00:00,5,0.5300000464,-0.009999932,0xbc19eaafa8cd320729d0af54fe87224b7be94c6da629e239ba0dde46ef7bf804,2026-08-07T23:15:51+00:00,287,13,0.5399999784,0,0xfe421ce4bc3b1a0777cca4e07d7f58be85addc0b1d341f03e2ea8289ed9b57e2,0.5300000227,0.5399999932,0.0099999705,false,true,true,true
H2-v1-EVENT-M5,H2-v1,rn1:0183,rn1,183,1673863,0x85103a46008451b326ce5cac11e4377e7c06baef3631a6a78e6ddfc593d68a5d,mlb-cin-wsh-2026-08-07,Washington Nationals,Cincinnati Reds,2026-08-07T23:46:00+00:00,2026-08-07T23:11:04+00:00,2096,true,1,3347472,Washington Nationals,home,BUY,0.53,0.53,2.127658,1.12765874,2.127658,1.12765874,0x22d62fb8f062ddb1d2458efa07a3168190078bd8bfe19411468667a1d812f85c,fe94e8347bcdc05ebbe1712fd5eafb53059983b23c7eed324f59bb9604ed0339,1673863:2026-08-07T23:11:04+00:00,2,1,0.275808,0.27580774,1,1,,,,,,,,,,,,,,,,,,sharp:0512,2026-08-07T23:00:03.995609+00:00,660.004391,0.5343511450381679,-0.000648854961832,-1,3,false,sharp:0512,660.004391,sharp:0513,2038.363334,rn1:0181,1,rn1:0184,5,true,2026-08-07T23:11:03+00:00,1,0.5399999784,0x3b6f4f3794a27f89aa768e3edf2143a80a739362550a3e53f69c5a828fa36ad9,true,true,true,true,-0.0056488333618321,-0.0099999784,false,true,true,1,2026-08-07T23:11:09+00:00,5,0.5300000464,-0.009999932,0xbc19eaafa8cd320729d0af54fe87224b7be94c6da629e239ba0dde46ef7bf804,2026-08-07T23:11:09+00:00,5,5,0.5300000464,-0.009999932,0xbc19eaafa8cd320729d0af54fe87224b7be94c6da629e239ba0dde46ef7bf804,0.5300000464,0.5300000464,0,true,true,true,true,true,true,1,2026-08-07T23:11:09+00:00,5,0.5300000464,-0.009999932,0xbc19eaafa8cd320729d0af54fe87224b7be94c6da629e239ba0dde46ef7bf804,2026-08-07T23:11:09+00:00,5,25,0.5300000464,-0.009999932,0xbc19eaafa8cd320729d0af54fe87224b7be94c6da629e239ba0dde46ef7bf804,0.5300000464,0.5300000464,0,false,false,true,true,true,true,1,2026-08-07T23:11:09+00:00,5,0.5300000464,-0.009999932,0xbc19eaafa8cd320729d0af54fe87224b7be94c6da629e239ba0dde46ef7bf804,2026-08-07T23:11:09+00:00,5,55,0.5300000464,-0.009999932,0xbc19eaafa8cd320729d0af54fe87224b7be94c6da629e239ba0dde46ef7bf804,0.5300000464,0.5300000464,0,false,false,false,true,true,true,7,2026-08-07T23:11:09+00:00,5,0.5300000464,-0.009999932,0xbc19eaafa8cd320729d0af54fe87224b7be94c6da629e239ba0dde46ef7bf804,2026-08-07T23:15:51+00:00,287,13,0.5399999784,0,0xfe421ce4bc3b1a0777cca4e07d7f58be85addc0b1d341f03e2ea8289ed9b57e2,0.5300000227,0.5399999932,0.0099999705,false,true,true,true
H2-v1-EVENT-M5,H2-v1,rn1:0184,rn1,184,1673863,0x85103a46008451b326ce5cac11e4377e7c06baef3631a6a78e6ddfc593d68a5d,mlb-cin-wsh-2026-08-07,Washington Nationals,Cincinnati Reds,2026-08-07T23:46:00+00:00,2026-08-07T23:11:09+00:00,2091,true,1,3347472,Washington Nationals,home,BUY,0.53,0.53,8.61702,4.5670206,8.61702,4.5670206,0xbc19eaafa8cd320729d0af54fe87224b7be94c6da629e239ba0dde46ef7bf804,b2679f7f23ac4947bb4df68379fcd251aabe25eea29e9b95fd3a63c2018f2e40,1673863:2026-08-07T23:11:09+00:00,1,1,8.61702,4.5670206,1,1,,,,,,,,,,,,,,,,,,sharp:0512,2026-08-07T23:00:03.995609+00:00,665.004391,0.5343511450381679,-0.000648854961832,-1,3,false,sharp:0512,665.004391,sharp:0513,2033.363334,rn1:0182,5,rn1:0185,133,true,2026-08-07T23:11:04+00:00,5,0.54,0xa1978d2377a90efb324fa8635f543d0ff9a2daea2ffaa64a2c6c15541068900b,true,true,true,true,-0.0056488549618321,-0.01,false,true,false,0,,,,,,,,,,,,,,,false,false,false,false,true,false,0,,,,,,,,,,,,,,,false,false,false,false,true,false,0,,,,,,,,,,,,,,,false,false,false,false,true,true,6,2026-08-07T23:13:22+00:00,133,0.5399999932,-0.0000000068,0x6b68109b02a98f323f36ac2c568017c704fe5f848594d6961f78657908b30496,2026-08-07T23:15:51+00:00,282,18,0.5399999784,-0.0000000216,0xfe421ce4bc3b1a0777cca4e07d7f58be85addc0b1d341f03e2ea8289ed9b57e2,0.5300000227,0.5399999932,0.0099999705,false,false,true,true
H2-v1-EVENT-M5,H2-v1,rn1:0185,rn1,185,1673863,0x85103a46008451b326ce5cac11e4377e7c06baef3631a6a78e6ddfc593d68a5d,mlb-cin-wsh-2026-08-07,Washington Nationals,Cincinnati Reds,2026-08-07T23:46:00+00:00,2026-08-07T23:13:22+00:00,1958,true,-1,3347471,Cincinnati Reds,away,BUY,0.46,0.54,17.629628,8.10962888,-17.629628,-8.10962888,0x6b68109b02a98f323f36ac2c568017c704fe5f848594d6961f78657908b30496,0869a68dab283d00802c5edb3e23a43692ccf224d6dced4a418031a5a186553d,1673863:2026-08-07T23:13:22+00:00,2,1,2.62569,2.62568966,1,1,,,,,,,,,,,,,,,,,,sharp:0512,2026-08-07T23:00:03.995609+00:00,798.004391,0.5343511450381679,-0.000648854961832,-1,3,false,sharp:0512,798.004391,sharp:0513,1900.363334,rn1:0184,133,rn1:0187,2,true,2026-08-07T23:11:09+00:00,133,0.5300000464,0xbc19eaafa8cd320729d0af54fe87224b7be94c6da629e239ba0dde46ef7bf804,false,false,true,true,0.0043510986381679,0.0099999536,true,true,true,1,2026-08-07T23:13:24+00:00,2,0.5399999784,0.009999932,0x5a87035effcfa7226a34649233d476078eea06979ecb8db55be480a306f1a41e,2026-08-07T23:13:24+00:00,2,8,0.5399999784,0.009999932,0x5a87035effcfa7226a34649233d476078eea06979ecb8db55be480a306f1a41e,0.5399999784,0.5399999784,0,false,true,true,true,true,true,1,2026-08-07T23:13:24+00:00,2,0.5399999784,0.009999932,0x5a87035effcfa7226a34649233d476078eea06979ecb8db55be480a306f1a41e,2026-08-07T23:13:24+00:00,2,28,0.5399999784,0.009999932,0x5a87035effcfa7226a34649233d476078eea06979ecb8db55be480a306f1a41e,0.5399999784,0.5399999784,0,false,false,true,true,true,true,1,2026-08-07T23:13:24+00:00,2,0.5399999784,0.009999932,0x5a87035effcfa7226a34649233d476078eea06979ecb8db55be480a306f1a41e,2026-08-07T23:13:24+00:00,2,58,0.5399999784,0.009999932,0x5a87035effcfa7226a34649233d476078eea06979ecb8db55be480a306f1a41e,0.5399999784,0.5399999784,0,false,false,false,true,true,true,7,2026-08-07T23:13:24+00:00,2,0.5399999784,0.009999932,0x5a87035effcfa7226a34649233d476078eea06979ecb8db55be480a306f1a41e,2026-08-07T23:18:19+00:00,297,3,0.5399999784,0.009999932,0xf41a81da3542c7f9667f363fa4a273e9af79320de6e787acca32d0d76deb91b4,0.5300000227,0.5399999932,0.0099999705,true,true,true,true
H2-v1-EVENT-M5,H2-v1,rn1:0186,rn1,186,1673863,0x85103a46008451b326ce5cac11e4377e7c06baef3631a6a78e6ddfc593d68a5d,mlb-cin-wsh-2026-08-07,Washington Nationals,Cincinnati Reds,2026-08-07T23:46:00+00:00,2026-08-07T23:13:22+00:00,1958,true,1,3347472,Washington Nationals,home,BUY,0.53,0.53,20.255318,10.73531854,20.255318,10.73531854,0xac1679e9cbac24e55a652534f2b06a7bb3ba1bb4cd75bb844dda17453480a046,43c4dc4c5008902b34923f146380d1f86a375be82a7156af527c5311b90d738e,1673863:2026-08-07T23:13:22+00:00,2,2,2.62569,2.62568966,1,1,,,,,,,,,,,,,,,,,,sharp:0512,2026-08-07T23:00:03.995609+00:00,798.004391,0.5343511450381679,-0.000648854961832,-1,3,false,sharp:0512,798.004391,sharp:0513,1900.363334,rn1:0184,133,rn1:0187,2,true,2026-08-07T23:11:09+00:00,133,0.5300000464,0xbc19eaafa8cd320729d0af54fe87224b7be94c6da629e239ba0dde46ef7bf804,false,false,true,true,0.0043510986381679,-0.0000000464,false,true,true,1,2026-08-07T23:13:24+00:00,2,0.5399999784,0.009999932,0x5a87035effcfa7226a34649233d476078eea06979ecb8db55be480a306f1a41e,2026-08-07T23:13:24+00:00,2,8,0.5399999784,0.009999932,0x5a87035effcfa7226a34649233d476078eea06979ecb8db55be480a306f1a41e,0.5399999784,0.5399999784,0,false,true,true,true,true,true,1,2026-08-07T23:13:24+00:00,2,0.5399999784,0.009999932,0x5a87035effcfa7226a34649233d476078eea06979ecb8db55be480a306f1a41e,2026-08-07T23:13:24+00:00,2,28,0.5399999784,0.009999932,0x5a87035effcfa7226a34649233d476078eea06979ecb8db55be480a306f1a41e,0.5399999784,0.5399999784,0,false,false,true,true,true,true,1,2026-08-07T23:13:24+00:00,2,0.5399999784,0.009999932,0x5a87035effcfa7226a34649233d476078eea06979ecb8db55be480a306f1a41e,2026-08-07T23:13:24+00:00,2,58,0.5399999784,0.009999932,0x5a87035effcfa7226a34649233d476078eea06979ecb8db55be480a306f1a41e,0.5399999784,0.5399999784,0,false,false,false,true,true,true,7,2026-08-07T23:13:24+00:00,2,0.5399999784,0.009999932,0x5a87035effcfa7226a34649233d476078eea06979ecb8db55be480a306f1a41e,2026-08-07T23:18:19+00:00,297,3,0.5399999784,0.009999932,0xf41a81da3542c7f9667f363fa4a273e9af79320de6e787acca32d0d76deb91b4,0.5300000227,0.5399999932,0.0099999705,true,true,true,true
H2-v1-EVENT-M5,H2-v1,rn1:0187,rn1,187,1673863,0x85103a46008451b326ce5cac11e4377e7c06baef3631a6a78e6ddfc593d68a5d,mlb-cin-wsh-2026-08-07,Washington Nationals,Cincinnati Reds,2026-08-07T23:46:00+00:00,2026-08-07T23:13:24+00:00,1956,true,-1,3347471,Cincinnati Reds,away,BUY,0.46,0.54,3.703702,1.70370292,-3.703702,-1.70370292,0x5a87035effcfa7226a34649233d476078eea06979ecb8db55be480a306f1a41e,3288376b59e7ef2ae55c2d9f4438249f0f3480a27cb4d75fc7c67631c6f337be,1673863:2026-08-07T23:13:24+00:00,1,1,-3.703702,-1.70370292,-1,1,,,,,,,,,,,,,,,,,,sharp:0512,2026-08-07T23:00:03.995609+00:00,800.004391,0.5343511450381679,-0.000648854961832,-1,3,false,sharp:0512,800.004391,sharp:0513,1898.363334,rn1:0186,2,rn1:0188,144,true,2026-08-07T23:13:22+00:00,2,0.5300000227,0xac1679e9cbac24e55a652534f2b06a7bb3ba1bb4cd75bb844dda17453480a046,true,true,true,true,0.0043511223381679,0.0099999773,true,true,false,0,,,,,,,,,,,,,,,false,false,false,false,true,false,0,,,,,,,,,,,,,,,false,false,false,false,true,false,0,,,,,,,,,,,,,,,false,false,false,false,true,true,6,2026-08-07T23:15:48+00:00,144,0.5399999932,0.0099999705,0x4ede5be328dad31a4ac46a2ba3dc4e71acb0b9ab579e5929f166a3e09cc4208b,2026-08-07T23:18:19+00:00,295,5,0.5399999784,0.0099999557,0xf41a81da3542c7f9667f363fa4a273e9af79320de6e787acca32d0d76deb91b4,0.5300000227,0.5399999932,0.0099999705,true,true,true,true
H2-v1-EVENT-M5,H2-v1,rn1:0188,rn1,188,1673863,0x85103a46008451b326ce5cac11e4377e7c06baef3631a6a78e6ddfc593d68a5d,mlb-cin-wsh-2026-08-07,Washington Nationals,Cincinnati Reds,2026-08-07T23:46:00+00:00,2026-08-07T23:15:48+00:00,1812,true,-1,3347471,Cincinnati Reds,away,BUY,0.46,0.54,17.629628,8.10962888,-17.629628,-8.10962888,0x4ede5be328dad31a4ac46a2ba3dc4e71acb0b9ab579e5929f166a3e09cc4208b,45112794976ff3f35bc4d4272822e5f905f9895c4be9f6dd2b2a51d87213a51e,1673863:2026-08-07T23:15:48+00:00,1,1,-17.629628,-8.10962888,-1,1,,,,,,,,,,,,,,,,,,sharp:0512,2026-08-07T23:00:03.995609+00:00,944.004391,0.5343511450381679,-0.000648854961832,-1,3,false,sharp:0512,944.004391,sharp:0513,1754.363334,rn1:0187,144,rn1:0189,1,true,2026-08-07T23:13:24+00:00,144,0.5399999784,0x5a87035effcfa7226a34649233d476078eea06979ecb8db55be480a306f1a41e,false,false,true,true,-0.0056488333618321,0.0000000216,true,true,true,2,2026-08-07T23:15:49+00:00,1,0.5300000227,-0.0099999557,0x09fab453675c9c732157d4d74c709a1e64bc2964549a7aa18cef0baf849a7032,2026-08-07T23:15:51+00:00,3,7,0.5399999784,0,0xfe421ce4bc3b1a0777cca4e07d7f58be85addc0b1d341f03e2ea8289ed9b57e2,0.5300000227,0.5399999784,0.0099999557,false,true,true,true,true,true,2,2026-08-07T23:15:49+00:00,1,0.5300000227,-0.0099999557,0x09fab453675c9c732157d4d74c709a1e64bc2964549a7aa18cef0baf849a7032,2026-08-07T23:15:51+00:00,3,27,0.5399999784,0,0xfe421ce4bc3b1a0777cca4e07d7f58be85addc0b1d341f03e2ea8289ed9b57e2,0.5300000227,0.5399999784,0.0099999557,false,false,true,true,true,true,2,2026-08-07T23:15:49+00:00,1,0.5300000227,-0.0099999557,0x09fab453675c9c732157d4d74c709a1e64bc2964549a7aa18cef0baf849a7032,2026-08-07T23:15:51+00:00,3,57,0.5399999784,0,0xfe421ce4bc3b1a0777cca4e07d7f58be85addc0b1d341f03e2ea8289ed9b57e2,0.5300000227,0.5399999784,0.0099999557,false,false,false,true,true,true,8,2026-08-07T23:15:49+00:00,1,0.5300000227,-0.0099999557,0x09fab453675c9c732157d4d74c709a1e64bc2964549a7aa18cef0baf849a7032,2026-08-07T23:20:45+00:00,297,3,0.5399999784,0,0x425036a1c8237be630a9600ee042c8d5fc22d920ba7de4c521c976b85499b5f0,0.5300000227,0.5399999932,0.0099999705,true,true,true,true
H2-v1-EVENT-M5,H2-v1,rn1:0189,rn1,189,1673863,0x85103a46008451b326ce5cac11e4377e7c06baef3631a6a78e6ddfc593d68a5d,mlb-cin-wsh-2026-08-07,Washington Nationals,Cincinnati Reds,2026-08-07T23:46:00+00:00,2026-08-07T23:15:49+00:00,1811,true,1,3347472,Washington Nationals,home,BUY,0.53,0.53,20.255318,10.73531854,20.255318,10.73531854,0x09fab453675c9c732157d4d74c709a1e64bc2964549a7aa18cef0baf849a7032,dfbe3d80f84bab1bc387cfbcbfa48aafe1785bdfc93bfe8f15526de4e620da08,1673863:2026-08-07T23:15:49+00:00,1,1,20.255318,10.73531854,1,1,,,,,,,,,,,,,,,,,,sharp:0512,2026-08-07T23:00:03.995609+00:00,945.004391,0.5343511450381679,-0.000648854961832,-1,3,false,sharp:0512,945.004391,sharp:0513,1753.363334,rn1:0188,1,rn1:0190,2,true,2026-08-07T23:15:48+00:00,1,0.5399999932,0x4ede5be328dad31a4ac46a2ba3dc4e71acb0b9ab579e5929f166a3e09cc4208b,true,true,true,true,-0.0056488481618321,-0.0099999932,false,true,true,1,2026-08-07T23:15:51+00:00,2,0.5399999784,-0.0000000148,0xfe421ce4bc3b1a0777cca4e07d7f58be85addc0b1d341f03e2ea8289ed9b57e2,2026-08-07T23:15:51+00:00,2,8,0.5399999784,-0.0000000148,0xfe421ce4bc3b1a0777cca4e07d7f58be85addc0b1d341f03e2ea8289ed9b57e2,0.5399999784,0.5399999784,0,false,true,true,true,true,true,1,2026-08-07T23:15:51+00:00,2,0.5399999784,-0.0000000148,0xfe421ce4bc3b1a0777cca4e07d7f58be85addc0b1d341f03e2ea8289ed9b57e2,2026-08-07T23:15:51+00:00,2,28,0.5399999784,-0.0000000148,0xfe421ce4bc3b1a0777cca4e07d7f58be85addc0b1d341f03e2ea8289ed9b57e2,0.5399999784,0.5399999784,0,false,false,true,true,true,true,1,2026-08-07T23:15:51+00:00,2,0.5399999784,-0.0000000148,0xfe421ce4bc3b1a0777cca4e07d7f58be85addc0b1d341f03e2ea8289ed9b57e2,2026-08-07T23:15:51+00:00,2,58,0.5399999784,-0.0000000148,0xfe421ce4bc3b1a0777cca4e07d7f58be85addc0b1d341f03e2ea8289ed9b57e2,0.5399999784,0.5399999784,0,false,false,false,true,true,true,7,2026-08-07T23:15:51+00:00,2,0.5399999784,-0.0000000148,0xfe421ce4bc3b1a0777cca4e07d7f58be85addc0b1d341f03e2ea8289ed9b57e2,2026-08-07T23:20:45+00:00,296,4,0.5399999784,-0.0000000148,0x425036a1c8237be630a9600ee042c8d5fc22d920ba7de4c521c976b85499b5f0,0.5300000227,0.5399999932,0.0099999705,true,true,true,true
H2-v1-EVENT-M5,H2-v1,rn1:0190,rn1,190,1673863,0x85103a46008451b326ce5cac11e4377e7c06baef3631a6a78e6ddfc593d68a5d,mlb-cin-wsh-2026-08-07,Washington Nationals,Cincinnati Reds,2026-08-07T23:46:00+00:00,2026-08-07T23:15:51+00:00,1809,true,-1,3347471,Cincinnati Reds,away,BUY,0.46,0.54,3.703702,1.70370292,-3.703702,-1.70370292,0xfe421ce4bc3b1a0777cca4e07d7f58be85addc0b1d341f03e2ea8289ed9b57e2,1a9501ba4aef9de28b0106f5295a433641e2ba076e1e732c8a072622a47966da,1673863:2026-08-07T23:15:51+00:00,1,1,-3.703702,-1.70370292,-1,1,,,,,,,,,,,,,,,,,,sharp:0512,2026-08-07T23:00:03.995609+00:00,947.004391,0.5343511450381679,-0.000648854961832,-1,3,false,sharp:0512,947.004391,sharp:0513,1751.363334,rn1:0189,2,rn1:0191,147,true,2026-08-07T23:15:49+00:00,2,0.5300000227,0x09fab453675c9c732157d4d74c709a1e64bc2964549a7aa18cef0baf849a7032,true,true,true,true,0.0043511223381679,0.0099999773,true,true,false,0,,,,,,,,,,,,,,,false,false,false,false,true,false,0,,,,,,,,,,,,,,,false,false,false,false,true,false,0,,,,,,,,,,,,,,,false,false,false,false,true,true,6,2026-08-07T23:18:18+00:00,147,0.5399999932,0.0099999705,0x6ec1bbac6db2a085f45f60257f817d38290fe9b1716b6145d08c3739dcff055f,2026-08-07T23:20:45+00:00,294,6,0.5399999784,0.0099999557,0x425036a1c8237be630a9600ee042c8d5fc22d920ba7de4c521c976b85499b5f0,0.5300000227,0.5399999932,0.0099999705,false,true,true,true
H2-v1-EVENT-M5,H2-v1,rn1:0191,rn1,191,1673863,0x85103a46008451b326ce5cac11e4377e7c06baef3631a6a78e6ddfc593d68a5d,mlb-cin-wsh-2026-08-07,Washington Nationals,Cincinnati Reds,2026-08-07T23:46:00+00:00,2026-08-07T23:18:18+00:00,1662,true,-1,3347471,Cincinnati Reds,away,BUY,0.46,0.54,17.629628,8.10962888,-17.629628,-8.10962888,0x6ec1bbac6db2a085f45f60257f817d38290fe9b1716b6145d08c3739dcff055f,105d1c6c7e1df3c54a5f4fbdd6978bf18db841c5b3e085f4318f355b89d9cb6f,1673863:2026-08-07T23:18:18+00:00,2,1,2.62569,2.62568966,1,1,,,,,,,,,,,,,,,,,,sharp:0512,2026-08-07T23:00:03.995609+00:00,1094.004391,0.5343511450381679,-0.000648854961832,-1,3,false,sharp:0512,1094.004391,sharp:0513,1604.363334,rn1:0190,147,rn1:0193,1,true,2026-08-07T23:15:51+00:00,147,0.5399999784,0xfe421ce4bc3b1a0777cca4e07d7f58be85addc0b1d341f03e2ea8289ed9b57e2,false,false,true,true,-0.0056488333618321,0.0000000216,true,true,true,1,2026-08-07T23:18:19+00:00,1,0.5399999784,0,0xf41a81da3542c7f9667f363fa4a273e9af79320de6e787acca32d0d76deb91b4,2026-08-07T23:18:19+00:00,1,9,0.5399999784,0,0xf41a81da3542c7f9667f363fa4a273e9af79320de6e787acca32d0d76deb91b4,0.5399999784,0.5399999784,0,false,true,true,true,true,true,1,2026-08-07T23:18:19+00:00,1,0.5399999784,0,0xf41a81da3542c7f9667f363fa4a273e9af79320de6e787acca32d0d76deb91b4,2026-08-07T23:18:19+00:00,1,29,0.5399999784,0,0xf41a81da3542c7f9667f363fa4a273e9af79320de6e787acca32d0d76deb91b4,0.5399999784,0.5399999784,0,false,false,true,true,true,true,1,2026-08-07T23:18:19+00:00,1,0.5399999784,0,0xf41a81da3542c7f9667f363fa4a273e9af79320de6e787acca32d0d76deb91b4,2026-08-07T23:18:19+00:00,1,59,0.5399999784,0,0xf41a81da3542c7f9667f363fa4a273e9af79320de6e787acca32d0d76deb91b4,0.5399999784,0.5399999784,0,false,false,false,true,true,true,11,2026-08-07T23:18:19+00:00,1,0.5399999784,0,0xf41a81da3542c7f9667f363fa4a273e9af79320de6e787acca32d0d76deb91b4,2026-08-07T23:23:15+00:00,297,3,0.5399999784,0,0x30f4f1bb91509bee835ffb718fc265264b252aba5f8c3d8628d952afb11cd319,0.5300000006,0.54,0.0099999994,true,true,true,true
H2-v1-EVENT-M5,H2-v1,rn1:0192,rn1,192,1673863,0x85103a46008451b326ce5cac11e4377e7c06baef3631a6a78e6ddfc593d68a5d,mlb-cin-wsh-2026-08-07,Washington Nationals,Cincinnati Reds,2026-08-07T23:46:00+00:00,2026-08-07T23:18:18+00:00,1662,true,1,3347472,Washington Nationals,home,BUY,0.53,0.53,20.255318,10.73531854,20.255318,10.73531854,0xe6c1c799e95562df7002a372898a12ec3cd224adc54c9856285ce9032034a212,a41703ab3fd4f8de43bdbeecfe066420bd5405271f330feb462817661fc92837,1673863:2026-08-07T23:18:18+00:00,2,2,2.62569,2.62568966,1,1,,,,,,,,,,,,,,,,,,sharp:0512,2026-08-07T23:00:03.995609+00:00,1094.004391,0.5343511450381679,-0.000648854961832,-1,3,false,sharp:0512,1094.004391,sharp:0513,1604.363334,rn1:0190,147,rn1:0193,1,true,2026-08-07T23:15:51+00:00,147,0.5399999784,0xfe421ce4bc3b1a0777cca4e07d7f58be85addc0b1d341f03e2ea8289ed9b57e2,false,false,true,true,-0.0056488333618321,-0.0099999784,false,true,true,1,2026-08-07T23:18:19+00:00,1,0.5399999784,0,0xf41a81da3542c7f9667f363fa4a273e9af79320de6e787acca32d0d76deb91b4,2026-08-07T23:18:19+00:00,1,9,0.5399999784,0,0xf41a81da3542c7f9667f363fa4a273e9af79320de6e787acca32d0d76deb91b4,0.5399999784,0.5399999784,0,false,true,true,true,true,true,1,2026-08-07T23:18:19+00:00,1,0.5399999784,0,0xf41a81da3542c7f9667f363fa4a273e9af79320de6e787acca32d0d76deb91b4,2026-08-07T23:18:19+00:00,1,29,0.5399999784,0,0xf41a81da3542c7f9667f363fa4a273e9af79320de6e787acca32d0d76deb91b4,0.5399999784,0.5399999784,0,false,false,true,true,true,true,1,2026-08-07T23:18:19+00:00,1,0.5399999784,0,0xf41a81da3542c7f9667f363fa4a273e9af79320de6e787acca32d0d76deb91b4,2026-08-07T23:18:19+00:00,1,59,0.5399999784,0,0xf41a81da3542c7f9667f363fa4a273e9af79320de6e787acca32d0d76deb91b4,0.5399999784,0.5399999784,0,false,false,false,true,true,true,11,2026-08-07T23:18:19+00:00,1,0.5399999784,0,0xf41a81da3542c7f9667f363fa4a273e9af79320de6e787acca32d0d76deb91b4,2026-08-07T23:23:15+00:00,297,3,0.5399999784,0,0x30f4f1bb91509bee835ffb718fc265264b252aba5f8c3d8628d952afb11cd319,0.5300000006,0.54,0.0099999994,true,true,true,true
H2-v1-EVENT-M5,H2-v1,rn1:0193,rn1,193,1673863,0x85103a46008451b326ce5cac11e4377e7c06baef3631a6a78e6ddfc593d68a5d,mlb-cin-wsh-2026-08-07,Washington Nationals,Cincinnati Reds,2026-08-07T23:46:00+00:00,2026-08-07T23:18:19+00:00,1661,true,-1,3347471,Cincinnati Reds,away,BUY,0.46,0.54,3.703702,1.70370292,-3.703702,-1.70370292,0xf41a81da3542c7f9667f363fa4a273e9af79320de6e787acca32d0d76deb91b4,f33e0f18345f1b33650e8552ed84ebcca99fbaf8537a283bb8ecf47e09692db2,1673863:2026-08-07T23:18:19+00:00,1,1,-3.703702,-1.70370292,-1,1,,,,,,,,,,,,,,,,,,sharp:0512,2026-08-07T23:00:03.995609+00:00,1095.004391,0.5343511450381679,-0.000648854961832,-1,3,false,sharp:0512,1095.004391,sharp:0513,1603.363334,rn1:0192,1,rn1:0195,144,true,2026-08-07T23:18:18+00:00,1,0.5300000227,0xe6c1c799e95562df7002a372898a12ec3cd224adc54c9856285ce9032034a212,true,true,true,true,0.0043511223381679,0.0099999773,true,true,false,0,,,,,,,,,,,,,,,false,false,false,false,true,false,0,,,,,,,,,,,,,,,false,false,false,false,true,false,0,,,,,,,,,,,,,,,false,false,false,false,true,true,10,2026-08-07T23:20:43+00:00,144,0.5399999932,0.0099999705,0x21545e99f4935998a8df00041c044ed2bdb6fd2b1f65664436aebf11d92b1743,2026-08-07T23:23:15+00:00,296,4,0.5399999784,0.0099999557,0x30f4f1bb91509bee835ffb718fc265264b252aba5f8c3d8628d952afb11cd319,0.5300000006,0.54,0.0099999994,true,true,true,true
H2-v1-EVENT-M5,H2-v1,rn1:0194,rn1,194,1673863,0x85103a46008451b326ce5cac11e4377e7c06baef3631a6a78e6ddfc593d68a5d,mlb-cin-wsh-2026-08-07,Washington Nationals,Cincinnati Reds,2026-08-07T23:46:00+00:00,2026-08-07T23:20:43+00:00,1517,true,1,3347472,Washington Nationals,home,BUY,0.53,0.53,20.255318,10.73531854,20.255318,10.73531854,0xfec3b6169b1790e28306becee24fa390b427cdeb9a1616962f26b7d9a1b3793c,86815f39343355887ede588b38fecd6351688d353c73aab1899117d88c3d415f,1673863:2026-08-07T23:20:43+00:00,2,2,2.62569,2.62568966,1,1,,,,,,,,,,,,,,,,,,sharp:0512,2026-08-07T23:00:03.995609+00:00,1239.004391,0.5343511450381679,-0.000648854961832,-1,3,false,sharp:0512,1239.004391,sharp:0513,1459.363334,rn1:0193,144,rn1:0196,2,true,2026-08-07T23:18:19+00:00,144,0.5399999784,0xf41a81da3542c7f9667f363fa4a273e9af79320de6e787acca32d0d76deb91b4,false,false,true,true,-0.0056488333618321,-0.0099999784,false,true,true,3,2026-08-07T23:20:45+00:00,2,0.5399999784,0,0x425036a1c8237be630a9600ee042c8d5fc22d920ba7de4c521c976b85499b5f0,2026-08-07T23:20:52+00:00,9,1,0.54,0.0000000216,0xc7ee73f95b72b2b40e9442682ff66b4657eafb3f3bbb6c7c535aaf90619be52d,0.5300000006,0.54,0.0099999994,true,true,true,true,true,true,5,2026-08-07T23:20:45+00:00,2,0.5399999784,0,0x425036a1c8237be630a9600ee042c8d5fc22d920ba7de4c521c976b85499b5f0,2026-08-07T23:20:55+00:00,12,18,0.539999946,-0.0000000324,0xc4c7d76bb61f0e230dada87a7fa41332e5fceb3da39974644b4607f1f9a67cc3,0.5300000006,0.54,0.0099999994,false,false,true,true,true,true,5,2026-08-07T23:20:45+00:00,2,0.5399999784,0,0x425036a1c8237be630a9600ee042c8d5fc22d920ba7de4c521c976b85499b5f0,2026-08-07T23:20:55+00:00,12,48,0.539999946,-0.0000000324,0xc4c7d76bb61f0e230dada87a7fa41332e5fceb3da39974644b4607f1f9a67cc3,0.5300000006,0.54,0.0099999994,false,false,false,true,true,true,13,2026-08-07T23:20:45+00:00,2,0.5399999784,0,0x425036a1c8237be630a9600ee042c8d5fc22d920ba7de4c521c976b85499b5f0,2026-08-07T23:25:43+00:00,300,0,0.54,0.0000000216,0x6df77547598f3428dc4ce95f76d0e7e8e3efc2d44d0afa3dd753f1577f7b805a,0.5300000006,0.54,0.0099999994,true,true,true,true
H2-v1-EVENT-M5,H2-v1,rn1:0195,rn1,195,1673863,0x85103a46008451b326ce5cac11e4377e7c06baef3631a6a78e6ddfc593d68a5d,mlb-cin-wsh-2026-08-07,Washington Nationals,Cincinnati Reds,2026-08-07T23:46:00+00:00,2026-08-07T23:20:43+00:00,1517,true,-1,3347471,Cincinnati Reds,away,BUY,0.46,0.54,17.629628,8.10962888,-17.629628,-8.10962888,0x21545e99f4935998a8df00041c044ed2bdb6fd2b1f65664436aebf11d92b1743,d1d929ffa49d0eb9161a92b5c4891007ddff5524c9e37a668160f8367ba7df74,1673863:2026-08-07T23:20:43+00:00,2,1,2.62569,2.62568966,1,1,,,,,,,,,,,,,,,,,,sharp:0512,2026-08-07T23:00:03.995609+00:00,1239.004391,0.5343511450381679,-0.000648854961832,-1,3,false,sharp:0512,1239.004391,sharp:0513,1459.363334,rn1:0193,144,rn1:0196,2,true,2026-08-07T23:18:19+00:00,144,0.5399999784,0xf41a81da3542c7f9667f363fa4a273e9af79320de6e787acca32d0d76deb91b4,false,false,true,true,-0.0056488333618321,0.0000000216,true,true,true,3,2026-08-07T23:20:45+00:00,2,0.5399999784,0,0x425036a1c8237be630a9600ee042c8d5fc22d920ba7de4c521c976b85499b5f0,2026-08-07T23:20:52+00:00,9,1,0.54,0.0000000216,0xc7ee73f95b72b2b40e9442682ff66b4657eafb3f3bbb6c7c535aaf90619be52d,0.5300000006,0.54,0.0099999994,true,true,true,true,true,true,5,2026-08-07T23:20:45+00:00,2,0.5399999784,0,0x425036a1c8237be630a9600ee042c8d5fc22d920ba7de4c521c976b85499b5f0,2026-08-07T23:20:55+00:00,12,18,0.539999946,-0.0000000324,0xc4c7d76bb61f0e230dada87a7fa41332e5fceb3da39974644b4607f1f9a67cc3,0.5300000006,0.54,0.0099999994,false,false,true,true,true,true,5,2026-08-07T23:20:45+00:00,2,0.5399999784,0,0x425036a1c8237be630a9600ee042c8d5fc22d920ba7de4c521c976b85499b5f0,2026-08-07T23:20:55+00:00,12,48,0.539999946,-0.0000000324,0xc4c7d76bb61f0e230dada87a7fa41332e5fceb3da39974644b4607f1f9a67cc3,0.5300000006,0.54,0.0099999994,false,false,false,true,true,true,13,2026-08-07T23:20:45+00:00,2,0.5399999784,0,0x425036a1c8237be630a9600ee042c8d5fc22d920ba7de4c521c976b85499b5f0,2026-08-07T23:25:43+00:00,300,0,0.54,0.0000000216,0x6df77547598f3428dc4ce95f76d0e7e8e3efc2d44d0afa3dd753f1577f7b805a,0.5300000006,0.54,0.0099999994,true,true,true,true
H2-v1-EVENT-M5,H2-v1,rn1:0196,rn1,196,1673863,0x85103a46008451b326ce5cac11e4377e7c06baef3631a6a78e6ddfc593d68a5d,mlb-cin-wsh-2026-08-07,Washington Nationals,Cincinnati Reds,2026-08-07T23:46:00+00:00,2026-08-07T23:20:45+00:00,1515,true,-1,3347471,Cincinnati Reds,away,BUY,0.46,0.54,3.703702,1.70370292,-3.703702,-1.70370292,0x425036a1c8237be630a9600ee042c8d5fc22d920ba7de4c521c976b85499b5f0,4b3162a8ef4ec680530728c30107abdc5681cb01dcd68f682d480e11c8bcfc7f,1673863:2026-08-07T23:20:45+00:00,1,1,-3.703702,-1.70370292,-1,1,,,,,,,,,,,,,,,,,,sharp:0512,2026-08-07T23:00:03.995609+00:00,1241.004391,0.5343511450381679,-0.000648854961832,-1,3,false,sharp:0512,1241.004391,sharp:0513,1457.363334,rn1:0194,2,rn1:0198,7,true,2026-08-07T23:20:43+00:00,2,0.5300000227,0xfec3b6169b1790e28306becee24fa390b427cdeb9a1616962f26b7d9a1b3793c,true,true,true,true,0.0043511223381679,0.0099999773,true,true,true,4,2026-08-07T23:20:52+00:00,7,0.5300000006,-0.0000000221,0x55f627cfc32db4f7d81f2105e3b27105cab0abd53aaffee6f0b642042f6a3343,2026-08-07T23:20:55+00:00,10,0,0.539999946,0.0099999233,0xc4c7d76bb61f0e230dada87a7fa41332e5fceb3da39974644b4607f1f9a67cc3,0.5300000006,0.54,0.0099999994,true,true,true,true,true,true,4,2026-08-07T23:20:52+00:00,7,0.5300000006,-0.0000000221,0x55f627cfc32db4f7d81f2105e3b27105cab0abd53aaffee6f0b642042f6a3343,2026-08-07T23:20:55+00:00,10,20,0.539999946,0.0099999233,0xc4c7d76bb61f0e230dada87a7fa41332e5fceb3da39974644b4607f1f9a67cc3,0.5300000006,0.54,0.0099999994,false,false,true,true,true,true,4,2026-08-07T23:20:52+00:00,7,0.5300000006,-0.0000000221,0x55f627cfc32db4f7d81f2105e3b27105cab0abd53aaffee6f0b642042f6a3343,2026-08-07T23:20:55+00:00,10,50,0.539999946,0.0099999233,0xc4c7d76bb61f0e230dada87a7fa41332e5fceb3da39974644b4607f1f9a67cc3,0.5300000006,0.54,0.0099999994,false,false,false,true,true,true,12,2026-08-07T23:20:52+00:00,7,0.5300000006,-0.0000000221,0x55f627cfc32db4f7d81f2105e3b27105cab0abd53aaffee6f0b642042f6a3343,2026-08-07T23:25:43+00:00,298,2,0.54,0.0099999773,0x6df77547598f3428dc4ce95f76d0e7e8e3efc2d44d0afa3dd753f1577f7b805a,0.5300000006,0.54,0.0099999994,true,true,true,true
H2-v1-EVENT-M5,H2-v1,rn1:0197,rn1,197,1673863,0x85103a46008451b326ce5cac11e4377e7c06baef3631a6a78e6ddfc593d68a5d,mlb-cin-wsh-2026-08-07,Washington Nationals,Cincinnati Reds,2026-08-07T23:46:00+00:00,2026-08-07T23:20:52+00:00,1508,true,-1,3347471,Cincinnati Reds,away,BUY,0.46,0.54,1.85185,0.851851,-1.85185,-0.851851,0xc7ee73f95b72b2b40e9442682ff66b4657eafb3f3bbb6c7c535aaf90619be52d,975c457b17eac2b111ab2c23175e04e372159831c47a459237eb24ee6c6429c9,1673863:2026-08-07T23:20:52+00:00,2,2,264.105595,140.10559485,1,1,,,,,,,,,,,,,,,,,,sharp:0512,2026-08-07T23:00:03.995609+00:00,1248.004391,0.5343511450381679,-0.000648854961832,-1,3,false,sharp:0512,1248.004391,sharp:0513,1450.363334,rn1:0196,7,rn1:0199,2,true,2026-08-07T23:20:45+00:00,7,0.5399999784,0x425036a1c8237be630a9600ee042c8d5fc22d920ba7de4c521c976b85499b5f0,true,true,true,true,-0.0056488333618321,0.0000000216,true,true,true,2,2026-08-07T23:20:54+00:00,2,0.5399999784,0,0x3f21cab367f77999cfa485c65207b64e0a675d653f79d910646261fa662bd049,2026-08-07T23:20:55+00:00,3,7,0.539999946,-0.0000000324,0xc4c7d76bb61f0e230dada87a7fa41332e5fceb3da39974644b4607f1f9a67cc3,0.539999946,0.5399999784,0.0000000324,false,true,true,true,true,true,2,2026-08-07T23:20:54+00:00,2,0.5399999784,0,0x3f21cab367f77999cfa485c65207b64e0a675d653f79d910646261fa662bd049,2026-08-07T23:20:55+00:00,3,27,0.539999946,-0.0000000324,0xc4c7d76bb61f0e230dada87a7fa41332e5fceb3da39974644b4607f1f9a67cc3,0.539999946,0.5399999784,0.0000000324,false,false,true,true,true,true,2,2026-08-07T23:20:54+00:00,2,0.5399999784,0,0x3f21cab367f77999cfa485c65207b64e0a675d653f79d910646261fa662bd049,2026-08-07T23:20:55+00:00,3,57,0.539999946,-0.0000000324,0xc4c7d76bb61f0e230dada87a7fa41332e5fceb3da39974644b4607f1f9a67cc3,0.539999946,0.5399999784,0.0000000324,false,false,false,true,true,true,10,2026-08-07T23:20:54+00:00,2,0.5399999784,0,0x3f21cab367f77999cfa485c65207b64e0a675d653f79d910646261fa662bd049,2026-08-07T23:25:43+00:00,291,9,0.54,0.0000000216,0x6df77547598f3428dc4ce95f76d0e7e8e3efc2d44d0afa3dd753f1577f7b805a,0.5300000227,0.54,0.0099999773,false,true,true,true
H2-v1-EVENT-M5,H2-v1,rn1:0198,rn1,198,1673863,0x85103a46008451b326ce5cac11e4377e7c06baef3631a6a78e6ddfc593d68a5d,mlb-cin-wsh-2026-08-07,Washington Nationals,Cincinnati Reds,2026-08-07T23:46:00+00:00,2026-08-07T23:20:52+00:00,1508,true,1,3347472,Washington Nationals,home,BUY,0.53,0.53,265.957445,140.95744585,265.957445,140.95744585,0x55f627cfc32db4f7d81f2105e3b27105cab0abd53aaffee6f0b642042f6a3343,efd492bded5343ddb8e06b006587bcd8123a9af7e3ade6f8141dadf0432fa448,1673863:2026-08-07T23:20:52+00:00,2,1,264.105595,140.10559485,1,1,,,,,,,,,,,,,,,,,,sharp:0512,2026-08-07T23:00:03.995609+00:00,1248.004391,0.5343511450381679,-0.000648854961832,-1,3,false,sharp:0512,1248.004391,sharp:0513,1450.363334,rn1:0196,7,rn1:0199,2,true,2026-08-07T23:20:45+00:00,7,0.5399999784,0x425036a1c8237be630a9600ee042c8d5fc22d920ba7de4c521c976b85499b5f0,true,true,true,true,-0.0056488333618321,-0.0099999784,false,true,true,2,2026-08-07T23:20:54+00:00,2,0.5399999784,0,0x3f21cab367f77999cfa485c65207b64e0a675d653f79d910646261fa662bd049,2026-08-07T23:20:55+00:00,3,7,0.539999946,-0.0000000324,0xc4c7d76bb61f0e230dada87a7fa41332e5fceb3da39974644b4607f1f9a67cc3,0.539999946,0.5399999784,0.0000000324,false,true,true,true,true,true,2,2026-08-07T23:20:54+00:00,2,0.5399999784,0,0x3f21cab367f77999cfa485c65207b64e0a675d653f79d910646261fa662bd049,2026-08-07T23:20:55+00:00,3,27,0.539999946,-0.0000000324,0xc4c7d76bb61f0e230dada87a7fa41332e5fceb3da39974644b4607f1f9a67cc3,0.539999946,0.5399999784,0.0000000324,false,false,true,true,true,true,2,2026-08-07T23:20:54+00:00,2,0.5399999784,0,0x3f21cab367f77999cfa485c65207b64e0a675d653f79d910646261fa662bd049,2026-08-07T23:20:55+00:00,3,57,0.539999946,-0.0000000324,0xc4c7d76bb61f0e230dada87a7fa41332e5fceb3da39974644b4607f1f9a67cc3,0.539999946,0.5399999784,0.0000000324,false,false,false,true,true,true,10,2026-08-07T23:20:54+00:00,2,0.5399999784,0,0x3f21cab367f77999cfa485c65207b64e0a675d653f79d910646261fa662bd049,2026-08-07T23:25:43+00:00,291,9,0.54,0.0000000216,0x6df77547598f3428dc4ce95f76d0e7e8e3efc2d44d0afa3dd753f1577f7b805a,0.5300000227,0.54,0.0099999773,false,true,true,true
H2-v1-EVENT-M5,H2-v1,rn1:0199,rn1,199,1673863,0x85103a46008451b326ce5cac11e4377e7c06baef3631a6a78e6ddfc593d68a5d,mlb-cin-wsh-2026-08-07,Washington Nationals,Cincinnati Reds,2026-08-07T23:46:00+00:00,2026-08-07T23:20:54+00:00,1506,true,-1,3347471,Cincinnati Reds,away,BUY,0.46,0.54,3.703702,1.70370292,-3.703702,-1.70370292,0x3f21cab367f77999cfa485c65207b64e0a675d653f79d910646261fa662bd049,6889ffc25491c2335e7b0577dc268d3bcff1ede887a39927b54aa82e231d40cd,1673863:2026-08-07T23:20:54+00:00,1,1,-3.703702,-1.70370292,-1,1,,,,,,,,,,,,,,,,,,sharp:0512,2026-08-07T23:00:03.995609+00:00,1250.004391,0.5343511450381679,-0.000648854961832,-1,3,false,sharp:0512,1250.004391,sharp:0513,1448.363334,rn1:0197,2,rn1:0200,1,true,2026-08-07T23:20:52+00:00,2,0.54,0xc7ee73f95b72b2b40e9442682ff66b4657eafb3f3bbb6c7c535aaf90619be52d,true,true,true,true,-0.0056488549618321,0,true,true,true,1,2026-08-07T23:20:55+00:00,1,0.539999946,-0.000000054,0xc4c7d76bb61f0e230dada87a7fa41332e5fceb3da39974644b4607f1f9a67cc3,2026-08-07T23:20:55+00:00,1,9,0.539999946,-0.000000054,0xc4c7d76bb61f0e230dada87a7fa41332e5fceb3da39974644b4607f1f9a67cc3,0.539999946,0.539999946,0,false,true,true,true,true,true,1,2026-08-07T23:20:55+00:00,1,0.539999946,-0.000000054,0xc4c7d76bb61f0e230dada87a7fa41332e5fceb3da39974644b4607f1f9a67cc3,2026-08-07T23:20:55+00:00,1,29,0.539999946,-0.000000054,0xc4c7d76bb61f0e230dada87a7fa41332e5fceb3da39974644b4607f1f9a67cc3,0.539999946,0.539999946,0,false,false,true,true,true,true,1,2026-08-07T23:20:55+00:00,1,0.539999946,-0.000000054,0xc4c7d76bb61f0e230dada87a7fa41332e5fceb3da39974644b4607f1f9a67cc3,2026-08-07T23:20:55+00:00,1,59,0.539999946,-0.000000054,0xc4c7d76bb61f0e230dada87a7fa41332e5fceb3da39974644b4607f1f9a67cc3,0.539999946,0.539999946,0,false,false,false,true,true,true,9,2026-08-07T23:20:55+00:00,1,0.539999946,-0.000000054,0xc4c7d76bb61f0e230dada87a7fa41332e5fceb3da39974644b4607f1f9a67cc3,2026-08-07T23:25:43+00:00,289,11,0.54,0,0x6df77547598f3428dc4ce95f76d0e7e8e3efc2d44d0afa3dd753f1577f7b805a,0.5300000227,0.54,0.0099999773,false,true,true,true
H2-v1-EVENT-M5,H2-v1,rn1:0200,rn1,200,1673863,0x85103a46008451b326ce5cac11e4377e7c06baef3631a6a78e6ddfc593d68a5d,mlb-cin-wsh-2026-08-07,Washington Nationals,Cincinnati Reds,2026-08-07T23:46:00+00:00,2026-08-07T23:20:55+00:00,1505,true,-1,3347471,Cincinnati Reds,away,BUY,0.46,0.54,2.592591,1.19259186,-2.592591,-1.19259186,0xc4c7d76bb61f0e230dada87a7fa41332e5fceb3da39974644b4607f1f9a67cc3,12fe30a0e867d403b7d2fca58634fb6fd2a13923929faf49cc520913c28e4a9b,1673863:2026-08-07T23:20:55+00:00,1,1,-2.592591,-1.19259186,-1,1,,,,,,,,,,,,,,,,,,sharp:0512,2026-08-07T23:00:03.995609+00:00,1251.004391,0.5343511450381679,-0.000648854961832,-1,3,false,sharp:0512,1251.004391,sharp:0513,1447.363334,rn1:0199,1,rn1:0201,138,true,2026-08-07T23:20:54+00:00,1,0.5399999784,0x3f21cab367f77999cfa485c65207b64e0a675d653f79d910646261fa662bd049,true,true,true,true,-0.0056488333618321,0.0000000216,true,true,false,0,,,,,,,,,,,,,,,false,false,false,false,true,false,0,,,,,,,,,,,,,,,false,false,false,false,true,false,0,,,,,,,,,,,,,,,false,false,false,false,true,true,9,2026-08-07T23:23:13+00:00,138,0.5300000227,-0.0099999557,0x385945e39c391de8916133e8b1eeee8408d0b9843898b3f8841b0fd43e978989,2026-08-07T23:25:55+00:00,300,0,0.5300000464,-0.009999932,0x727526548273c4e91047dfdb4be797d24df91c870d175c22a458158788bec2a1,0.5300000227,0.54,0.0099999773,true,true,true,true
H2-v1-EVENT-M5,H2-v1,rn1:0201,rn1,201,1673863,0x85103a46008451b326ce5cac11e4377e7c06baef3631a6a78e6ddfc593d68a5d,mlb-cin-wsh-2026-08-07,Washington Nationals,Cincinnati Reds,2026-08-07T23:46:00+00:00,2026-08-07T23:23:13+00:00,1367,true,1,3347472,Washington Nationals,home,BUY,0.53,0.53,20.255318,10.73531854,20.255318,10.73531854,0x385945e39c391de8916133e8b1eeee8408d0b9843898b3f8841b0fd43e978989,4827c688188ca6644fb281c13e0b61a3830c42a682c5253f41459cd9021dbfbc,1673863:2026-08-07T23:23:13+00:00,2,1,2.62569,2.62568966,1,1,,,,,,,,,,,,,,,,,,sharp:0512,2026-08-07T23:00:03.995609+00:00,1389.004391,0.5343511450381679,-0.000648854961832,-1,3,false,sharp:0512,1389.004391,sharp:0513,1309.363334,rn1:0200,138,rn1:0203,2,true,2026-08-07T23:20:55+00:00,138,0.539999946,0xc4c7d76bb61f0e230dada87a7fa41332e5fceb3da39974644b4607f1f9a67cc3,false,false,true,true,-0.0056488009618321,-0.009999946,false,true,true,1,2026-08-07T23:23:15+00:00,2,0.5399999784,0.0000000324,0x30f4f1bb91509bee835ffb718fc265264b252aba5f8c3d8628d952afb11cd319,2026-08-07T23:23:15+00:00,2,8,0.5399999784,0.0000000324,0x30f4f1bb91509bee835ffb718fc265264b252aba5f8c3d8628d952afb11cd319,0.5399999784,0.5399999784,0,false,true,true,true,true,true,1,2026-08-07T23:23:15+00:00,2,0.5399999784,0.0000000324,0x30f4f1bb91509bee835ffb718fc265264b252aba5f8c3d8628d952afb11cd319,2026-08-07T23:23:15+00:00,2,28,0.5399999784,0.0000000324,0x30f4f1bb91509bee835ffb718fc265264b252aba5f8c3d8628d952afb11cd319,0.5399999784,0.5399999784,0,false,false,true,true,true,true,1,2026-08-07T23:23:15+00:00,2,0.5399999784,0.0000000324,0x30f4f1bb91509bee835ffb718fc265264b252aba5f8c3d8628d952afb11cd319,2026-08-07T23:23:15+00:00,2,58,0.5399999784,0.0000000324,0x30f4f1bb91509bee835ffb718fc265264b252aba5f8c3d8628d952afb11cd319,0.5399999784,0.5399999784,0,false,false,false,true,true,true,13,2026-08-07T23:23:15+00:00,2,0.5399999784,0.0000000324,0x30f4f1bb91509bee835ffb718fc265264b252aba5f8c3d8628d952afb11cd319,2026-08-07T23:28:10+00:00,297,3,0.54,0.000000054,0x88e88f72a3e9513f0954cfcaeed9e0b250a3a06f3cea4bb4dca3658821c752b8,0.5300000005,0.54,0.0099999995,true,true,true,true
H2-v1-EVENT-M5,H2-v1,rn1:0202,rn1,202,1673863,0x85103a46008451b326ce5cac11e4377e7c06baef3631a6a78e6ddfc593d68a5d,mlb-cin-wsh-2026-08-07,Washington Nationals,Cincinnati Reds,2026-08-07T23:46:00+00:00,2026-08-07T23:23:13+00:00,1367,true,-1,3347471,Cincinnati Reds,away,BUY,0.46,0.54,17.629628,8.10962888,-17.629628,-8.10962888,0x8a97ece7528ff29b7c390dcb21354ef79c0e0331cab11fdf3fcd0648827c8d07,98f703d266a1b43900b4df69fd75cf1cb7c0a4875bae3485a9557ee6f7b5291f,1673863:2026-08-07T23:23:13+00:00,2,2,2.62569,2.62568966,1,1,,,,,,,,,,,,,,,,,,sharp:0512,2026-08-07T23:00:03.995609+00:00,1389.004391,0.5343511450381679,-0.000648854961832,-1,3,false,sharp:0512,1389.004391,sharp:0513,1309.363334,rn1:0200,138,rn1:0203,2,true,2026-08-07T23:20:55+00:00,138,0.539999946,0xc4c7d76bb61f0e230dada87a7fa41332e5fceb3da39974644b4607f1f9a67cc3,false,false,true,true,-0.0056488009618321,0.000000054,true,true,true,1,2026-08-07T23:23:15+00:00,2,0.5399999784,0.0000000324,0x30f4f1bb91509bee835ffb718fc265264b252aba5f8c3d8628d952afb11cd319,2026-08-07T23:23:15+00:00,2,8,0.5399999784,0.0000000324,0x30f4f1bb91509bee835ffb718fc265264b252aba5f8c3d8628d952afb11cd319,0.5399999784,0.5399999784,0,false,true,true,true,true,true,1,2026-08-07T23:23:15+00:00,2,0.5399999784,0.0000000324,0x30f4f1bb91509bee835ffb718fc265264b252aba5f8c3d8628d952afb11cd319,2026-08-07T23:23:15+00:00,2,28,0.5399999784,0.0000000324,0x30f4f1bb91509bee835ffb718fc265264b252aba5f8c3d8628d952afb11cd319,0.5399999784,0.5399999784,0,false,false,true,true,true,true,1,2026-08-07T23:23:15+00:00,2,0.5399999784,0.0000000324,0x30f4f1bb91509bee835ffb718fc265264b252aba5f8c3d8628d952afb11cd319,2026-08-07T23:23:15+00:00,2,58,0.5399999784,0.0000000324,0x30f4f1bb91509bee835ffb718fc265264b252aba5f8c3d8628d952afb11cd319,0.5399999784,0.5399999784,0,false,false,false,true,true,true,13,2026-08-07T23:23:15+00:00,2,0.5399999784,0.0000000324,0x30f4f1bb91509bee835ffb718fc265264b252aba5f8c3d8628d952afb11cd319,2026-08-07T23:28:10+00:00,297,3,0.54,0.000000054,0x88e88f72a3e9513f0954cfcaeed9e0b250a3a06f3cea4bb4dca3658821c752b8,0.5300000005,0.54,0.0099999995,true,true,true,true
H2-v1-EVENT-M5,H2-v1,rn1:0203,rn1,203,1673863,0x85103a46008451b326ce5cac11e4377e7c06baef3631a6a78e6ddfc593d68a5d,mlb-cin-wsh-2026-08-07,Washington Nationals,Cincinnati Reds,2026-08-07T23:46:00+00:00,2026-08-07T23:23:15+00:00,1365,true,-1,3347471,Cincinnati Reds,away,BUY,0.46,0.54,3.703702,1.70370292,-3.703702,-1.70370292,0x30f4f1bb91509bee835ffb718fc265264b252aba5f8c3d8628d952afb11cd319,ac44b2951dad93480e204ad6c69d4559c4e97e3c906700c3cb2e4677acdb2de5,1673863:2026-08-07T23:23:15+00:00,1,1,-3.703702,-1.70370292,-1,1,,,,,,,,,,,,,,,,,,sharp:0512,2026-08-07T23:00:03.995609+00:00,1391.004391,0.5343511450381679,-0.000648854961832,-1,3,false,sharp:0512,1391.004391,sharp:0513,1307.363334,rn1:0202,2,,,true,2026-08-07T23:23:13+00:00,2,0.5399999932,0x8a97ece7528ff29b7c390dcb21354ef79c0e0331cab11fdf3fcd0648827c8d07,true,true,true,true,-0.0056488481618321,0.0000000068,true,true,false,0,,,,,,,,,,,,,,,false,false,false,false,true,false,0,,,,,,,,,,,,,,,false,false,false,false,true,false,0,,,,,,,,,,,,,,,false,false,false,false,true,true,12,2026-08-07T23:25:03+00:00,108,0.54,0.0000000068,0x7c2e20a6e551618ccfdbda7f76634e62ac7a2895a7fcbf6a36d790c603df7cb4,2026-08-07T23:28:10+00:00,295,5,0.54,0.0000000068,0x88e88f72a3e9513f0954cfcaeed9e0b250a3a06f3cea4bb4dca3658821c752b8,0.5300000005,0.54,0.0099999995,true,true,true,true
H2-v1-EVENT-M5,H2-v1,sharp:0513,sharp,513,1673863,0x85103a46008451b326ce5cac11e4377e7c06baef3631a6a78e6ddfc593d68a5d,mlb-cin-wsh-2026-08-07,Washington Nationals,Cincinnati Reds,2026-08-07T23:46:00+00:00,2026-08-07T23:45:02.363334+00:00,57.636666,true,-1,,,,,,,,,,,,,,,,,,,,3841,0.52996719160104985,0.5343511450381679,-0.00438395343711805,-1,2026-08-07T23:00:03.995609+00:00,2698.367725,2,true,betfair+matchbook,betfair+matchbook+smarkets,true,0.5349999999999999,0.5249343832020998,,3.363334,3.363334,sharp:0513,2026-08-07T23:45:02.363334+00:00,0,0.52996719160104985,-0.00438395343711805,-1,2,true,sharp:0512,2698.367725,,,rn1:0203,1307.363334,,,true,2026-08-07T23:41:04+00:00,238.363334,0.5399999784,0x2bdb775a01f09ceb7c7b215bfd2edaf7b6e7e95bd7457fcd54d8cf28afb1d71c,false,false,true,true,-0.01003278679895015,,,true,false,0,,,,,,,,,,,,,,,false,false,false,false,true,false,0,,,,,,,,,,,,,,,false,false,false,false,false,false,0,,,,,,,,,,,,,,,false,false,false,false,false,false,0,,,,,,,,,,,,,,,false,false,false,false
H2-v1-EVENT-M5,H2-v1,rn1:0204,rn1,204,1673846,0xc3d4ea1d592f030ba20a226a4825b83ee10dd0fd428650e60011109c8a617346,mlb-tor-phi-2026-08-07,Philadelphia Phillies,Toronto Blue Jays,2026-08-08T00:41:00+00:00,2026-08-06T15:12:15+00:00,120525,true,-1,3347437,Toronto Blue Jays,away,BUY,0.33,0.67,312.73,103.2009,-312.73,-103.2009,0x9c1d74deccdf72f842229be308d8dc33a2b43df79863c6aa4f1b771e2ec6482e,a278ae1b4a4c795cdca10b8a9bcd491c7bbbb10cb054906ed315a3e3db4ce5bf,1673846:2026-08-06T15:12:15+00:00,1,1,-312.73,-103.2009,-1,1,,,,,,,,,,,,,,,,,,,,,,,,,,,,sharp:0514,23567.869331,,,rn1:0205,113289,true,2026-08-06T15:09:51+00:00,144,0.6200261915,0xbef16d6f60369793fd35f16fbeb878d79350ed6f00972ddad09454c9a3ab4876,false,false,true,true,,0.0499738085,,true,false,0,,,,,,,,,,,,,,,false,false,false,false,true,false,0,,,,,,,,,,,,,,,false,false,false,false,true,false,0,,,,,,,,,,,,,,,false,false,false,false,true,true,1,2026-08-06T15:14:27+00:00,132,0.633010713,0.0129845215,0x9151982e016258168d92e51737216e1f35ccee0717f7e96248ae5a9063c31ee3,2026-08-06T15:14:27+00:00,132,168,0.633010713,0.0129845215,0x9151982e016258168d92e51737216e1f35ccee0717f7e96248ae5a9063c31ee3,0.633010713,0.633010713,0,false,false,false,false
H2-v1-EVENT-M5,H2-v1,sharp:0514,sharp,514,1673846,0xc3d4ea1d592f030ba20a226a4825b83ee10dd0fd428650e60011109c8a617346,mlb-tor-phi-2026-08-07,Philadelphia Phillies,Toronto Blue Jays,2026-08-08T00:41:00+00:00,2026-08-06T21:45:02.869331+00:00,96957.130669,false,,,,,,,,,,,,,,,,,,,,,2151,0.6499999999999999,,,,,,1,false,smarkets,,,,,0.6499999999999999,4.869331,4.869331,sharp:0514,2026-08-06T21:45:02.869331+00:00,0,0.6499999999999999,,,1,,,,sharp:0515,4499.471035,rn1:0204,23567.869331,rn1:0205,89721.130669,true,2026-08-06T21:32:36+00:00,746.869331,0.6600000143,0x1e55350fc446d874ab2165bfe8e60399adad1ae18cc596d268e7acbbe0ec7b49,false,false,false,false,-0.0100000143000001,,,true,false,0,,,,,,,,,,,,,,,false,false,false,false,true,false,0,,,,,,,,,,,,,,,false,false,false,false,true,false,0,,,,,,,,,,,,,,,false,false,false,false,true,false,0,,,,,,,,,,,,,,,false,false,false,false
H2-v1-EVENT-M5,H2-v1,sharp:0515,sharp,515,1673846,0xc3d4ea1d592f030ba20a226a4825b83ee10dd0fd428650e60011109c8a617346,mlb-tor-phi-2026-08-07,Philadelphia Phillies,Toronto Blue Jays,2026-08-08T00:41:00+00:00,2026-08-06T23:00:02.340366+00:00,92457.659634,true,-1,,,,,,,,,,,,,,,,,,,,2234,0.6410430048849762,0.6499999999999999,-0.0089569951150237,-1,2026-08-06T21:45:02.869331+00:00,4499.471035,2,true,matchbook+smarkets,smarkets,true,,0.647814910025707,0.6342710997442454,2.340366,2.340366,sharp:0515,2026-08-06T23:00:02.340366+00:00,0,0.6410430048849762,-0.0089569951150237,-1,2,true,sharp:0514,4499.471035,sharp:0516,3600.154995,rn1:0204,28067.340366,rn1:0205,85221.659634,true,2026-08-06T21:32:36+00:00,5246.340366,0.6600000143,0x1e55350fc446d874ab2165bfe8e60399adad1ae18cc596d268e7acbbe0ec7b49,false,false,false,false,-0.0189570094150238,,,true,false,0,,,,,,,,,,,,,,,false,false,false,false,true,false,0,,,,,,,,,,,,,,,false,false,false,false,true,false,0,,,,,,,,,,,,,,,false,false,false,false,true,false,0,,,,,,,,,,,,,,,false,false,false,false
H2-v1-EVENT-M5,H2-v1,sharp:0516,sharp,516,1673846,0xc3d4ea1d592f030ba20a226a4825b83ee10dd0fd428650e60011109c8a617346,mlb-tor-phi-2026-08-07,Philadelphia Phillies,Toronto Blue Jays,2026-08-08T00:41:00+00:00,2026-08-07T00:00:02.495361+00:00,88857.504639,true,1,,,,,,,,,,,,,,,,,,,,2300,0.645817353933063,0.6410430048849762,0.0047743490480868,1,2026-08-06T23:00:02.340366+00:00,3600.154995,2,true,matchbook+smarkets,matchbook+smarkets,false,,0.6555023923444976,0.6361323155216284,7.495361,8.495361,sharp:0516,2026-08-07T00:00:02.495361+00:00,0,0.645817353933063,0.0047743490480868,1,2,false,sharp:0515,3600.154995,sharp:0517,13500.356281,rn1:0204,31667.495361,rn1:0205,81621.504639,true,2026-08-06T23:36:39+00:00,1403.495361,0.6500001225,0xa586715965fae26fd8718e26f50243518f76cfab9f9addc115c03141cfa9ebed,false,false,false,false,-0.004182768566937,,,true,false,0,,,,,,,,,,,,,,,false,false,false,false,true,false,0,,,,,,,,,,,,,,,false,false,false,false,true,false,0,,,,,,,,,,,,,,,false,false,false,false,true,false,0,,,,,,,,,,,,,,,false,false,false,false
H2-v1-EVENT-M5,H2-v1,sharp:0517,sharp,517,1673846,0xc3d4ea1d592f030ba20a226a4825b83ee10dd0fd428650e60011109c8a617346,mlb-tor-phi-2026-08-07,Philadelphia Phillies,Toronto Blue Jays,2026-08-08T00:41:00+00:00,2026-08-07T03:45:02.851642+00:00,75357.148358,true,1,,,,,,,,,,,,,,,,,,,,2547,0.6495007233336862,0.645817353933063,0.0036833694006232,1,2026-08-07T00:00:02.495361+00:00,13500.356281,2,true,matchbook+smarkets,matchbook+smarkets,false,,0.657210401891253,0.6417910447761194,4.351642,5.851642,sharp:0517,2026-08-07T03:45:02.851642+00:00,0,0.6495007233336862,0.0036833694006232,1,2,false,sharp:0516,13500.356281,sharp:0518,3599.357702,rn1:0204,45167.851642,rn1:0205,68121.148358,true,2026-08-07T03:34:43+00:00,619.851642,0.6799998912,0x77f402fe7b0eaad6fccaa647b88a85528d31ac1a843ebe9b1774c89c5061386d,false,false,false,false,-0.0304991678663138,,,true,false,0,,,,,,,,,,,,,,,false,false,false,false,true,false,0,,,,,,,,,,,,,,,false,false,false,false,true,false,0,,,,,,,,,,,,,,,false,false,false,false,true,false,0,,,,,,,,,,,,,,,false,false,false,false
H2-v1-EVENT-M5,H2-v1,sharp:0518,sharp,518,1673846,0xc3d4ea1d592f030ba20a226a4825b83ee10dd0fd428650e60011109c8a617346,mlb-tor-phi-2026-08-07,Philadelphia Phillies,Toronto Blue Jays,2026-08-08T00:41:00+00:00,2026-08-07T04:45:02.209344+00:00,71757.790656,true,-1,,,,,,,,,,,,,,,,,,,,2613,0.6462373840289598,0.6495007233336862,-0.0032633393047264,-1,2026-08-07T03:45:02.851642+00:00,3599.357702,2,true,matchbook+smarkets,matchbook+smarkets,false,,0.648910411622276,0.6435643564356436,5.709344,6.209344,sharp:0518,2026-08-07T04:45:02.209344+00:00,0,0.6462373840289598,-0.0032633393047264,-1,2,false,sharp:0517,3599.357702,sharp:0519,47700.619906,rn1:0204,48767.209344,rn1:0205,64521.790656,true,2026-08-07T04:30:06+00:00,896.209344,0.68,0xa4637a7773a6e1fbe1ff9fade3297109d6fbbe415061092ef5d1ca3a24d31955,false,false,false,false,-0.0337626159710402,,,true,false,0,,,,,,,,,,,,,,,false,false,false,false,true,false,0,,,,,,,,,,,,,,,false,false,false,false,true,false,0,,,,,,,,,,,,,,,false,false,false,false,true,false,0,,,,,,,,,,,,,,,false,false,false,false
H2-v1-EVENT-M5,H2-v1,sharp:0519,sharp,519,1673846,0xc3d4ea1d592f030ba20a226a4825b83ee10dd0fd428650e60011109c8a617346,mlb-tor-phi-2026-08-07,Philadelphia Phillies,Toronto Blue Jays,2026-08-08T00:41:00+00:00,2026-08-07T18:00:02.829250+00:00,24057.17075,true,1,,,,,,,,,,,,,,,,,,,,3462,0.6636771300448431,0.6462373840289598,0.0174397460158833,1,2026-08-07T04:45:02.209344+00:00,47700.619906,3,true,betfair+matchbook+smarkets,matchbook+smarkets,true,0.6636771300448431,0.6636771300448431,0.6636363636363636,16.32925,21.82925,sharp:0519,2026-08-07T18:00:02.829250+00:00,0,0.6636771300448431,0.0174397460158833,1,3,true,sharp:0518,47700.619906,sharp:0520,2699.352093,rn1:0204,96467.82925,rn1:0205,16821.17075,true,2026-08-07T17:52:16+00:00,466.82925,0.6699999196,0x5d2437e944a2323b02828b67b04ef2a14b2de88e04298dd473bc21d31be913a0,false,false,false,true,-0.0063227895551569,,,true,false,0,,,,,,,,,,,,,,,false,false,false,false,true,false,0,,,,,,,,,,,,,,,false,false,false,false,true,false,0,,,,,,,,,,,,,,,false,false,false,false,true,true,3,2026-08-07T18:02:18+00:00,135.17075,0.66,-0.0099999196,0xaf414a900a2c408d5378d5340bb47098a18611ecdc968a5bca115e016dc6c6a9,2026-08-07T18:04:31+00:00,268.17075,31.82925,0.6699999839,0.0000000643,0x74bcba05c13deb3515f667356f2ddd2ca2f370a0328d5af77434a2dcf86bb6af,0.66,0.6699999839,0.0099999839,false,false,false,true
H2-v1-EVENT-M5,H2-v1,sharp:0520,sharp,520,1673846,0xc3d4ea1d592f030ba20a226a4825b83ee10dd0fd428650e60011109c8a617346,mlb-tor-phi-2026-08-07,Philadelphia Phillies,Toronto Blue Jays,2026-08-08T00:41:00+00:00,2026-08-07T18:45:02.181343+00:00,21357.818657,true,-1,,,,,,,,,,,,,,,,,,,,3511,0.6545454545454545,0.6636771300448431,-0.0091316754993886,-1,2026-08-07T18:00:02.829250+00:00,2699.352093,3,true,betfair+matchbook+smarkets,betfair+matchbook+smarkets,false,0.6545454545454545,0.6545454545454545,0.654292343387471,8.681343,19.181343,sharp:0520,2026-08-07T18:45:02.181343+00:00,0,0.6545454545454545,-0.0091316754993886,-1,3,false,sharp:0519,2699.352093,sharp:0521,900.932203,rn1:0204,99167.181343,rn1:0205,14121.818657,true,2026-08-07T18:43:27+00:00,95.181343,0.6600000319,0x19dcb38fd0a699c454cd4ca9d1dda808950aed6053e03b39b737cf82955f3d3a,false,false,true,true,-0.0054545773545455,,,true,false,0,,,,,,,,,,,,,,,false,false,false,false,true,false,0,,,,,,,,,,,,,,,false,false,false,false,true,false,0,,,,,,,,,,,,,,,false,false,false,false,true,false,0,,,,,,,,,,,,,,,false,false,false,false
H2-v1-EVENT-M5,H2-v1,sharp:0521,sharp,521,1673846,0xc3d4ea1d592f030ba20a226a4825b83ee10dd0fd428650e60011109c8a617346,mlb-tor-phi-2026-08-07,Philadelphia Phillies,Toronto Blue Jays,2026-08-08T00:41:00+00:00,2026-08-07T19:00:03.113546+00:00,20456.886454,true,1,,,,,,,,,,,,,,,,,,,,3528,0.6561085972850679,0.6545454545454545,0.0015631427396134,1,2026-08-07T18:45:02.181343+00:00,900.932203,3,true,betfair+matchbook+smarkets,betfair+matchbook+smarkets,false,0.6561085972850679,0.6561085972850679,0.654292343387471,17.113546,32.113546,sharp:0521,2026-08-07T19:00:03.113546+00:00,0,0.6561085972850679,0.0015631427396134,1,3,false,sharp:0520,900.932203,sharp:0522,2699.359458,rn1:0204,100068.113546,rn1:0205,13220.886454,true,2026-08-07T18:57:10+00:00,173.113546,0.66,0x6515d16812746fd37c8d79af8dd65928088cfdcc9bf20ca160dd312a21ada675,false,false,true,true,-0.0038914027149321,,,true,false,0,,,,,,,,,,,,,,,false,false,false,false,true,false,0,,,,,,,,,,,,,,,false,false,false,false,true,false,0,,,,,,,,,,,,,,,false,false,false,false,true,false,0,,,,,,,,,,,,,,,false,false,false,false
H2-v1-EVENT-M5,H2-v1,sharp:0522,sharp,522,1673846,0xc3d4ea1d592f030ba20a226a4825b83ee10dd0fd428650e60011109c8a617346,mlb-tor-phi-2026-08-07,Philadelphia Phillies,Toronto Blue Jays,2026-08-08T00:41:00+00:00,2026-08-07T19:45:02.473004+00:00,17757.526996,true,1,,,,,,,,,,,,,,,,,,,,3577,0.6576576576576576,0.6561085972850679,0.0015490603725897,1,2026-08-07T19:00:03.113546+00:00,2699.359458,3,true,betfair+matchbook+smarkets,betfair+matchbook+smarkets,false,0.6561085972850679,0.6576576576576576,0.6589861751152073,9.473004,16.473004,sharp:0522,2026-08-07T19:45:02.473004+00:00,0,0.6576576576576576,0.0015490603725897,1,3,false,sharp:0521,2699.359458,sharp:0523,899.854367,rn1:0204,102767.473004,rn1:0205,10521.526996,true,2026-08-07T19:44:49+00:00,13.473004,0.66,0xb7c1602ab6bee7d20bbbec36d58607a9e85c806ddce5a2122cad085c5b468522,true,true,true,true,-0.0023423423423424,,,true,false,0,,,,,,,,,,,,,,,false,false,false,false,true,false,0,,,,,,,,,,,,,,,false,false,false,false,true,false,0,,,,,,,,,,,,,,,false,false,false,false,true,false,0,,,,,,,,,,,,,,,false,false,false,false
H2-v1-EVENT-M5,H2-v1,sharp:0523,sharp,523,1673846,0xc3d4ea1d592f030ba20a226a4825b83ee10dd0fd428650e60011109c8a617346,mlb-tor-phi-2026-08-07,Philadelphia Phillies,Toronto Blue Jays,2026-08-08T00:41:00+00:00,2026-08-07T20:00:02.327371+00:00,16857.672629,true,1,,,,,,,,,,,,,,,,,,,,3594,0.6621923937360178,0.6576576576576576,0.0045347360783602,1,2026-08-07T19:45:02.473004+00:00,899.854367,3,true,betfair+matchbook+smarkets,betfair+matchbook+smarkets,false,0.6621923937360178,0.6621923937360178,0.6636363636363636,12.327371,18.327371,sharp:0523,2026-08-07T20:00:02.327371+00:00,0,0.6621923937360178,0.0045347360783602,1,3,false,sharp:0522,899.854367,sharp:0524,2700.005086,rn1:0204,103667.327371,rn1:0205,9621.672629,true,2026-08-07T19:59:34+00:00,28.327371,0.66,0xe22391b991af8369212fa060a48ac13d7aea5e75c130c079026c518340cd64cb,true,true,true,true,0.0021923937360178,,,true,false,0,,,,,,,,,,,,,,,false,false,false,false,true,false,0,,,,,,,,,,,,,,,false,false,false,false,true,false,0,,,,,,,,,,,,,,,false,false,false,false,true,true,5,2026-08-07T20:01:48+00:00,105.672629,0.6599999849,-0.0000000151,0xeb85914b3559da96e83a9a1d423bb7bc16c686a347057398cd2a0a2a73c13ee8,2026-08-07T20:04:25+00:00,262.672629,37.327371,0.6599999941,-0.0000000059,0xa256d197940a1667df62da8ce32e4bde1f6120186afcd06352ad4d7704628a65,0.6599999849,0.66,0.0000000151,false,false,false,true
H2-v1-EVENT-M5,H2-v1,sharp:0524,sharp,524,1673846,0xc3d4ea1d592f030ba20a226a4825b83ee10dd0fd428650e60011109c8a617346,mlb-tor-phi-2026-08-07,Philadelphia Phillies,Toronto Blue Jays,2026-08-08T00:41:00+00:00,2026-08-07T20:45:02.332457+00:00,14157.667543,true,-1,,,,,,,,,,,,,,,,,,,,3643,0.6621004566210046,0.6621923937360178,-0.0000919371150132,-1,2026-08-07T20:00:02.327371+00:00,2700.005086,3,true,betfair+matchbook+smarkets,betfair+matchbook+smarkets,false,0.6606334841628959,0.6636771300448431,0.6621004566210046,15.832457,21.332457,sharp:0524,2026-08-07T20:45:02.332457+00:00,0,0.6621004566210046,-0.0000919371150132,-1,3,false,sharp:0523,2700.005086,sharp:0525,901.31295,rn1:0204,106367.332457,rn1:0205,6921.667543,true,2026-08-07T20:43:04+00:00,118.332457,0.66,0xcc747b1060abc7dac532ca5e13f9f483cd88d4a5ba4067d063e8f55ecd2e3cba,false,false,true,true,0.0021004566210046,,,true,false,0,,,,,,,,,,,,,,,false,false,false,false,true,false,0,,,,,,,,,,,,,,,false,false,false,false,true,false,0,,,,,,,,,,,,,,,false,false,false,false,true,true,1,2026-08-07T20:47:01+00:00,118.667543,0.6500000158,-0.0099999842,0x7294259c49d14b73da98693b30965a4b740638eb6b9ec6de71d22c927ce71800,2026-08-07T20:47:01+00:00,118.667543,181.332457,0.6500000158,-0.0099999842,0x7294259c49d14b73da98693b30965a4b740638eb6b9ec6de71d22c927ce71800,0.6500000158,0.6500000158,0,false,false,false,false
H2-v1-EVENT-M5,H2-v1,sharp:0525,sharp,525,1673846,0xc3d4ea1d592f030ba20a226a4825b83ee10dd0fd428650e60011109c8a617346,mlb-tor-phi-2026-08-07,Philadelphia Phillies,Toronto Blue Jays,2026-08-08T00:41:00+00:00,2026-08-07T21:00:03.645407+00:00,13256.354593,true,-1,,,,,,,,,,,,,,,,,,,,3660,0.659090909090909,0.6621004566210046,-0.0030095475300956,-1,2026-08-07T20:45:02.332457+00:00,901.31295,3,true,betfair+matchbook+smarkets,betfair+matchbook+smarkets,false,0.659090909090909,0.6591422121896162,0.6590389016018307,18.145407,24.645407,sharp:0525,2026-08-07T21:00:03.645407+00:00,0,0.659090909090909,-0.0030095475300956,-1,3,false,sharp:0524,901.31295,sharp:0526,2699.063185,rn1:0204,107268.645407,rn1:0205,6020.354593,true,2026-08-07T20:55:09+00:00,294.645407,0.6599999865,0xe631a670adeb152ae29e4a9b6c111fd8487b70f99aa992b0b0277d50f529a0ef,false,false,true,true,-0.000909077409091,,,true,false,0,,,,,,,,,,,,,,,false,false,false,false,true,false,0,,,,,,,,,,,,,,,false,false,false,false,true,false,0,,,,,,,,,,,,,,,false,false,false,false,true,true,3,2026-08-07T21:01:10+00:00,66.354593,0.66,0.0000000135,0xf6f6eb3781e6976ddddf75b2833a60ec27cf2bd98db2c88ede8ca993f2c41132,2026-08-07T21:02:42+00:00,158.354593,141.645407,0.65,-0.0099999865,0x271fc26a85d26b5c4bc3b61e2cd20576b642b102bd0036d8e488f4f5afa1472b,0.65,0.66,0.01,false,false,false,false
H2-v1-EVENT-M5,H2-v1,sharp:0526,sharp,526,1673846,0xc3d4ea1d592f030ba20a226a4825b83ee10dd0fd428650e60011109c8a617346,mlb-tor-phi-2026-08-07,Philadelphia Phillies,Toronto Blue Jays,2026-08-08T00:41:00+00:00,2026-08-07T21:45:02.708592+00:00,10557.291408,true,-1,,,,,,,,,,,,,,,,,,,,3709,0.6561085972850679,0.659090909090909,-0.0029823118058411,-1,2026-08-07T21:00:03.645407+00:00,2699.063185,3,true,betfair+matchbook+smarkets,betfair+matchbook+smarkets,false,0.6560364464692484,0.6561085972850679,0.6574712643678161,12.708592,19.708592,sharp:0526,2026-08-07T21:45:02.708592+00:00,0,0.6561085972850679,-0.0029823118058411,-1,3,false,sharp:0525,2699.063185,sharp:0527,900.66421,rn1:0204,109967.708592,rn1:0205,3321.291408,true,2026-08-07T21:43:57+00:00,65.708592,0.6599999991,0xbb36d8bd121fede057892255055db648daa69261067248d8816f0aa95746f344,false,false,true,true,-0.0038914018149321,,,true,false,0,,,,,,,,,,,,,,,false,false,false,false,true,false,0,,,,,,,,,,,,,,,false,false,false,false,true,true,2,2026-08-07T21:45:36+00:00,33.291408,0.65,-0.0099999991,0xc80247ecb1ca4b8304b8100e7a7f927d0f5b1e8a3f6e9a10a4ce745a84c8452b,2026-08-07T21:45:37+00:00,34.291408,25.708592,0.65,-0.0099999991,0x41f1e18a0dfcc3a2230963068399ae3ba251cea54420a0224c479419143dac64,0.65,0.65,0,false,false,true,true,true,true,3,2026-08-07T21:45:36+00:00,33.291408,0.65,-0.0099999991,0xc80247ecb1ca4b8304b8100e7a7f927d0f5b1e8a3f6e9a10a4ce745a84c8452b,2026-08-07T21:46:19+00:00,76.291408,223.708592,0.6599999976,-0.0000000015,0xf3e6d1a032240c6bf0867d8ff1c5132fff1d9515522027830c5aad4161c82ade,0.65,0.6599999976,0.0099999976,false,false,false,false
H2-v1-EVENT-M5,H2-v1,sharp:0527,sharp,527,1673846,0xc3d4ea1d592f030ba20a226a4825b83ee10dd0fd428650e60011109c8a617346,mlb-tor-phi-2026-08-07,Philadelphia Phillies,Toronto Blue Jays,2026-08-08T00:41:00+00:00,2026-08-07T22:00:03.372802+00:00,9656.627198,true,-1,,,,,,,,,,,,,,,,,,,,3726,0.65529095050735145,0.6561085972850679,-0.00081764677771645,-1,2026-08-07T21:45:02.708592+00:00,900.66421,3,true,betfair+matchbook+smarkets,betfair+matchbook+smarkets,false,0.65529095050735145,0.6545454545454545,0.6574712643678161,12.872802,24.372802,sharp:0527,2026-08-07T22:00:03.372802+00:00,0,0.65529095050735145,-0.00081764677771645,-1,3,false,sharp:0526,900.66421,sharp:0528,2698.574759,rn1:0204,110868.372802,rn1:0205,2420.627198,true,2026-08-07T21:59:27+00:00,36.372802,0.6599999974,0x46e32fdda9d62d1bdec3f308816d6c0af69c538807c5dd8be1b1addd68d88cbe,false,true,true,true,-0.00470904689264855,,,true,false,0,,,,,,,,,,,,,,,false,false,false,false,true,true,1,2026-08-07T22:00:21+00:00,17.627198,0.6599998944,-0.000000103,0x0b068134cee7c7b041cfad29b4a6112724929d725940c5ea6769c1148a8b9a0d,2026-08-07T22:00:21+00:00,17.627198,12.372802,0.6599998944,-0.000000103,0x0b068134cee7c7b041cfad29b4a6112724929d725940c5ea6769c1148a8b9a0d,0.6599998944,0.6599998944,0,false,true,true,true,true,true,1,2026-08-07T22:00:21+00:00,17.627198,0.6599998944,-0.000000103,0x0b068134cee7c7b041cfad29b4a6112724929d725940c5ea6769c1148a8b9a0d,2026-08-07T22:00:21+00:00,17.627198,42.372802,0.6599998944,-0.000000103,0x0b068134cee7c7b041cfad29b4a6112724929d725940c5ea6769c1148a8b9a0d,0.6599998944,0.6599998944,0,false,false,false,true,true,true,2,2026-08-07T22:00:21+00:00,17.627198,0.6599998944,-0.000000103,0x0b068134cee7c7b041cfad29b4a6112724929d725940c5ea6769c1148a8b9a0d,2026-08-07T22:04:55+00:00,291.627198,8.372802,0.66,0.0000000026,0x9fbe299b37598553898b0f32a8b51f1b3e134a496431b19f9aaeeeadea3c5c64,0.6599998944,0.66,0.0000001056,false,true,true,true
H2-v1-EVENT-M5,H2-v1,rn1:0205,rn1,205,1673846,0xc3d4ea1d592f030ba20a226a4825b83ee10dd0fd428650e60011109c8a617346,mlb-tor-phi-2026-08-07,Philadelphia Phillies,Toronto Blue Jays,2026-08-08T00:41:00+00:00,2026-08-07T22:40:24+00:00,7236,true,1,3347438,Philadelphia Phillies,home,BUY,0.65,0.65,51.67,33.5855,51.67,33.5855,0x5311da9cea750e58d1fa79fe9d6c513c82bcee2af749d03b7ea8a5bf0672b2cc,59f80acf82156b861a3f63173c72e16985918c83afe6ad615d777c8b771a3872,1673846:2026-08-07T22:40:24+00:00,1,1,51.67,33.5855,1,1,,,,,,,,,,,,,,,,,,sharp:0527,2026-08-07T22:00:03.372802+00:00,2420.627198,0.65529095050735145,-0.00081764677771645,-1,3,false,sharp:0527,2420.627198,sharp:0528,277.947561,rn1:0204,113289,rn1:0206,115,true,2026-08-07T22:40:04+00:00,20,0.6599999787,0x662d4bf8fc6d1c9be9b92dcd6a060b67ee22c225dd67321203eed062acaf133d,true,true,true,true,-0.00470902819264855,-0.0099999787,false,true,true,2,2026-08-07T22:40:25+00:00,1,0.66,0.0000000213,0xce7c606929bb6c3f9b91173dc9fd70a304b8f7925d39b3f26d8b5a0705a33bac,2026-08-07T22:40:27+00:00,3,7,0.6599998944,-0.0000000843,0x635d3300020655742b52d3b18abcbb122ffb3720cf93d443f197fc9b4f0d11cf,0.6599998944,0.66,0.0000001056,false,true,true,true,true,true,3,2026-08-07T22:40:25+00:00,1,0.66,0.0000000213,0xce7c606929bb6c3f9b91173dc9fd70a304b8f7925d39b3f26d8b5a0705a33bac,2026-08-07T22:40:46+00:00,22,8,0.66,0.0000000213,0x8fb1ba96c5756137636ba3641cf44dd4986fe2d8d7435406ab417fa6d0f8cdf4,0.6599998944,0.66,0.0000001056,false,true,true,true,true,true,5,2026-08-07T22:40:25+00:00,1,0.66,0.0000000213,0xce7c606929bb6c3f9b91173dc9fd70a304b8f7925d39b3f26d8b5a0705a33bac,2026-08-07T22:41:15+00:00,51,9,0.6599999958,0.0000000171,0xdf81fed606d505733a69c51df3efac3b400fdf51c323079070e46a56fe8f4b41,0.6599998944,0.66,0.0000001056,false,true,true,true,true,true,13,2026-08-07T22:40:25+00:00,1,0.66,0.0000000213,0xce7c606929bb6c3f9b91173dc9fd70a304b8f7925d39b3f26d8b5a0705a33bac,2026-08-07T22:44:48+00:00,264,36,0.6599999989,0.0000000202,0xa977535ec1631fb0ac4919a8c7cd0f46ae05ad36af6f69ddf65baca400e32084,0.650000002,0.66,0.009999998,false,false,false,true
H2-v1-EVENT-M5,H2-v1,rn1:0206,rn1,206,1673846,0xc3d4ea1d592f030ba20a226a4825b83ee10dd0fd428650e60011109c8a617346,mlb-tor-phi-2026-08-07,Philadelphia Phillies,Toronto Blue Jays,2026-08-08T00:41:00+00:00,2026-08-07T22:42:19+00:00,7121,true,1,3347438,Philadelphia Phillies,home,BUY,0.65,0.65,5.42857,3.5285705,5.42857,3.5285705,0x14348ffa0c4edb5ef928dd44a863ca80405ecd6d9a370bb63af9781007eaca8c,5ebda82399dd6130e3372d5a2a0c4cc7565f326a86107bd14adc963115c930fb,1673846:2026-08-07T22:42:19+00:00,1,1,5.42857,3.5285705,1,1,,,,,,,,,,,,,,,,,,sharp:0527,2026-08-07T22:00:03.372802+00:00,2535.627198,0.65529095050735145,-0.00081764677771645,-1,3,false,sharp:0527,2535.627198,sharp:0528,162.947561,rn1:0205,115,rn1:0207,59,true,2026-08-07T22:41:15+00:00,64,0.6599999958,0xdf81fed606d505733a69c51df3efac3b400fdf51c323079070e46a56fe8f4b41,false,false,true,true,-0.00470904529264855,-0.0099999958,false,true,true,1,2026-08-07T22:42:24+00:00,5,0.6599999827,-0.0000000131,0xe43896570dc3f3226c103bb66872b05f16ea46d561b9dbcba61f339f23c0b372,2026-08-07T22:42:24+00:00,5,5,0.6599999827,-0.0000000131,0xe43896570dc3f3226c103bb66872b05f16ea46d561b9dbcba61f339f23c0b372,0.6599999827,0.6599999827,0,true,true,true,true,true,true,1,2026-08-07T22:42:24+00:00,5,0.6599999827,-0.0000000131,0xe43896570dc3f3226c103bb66872b05f16ea46d561b9dbcba61f339f23c0b372,2026-08-07T22:42:24+00:00,5,25,0.6599999827,-0.0000000131,0xe43896570dc3f3226c103bb66872b05f16ea46d561b9dbcba61f339f23c0b372,0.6599999827,0.6599999827,0,false,false,true,true,true,true,3,2026-08-07T22:42:24+00:00,5,0.6599999827,-0.0000000131,0xe43896570dc3f3226c103bb66872b05f16ea46d561b9dbcba61f339f23c0b372,2026-08-07T22:43:19+00:00,60,0,0.66,0.0000000042,0x600e3d73630688d30cb023592f4b5ec6df8fc1e9845702f9b5141929926a87ab,0.650000002,0.66,0.009999998,true,true,true,true,true,true,9,2026-08-07T22:42:24+00:00,5,0.6599999827,-0.0000000131,0xe43896570dc3f3226c103bb66872b05f16ea46d561b9dbcba61f339f23c0b372,2026-08-07T22:47:06+00:00,287,13,0.6599999994,0.0000000036,0x8eb7be8bd9376164d28cc523abaf10fa4d5c230929092fa614aaf0f69e07da1d,0.650000002,0.66,0.009999998,false,true,true,true
H2-v1-EVENT-M5,H2-v1,rn1:0207,rn1,207,1673846,0xc3d4ea1d592f030ba20a226a4825b83ee10dd0fd428650e60011109c8a617346,mlb-tor-phi-2026-08-07,Philadelphia Phillies,Toronto Blue Jays,2026-08-08T00:41:00+00:00,2026-08-07T22:43:18+00:00,7062,true,1,3347438,Philadelphia Phillies,home,BUY,0.65,0.65,228.571427,148.57142755,228.571427,148.57142755,0x278a183a8322689e5c8575a11f930be37d8876ae216832e364ce61008ea0ed33,75afacb2d4877922d1e752bfa9c5ed9608c79ff9bb1a5af3689dfdbc5d4cd7e4,1673846:2026-08-07T22:43:18+00:00,1,1,228.571427,148.57142755,1,1,,,,,,,,,,,,,,,,,,sharp:0527,2026-08-07T22:00:03.372802+00:00,2594.627198,0.65529095050735145,-0.00081764677771645,-1,3,false,sharp:0527,2594.627198,sharp:0528,103.947561,rn1:0206,59,rn1:0208,318,true,2026-08-07T22:42:24+00:00,54,0.6599999827,0xe43896570dc3f3226c103bb66872b05f16ea46d561b9dbcba61f339f23c0b372,false,true,true,true,-0.00470903219264855,-0.0099999827,false,true,true,2,2026-08-07T22:43:19+00:00,1,0.66,0.0000000173,0x600e3d73630688d30cb023592f4b5ec6df8fc1e9845702f9b5141929926a87ab,2026-08-07T22:43:21+00:00,3,7,0.6599998944,-0.0000000883,0xa4fb164babb03beb52c5f898f22900b5428835e6e3ba769ed4ce3cb670c8b807,0.6599998944,0.66,0.0000001056,false,true,true,true,true,true,4,2026-08-07T22:43:19+00:00,1,0.66,0.0000000173,0x600e3d73630688d30cb023592f4b5ec6df8fc1e9845702f9b5141929926a87ab,2026-08-07T22:43:43+00:00,25,5,0.6599999958,0.0000000131,0xc5c60bb69fbed0dc89c9d7e7cf15f62d75b03685289193b615d67403dbe068f7,0.6599998944,0.66,0.0000001056,true,true,true,true,true,true,4,2026-08-07T22:43:19+00:00,1,0.66,0.0000000173,0x600e3d73630688d30cb023592f4b5ec6df8fc1e9845702f9b5141929926a87ab,2026-08-07T22:43:43+00:00,25,35,0.6599999958,0.0000000131,0xc5c60bb69fbed0dc89c9d7e7cf15f62d75b03685289193b615d67403dbe068f7,0.6599998944,0.66,0.0000001056,false,false,false,true,true,true,7,2026-08-07T22:43:19+00:00,1,0.66,0.0000000173,0x600e3d73630688d30cb023592f4b5ec6df8fc1e9845702f9b5141929926a87ab,2026-08-07T22:47:06+00:00,228,72,0.6599999994,0.0000000167,0x8eb7be8bd9376164d28cc523abaf10fa4d5c230929092fa614aaf0f69e07da1d,0.6599998944,0.66,0.0000001056,false,false,false,false
H2-v1-EVENT-M5,H2-v1,sharp:0528,sharp,528,1673846,0xc3d4ea1d592f030ba20a226a4825b83ee10dd0fd428650e60011109c8a617346,mlb-tor-phi-2026-08-07,Philadelphia Phillies,Toronto Blue Jays,2026-08-08T00:41:00+00:00,2026-08-07T22:45:01.947561+00:00,6958.052439,true,1,,,,,,,,,,,,,,,,,,,,3775,0.6560364464692484,0.65529095050735145,0.00074549596189695,1,2026-08-07T22:00:03.372802+00:00,2698.574759,3,true,betfair+matchbook+smarkets,betfair+matchbook+smarkets,false,0.6560364464692484,0.6527777777777778,0.6574712643678161,9.447561,19.947561,sharp:0528,2026-08-07T22:45:01.947561+00:00,0,0.6560364464692484,0.00074549596189695,1,3,false,sharp:0527,2698.574759,sharp:0529,902.048048,rn1:0207,103.947561,rn1:0208,214.052439,true,2026-08-07T22:44:48+00:00,13.947561,0.6599999989,0xa977535ec1631fb0ac4919a8c7cd0f46ae05ad36af6f69ddf65baca400e32084,true,true,true,true,-0.0039635524307516,,,true,false,0,,,,,,,,,,,,,,,false,false,false,false,true,true,1,2026-08-07T22:45:27+00:00,25.052439,0.6599999604,-0.0000000385,0xeb611c6ef808cb2a48f063dbd456e29a4b7b38ec64bb3c2d07df9e6c596dd5ac,2026-08-07T22:45:27+00:00,25.052439,4.947561,0.6599999604,-0.0000000385,0xeb611c6ef808cb2a48f063dbd456e29a4b7b38ec64bb3c2d07df9e6c596dd5ac,0.6599999604,0.6599999604,0,true,true,true,true,true,true,1,2026-08-07T22:45:27+00:00,25.052439,0.6599999604,-0.0000000385,0xeb611c6ef808cb2a48f063dbd456e29a4b7b38ec64bb3c2d07df9e6c596dd5ac,2026-08-07T22:45:27+00:00,25.052439,34.947561,0.6599999604,-0.0000000385,0xeb611c6ef808cb2a48f063dbd456e29a4b7b38ec64bb3c2d07df9e6c596dd5ac,0.6599999604,0.6599999604,0,false,false,false,true,true,true,7,2026-08-07T22:45:27+00:00,25.052439,0.6599999604,-0.0000000385,0xeb611c6ef808cb2a48f063dbd456e29a4b7b38ec64bb3c2d07df9e6c596dd5ac,2026-08-07T22:49:48+00:00,286.052439,13.947561,0.6599998944,-0.0000001045,0xa8b3e016016cf9a6149bc33f26448d3ea4c0213921cc23f351a705b3e9f22074,0.65,0.6599999994,0.0099999994,false,true,true,true
H2-v1-EVENT-M5,H2-v1,rn1:0208,rn1,208,1673846,0xc3d4ea1d592f030ba20a226a4825b83ee10dd0fd428650e60011109c8a617346,mlb-tor-phi-2026-08-07,Philadelphia Phillies,Toronto Blue Jays,2026-08-08T00:41:00+00:00,2026-08-07T22:48:36+00:00,6744,true,1,3347438,Philadelphia Phillies,home,BUY,0.65,0.65,121.571427,79.02142755,121.571427,79.02142755,0x0e580e4786bdfccd2350c7061b5833642c84d66043fc362bac686c6644621887,4b739e2c5cd94b3d2a61bb4d8931a5bc219804ece43a04e4e2efcf604c8947d6,1673846:2026-08-07T22:48:36+00:00,1,1,121.571427,79.02142755,1,1,,,,,,,,,,,,,,,,,,sharp:0528,2026-08-07T22:45:01.947561+00:00,214.052439,0.6560364464692484,0.00074549596189695,1,3,false,sharp:0528,214.052439,sharp:0529,687.995609,rn1:0207,318,rn1:0209,40,true,2026-08-07T22:47:06+00:00,90,0.6599999994,0x8eb7be8bd9376164d28cc523abaf10fa4d5c230929092fa614aaf0f69e07da1d,false,false,true,true,-0.0039635529307516,-0.0099999994,true,true,false,0,,,,,,,,,,,,,,,false,false,false,false,true,false,0,,,,,,,,,,,,,,,false,false,false,false,true,true,1,2026-08-07T22:49:16+00:00,40,0.65,-0.0099999994,0x9d3c8681c348340e81cab4fc3df08ce003e1f2e1e2ede7e592d2df99970a9a70,2026-08-07T22:49:16+00:00,40,20,0.65,-0.0099999994,0x9d3c8681c348340e81cab4fc3df08ce003e1f2e1e2ede7e592d2df99970a9a70,0.65,0.65,0,false,false,true,true,true,true,7,2026-08-07T22:49:16+00:00,40,0.65,-0.0099999994,0x9d3c8681c348340e81cab4fc3df08ce003e1f2e1e2ede7e592d2df99970a9a70,2026-08-07T22:53:22+00:00,286,14,0.66,0.0000000006,0xc675e856fee67fe1e129fed1f08bc9495f07897054557218c23eaa72928d9d4d,0.65,0.66,0.01,false,true,true,true
H2-v1-EVENT-M5,H2-v1,rn1:0209,rn1,209,1673846,0xc3d4ea1d592f030ba20a226a4825b83ee10dd0fd428650e60011109c8a617346,mlb-tor-phi-2026-08-07,Philadelphia Phillies,Toronto Blue Jays,2026-08-08T00:41:00+00:00,2026-08-07T22:49:16+00:00,6704,true,1,3347438,Philadelphia Phillies,home,BUY,0.65,0.65,5,3.25,5,3.25,0x9d3c8681c348340e81cab4fc3df08ce003e1f2e1e2ede7e592d2df99970a9a70,4ba43d388036d2eeac28005e6cce9283a202f937eaea964fe4f2bccdc31c93d7,1673846:2026-08-07T22:49:16+00:00,1,1,5,3.25,1,1,,,,,,,,,,,,,,,,,,sharp:0528,2026-08-07T22:45:01.947561+00:00,254.052439,0.6560364464692484,0.00074549596189695,1,3,false,sharp:0528,254.052439,sharp:0529,647.995609,rn1:0208,40,rn1:0210,30,true,2026-08-07T22:48:36+00:00,40,0.6599998944,0x21979605cac5c35571fd1f8d48497720ebb5eccb0bb014ef8f81f84a30eaef5d,false,true,true,true,-0.0039634479307516,-0.0099998944,true,true,false,0,,,,,,,,,,,,,,,false,false,false,false,true,true,1,2026-08-07T22:49:46+00:00,30,0.6500000082,-0.0099998862,0x522dcab9b89553c42160c1d1835c9f680da815df02ac15ccc4de6cdd49de6e67,2026-08-07T22:49:46+00:00,30,0,0.6500000082,-0.0099998862,0x522dcab9b89553c42160c1d1835c9f680da815df02ac15ccc4de6cdd49de6e67,0.6500000082,0.6500000082,0,true,true,true,true,true,true,3,2026-08-07T22:49:46+00:00,30,0.6500000082,-0.0099998862,0x522dcab9b89553c42160c1d1835c9f680da815df02ac15ccc4de6cdd49de6e67,2026-08-07T22:50:06+00:00,50,10,0.66,0.0000001056,0x3c32f8e161486eb043b08da20a655f71d0ec8aeddda8c0766d569251ab700a2f,0.6500000082,0.66,0.0099999918,false,true,true,true,true,true,6,2026-08-07T22:49:46+00:00,30,0.6500000082,-0.0099998862,0x522dcab9b89553c42160c1d1835c9f680da815df02ac15ccc4de6cdd49de6e67,2026-08-07T22:53:22+00:00,246,54,0.66,0.0000001056,0xc675e856fee67fe1e129fed1f08bc9495f07897054557218c23eaa72928d9d4d,0.6500000082,0.66,0.0099999918,false,false,false,true
H2-v1-EVENT-M5,H2-v1,rn1:0210,rn1,210,1673846,0xc3d4ea1d592f030ba20a226a4825b83ee10dd0fd428650e60011109c8a617346,mlb-tor-phi-2026-08-07,Philadelphia Phillies,Toronto Blue Jays,2026-08-08T00:41:00+00:00,2026-08-07T22:49:46+00:00,6674,true,1,3347438,Philadelphia Phillies,home,BUY,0.65,0.65,42.857141,27.85714165,42.857141,27.85714165,0x522dcab9b89553c42160c1d1835c9f680da815df02ac15ccc4de6cdd49de6e67,4fff34fc3832ebbad76a0469e635435670f56185b1e8c9801bb92c8176dfde3d,1673846:2026-08-07T22:49:46+00:00,1,1,42.857141,27.85714165,1,1,,,,,,,,,,,,,,,,,,sharp:0528,2026-08-07T22:45:01.947561+00:00,284.052439,0.6560364464692484,0.00074549596189695,1,3,false,sharp:0528,284.052439,sharp:0529,617.995609,rn1:0209,30,rn1:0211,893,true,2026-08-07T22:49:16+00:00,30,0.65,0x9d3c8681c348340e81cab4fc3df08ce003e1f2e1e2ede7e592d2df99970a9a70,true,true,true,true,0.0060364464692484,0,true,true,true,1,2026-08-07T22:49:48+00:00,2,0.6599998944,0.0099998944,0xa8b3e016016cf9a6149bc33f26448d3ea4c0213921cc23f351a705b3e9f22074,2026-08-07T22:49:48+00:00,2,8,0.6599998944,0.0099998944,0xa8b3e016016cf9a6149bc33f26448d3ea4c0213921cc23f351a705b3e9f22074,0.6599998944,0.6599998944,0,false,true,true,true,true,true,2,2026-08-07T22:49:48+00:00,2,0.6599998944,0.0099998944,0xa8b3e016016cf9a6149bc33f26448d3ea4c0213921cc23f351a705b3e9f22074,2026-08-07T22:50:06+00:00,20,10,0.66,0.01,0x3c32f8e161486eb043b08da20a655f71d0ec8aeddda8c0766d569251ab700a2f,0.6599998944,0.66,0.0000001056,false,true,true,true,true,true,3,2026-08-07T22:49:48+00:00,2,0.6599998944,0.0099998944,0xa8b3e016016cf9a6149bc33f26448d3ea4c0213921cc23f351a705b3e9f22074,2026-08-07T22:50:42+00:00,56,4,0.66,0.01,0x49cfc00d97d945df388d5afac53b92ed7e364f78198b9dc5f8fefab82490f203,0.6599998944,0.66,0.0000001056,true,true,true,true,true,true,8,2026-08-07T22:49:48+00:00,2,0.6599998944,0.0099998944,0xa8b3e016016cf9a6149bc33f26448d3ea4c0213921cc23f351a705b3e9f22074,2026-08-07T22:54:36+00:00,290,10,0.66,0.01,0x8f3f63a211e797e850f3b622999d586466f33482f5f3954efdd918e78675c722,0.6599998944,0.66,0.0000001056,false,true,true,true
H2-v1-EVENT-M5,H2-v1,sharp:0529,sharp,529,1673846,0xc3d4ea1d592f030ba20a226a4825b83ee10dd0fd428650e60011109c8a617346,mlb-tor-phi-2026-08-07,Philadelphia Phillies,Toronto Blue Jays,2026-08-08T00:41:00+00:00,2026-08-07T23:00:03.995609+00:00,6056.004391,true,1,,,,,,,,,,,,,,,,,,,,3792,0.6574074074074074,0.6560364464692484,0.001370960938159,1,2026-08-07T22:45:01.947561+00:00,902.048048,3,true,betfair+matchbook+smarkets,betfair+matchbook+smarkets,false,0.659090909090909,0.6391752577319588,0.6574074074074074,12.495609,12.995609,sharp:0529,2026-08-07T23:00:03.995609+00:00,0,0.6574074074074074,0.001370960938159,1,3,false,sharp:0528,902.048048,sharp:0530,2698.367725,rn1:0210,617.995609,rn1:0211,275.004391,true,2026-08-07T22:57:54+00:00,129.995609,0.66,0xbb860be18d763f63965fc8fadefea6ae7036a76d4c8b7a11e9d2dea08e2a4076,false,false,true,true,-0.0025925925925926,,,true,false,0,,,,,,,,,,,,,,,false,false,false,false,true,false,0,,,,,,,,,,,,,,,false,false,false,false,true,false,0,,,,,,,,,,,,,,,false,false,false,false,true,true,3,2026-08-07T23:02:45+00:00,161.004391,0.6599999604,-0.0000000396,0x8eabad7f2e77e21160f7002a9b14d2c22ae3628394c62297a3a58bbe49f66772,2026-08-07T23:05:00+00:00,296.004391,3.995609,0.66,0,0x15c9cc7aa014483c95e93bca8972d5ba637bfa8ee3c1466106d5f54149138659,0.650000051,0.66,0.009999949,true,true,true,true
H2-v1-EVENT-M5,H2-v1,rn1:0211,rn1,211,1673846,0xc3d4ea1d592f030ba20a226a4825b83ee10dd0fd428650e60011109c8a617346,mlb-tor-phi-2026-08-07,Philadelphia Phillies,Toronto Blue Jays,2026-08-08T00:41:00+00:00,2026-08-07T23:04:39+00:00,5781,true,1,3347438,Philadelphia Phillies,home,BUY,0.65,0.65,6.857141,4.45714165,6.857141,4.45714165,0x8c40e1de12e831ad3fd9f8de21a095dfd901e5e9ddb3236bb23cf4082d8605f1,81a702bee1712445fc421f12944c3bed90646f5a974cf808d7d793b6ee3fb900,1673846:2026-08-07T23:04:39+00:00,1,1,6.857141,4.45714165,1,1,,,,,,,,,,,,,,,,,,sharp:0529,2026-08-07T23:00:03.995609+00:00,275.004391,0.6574074074074074,0.001370960938159,1,3,false,sharp:0529,275.004391,sharp:0530,2423.363334,rn1:0210,893,rn1:0212,3621,true,2026-08-07T23:02:45+00:00,114,0.6599999604,0x8eabad7f2e77e21160f7002a9b14d2c22ae3628394c62297a3a58bbe49f66772,false,false,true,true,-0.0025925529925926,-0.0099999604,true,true,false,0,,,,,,,,,,,,,,,false,false,false,false,true,true,1,2026-08-07T23:05:00+00:00,21,0.66,0.0000000396,0x15c9cc7aa014483c95e93bca8972d5ba637bfa8ee3c1466106d5f54149138659,2026-08-07T23:05:00+00:00,21,9,0.66,0.0000000396,0x15c9cc7aa014483c95e93bca8972d5ba637bfa8ee3c1466106d5f54149138659,0.66,0.66,0,false,true,true,true,true,true,1,2026-08-07T23:05:00+00:00,21,0.66,0.0000000396,0x15c9cc7aa014483c95e93bca8972d5ba637bfa8ee3c1466106d5f54149138659,2026-08-07T23:05:00+00:00,21,39,0.66,0.0000000396,0x15c9cc7aa014483c95e93bca8972d5ba637bfa8ee3c1466106d5f54149138659,0.66,0.66,0,false,false,false,true,true,true,8,2026-08-07T23:05:00+00:00,21,0.66,0.0000000396,0x15c9cc7aa014483c95e93bca8972d5ba637bfa8ee3c1466106d5f54149138659,2026-08-07T23:08:33+00:00,234,66,0.6699999373,0.0099999769,0x0c69f50a88fd7dd7d5120e279823055cfd9baa60d0446284cad8187c23837a1a,0.66,0.67,0.01,false,false,false,false
H2-v1-EVENT-M5,H2-v1,sharp:0530,sharp,530,1673846,0xc3d4ea1d592f030ba20a226a4825b83ee10dd0fd428650e60011109c8a617346,mlb-tor-phi-2026-08-07,Philadelphia Phillies,Toronto Blue Jays,2026-08-08T00:41:00+00:00,2026-08-07T23:45:02.363334+00:00,3357.636666,true,1,,,,,,,,,,,,,,,,,,,,3841,0.659090909090909,0.6574074074074074,0.0016835016835016,1,2026-08-07T23:00:03.995609+00:00,2698.367725,3,true,betfair+matchbook+smarkets,betfair+matchbook+smarkets,false,0.659090909090909,0.6391752577319588,0.6713286713286714,3.363334,3.363334,sharp:0530,2026-08-07T23:45:02.363334+00:00,0,0.659090909090909,0.0016835016835016,1,3,false,sharp:0529,2698.367725,,,rn1:0211,2423.363334,rn1:0212,1197.636666,true,2026-08-07T23:44:28+00:00,34.363334,0.6600000589,0x413ae9c914cc8dba5577f0ad0f71eb9be07140d126919c18ddfc7d6ccbc8e6aa,false,true,true,true,-0.000909149809091,,,true,false,0,,,,,,,,,,,,,,,false,false,false,false,true,false,0,,,,,,,,,,,,,,,false,false,false,false,true,false,0,,,,,,,,,,,,,,,false,false,false,false,true,true,3,2026-08-07T23:46:57+00:00,114.636666,0.6600000855,0.0000000266,0x32e47e4bb584f12d7ad8d95e1fc9b8b3ae3dec96194cf387a445a89030ecc630,2026-08-07T23:49:45+00:00,282.636666,17.363334,0.6699999856,0.0099999267,0x9a57ec9293984419a02f1a73be1a0ed559c4392a8668cf1556ac9003b9e21b0e,0.6600000855,0.67,0.0099999145,false,false,true,true
H2-v1-EVENT-M5,H2-v1,rn1:0212,rn1,212,1673846,0xc3d4ea1d592f030ba20a226a4825b83ee10dd0fd428650e60011109c8a617346,mlb-tor-phi-2026-08-07,Philadelphia Phillies,Toronto Blue Jays,2026-08-08T00:41:00+00:00,2026-08-08T00:05:00+00:00,2160,true,-1,3347437,Toronto Blue Jays,away,BUY,0.33,0.67,14.925372,4.92537276,-14.925372,-4.92537276,0x6f11ba97d6ccf2a918a26689ecdb1b42ea849be075014285f2dc8187cce26caa,595d79bd730d60fbe7fa0c1bf5ea53b94f7151390d7dfdd68056260ab335e26b,1673846:2026-08-08T00:05:00+00:00,1,1,-14.925372,-4.92537276,-1,1,,,,,,,,,,,,,,,,,,sharp:0530,2026-08-07T23:45:02.363334+00:00,1197.636666,0.659090909090909,0.0016835016835016,1,3,false,sharp:0530,1197.636666,,,rn1:0211,3621,rn1:0213,168,true,2026-08-08T00:00:57+00:00,243,0.6600000032,0x663bffe3159da2d6a60e5f91890b9a6c739ecee310781c378a334df28e3b0c78,false,false,true,true,-0.000909094109091,0.0099999968,false,true,false,0,,,,,,,,,,,,,,,false,false,false,false,true,true,1,2026-08-08T00:05:12+00:00,12,0.6600000855,0.0000000823,0x091629f52ffc4fec0b75b7a1f891d77652eddf3027e82cfd46df76db630e67f8,2026-08-08T00:05:12+00:00,12,18,0.6600000855,0.0000000823,0x091629f52ffc4fec0b75b7a1f891d77652eddf3027e82cfd46df76db630e67f8,0.6600000855,0.6600000855,0,false,false,true,true,true,true,2,2026-08-08T00:05:12+00:00,12,0.6600000855,0.0000000823,0x091629f52ffc4fec0b75b7a1f891d77652eddf3027e82cfd46df76db630e67f8,2026-08-08T00:05:45+00:00,45,15,0.6600000578,0.0000000546,0x3ccae9404702a4cce6dcbfe1e0da1a726a55c41b4c352da338582169c1edcf6b,0.6600000578,0.6600000855,0.0000000277,false,true,true,true,true,true,6,2026-08-08T00:05:12+00:00,12,0.6600000855,0.0000000823,0x091629f52ffc4fec0b75b7a1f891d77652eddf3027e82cfd46df76db630e67f8,2026-08-08T00:07:48+00:00,168,132,0.65,-0.0100000032,0xe19d5f84698abd60def87cab240dde325733707515f4a3a5cae08b474fb11860,0.65,0.6600001813,0.0100001813,false,false,false,false
H2-v1-EVENT-M5,H2-v1,rn1:0213,rn1,213,1673846,0xc3d4ea1d592f030ba20a226a4825b83ee10dd0fd428650e60011109c8a617346,mlb-tor-phi-2026-08-07,Philadelphia Phillies,Toronto Blue Jays,2026-08-08T00:41:00+00:00,2026-08-08T00:07:48+00:00,1992,true,1,3347438,Philadelphia Phillies,home,BUY,0.65,0.65,27.2,17.68,27.2,17.68,0xe19d5f84698abd60def87cab240dde325733707515f4a3a5cae08b474fb11860,54e5b597003d4bbff434839a2a5d638f95b11189a0fdd3cdf31cffce72fd92d8,1673846:2026-08-08T00:07:48+00:00,1,1,27.2,17.68,1,1,,,,,,,,,,,,,,,,,,sharp:0530,2026-08-07T23:45:02.363334+00:00,1365.636666,0.659090909090909,0.0016835016835016,1,3,false,sharp:0530,1365.636666,,,rn1:0212,168,,,true,2026-08-08T00:06:46+00:00,62,0.6600001813,0x4041063328288e2ab7beeaaece6042e299ee3594632682274e82df4e2fd9260b,false,false,true,true,-0.000909272209091,-0.0100001813,true,true,false,0,,,,,,,,,,,,,,,false,false,false,false,true,false,0,,,,,,,,,,,,,,,false,false,false,false,true,false,0,,,,,,,,,,,,,,,false,false,false,false,true,true,3,2026-08-08T00:10:04+00:00,136,0.6599999999,-0.0000001814,0x58a6de02f6f04edcdcb149fb8ebcb73344421562c21ac8260713d93c343efb1e,2026-08-08T00:10:31+00:00,163,137,0.65,-0.0100001813,0xc884cb4b7eb2a5fcc88e1967dde152912fd2da53ebcad22b36c5503abf912d7d,0.65,0.6599999999,0.0099999999,false,false,false,false
H2-v1-EVENT-M5,H2-v1,sharp:0531,sharp,531,1673885,0x2f40b48f8d3177ec141fc216669c06206f37c359c0ace9cde11925055c0638a1,mlb-atl-nyy-2026-08-07,New York Yankees,Atlanta Braves,2026-08-08T01:01:00+00:00,2026-08-06T21:00:02.502363+00:00,100857.497637,false,,,,,,,,,,,,,,,,,,,,,2102,0.579088471849866,,,,,,1,false,smarkets,,,,,0.579088471849866,10.502363,10.502363,sharp:0531,2026-08-06T21:00:02.502363+00:00,0,0.579088471849866,,,1,,,,sharp:0532,2700.366968,,,,,true,2026-08-06T20:53:33+00:00,389.502363,0.58,0xe89a0c20d31775f5cccaa1d6c37614f007cf3a30774de8ad3a7318af23af9dbc,false,false,false,true,-0.000911528150134,,,true,false,0,,,,,,,,,,,,,,,false,false,false,false,true,false,0,,,,,,,,,,,,,,,false,false,false,false,true,false,0,,,,,,,,,,,,,,,false,false,false,false,true,false,0,,,,,,,,,,,,,,,false,false,false,false
H2-v1-EVENT-M5,H2-v1,sharp:0532,sharp,532,1673885,0x2f40b48f8d3177ec141fc216669c06206f37c359c0ace9cde11925055c0638a1,mlb-atl-nyy-2026-08-07,New York Yankees,Atlanta Braves,2026-08-08T01:01:00+00:00,2026-08-06T21:45:02.869331+00:00,98157.130669,true,0,,,,,,,,,,,,,,,,,,,,2151,0.579088471849866,0.579088471849866,0,0,2026-08-06T21:00:02.502363+00:00,2700.366968,1,false,smarkets,smarkets,false,,,0.579088471849866,4.869331,4.869331,sharp:0532,2026-08-06T21:45:02.869331+00:00,0,0.579088471849866,0,0,1,false,sharp:0531,2700.366968,sharp:0533,4499.471035,,,,,true,2026-08-06T21:42:14+00:00,168.869331,0.57,0x1c12b537865e73c979b5c6fb378d4f3ac6e4a72078ab550608b549d32d1835fb,false,false,true,true,0.009088471849866,,,true,false,0,,,,,,,,,,,,,,,false,false,false,false,true,false,0,,,,,,,,,,,,,,,false,false,false,false,true,false,0,,,,,,,,,,,,,,,false,false,false,false,true,false,0,,,,,,,,,,,,,,,false,false,false,false
H2-v1-EVENT-M5,H2-v1,sharp:0533,sharp,533,1673885,0x2f40b48f8d3177ec141fc216669c06206f37c359c0ace9cde11925055c0638a1,mlb-atl-nyy-2026-08-07,New York Yankees,Atlanta Braves,2026-08-08T01:01:00+00:00,2026-08-06T23:00:02.340366+00:00,93657.659634,true,0,,,,,,,,,,,,,,,,,,,,2234,0.579088471849866,0.579088471849866,0,0,2026-08-06T21:45:02.869331+00:00,4499.471035,1,false,smarkets,smarkets,false,,,0.579088471849866,2.340366,2.340366,sharp:0533,2026-08-06T23:00:02.340366+00:00,0,0.579088471849866,0,0,1,false,sharp:0532,4499.471035,sharp:0534,3600.154995,,,,,true,2026-08-06T21:42:14+00:00,4668.340366,0.57,0x1c12b537865e73c979b5c6fb378d4f3ac6e4a72078ab550608b549d32d1835fb,false,false,false,false,0.009088471849866,,,true,false,0,,,,,,,,,,,,,,,false,false,false,false,true,false,0,,,,,,,,,,,,,,,false,false,false,false,true,false,0,,,,,,,,,,,,,,,false,false,false,false,true,false,0,,,,,,,,,,,,,,,false,false,false,false
H2-v1-EVENT-M5,H2-v1,sharp:0534,sharp,534,1673885,0x2f40b48f8d3177ec141fc216669c06206f37c359c0ace9cde11925055c0638a1,mlb-atl-nyy-2026-08-07,New York Yankees,Atlanta Braves,2026-08-08T01:01:00+00:00,2026-08-07T00:00:02.495361+00:00,90057.504639,true,-1,,,,,,,,,,,,,,,,,,,,2300,0.576837053604491,0.579088471849866,-0.002251418245375,-1,2026-08-06T23:00:02.340366+00:00,3600.154995,2,true,matchbook+smarkets,smarkets,true,,0.574585635359116,0.579088471849866,7.495361,8.495361,sharp:0534,2026-08-07T00:00:02.495361+00:00,0,0.576837053604491,-0.002251418245375,-1,2,true,sharp:0533,3600.154995,sharp:0535,13500.356281,,,,,true,2026-08-06T23:50:44+00:00,558.495361,0.5700000495,0x1d1daba268995dfc6890c42127b8997687680326569f080bf7ed906c8ddb2c57,false,false,false,true,0.006837004104491,,,true,false,0,,,,,,,,,,,,,,,false,false,false,false,true,false,0,,,,,,,,,,,,,,,false,false,false,false,true,false,0,,,,,,,,,,,,,,,false,false,false,false,true,false,0,,,,,,,,,,,,,,,false,false,false,false
H2-v1-EVENT-M5,H2-v1,sharp:0535,sharp,535,1673885,0x2f40b48f8d3177ec141fc216669c06206f37c359c0ace9cde11925055c0638a1,mlb-atl-nyy-2026-08-07,New York Yankees,Atlanta Braves,2026-08-08T01:01:00+00:00,2026-08-07T03:45:02.851642+00:00,76557.148358,true,1,,,,,,,,,,,,,,,,,,,,2547,0.5828877005347594,0.576837053604491,0.0060506469302684,1,2026-08-07T00:00:02.495361+00:00,13500.356281,1,false,smarkets,matchbook+smarkets,true,,,0.5828877005347594,5.851642,5.851642,sharp:0535,2026-08-07T03:45:02.851642+00:00,0,0.5828877005347594,0.0060506469302684,1,1,true,sharp:0534,13500.356281,sharp:0536,3599.357702,,,,,true,2026-08-07T03:15:22+00:00,1780.851642,0.5699998311,0xdc2977cb82d8b00fa07a1ab4714afc9a98832f83e7416718ed08d327c6b72942,false,false,false,false,0.0128878694347594,,,true,true,1,2026-08-07T03:45:09+00:00,6.148358,0.5700002044,0.0000003733,0xffbdb3147ee3cfa2bbe8dc5e1ffb2ac52c50c4f0b62b91beaf68cc9203be60b0,2026-08-07T03:45:09+00:00,6.148358,3.851642,0.5700002044,0.0000003733,0xffbdb3147ee3cfa2bbe8dc5e1ffb2ac52c50c4f0b62b91beaf68cc9203be60b0,0.5700002044,0.5700002044,0,true,true,true,true,true,true,1,2026-08-07T03:45:09+00:00,6.148358,0.5700002044,0.0000003733,0xffbdb3147ee3cfa2bbe8dc5e1ffb2ac52c50c4f0b62b91beaf68cc9203be60b0,2026-08-07T03:45:09+00:00,6.148358,23.851642,0.5700002044,0.0000003733,0xffbdb3147ee3cfa2bbe8dc5e1ffb2ac52c50c4f0b62b91beaf68cc9203be60b0,0.5700002044,0.5700002044,0,false,false,true,true,true,true,1,2026-08-07T03:45:09+00:00,6.148358,0.5700002044,0.0000003733,0xffbdb3147ee3cfa2bbe8dc5e1ffb2ac52c50c4f0b62b91beaf68cc9203be60b0,2026-08-07T03:45:09+00:00,6.148358,53.851642,0.5700002044,0.0000003733,0xffbdb3147ee3cfa2bbe8dc5e1ffb2ac52c50c4f0b62b91beaf68cc9203be60b0,0.5700002044,0.5700002044,0,false,false,false,true,true,true,3,2026-08-07T03:45:09+00:00,6.148358,0.5700002044,0.0000003733,0xffbdb3147ee3cfa2bbe8dc5e1ffb2ac52c50c4f0b62b91beaf68cc9203be60b0,2026-08-07T03:49:04+00:00,241.148358,58.851642,0.5799999659,0.0100001348,0xdee32c7845aa06b23879c2709f96890a826ac870da202be56a2401e03c9c2e19,0.5700002044,0.58,0.0099997956,false,false,false,true
H2-v1-EVENT-M5,H2-v1,sharp:0536,sharp,536,1673885,0x2f40b48f8d3177ec141fc216669c06206f37c359c0ace9cde11925055c0638a1,mlb-atl-nyy-2026-08-07,New York Yankees,Atlanta Braves,2026-08-08T01:01:00+00:00,2026-08-07T04:45:02.209344+00:00,72957.790656,true,-1,,,,,,,,,,,,,,,,,,,,2613,0.579088471849866,0.5828877005347594,-0.0037992286848934,-1,2026-08-07T03:45:02.851642+00:00,3599.357702,1,false,smarkets,smarkets,false,,,0.579088471849866,5.209344,5.209344,sharp:0536,2026-08-07T04:45:02.209344+00:00,0,0.579088471849866,-0.0037992286848934,-1,1,false,sharp:0535,3599.357702,sharp:0537,47700.619906,,,,,true,2026-08-07T04:32:58+00:00,724.209344,0.5799999014,0x73a29609ccfba592762f28b2945e4b9e974945bb8dff55086bf3627f907ceb20,false,false,false,false,-0.000911429550134,,,true,false,0,,,,,,,,,,,,,,,false,false,false,false,true,true,1,2026-08-07T04:45:15+00:00,12.790656,0.5799999959,0.0000000945,0x69f2703a379782b4c68a63dbbb9b5e50a4fd1497c74432dd122ce922e768c678,2026-08-07T04:45:15+00:00,12.790656,17.209344,0.5799999959,0.0000000945,0x69f2703a379782b4c68a63dbbb9b5e50a4fd1497c74432dd122ce922e768c678,0.5799999959,0.5799999959,0,false,false,true,true,true,true,1,2026-08-07T04:45:15+00:00,12.790656,0.5799999959,0.0000000945,0x69f2703a379782b4c68a63dbbb9b5e50a4fd1497c74432dd122ce922e768c678,2026-08-07T04:45:15+00:00,12.790656,47.209344,0.5799999959,0.0000000945,0x69f2703a379782b4c68a63dbbb9b5e50a4fd1497c74432dd122ce922e768c678,0.5799999959,0.5799999959,0,false,false,false,true,true,true,1,2026-08-07T04:45:15+00:00,12.790656,0.5799999959,0.0000000945,0x69f2703a379782b4c68a63dbbb9b5e50a4fd1497c74432dd122ce922e768c678,2026-08-07T04:45:15+00:00,12.790656,287.209344,0.5799999959,0.0000000945,0x69f2703a379782b4c68a63dbbb9b5e50a4fd1497c74432dd122ce922e768c678,0.5799999959,0.5799999959,0,false,false,false,false
H2-v1-EVENT-M5,H2-v1,sharp:0537,sharp,537,1673885,0x2f40b48f8d3177ec141fc216669c06206f37c359c0ace9cde11925055c0638a1,mlb-atl-nyy-2026-08-07,New York Yankees,Atlanta Braves,2026-08-08T01:01:00+00:00,2026-08-07T18:00:02.829250+00:00,25257.17075,true,-1,,,,,,,,,,,,,,,,,,,,3462,0.5558312655086849,0.579088471849866,-0.0232572063411811,-1,2026-08-07T04:45:02.209344+00:00,47700.619906,3,true,betfair+matchbook+smarkets,smarkets,true,0.5558312655086849,0.5558312655086849,0.5563909774436091,16.32925,21.82925,sharp:0537,2026-08-07T18:00:02.829250+00:00,0,0.5558312655086849,-0.0232572063411811,-1,3,true,sharp:0536,47700.619906,sharp:0538,2699.352093,,,,,true,2026-08-07T17:54:52+00:00,310.82925,0.5500002025,0x4cf37adbc7d06ac9c081a2a0b8d28631a327425e05f4c94dd7ed19a50a645932,false,false,false,true,0.0058310630086849,,,true,false,0,,,,,,,,,,,,,,,false,false,false,false,true,false,0,,,,,,,,,,,,,,,false,false,false,false,true,false,0,,,,,,,,,,,,,,,false,false,false,false,true,true,1,2026-08-07T18:04:51+00:00,288.17075,0.5599999963,0.0099997938,0x09bf1c129ee059af35810a0d52aa993a2d71aee89e446eaec32e22494b50623b,2026-08-07T18:04:51+00:00,288.17075,11.82925,0.5599999963,0.0099997938,0x09bf1c129ee059af35810a0d52aa993a2d71aee89e446eaec32e22494b50623b,0.5599999963,0.5599999963,0,false,true,true,true
H2-v1-EVENT-M5,H2-v1,sharp:0538,sharp,538,1673885,0x2f40b48f8d3177ec141fc216669c06206f37c359c0ace9cde11925055c0638a1,mlb-atl-nyy-2026-08-07,New York Yankees,Atlanta Braves,2026-08-08T01:01:00+00:00,2026-08-07T18:45:02.181343+00:00,22557.818657,true,0,,,,,,,,,,,,,,,,,,,,3511,0.5558312655086849,0.5558312655086849,0,0,2026-08-07T18:00:02.829250+00:00,2699.352093,3,true,betfair+matchbook+smarkets,betfair+matchbook+smarkets,false,0.5558312655086849,0.5558312655086849,0.5563909774436091,8.681343,19.181343,sharp:0538,2026-08-07T18:45:02.181343+00:00,0,0.5558312655086849,0,0,3,false,sharp:0537,2699.352093,sharp:0539,900.932203,,,,,true,2026-08-07T18:43:40+00:00,82.181343,0.5599999776,0xa37206eeb8fc842319abe6d86abe4b4ed4daf7d6d67196dec356b580a5958422,false,false,true,true,-0.0041687120913151,,,true,false,0,,,,,,,,,,,,,,,false,false,false,false,true,false,0,,,,,,,,,,,,,,,false,false,false,false,true,false,0,,,,,,,,,,,,,,,false,false,false,false,true,true,1,2026-08-07T18:49:54+00:00,291.818657,0.5500000416,-0.009999936,0x29770b38a0314de8bcad6a141db18c60409de905dde594d9b17d7e510a901554,2026-08-07T18:49:54+00:00,291.818657,8.181343,0.5500000416,-0.009999936,0x29770b38a0314de8bcad6a141db18c60409de905dde594d9b17d7e510a901554,0.5500000416,0.5500000416,0,false,true,true,true
H2-v1-EVENT-M5,H2-v1,sharp:0539,sharp,539,1673885,0x2f40b48f8d3177ec141fc216669c06206f37c359c0ace9cde11925055c0638a1,mlb-atl-nyy-2026-08-07,New York Yankees,Atlanta Braves,2026-08-08T01:01:00+00:00,2026-08-07T19:00:03.113546+00:00,21656.886454,true,0,,,,,,,,,,,,,,,,,,,,3528,0.5558312655086849,0.5558312655086849,0,0,2026-08-07T18:45:02.181343+00:00,900.932203,3,true,betfair+matchbook+smarkets,betfair+matchbook+smarkets,false,0.5558312655086849,0.5558312655086849,0.5563909774436091,17.113546,32.113546,sharp:0539,2026-08-07T19:00:03.113546+00:00,0,0.5558312655086849,0,0,3,false,sharp:0538,900.932203,sharp:0540,2699.359458,,,,,true,2026-08-07T18:58:46+00:00,77.113546,0.5500000203,0xc0059c71c1a41ca837d04b45a4486d4fdf48876dd6f2c05669081a9ed18f13b8,false,false,true,true,0.0058312452086849,,,true,false,0,,,,,,,,,,,,,,,false,false,false,false,true,false,0,,,,,,,,,,,,,,,false,false,false,false,true,false,0,,,,,,,,,,,,,,,false,false,false,false,true,true,1,2026-08-07T19:03:01+00:00,177.886454,0.5599999923,0.009999972,0xa70f63b93ce5347c87b3627e64fbe61ed0214c3084e58f8c71be043806abd645,2026-08-07T19:03:01+00:00,177.886454,122.113546,0.5599999923,0.009999972,0xa70f63b93ce5347c87b3627e64fbe61ed0214c3084e58f8c71be043806abd645,0.5599999923,0.5599999923,0,false,false,false,false
H2-v1-EVENT-M5,H2-v1,sharp:0540,sharp,540,1673885,0x2f40b48f8d3177ec141fc216669c06206f37c359c0ace9cde11925055c0638a1,mlb-atl-nyy-2026-08-07,New York Yankees,Atlanta Braves,2026-08-08T01:01:00+00:00,2026-08-07T19:45:02.473004+00:00,18957.526996,true,-1,,,,,,,,,,,,,,,,,,,,3577,0.5413533834586466,0.5558312655086849,-0.0144778820500383,-1,2026-08-07T19:00:03.113546+00:00,2699.359458,3,true,betfair+matchbook+smarkets,betfair+matchbook+smarkets,false,0.5413533834586466,0.543640897755611,0.5390428211586901,9.473004,16.473004,sharp:0540,2026-08-07T19:45:02.473004+00:00,0,0.5413533834586466,-0.0144778820500383,-1,3,false,sharp:0539,2699.359458,sharp:0541,899.854367,,,,,true,2026-08-07T19:40:48+00:00,254.473004,0.5400002392,0x6c01c7f4d96870d6e1e7e7d53b7eff300b314bbf284ff03996a9a04a5a0f1a80,false,false,true,true,0.0013531442586466,,,true,false,0,,,,,,,,,,,,,,,false,false,false,false,true,true,3,2026-08-07T19:45:16+00:00,13.526996,0.54,-0.0000002392,0xf7f7809ecd596fcae46150ff10f6f8488f6b6ecd2ad1c0360acbc863ebf44067,2026-08-07T19:45:18+00:00,15.526996,14.473004,0.5400000042,-0.000000235,0x61342451858d56d01232875da43a367b1d697203e303fb90b7199f445e387650,0.54,0.540000014,0.000000014,false,true,true,true,true,true,3,2026-08-07T19:45:16+00:00,13.526996,0.54,-0.0000002392,0xf7f7809ecd596fcae46150ff10f6f8488f6b6ecd2ad1c0360acbc863ebf44067,2026-08-07T19:45:18+00:00,15.526996,44.473004,0.5400000042,-0.000000235,0x61342451858d56d01232875da43a367b1d697203e303fb90b7199f445e387650,0.54,0.540000014,0.000000014,false,false,false,true,true,true,3,2026-08-07T19:45:16+00:00,13.526996,0.54,-0.0000002392,0xf7f7809ecd596fcae46150ff10f6f8488f6b6ecd2ad1c0360acbc863ebf44067,2026-08-07T19:45:18+00:00,15.526996,284.473004,0.5400000042,-0.000000235,0x61342451858d56d01232875da43a367b1d697203e303fb90b7199f445e387650,0.54,0.540000014,0.000000014,false,false,false,false
H2-v1-EVENT-M5,H2-v1,sharp:0541,sharp,541,1673885,0x2f40b48f8d3177ec141fc216669c06206f37c359c0ace9cde11925055c0638a1,mlb-atl-nyy-2026-08-07,New York Yankees,Atlanta Braves,2026-08-08T01:01:00+00:00,2026-08-07T20:00:02.327371+00:00,18057.672629,true,1,,,,,,,,,,,,,,,,,,,,3594,0.5422885572139304,0.5413533834586466,0.0009351737552838,1,2026-08-07T19:45:02.473004+00:00,899.854367,3,true,betfair+matchbook+smarkets,betfair+matchbook+smarkets,false,0.5413533834586466,0.5422885572139304,0.5431472081218274,12.327371,18.327371,sharp:0541,2026-08-07T20:00:02.327371+00:00,0,0.5422885572139304,0.0009351737552838,1,3,false,sharp:0540,899.854367,sharp:0542,2700.005086,,,,,true,2026-08-07T19:59:49+00:00,13.327371,0.5400000405,0x4ac524d89d1a0fa4ed41c405e84ffb7ce4a7e90ecc140d857a53dff985c5da08,true,true,true,true,0.0022885167139304,,,true,false,0,,,,,,,,,,,,,,,false,false,false,false,true,false,0,,,,,,,,,,,,,,,false,false,false,false,true,false,0,,,,,,,,,,,,,,,false,false,false,false,true,true,7,2026-08-07T20:02:18+00:00,135.672629,0.55,0.0099999595,0xa1c7ff179a54ee305b3f5f192e5dcac63f0cedc288b69b6f2c1baa84bbcc0eeb,2026-08-07T20:04:45+00:00,282.672629,17.327371,0.5400002392,0.0000001987,0xa8b46e3be537e676319abf05b3844a4fda915397ecee3f1500222eaf9cb09da3,0.5400000736,0.55,0.0099999264,false,false,true,true
H2-v1-EVENT-M5,H2-v1,sharp:0542,sharp,542,1673885,0x2f40b48f8d3177ec141fc216669c06206f37c359c0ace9cde11925055c0638a1,mlb-atl-nyy-2026-08-07,New York Yankees,Atlanta Braves,2026-08-08T01:01:00+00:00,2026-08-07T20:45:02.332457+00:00,15357.667543,true,-1,,,,,,,,,,,,,,,,,,,,3643,0.5404040404040404,0.5422885572139304,-0.00188451680989,-1,2026-08-07T20:00:02.327371+00:00,2700.005086,3,true,betfair+matchbook+smarkets,betfair+matchbook+smarkets,false,0.5413533834586466,0.5399999999999999,0.5404040404040404,15.832457,21.332457,sharp:0542,2026-08-07T20:45:02.332457+00:00,0,0.5404040404040404,-0.00188451680989,-1,3,false,sharp:0541,2700.005086,sharp:0543,901.31295,,,,,true,2026-08-07T20:42:33+00:00,149.332457,0.5400000008,0x130739979e03c13c10e4ce315ca6258f61f97f44c80ab598f81241d7926651f0,false,false,true,true,0.0004040396040404,,,true,false,0,,,,,,,,,,,,,,,false,false,false,false,true,false,0,,,,,,,,,,,,,,,false,false,false,false,true,false,0,,,,,,,,,,,,,,,false,false,false,false,true,true,1,2026-08-07T20:47:36+00:00,153.667543,0.5499999956,0.0099999948,0xd3384e044dbca3c1fb1d06c096a7fcd235dc6f6113bf92c80123f18d489376f3,2026-08-07T20:47:36+00:00,153.667543,146.332457,0.5499999956,0.0099999948,0xd3384e044dbca3c1fb1d06c096a7fcd235dc6f6113bf92c80123f18d489376f3,0.5499999956,0.5499999956,0,false,false,false,false
H2-v1-EVENT-M5,H2-v1,sharp:0543,sharp,543,1673885,0x2f40b48f8d3177ec141fc216669c06206f37c359c0ace9cde11925055c0638a1,mlb-atl-nyy-2026-08-07,New York Yankees,Atlanta Braves,2026-08-08T01:01:00+00:00,2026-08-07T21:00:03.645407+00:00,14456.354593,true,-1,,,,,,,,,,,,,,,,,,,,3660,0.5399999999999999,0.5404040404040404,-0.0004040404040405,-1,2026-08-07T20:45:02.332457+00:00,901.31295,3,true,betfair+matchbook+smarkets,betfair+matchbook+smarkets,false,0.5399999999999999,0.5399999999999999,0.5404040404040404,18.145407,24.645407,sharp:0543,2026-08-07T21:00:03.645407+00:00,0,0.5399999999999999,-0.0004040404040405,-1,3,false,sharp:0542,901.31295,sharp:0544,2699.063185,,,,,true,2026-08-07T20:50:57+00:00,546.645407,0.54,0x1e530b46bd7b759bfd178a4bdf876b398cc9feb5aafef7dad8b34fbb1aa2eacd,false,false,false,true,-0.0000000000000001,,,true,false,0,,,,,,,,,,,,,,,false,false,false,false,true,false,0,,,,,,,,,,,,,,,false,false,false,false,true,false,0,,,,,,,,,,,,,,,false,false,false,false,true,false,0,,,,,,,,,,,,,,,false,false,false,false
H2-v1-EVENT-M5,H2-v1,sharp:0544,sharp,544,1673885,0x2f40b48f8d3177ec141fc216669c06206f37c359c0ace9cde11925055c0638a1,mlb-atl-nyy-2026-08-07,New York Yankees,Atlanta Braves,2026-08-08T01:01:00+00:00,2026-08-07T21:45:02.708592+00:00,11757.291408,true,-1,,,,,,,,,,,,,,,,,,,,3709,0.5390428211586901,0.5399999999999999,-0.0009571788413098,-1,2026-08-07T21:00:03.645407+00:00,2699.063185,3,true,betfair+matchbook+smarkets,betfair+matchbook+smarkets,false,0.5390428211586901,0.5413533834586466,0.5380710659898477,12.708592,19.708592,sharp:0544,2026-08-07T21:45:02.708592+00:00,0,0.5390428211586901,-0.0009571788413098,-1,3,false,sharp:0543,2699.063185,sharp:0545,900.66421,,,,,true,2026-08-07T21:41:43+00:00,199.708592,0.5499999725,0xc145d40838a77caa19353a69977d3dd780e20dead21d192c28ad390a7e6630c0,false,false,true,true,-0.0109571513413099,,,true,false,0,,,,,,,,,,,,,,,false,false,false,false,true,false,0,,,,,,,,,,,,,,,false,false,false,false,true,false,0,,,,,,,,,,,,,,,false,false,false,false,true,false,0,,,,,,,,,,,,,,,false,false,false,false
H2-v1-EVENT-M5,H2-v1,sharp:0545,sharp,545,1673885,0x2f40b48f8d3177ec141fc216669c06206f37c359c0ace9cde11925055c0638a1,mlb-atl-nyy-2026-08-07,New York Yankees,Atlanta Braves,2026-08-08T01:01:00+00:00,2026-08-07T22:00:03.372802+00:00,10856.627198,true,1,,,,,,,,,,,,,,,,,,,,3726,0.542713567839196,0.5390428211586901,0.0036707466805059,1,2026-08-07T21:45:02.708592+00:00,900.66421,3,true,betfair+matchbook+smarkets,betfair+matchbook+smarkets,false,0.542713567839196,0.543640897755611,0.542713567839196,12.872802,24.372802,sharp:0545,2026-08-07T22:00:03.372802+00:00,0,0.542713567839196,0.0036707466805059,1,3,false,sharp:0544,900.66421,sharp:0546,2698.574759,,,,,true,2026-08-07T21:58:22+00:00,101.372802,0.549999956,0x3f15a3d4b437f6a07ae4f6dca4d32189d927c4c79abbca49153c68b70165d0c7,false,false,true,true,-0.007286388160804,,,true,false,0,,,,,,,,,,,,,,,false,false,false,false,true,false,0,,,,,,,,,,,,,,,false,false,false,false,true,false,0,,,,,,,,,,,,,,,false,false,false,false,true,true,2,2026-08-07T22:03:39+00:00,215.627198,0.54,-0.009999956,0x7df3c049bf1510fe6897b968b3333ba180c93f854deb96a421bb7448d04dc20e,2026-08-07T22:04:49+00:00,285.627198,14.372802,0.5400000042,-0.0099999518,0x1e80c69b149a3f8eec658377898a7c1386573a8093227abf99a38cc0a2519cd8,0.54,0.5400000042,0.0000000042,false,true,true,true
H2-v1-EVENT-M5,H2-v1,sharp:0546,sharp,546,1673885,0x2f40b48f8d3177ec141fc216669c06206f37c359c0ace9cde11925055c0638a1,mlb-atl-nyy-2026-08-07,New York Yankees,Atlanta Braves,2026-08-08T01:01:00+00:00,2026-08-07T22:45:01.947561+00:00,8158.052439,true,-1,,,,,,,,,,,,,,,,,,,,3775,0.5399999999999999,0.542713567839196,-0.0027135678391961,-1,2026-08-07T22:00:03.372802+00:00,2698.574759,3,true,betfair+matchbook+smarkets,betfair+matchbook+smarkets,false,0.5399999999999999,0.5399999999999999,0.5404040404040404,9.447561,19.947561,sharp:0546,2026-08-07T22:45:01.947561+00:00,0,0.5399999999999999,-0.0027135678391961,-1,3,false,sharp:0545,2698.574759,sharp:0547,902.048048,,,,,true,2026-08-07T22:39:12+00:00,349.947561,0.55,0xdbba2a4c5946d7a60af921879af0d816fe5247cb1cc297a42112e4838928c932,false,false,false,true,-0.0100000000000001,,,true,false,0,,,,,,,,,,,,,,,false,false,false,false,true,false,0,,,,,,,,,,,,,,,false,false,false,false,true,false,0,,,,,,,,,,,,,,,false,false,false,false,true,true,1,2026-08-07T22:47:18+00:00,136.052439,0.5499999807,-0.0000000193,0x64fe34b401da5ad38798e12ce70c7cfc6680261d049216d219ae8674d5f38183,2026-08-07T22:47:18+00:00,136.052439,163.947561,0.5499999807,-0.0000000193,0x64fe34b401da5ad38798e12ce70c7cfc6680261d049216d219ae8674d5f38183,0.5499999807,0.5499999807,0,false,false,false,false
H2-v1-EVENT-M5,H2-v1,sharp:0547,sharp,547,1673885,0x2f40b48f8d3177ec141fc216669c06206f37c359c0ace9cde11925055c0638a1,mlb-atl-nyy-2026-08-07,New York Yankees,Atlanta Braves,2026-08-08T01:01:00+00:00,2026-08-07T23:00:03.995609+00:00,7256.004391,true,-1,,,,,,,,,,,,,,,,,,,,3792,0.5376884422110553,0.5399999999999999,-0.0023115577889446,-1,2026-08-07T22:45:01.947561+00:00,902.048048,3,true,betfair+matchbook+smarkets,betfair+matchbook+smarkets,false,0.5376884422110553,0.5399999999999999,0.5367088607594936,12.495609,12.995609,sharp:0547,2026-08-07T23:00:03.995609+00:00,0,0.5376884422110553,-0.0023115577889446,-1,3,false,sharp:0546,902.048048,sharp:0548,2698.367725,,,,,true,2026-08-07T22:57:46+00:00,137.995609,0.54,0x71edf63ab6c4a8804ccf758bb30bb3bf602a5e0e84e996bf5677845e7d7f4143,false,false,true,true,-0.0023115577889447,,,true,true,1,2026-08-07T23:00:13+00:00,9.004391,0.5400000156,0.0000000156,0xa0f17854cbab0de58d71d19e1bff6a23cbe4c69883699007620101724feec90c,2026-08-07T23:00:13+00:00,9.004391,0.995609,0.5400000156,0.0000000156,0xa0f17854cbab0de58d71d19e1bff6a23cbe4c69883699007620101724feec90c,0.5400000156,0.5400000156,0,true,true,true,true,true,true,1,2026-08-07T23:00:13+00:00,9.004391,0.5400000156,0.0000000156,0xa0f17854cbab0de58d71d19e1bff6a23cbe4c69883699007620101724feec90c,2026-08-07T23:00:13+00:00,9.004391,20.995609,0.5400000156,0.0000000156,0xa0f17854cbab0de58d71d19e1bff6a23cbe4c69883699007620101724feec90c,0.5400000156,0.5400000156,0,false,false,true,true,true,true,1,2026-08-07T23:00:13+00:00,9.004391,0.5400000156,0.0000000156,0xa0f17854cbab0de58d71d19e1bff6a23cbe4c69883699007620101724feec90c,2026-08-07T23:00:13+00:00,9.004391,50.995609,0.5400000156,0.0000000156,0xa0f17854cbab0de58d71d19e1bff6a23cbe4c69883699007620101724feec90c,0.5400000156,0.5400000156,0,false,false,false,true,true,true,10,2026-08-07T23:00:13+00:00,9.004391,0.5400000156,0.0000000156,0xa0f17854cbab0de58d71d19e1bff6a23cbe4c69883699007620101724feec90c,2026-08-07T23:05:01+00:00,297.004391,2.995609,0.5400000742,0.0000000742,0xe9e47c9b07ba4515295915df7885e0db1506f776e8db529f47a945abec49a13f,0.54,0.55,0.01,true,true,true,true
H2-v1-EVENT-M5,H2-v1,sharp:0548,sharp,548,1673885,0x2f40b48f8d3177ec141fc216669c06206f37c359c0ace9cde11925055c0638a1,mlb-atl-nyy-2026-08-07,New York Yankees,Atlanta Braves,2026-08-08T01:01:00+00:00,2026-08-07T23:45:02.363334+00:00,4557.636666,true,1,,,,,,,,,,,,,,,,,,,,3841,0.5390428211586901,0.5376884422110553,0.0013543789476348,1,2026-08-07T23:00:03.995609+00:00,2698.367725,3,true,betfair+matchbook+smarkets,betfair+matchbook+smarkets,false,0.5390428211586901,0.5367088607594936,0.5549738219895288,3.363334,3.363334,sharp:0548,2026-08-07T23:45:02.363334+00:00,0,0.5390428211586901,0.0013543789476348,1,3,false,sharp:0547,2698.367725,,,,,,,true,2026-08-07T23:43:58+00:00,64.363334,0.54,0x365f5f22b14a3a60669397fa70e45d3dfcc2be28476755cd3ef1c101dcded83f,false,false,true,true,-0.0009571788413099,,,true,true,1,2026-08-07T23:45:09+00:00,6.636666,0.5300000458,-0.0099999542,0x40252b20fa7ef07084bca682c988914f40bda897c6b2510a5002cc7ac0f1407e,2026-08-07T23:45:09+00:00,6.636666,3.363334,0.5300000458,-0.0099999542,0x40252b20fa7ef07084bca682c988914f40bda897c6b2510a5002cc7ac0f1407e,0.5300000458,0.5300000458,0,true,true,true,true,true,true,1,2026-08-07T23:45:09+00:00,6.636666,0.5300000458,-0.0099999542,0x40252b20fa7ef07084bca682c988914f40bda897c6b2510a5002cc7ac0f1407e,2026-08-07T23:45:09+00:00,6.636666,23.363334,0.5300000458,-0.0099999542,0x40252b20fa7ef07084bca682c988914f40bda897c6b2510a5002cc7ac0f1407e,0.5300000458,0.5300000458,0,false,false,true,true,true,true,1,2026-08-07T23:45:09+00:00,6.636666,0.5300000458,-0.0099999542,0x40252b20fa7ef07084bca682c988914f40bda897c6b2510a5002cc7ac0f1407e,2026-08-07T23:45:09+00:00,6.636666,53.363334,0.5300000458,-0.0099999542,0x40252b20fa7ef07084bca682c988914f40bda897c6b2510a5002cc7ac0f1407e,0.5300000458,0.5300000458,0,false,false,false,true,true,true,3,2026-08-07T23:45:09+00:00,6.636666,0.5300000458,-0.0099999542,0x40252b20fa7ef07084bca682c988914f40bda897c6b2510a5002cc7ac0f1407e,2026-08-07T23:48:18+00:00,195.636666,104.363334,0.54,0,0x801e723de288caeeb8b3b6d71194ede84a2f896dcc25dcb23cd0496437c45878,0.5300000458,0.54,0.0099999542,false,false,false,false
